service group,department,organisation,staff group,metric,month
Corporate Support Services,Trustwide Schemes,Bank 00014,Administrative and Clerical,Leavers,48
Corporate Support Services,Trustwide Schemes,Bank Nurses 75450,Nursing and Midwifery Registered,Leavers,48
Corporate Support Services,Trustwide Schemes,Bank (Acute) 02002,Nursing and Midwifery Registered,Leavers,48
Corporate Support Services,Trustwide Schemes,Bank 00014,Additional Clinical Services,Hires,48
Corporate Support Services,Trustwide Schemes,Bank 00014,Additional Clinical Services,Leavers,48
Corporate Support Services,Trustwide Schemes,Bank (Acute) 02002,Additional Clinical Services,Hires,48
Corporate Support Services,Trustwide Schemes,Bank Nurses 75450,Additional Clinical Services,Leavers,48
Corporate Support Services,Trustwide Schemes,Bank 00014,Nursing and Midwifery Registered,Leavers,48
Corporate Support Services,Trustwide Schemes,Bank (Acute) 02002,Additional Clinical Services,Leavers,48
Corporate Support Services,Trustwide Schemes,Bank (Acute) 02002,Administrative and Clerical,Leavers,47
Corporate Support Services,Central DEPT,Medical Staff Bank 00505,Medical and Dental,Hires,46
Corporate Support Services,Trustwide Schemes,Bank (Acute) 02002,Nursing and Midwifery Registered,Hires,45
Corporate Support Services,Trustwide Schemes,Bank 00014,Administrative and Clerical,Hires,45
Corporate Support Services,Trustwide Schemes,Bank 00014,Estates and Ancillary,Hires,43
Corporate Support Services,Trustwide Schemes,Bank 00014,Estates and Ancillary,Leavers,43
Corporate Support Services,Trustwide Schemes,Bank 00014,Nursing and Midwifery Registered,Hires,43
Corporate Support Services,Trustwide Schemes,Bank Nurses 75450,Additional Clinical Services,Hires,41
Corporate Support Services,Estates and Facilities - SFT,Cleanliness 04210,Estates and Ancillary,Leavers,40
Corporate Support Services,Estates and Facilities - SFT,Cleanliness 04210,Estates and Ancillary,Hires,40
Neighbourhood Services,Mass Vaccination Programme,Mass Vaccination - West 00034,Additional Clinical Services,Leavers,39
Corporate Support Services,Central DEPT,Medical Staff Bank 00505,Medical and Dental,Leavers,39
Corporate Support Services,Trustwide Schemes,Bank Nurses 75450,Nursing and Midwifery Registered,Hires,39
SSL Corporate,SSL Facilities Soft FM Level 5,SSL Housekeeping & Domestic S75388,Estates and Ancillary,Hires,39
Corporate Support Services,Trustwide Schemes,Bank (Acute) 02002,Estates and Ancillary,Leavers,37
Medical Services,Acute/General Medicine DEPT,Acute Medical Unit 20201,Additional Clinical Services,Hires,35
CYP & Families Services,Maternity DEPT,Midwifery YDH 75738,Nursing and Midwifery Registered,Leavers,34
Surgical Services,Anaesthetics,Anaesthetic Medical Staff YDH 75820,Medical and Dental,Hires,34
Medical Services,Emergency Care DEPT,A&E Medical Staff 76202,Medical and Dental,Hires,33
Corporate Support Services,Trustwide Schemes,Bank (Acute) 02002,Allied Health Professionals,Leavers,33
Corporate Support Services,Trustwide Schemes,Bank 00014,Allied Health Professionals,Leavers,33
SSL Corporate,SSL Facilities Soft FM Level 5,SSL Catering S75318,Estates and Ancillary,Leavers,33
SSL Corporate,SSL Facilities Soft FM Level 5,SSL Housekeeping & Domestic S75388,Estates and Ancillary,Leavers,32
Corporate Support Services,Trustwide Schemes,Bank 00014,Allied Health Professionals,Hires,31
Surgical Services,Outpatients,Outpatients Admin 15001,Administrative and Clerical,Hires,31
SSL Corporate,SSL Facilities Soft FM Level 5,SSL Catering S75318,Estates and Ancillary,Hires,30
Corporate Support Services,Trustwide Schemes,Bank (Acute) 02002,Allied Health Professionals,Hires,30
Corporate Support Services,Trustwide Schemes,Bank (Acute) 02002,Administrative and Clerical,Hires,30
Clinical Support and Cancer Services,Therapies DEPT,MSK Physiotherapy 38250,Allied Health Professionals,Leavers,30
Clinical Support and Cancer Services,Oncology,Cancer Admin Support 76221,Administrative and Clerical,Leavers,30
Medical Services,Stroke,Dunkery Stroke & Neuro Unit 20601,Additional Clinical Services,Hires,30
Surgical Services,Anaesthetics,Anaesthetics Med Staff MPH 17002,Medical and Dental,Hires,29
Medical Services,Respiratory,Coleridge Respiratory Unit 20903,Additional Clinical Services,Hires,29
Neighbourhood Services,Mass Vaccination Programme,Mass Vaccination - West 00034,Administrative and Clerical,Leavers,29
Mental Health and Learning Disabilities,Talking Therapies,Talking Therapies Team 55304,Add Prof Scientific and Technic,Hires,28
CYP & Families Services,Medical Paediatrics,Paeds Medical Staffing MPH 43060,Medical and Dental,Hires,28
Surgical Services,Other Surgery,Elective Pathway Admin 75803,Administrative and Clerical,Leavers,28
Medical Services,Emergency Care DEPT,A&E Medical Staff 76202,Medical and Dental,Leavers,27
Neighbourhood Services,Integrated Team South Som,Dist Nurs South Somerset 61400,Nursing and Midwifery Registered,Leavers,27
Surgical Services,Outpatients,Outpatients Admin 15001,Administrative and Clerical,Leavers,27
CYP & Families Services,Maternity DEPT,Midwifery YDH 75738,Nursing and Midwifery Registered,Hires,27
Clinical Support and Cancer Services,Pharmacy DEPT,Pharmacy Staff 37000,Add Prof Scientific and Technic,Hires,27
Clinical Support and Cancer Services,Medical Imaging,Radiology - MPH 32000,Allied Health Professionals,Leavers,27
Medical Services,Endocrinology,Conservators Ward 20202,Additional Clinical Services,Hires,26
Corporate Support Services,Trustwide Schemes,Bank (Acute) 02002,Estates and Ancillary,Hires,26
Clinical Support and Cancer Services,Pharmacy DEPT,Pharmacy Staff 37000,Additional Clinical Services,Hires,26
Neighbourhood Services,Mass Vaccination Programme,Mass Vaccination - West 00034,Nursing and Midwifery Registered,Leavers,26
Clinical Support and Cancer Services,Pharmacy DEPT,Pharmacy Staff 37000,Add Prof Scientific and Technic,Leavers,26
Surgical Services,Anaesthetics,Anaesthetic Medical Staff YDH 75820,Medical and Dental,Leavers,26
Surgical Services,Anaesthetics,Anaesthetics Med Staff MPH 17002,Medical and Dental,Leavers,26
SSL Corporate,SSL Facilities Hard FM Level 5,SSL SSD S75826,Estates and Ancillary,Leavers,26
CYP & Families Services,Medical Acute,Gynaecology Medical Staff 75731,Medical and Dental,Hires,26
Medical Services,Acute/General Medicine DEPT,Portman Ward 11 20901,Additional Clinical Services,Hires,26
Surgical Services,Critical Care,ITU Ward MPH 17007,Nursing and Midwifery Registered,Leavers,25
Operational Management,Clinical Site Managers,Ward Clerks 75463,Administrative and Clerical,Leavers,25
Clinical Support and Cancer Services,Therapies DEPT,MSK Physiotherapy 38250,Allied Health Professionals,Hires,25
Medical Services,Respiratory,CLOSED - Barrington 10007,Additional Clinical Services,Hires,25
Medical Services,Acute/General Medicine DEPT,Acute Medical Unit 20201,Additional Clinical Services,Leavers,25
Mental Health and Learning Disabilities,Talking Therapies,Talking Therapies Team 55304,Add Prof Scientific and Technic,Leavers,25
Neighbourhood Services,Mass Vaccination Programme,Mass Vaccination - West 00034,Medical and Dental,Leavers,25
Clinical Support and Cancer Services,Therapies DEPT,Inpatient Therapists 75838,Allied Health Professionals,Hires,25
Neighbourhood Services,Int Team Taunton & West Som,Taunton Deane CMH Team For Older People 61503,Add Prof Scientific and Technic,Sickness,24
Neighbourhood Services,Intermediate Care DEPT,Bed Hub 65802,Nursing and Midwifery Registered,Sickness,24
Corporate Support Services,Improvement,PMO Team 76007,Administrative and Clerical,Sickness,24
Neighbourhood Services,Integrated Team South Som,Rehab South Somerset 61401,Additional Clinical Services,Sickness,24
Neighbourhood Services,Int Team Taunton & West Som,Taunton Deane CMH Team For Older People 61503,Additional Clinical Services,Sickness,24
Corporate Support Services,Improvement,Improvement Board 00146,Allied Health Professionals,Sickness,24
Corporate Support Services,Improvement,Improvement Board 00146,Administrative and Clerical,Sickness,24
Neighbourhood Services,Int Team Taunton & West Som,Taunton Deane CMH Team For Older People 61503,Allied Health Professionals,Sickness,24
Neighbourhood Services,Intermediate Care DEPT,Bed Hub 65802,Administrative and Clerical,Sickness,24
Corporate Support Services,Experience & Learning,Inclusion 02052,Administrative and Clerical,Sickness,24
Corporate Support Services,GP Surgeries DEPT,Warwick House Medical Centre 63010,Administrative and Clerical,Sickness,24
Corporate Support Services,Experience & Learning,HR Advisor 02060,Administrative and Clerical,Sickness,24
Corporate Support Services,Infection Control,Control of Infection 00203,Administrative and Clerical,Sickness,24
Corporate Support Services,Experience & Learning,Freedom to Speak Up 02059,Administrative and Clerical,Sickness,24
Corporate Support Services,Infection Control,Control of Infection 00203,Nursing and Midwifery Registered,Sickness,24
Corporate Support Services,MLT Central,Medical Central Team 00307,Administrative and Clerical,Sickness,24
Neighbourhood Services,Int Team Taunton & West Som,Homeless / Rough Sleeper Team 00221,Administrative and Clerical,Sickness,24
Neighbourhood Services,Intermediate Care DEPT,D2A 00005,Administrative and Clerical,Sickness,24
Corporate Support Services,Information Governance,Patients Records 00405,Administrative and Clerical,Sickness,24
Neighbourhood Services,Int Team Taunton & West Som,Homeless / Rough Sleeper Team 00221,Nursing and Midwifery Registered,Sickness,24
Corporate Support Services,Infection Control,Infection Control 75487,Nursing and Midwifery Registered,Sickness,24
Neighbourhood Services,Int Team Taunton & West Som,Living Better Nurses - Recharge 00301,Nursing and Midwifery Registered,Sickness,24
Neighbourhood Services,Int Team Taunton & West Som,T & WS Admin 61506,Administrative and Clerical,Sickness,24
Neighbourhood Services,Intermediate Care DEPT,D2A 00005,Additional Clinical Services,Sickness,24
Corporate Support Services,Experience & Learning,Colleague Support 02066,Additional Clinical Services,Sickness,24
Neighbourhood Services,Int Team Taunton & West Som,Taunton Integrated Rehabilitation Team 61502,Additional Clinical Services,Sickness,24
Neighbourhood Services,Int Team Taunton & West Som,Taunton Area Wellbeing Service 61500,Additional Clinical Services,Sickness,24
Corporate Support Services,Improvement,PMO Team 76007,Nursing and Midwifery Registered,Sickness,24
Neighbourhood Services,Int Team Taunton & West Som,Taunton Area Wellbeing Service 61500,Nursing and Midwifery Registered,Sickness,24
Corporate Support Services,Experience & Learning,Colleague Support 02066,Administrative and Clerical,Sickness,24
Corporate Support Services,Improvement,PMO Team 76007,Allied Health Professionals,Sickness,24
Neighbourhood Services,Int Team Taunton & West Som,Taunton Deane CMH Team For Older People 61503,Nursing and Midwifery Registered,Sickness,24
Neighbourhood Services,Integrated Team Mendip,DN East Mendip 61200,Nursing and Midwifery Registered,Sickness,24
Neighbourhood Services,Int Team Taunton & West Som,Taunton Integrated Rehabilitation Team 61502,Allied Health Professionals,Sickness,24
Neighbourhood Services,Integrated Team South Som,South Somerset OPMH 61402,Add Prof Scientific and Technic,Sickness,24
Corporate Support Services,Experience & Learning,Learning And Development 02008,Nursing and Midwifery Registered,Sickness,24
Neighbourhood Services,Integrated Team Mendip,Mendip Older People 61204,Additional Clinical Services,Sickness,24
Neighbourhood Services,Integrated Team Mendip,Mendip Older People 61204,Allied Health Professionals,Sickness,24
Neighbourhood Services,Integrated Team Mendip,Mendip Older People 61204,Nursing and Midwifery Registered,Sickness,24
Corporate Support Services,Finance,Financial Services 03005,Administrative and Clerical,Sickness,24
Neighbourhood Services,Integrated Team South Som,South Somerset OPMH 61402,Additional Clinical Services,Sickness,24
Corporate Support Services,Finance,Financial Management 03009,Administrative and Clerical,Sickness,24
Corporate Support Services,Experience & Learning,Patient Safety 02058,Administrative and Clerical,Sickness,24
Neighbourhood Services,Integrated Team South Som,Dist Nurs South Somerset 61400,Additional Clinical Services,Sickness,24
Neighbourhood Services,Integrated Team South Som,South Somerset OPMH 61402,Administrative and Clerical,Sickness,24
Corporate Support Services,Experience & Learning,Patient Safety 02058,Nursing and Midwifery Registered,Sickness,24
Neighbourhood Services,Integrated Team South Som,South Somerset Admin Team 61404,Administrative and Clerical,Sickness,24
Neighbourhood Services,Integrated Team South Som,Rehab South Somerset 61401,Allied Health Professionals,Sickness,24
Corporate Support Services,Experience & Learning,Resuscitation Team 02001,Allied Health Professionals,Sickness,24
Neighbourhood Services,Integrated Team South Som,Dist Nurs South Somerset 61400,Nursing and Midwifery Registered,Sickness,24
Corporate Support Services,Experience & Learning,Wellbeing 02065,Administrative and Clerical,Sickness,24
Neighbourhood Services,Integrated Team South Som,Dist Nurs West South Somerset 61100,Nursing and Midwifery Registered,Sickness,24
Corporate Support Services,Experience & Learning,Simulation 02070,Add Prof Scientific and Technic,Sickness,24
Neighbourhood Services,Integrated Team Mendip,Mendip Older People 61204,Add Prof Scientific and Technic,Sickness,24
Neighbourhood Services,Integrated Team South Som,South Somerset OPMH 61402,Allied Health Professionals,Sickness,24
Neighbourhood Services,Integrated Team Mendip,DN East Mendip 61200,Additional Clinical Services,Sickness,24
Neighbourhood Services,Integrated Team Mendip,Mendip Integrated Rehabilitation Central & West 61602,Additional Clinical Services,Sickness,24
Neighbourhood Services,Integrated Team Mendip,DN East Mendip 61200,Administrative and Clerical,Sickness,24
Corporate Support Services,Experience & Learning,Leadership & OD 02061,Administrative and Clerical,Sickness,24
Neighbourhood Services,Intensive Dementia DEPT,Intensive Dementia Support Service - East 67110,Nursing and Midwifery Registered,Sickness,24
Corporate Support Services,Experience & Learning,Resuscitation Team 02001,Nursing and Midwifery Registered,Sickness,24
Neighbourhood Services,Integrated Team Mendip,DN West Mendip 61601,Nursing and Midwifery Registered,Sickness,24
Neighbourhood Services,Integrated Team Mendip,Mendip Int Team Admin Services 61212,Administrative and Clerical,Sickness,24
Neighbourhood Services,Intensive Dementia DEPT,Intensive Dementia Support Service - East 67110,Allied Health Professionals,Sickness,24
Neighbourhood Services,Intensive Dementia DEPT,Intensive Dementia Support Service - East 67110,Administrative and Clerical,Sickness,24
Neighbourhood Services,Intensive Dementia DEPT,Intensive Dementia Support Service - East 67110,Additional Clinical Services,Sickness,24
Corporate Support Services,Finance,Payroll 03004,Administrative and Clerical,Sickness,24
Neighbourhood Services,Integrated Team South Som,South Somerset OPMH 61402,Nursing and Midwifery Registered,Sickness,24
Neighbourhood Services,Integrated Team Mendip,Mendip Integrated Rehabilitation Central & West 61602,Allied Health Professionals,Sickness,24
Neighbourhood Services,Integrated Team Mendip,Mendip OPMH Team - West 61603,Allied Health Professionals,Sickness,24
Neighbourhood Services,Integrated Team South Som,South Somerset OPMH 61402,Estates and Ancillary,Sickness,24
Neighbourhood Services,Integrated Team Mendip,Mendip OPMH Team - West 61603,Nursing and Midwifery Registered,Sickness,24
Corporate Support Services,Experience & Learning,Learning And Development 02008,Administrative and Clerical,Sickness,24
Corporate Support Services,Finance,Performance Mgt - Corp 03013,Administrative and Clerical,Sickness,24
Corporate Support Services,MLT Central,Medical Central Team 00307,Medical and Dental,Sickness,24
Neighbourhood Services,Int Team Taunton & West Som,Homeless / Rough Sleeper Team 00221,Additional Clinical Services,Sickness,24
Surgical Services,Vascular,Vascular Nurse 10013,Nursing and Midwifery Registered,Sickness,24
Neighbourhood Services,Int Team Taunton & West Som,DN Taunton 61501,Nursing and Midwifery Registered,Sickness,24
Neighbourhood Services,Chronic Fatigue Syndrome DEPT,Post Covid-19 Recovery Clinic 67201,Allied Health Professionals,Sickness,24
Neighbourhood Services,Chard Community Hospital,Chard Administration 21540,Administrative and Clerical,Sickness,24
Neighbourhood Services,Chronic Fatigue Syndrome DEPT,Chronic Fatigue Syndrome 67200,Add Prof Scientific and Technic,Sickness,24
Corporate Support Services,Research and Development,Research Delivery 00136,Administrative and Clerical,Sickness,24
Neighbourhood Services,Chronic Fatigue Syndrome DEPT,Chronic Fatigue Syndrome 67200,Administrative and Clerical,Sickness,24
Corporate Support Services,Research and Development,Research Delivery 00136,Additional Clinical Services,Sickness,24
Neighbourhood Services,Chronic Fatigue Syndrome DEPT,Chronic Fatigue Syndrome 67200,Allied Health Professionals,Sickness,24
Neighbourhood Services,Chronic Fatigue Syndrome DEPT,Post Covid-19 Recovery Clinic 67201,Add Prof Scientific and Technic,Sickness,24
Corporate Support Services,Research and Development,Research & Development 75499,Nursing and Midwifery Registered,Sickness,24
Neighbourhood Services,Chronic Fatigue Syndrome DEPT,Post Covid-19 Recovery Clinic 67201,Administrative and Clerical,Sickness,24
Neighbourhood Services,Chronic Fatigue Syndrome DEPT,Post Covid-19 Recovery Clinic 67201,Medical and Dental,Sickness,24
Neighbourhood Services,Carer Budget,Carer Assessment Team 61202,Administrative and Clerical,Sickness,24
Neighbourhood Services,Chronic Fatigue Syndrome DEPT,Post Covid-19 Recovery Clinic 67201,Nursing and Midwifery Registered,Sickness,24
Corporate Support Services,Research and Development,Research & Development 75499,Administrative and Clerical,Sickness,24
Corporate Support Services,Research and Development,Research & Development 75499,Additional Clinical Services,Sickness,24
Corporate Support Services,Research and Development,RM&G 00135,Administrative and Clerical,Sickness,24
Neighbourhood Services,Complex Care DEPT,Complex Care 76010,Additional Clinical Services,Sickness,24
Corporate Support Services,Research and Development,RDS 00305,Administrative and Clerical,Sickness,24
Neighbourhood Services,Complex Care DEPT,Complex Care 76010,Medical and Dental,Sickness,24
Corporate Support Services,Procurement,Supply Chain 03007,Estates and Ancillary,Sickness,24
Neighbourhood Services,Complex Care DEPT,Complex Care 76010,Nursing and Midwifery Registered,Sickness,24
Corporate Support Services,Research and Development,Research Delivery 00136,Nursing and Midwifery Registered,Sickness,24
Neighbourhood Services,Carer Budget,Carer Assessment Team 61202,Additional Clinical Services,Sickness,24
Neighbourhood Services,Crewkerne Community Hospital,Crewkerne Administration 21560,Administrative and Clerical,Sickness,24
Neighbourhood Services,Bridgwater Community Hospital,Bridgwater Wards 21503,Additional Clinical Services,Sickness,24
Neighbourhood Services,Bridgwater Community Hospital,Bridgwater Administration 21500,Administrative and Clerical,Sickness,24
Corporate Support Services,Resourcing,Talent Hub 00065,Administrative and Clerical,Sickness,24
Neighbourhood Services,Bridgwater Community Hospital,Bridgwater Administration 21500,Nursing and Midwifery Registered,Sickness,24
Neighbourhood Services,Bridgwater Community Hospital,Bridgwater Medical 21504,Medical and Dental,Sickness,24
Corporate Support Services,Resourcing,Talent Hub 00065,Additional Clinical Services,Sickness,24
Corporate Support Services,Resourcing,Recruitment Advertising 75422,Administrative and Clerical,Sickness,24
Neighbourhood Services,Bridgwater Community Hospital,Bridgwater OPD 21400,Additional Clinical Services,Sickness,24
Neighbourhood Services,Bridgwater Community Hospital,Bridgwater OPD 21400,Nursing and Midwifery Registered,Sickness,24
Corporate Support Services,Resourcing,Recruitment 02007,Administrative and Clerical,Sickness,24
Corporate Support Services,Resourcing,Medical Workforce 02006,Administrative and Clerical,Sickness,24
Neighbourhood Services,Carer Budget,Carer Assessment - CAMHS 61203,Additional Clinical Services,Sickness,24
Corporate Support Services,Resourcing,Futures Workforce 75521,Nursing and Midwifery Registered,Sickness,24
Neighbourhood Services,Bridgwater Community Hospital,Bridgwater Wards 21503,Nursing and Midwifery Registered,Sickness,24
Neighbourhood Services,Burnham on Sea Comm Hospital,Burnham Administration 21520,Administrative and Clerical,Sickness,24
Corporate Support Services,Resourcing,Futures Workforce 75521,Allied Health Professionals,Sickness,24
Corporate Support Services,Resourcing,Futures Workforce 75521,Administrative and Clerical,Sickness,24
Corporate Support Services,Resourcing,Flexible Workforce 02064,Nursing and Midwifery Registered,Sickness,24
Corporate Support Services,Resourcing,Flexible Workforce 02064,Administrative and Clerical,Sickness,24
Neighbourhood Services,Burnham on Sea Comm Hospital,Burnham Wards 21523,Additional Clinical Services,Sickness,24
Neighbourhood Services,Burnham on Sea Comm Hospital,Burnham Wards 21523,Nursing and Midwifery Registered,Sickness,24
Corporate Support Services,Procurement,Supply Chain 03007,Administrative and Clerical,Sickness,24
Corporate Support Services,Procurement,Procurement 03003,Administrative and Clerical,Sickness,24
Corporate Support Services,MLT Central,Medical Director 75337,Add Prof Scientific and Technic,Sickness,24
Neighbourhood Services,Intermediate Care DEPT,D2A 00005,Allied Health Professionals,Sickness,24
Neighbourhood Services,Int Team N Sedge & B'Water,District Nursing Nights 60040,Nursing and Midwifery Registered,Sickness,24
Neighbourhood Services,Int Team N Sedge & B'Water,Integ Admin BWater & Sedgemoor 61304,Administrative and Clerical,Sickness,24
Corporate Support Services,Medical Education Director of People,Post Grad Med Education - YDH 75516,Nursing and Midwifery Registered,Sickness,24
Neighbourhood Services,Int Team N Sedge & B'Water,North Sedgemoor Integrated Rehabilitation Team 61301,Additional Clinical Services,Sickness,24
Corporate Support Services,Medical Education Director of People,Post Grad Med Education - YDH 75516,Medical and Dental,Sickness,24
Corporate Support Services,Medical Education Director of People,Post Grad Med Education - YDH 75516,Administrative and Clerical,Sickness,24
Neighbourhood Services,Int Team N Sedge & B'Water,North Sedgemoor Integrated Rehabilitation Team 61301,Allied Health Professionals,Sickness,24
Corporate Support Services,Medical Education Director of People,Plymouth Undergraduate 00601,Medical and Dental,Sickness,24
Neighbourhood Services,Int Team N Sedge & B'Water,North Sedgemoor Older People Mental Health 61302,Add Prof Scientific and Technic,Sickness,24
Corporate Support Services,Medical Education Director of People,Plymouth Undergraduate 00601,Additional Clinical Services,Sickness,24
Neighbourhood Services,Int Team N Sedge & B'Water,District Nursing Nights 60040,Administrative and Clerical,Sickness,24
Neighbourhood Services,Int Team N Sedge & B'Water,North Sedgemoor Older People Mental Health 61302,Additional Clinical Services,Sickness,24
Corporate Support Services,Medical Education Director of People,Medical Undergraduates 75515,Medical and Dental,Sickness,24
Neighbourhood Services,Int Team N Sedge & B'Water,North Sedgemoor Older People Mental Health 61302,Allied Health Professionals,Sickness,24
Corporate Support Services,Medical Education Director of People,Medical Undergraduates 75515,Administrative and Clerical,Sickness,24
Corporate Support Services,Medical Education Director of People,GP Resident Doctor Rot 00300,Medical and Dental,Sickness,24
Neighbourhood Services,Int Team N Sedge & B'Water,North Sedgemoor Older People Mental Health 61302,Nursing and Midwifery Registered,Sickness,24
Corporate Support Services,Medical Education Director of People,F2 GP Placement 75512,Medical and Dental,Sickness,24
Neighbourhood Services,Int Team Taunton & West Som,DN Taunton 61501,Additional Clinical Services,Sickness,24
Corporate Support Services,MLT Central,Medical Director 75337,Medical and Dental,Sickness,24
Corporate Support Services,Medical Education Director of People,Post Grad Medical Centre - MPH 02018,Administrative and Clerical,Sickness,24
Neighbourhood Services,Int Team N Sedge & B'Water,District Nursing Nights 60040,Additional Clinical Services,Sickness,24
Neighbourhood Services,Crewkerne Community Hospital,Crewkerne Wards 21563,Additional Clinical Services,Sickness,24
Corporate Support Services,Overseas DEPT,OSCE IR 75522,Nursing and Midwifery Registered,Sickness,24
Neighbourhood Services,Crewkerne Community Hospital,Crewkerne Wards 21563,Nursing and Midwifery Registered,Sickness,24
Corporate Support Services,Overseas DEPT,Yeovil IR 75424,Nursing and Midwifery Registered,Sickness,24
Neighbourhood Services,Crewkerne Community Hospital,Med Comm Hosp Inp Crewkerne 21564,Medical and Dental,Sickness,24
Corporate Support Services,Overseas DEPT,Yeovil IR 75424,Administrative and Clerical,Sickness,24
Neighbourhood Services,Frome Community Hospital,Frome Administration 21600,Administrative and Clerical,Sickness,24
Neighbourhood Services,Frome Community Hospital,Frome Assessment Beds 20102,Nursing and Midwifery Registered,Sickness,24
Corporate Support Services,Overseas DEPT,Yeovil IR 75424,Add Prof Scientific and Technic,Sickness,24
Neighbourhood Services,Frome Community Hospital,Frome Hospital Ambulatory Care 20103,Nursing and Midwifery Registered,Sickness,24
Neighbourhood Services,Frome Community Hospital,Frome Outpatients 21405,Additional Clinical Services,Sickness,24
Neighbourhood Services,Frome Community Hospital,Frome Wards 21603,Additional Clinical Services,Sickness,24
Neighbourhood Services,Int Team N Sedge & B'Water,DN North Sedgemoor 61300,Nursing and Midwifery Registered,Sickness,24
Neighbourhood Services,Frome Community Hospital,Frome Wards 21603,Administrative and Clerical,Sickness,24
Neighbourhood Services,Frome Community Hospital,Frome Wards 21603,Nursing and Midwifery Registered,Sickness,24
Neighbourhood Services,IRT Rehab Clinical Specialists,IRT Rehab Clinical Specialists 69100,Add Prof Scientific and Technic,Sickness,24
Neighbourhood Services,IRT Rehab Clinical Specialists,IRT Rehab Clinical Specialists 69100,Allied Health Professionals,Sickness,24
Corporate Support Services,Medical Examiner,Medical Examiners 00311,Medical and Dental,Sickness,24
Neighbourhood Services,Int Team N Sedge & B'Water,DN Bridgwater Bay 61001,Additional Clinical Services,Sickness,24
Neighbourhood Services,Int Team N Sedge & B'Water,DN Bridgwater Bay 61001,Nursing and Midwifery Registered,Sickness,24
Corporate Support Services,Medical Education Director of People,Somerset GP Education 75519,Administrative and Clerical,Sickness,24
Neighbourhood Services,Int Team N Sedge & B'Water,DN North Sedgemoor 61300,Additional Clinical Services,Sickness,24
Corporate Support Services,Medical Education Director of People,Plymouth Undergraduate 00601,Administrative and Clerical,Sickness,24
Neighbourhood Services,Intermediate Care DEPT,Pathway 2/3 65801,Administrative and Clerical,Sickness,24
Corporate Support Services,Experience & Learning,Colleague Support 02066,Add Prof Scientific and Technic,Sickness,24
Neighbourhood Services,Palliative Care DEPT,Palliative Care Nurses 76227,Nursing and Midwifery Registered,Sickness,24
Corporate Support Services,Digital,Digital Programme 05003,Administrative and Clerical,Sickness,24
Neighbourhood Services,Serv Grp Mngmnt Neighbourhoods,Dementia Team - YDH 75486,Additional Clinical Services,Sickness,24
Neighbourhood Services,Serv Grp Mngmnt Neighbourhoods,Dementia Team - YDH 75486,Nursing and Midwifery Registered,Sickness,24
Neighbourhood Services,Serv Grp Mngmnt Neighbourhoods,Dementia Team 60151,Additional Clinical Services,Sickness,24
Neighbourhood Services,Serv Grp Mngmnt Neighbourhoods,Dementia Team 60151,Nursing and Midwifery Registered,Sickness,24
Neighbourhood Services,Serv Grp Mngmnt Neighbourhoods,Division Management ES 69000,Administrative and Clerical,Sickness,24
Neighbourhood Services,Serv Grp Mngmnt Neighbourhoods,Division Management ES 69000,Nursing and Midwifery Registered,Sickness,24
Corporate Support Services,Digital,Digital Delivery 05015,Administrative and Clerical,Sickness,24
Corporate Support Services,Digital,Data Insights 05001,Administrative and Clerical,Sickness,24
Neighbourhood Services,Serv Grp Mngmnt Neighbourhoods,Neighbourhood Development Managers 69000,Allied Health Professionals,Sickness,24
Neighbourhood Services,Serv Grp Mngmnt Neighbourhoods,Neighbourhood Development Managers 69000,Nursing and Midwifery Registered,Sickness,24
Corporate Support Services,Digital,Data Engineering 05008,Administrative and Clerical,Sickness,24
Neighbourhood Services,Serv Grp Mngmnt Neighbourhoods,Priory House 04540,Administrative and Clerical,Sickness,24
Neighbourhood Services,Serv Grp Mngmnt Neighbourhoods,Secondments within PCN 69003,Additional Clinical Services,Sickness,24
Neighbourhood Services,Shepton Mallet Comm Hospital,Shepton Mallet Administration 21640,Administrative and Clerical,Sickness,24
Corporate Support Services,Digital,Clinical Coding 05002,Administrative and Clerical,Sickness,24
Corporate Support Services,Digital,Clinical 05006,Nursing and Midwifery Registered,Sickness,24
Neighbourhood Services,Shepton Mallet Comm Hospital,Shepton Mallet Wards 21643,Nursing and Midwifery Registered,Sickness,24
Corporate Support Services,Digital,Clinical 05006,Administrative and Clerical,Sickness,24
Corporate Support Services,Deputy Director of Nursing,Tobacco Reduction Programme 00205,Nursing and Midwifery Registered,Sickness,24
Neighbourhood Services,South Petherton Comm Hospital,South Petherton Administration 20620,Administrative and Clerical,Sickness,24
Neighbourhood Services,South Petherton Comm Hospital,South Petherton Administration 20620,Nursing and Midwifery Registered,Sickness,24
Corporate Support Services,Deputy Director of Nursing,Tobacco Reduction Programme 00205,Administrative and Clerical,Sickness,24
Neighbourhood Services,Palliative Care DEPT,Supportive & Palliative Care 35620,Nursing and Midwifery Registered,Sickness,24
Neighbourhood Services,Palliative Care DEPT,Palliative Care Medical Team 62010,Medical and Dental,Sickness,24
Neighbourhood Services,South Petherton Comm Hospital,South Petherton Outpatients Department 21408,Nursing and Midwifery Registered,Sickness,24
Corporate Support Services,Digital,Management Information 75437,Administrative and Clerical,Sickness,24
Neighbourhood Services,NHS at Home,NHS @ Home - Frailty 60641,Nursing and Midwifery Registered,Sickness,24
Neighbourhood Services,NHS at Home,NHS @ Home - Respiratory 60642,Additional Clinical Services,Sickness,24
Corporate Support Services,Dir of Quality & Involvement,Patient & Family Centred Care 00201,Allied Health Professionals,Sickness,24
Corporate Support Services,Dir of Quality & Involvement,Patient & Family Centred Care 00201,Administrative and Clerical,Sickness,24
Neighbourhood Services,NHS at Home,NHS @ Home - Respiratory 60642,Nursing and Midwifery Registered,Sickness,24
Corporate Support Services,Dir of Quality & Involvement,Governance Support Team 00404,Nursing and Midwifery Registered,Sickness,24
Corporate Support Services,Dir of Quality & Involvement,Governance Support Team 00404,Administrative and Clerical,Sickness,24
Neighbourhood Services,PCN Care of the Elderly,COE Medical Staff 76296,Medical and Dental,Sickness,24
Neighbourhood Services,PCN Care of the Elderly,Care of The Elderly PCN 60031,Administrative and Clerical,Sickness,24
Neighbourhood Services,PCN Care of the Elderly,Care of The Elderly PCN 60031,Medical and Dental,Sickness,24
Corporate Support Services,Dir of Quality & Involvement,Clinical Governance 75485,Administrative and Clerical,Sickness,24
Neighbourhood Services,PCN Care of the Elderly,Parkinsons Nurses & Admin 76212,Nursing and Midwifery Registered,Sickness,24
Corporate Support Services,Digital,Testing Training 05011,Administrative and Clerical,Sickness,24
Neighbourhood Services,Pain Service PCN,Pain Service 60010,Add Prof Scientific and Technic,Sickness,24
Corporate Support Services,Digital,Technical Ops 05010,Administrative and Clerical,Sickness,24
Corporate Support Services,Digital,Technical Dev 05009,Administrative and Clerical,Sickness,24
Neighbourhood Services,Pain Service PCN,Pain Service 60010,Additional Clinical Services,Sickness,24
Neighbourhood Services,Pain Service PCN,Pain Service 60010,Administrative and Clerical,Sickness,24
Corporate Support Services,Digital,Service Design 05007,Administrative and Clerical,Sickness,24
Neighbourhood Services,Pain Service PCN,Pain Service 60010,Allied Health Professionals,Sickness,24
Corporate Support Services,Digital,Senior Team 05005,Administrative and Clerical,Sickness,24
Neighbourhood Services,Pain Service PCN,Pain Service 60010,Nursing and Midwifery Registered,Sickness,24
Neighbourhood Services,Palliative Care DEPT,Palliative Care Medical Team 62010,Administrative and Clerical,Sickness,24
Neighbourhood Services,South Petherton Comm Hospital,South Petherton Outpatients Department 21408,Additional Clinical Services,Sickness,24
Corporate Support Services,Deputy Director of Nursing,Dir Of Nurs Mgt Team 00202,Nursing and Midwifery Registered,Sickness,24
Neighbourhood Services,Intermediate Care DEPT,D2A 00005,Nursing and Midwifery Registered,Sickness,24
Neighbourhood Services,West Mendip Community Hospital,West Mendip Medical Records 21680,Administrative and Clerical,Sickness,24
Corporate Support Services,Community Diagnostic Centres DEPT,Ophthalmology Diagnostic Hub 00159,Additional Clinical Services,Sickness,24
Neighbourhood Services,West Mendip Community Hospital,West Mendip Nursing 20501,Additional Clinical Services,Sickness,24
Neighbourhood Services,West Mendip Community Hospital,West Mendip Nursing 20501,Nursing and Midwifery Registered,Sickness,24
Neighbourhood Services,West Mendip Community Hospital,West Mendip OPD 21410,Additional Clinical Services,Sickness,24
Neighbourhood Services,Williton Community Hospital,Med Comm Hosp Inp Williton 20634,Medical and Dental,Sickness,24
Neighbourhood Services,Williton Community Hospital,Williton Administration 20630,Administrative and Clerical,Sickness,24
Corporate Support Services,Commercial,Somerset Cancer Register 00145,Administrative and Clerical,Sickness,24
Neighbourhood Services,Williton Community Hospital,Williton Ambulatory Care 20101,Nursing and Midwifery Registered,Sickness,24
Corporate Support Services,Commercial,Commercial Development 00130,Administrative and Clerical,Sickness,24
Corporate Support Services,Central DEPT,Medical Staff Bank 00505,Medical and Dental,Sickness,24
Neighbourhood Services,Williton Community Hospital,Williton Meadow Ward 20633,Additional Clinical Services,Sickness,24
Neighbourhood Services,Williton Community Hospital,Williton Meadow Ward 20633,Nursing and Midwifery Registered,Sickness,24
Neighbourhood Services,Wincanton Community Hospital,Wincanton Administration 21700,Administrative and Clerical,Sickness,24
Neighbourhood Services,Wincanton Community Hospital,Wincanton Administration 21700,Nursing and Midwifery Registered,Sickness,24
Corporate Support Services,CPD,CPD - Top Slice 00230,Allied Health Professionals,Sickness,24
Clinical Support and Cancer Services,Therapies DEPT,Surgical Orthotics 38000,Allied Health Professionals,Sickness,24
Neighbourhood Services,Wincanton Community Hospital,Wincanton Hadspen Ward 20502,Additional Clinical Services,Sickness,24
Neighbourhood Services,Wincanton Community Hospital,Wincanton Hadspen Ward 20502,Nursing and Midwifery Registered,Sickness,24
Clinical Support and Cancer Services,Therapies DEPT,Surgical Orthotics 38000,Administrative and Clerical,Sickness,24
Neighbourhood Services,Wincanton Community Hospital,Wincanton Nursing 20502,Nursing and Midwifery Registered,Sickness,24
Clinical Support and Cancer Services,Therapies DEPT,Podiatry 16005,Allied Health Professionals,Sickness,24
Clinical Support and Cancer Services,Therapies DEPT,Podiatry 16005,Administrative and Clerical,Sickness,24
Clinical Support and Cancer Services,Therapies DEPT,Podiatry 16005,Additional Clinical Services,Sickness,24
Corporate Support Services,Community Diagnostic Centres DEPT,Ophthalmology Diagnostic Hub 00159,Administrative and Clerical,Sickness,24
Neighbourhood Services,West Mendip Community Hospital,West Mendip Cathedral Ward 20501,Nursing and Midwifery Registered,Sickness,24
Corporate Support Services,Deputy Director of Nursing,Dir Of Nurs Mgt Team 00202,Allied Health Professionals,Sickness,24
Corporate Support Services,Community Diagnostic Centres DEPT,West Somerset CDC 00160,Healthcare Scientists,Sickness,24
Corporate Support Services,Deputy Director of Nursing,Dir Of Nurs Mgt Team 00202,Administrative and Clerical,Sickness,24
Neighbourhood Services,South Petherton Comm Hospital,South Petherton Wards 20623,Additional Clinical Services,Sickness,24
Corporate Support Services,Deputy Director of Nursing,Dir Of Nurs Mgt Team 00202,Add Prof Scientific and Technic,Sickness,24
Neighbourhood Services,South Petherton Comm Hospital,South Petherton Wards 20623,Nursing and Midwifery Registered,Sickness,24
Neighbourhood Services,Stroke Services DEPT,Psychology Stroke Service 67210,Add Prof Scientific and Technic,Sickness,24
Neighbourhood Services,Stroke Services DEPT,Psychology Stroke Service 67210,Additional Clinical Services,Sickness,24
Corporate Support Services,Deputy CPO,Senior Team DoP 02063,Administrative and Clerical,Sickness,24
Corporate Support Services,Deputy CPO,Project Team 02067,Administrative and Clerical,Sickness,24
Neighbourhood Services,Stroke Services DEPT,Stroke 20641,Additional Clinical Services,Sickness,24
Corporate Support Services,Deputy CPO,People Business Partners 02062,Administrative and Clerical,Sickness,24
Neighbourhood Services,Stroke Services DEPT,Stroke 20641,Administrative and Clerical,Sickness,24
Neighbourhood Services,Stroke Services DEPT,Stroke 20641,Allied Health Professionals,Sickness,24
Neighbourhood Services,Stroke Services DEPT,Stroke 20641,Nursing and Midwifery Registered,Sickness,24
Corporate Support Services,Deputy CPO,Knowledge & Library Services 02017,Administrative and Clerical,Sickness,24
Neighbourhood Services,Wellington Community Hospital,Wellington Administration 21660,Administrative and Clerical,Sickness,24
Corporate Support Services,Deputy CPO,Information & Insight 02043,Administrative and Clerical,Sickness,24
Neighbourhood Services,Wellington Community Hospital,Wellington Outpatients 21409,Nursing and Midwifery Registered,Sickness,24
Corporate Support Services,Deputy CPO,HR Services 75418,Administrative and Clerical,Sickness,24
Neighbourhood Services,West Mendip Community Hospital,West Mendip Abbey Ward 20501,Additional Clinical Services,Sickness,24
Neighbourhood Services,West Mendip Community Hospital,West Mendip Abbey Ward 20501,Nursing and Midwifery Registered,Sickness,24
Neighbourhood Services,West Mendip Community Hospital,West Mendip Administration 21680,Administrative and Clerical,Sickness,24
Neighbourhood Services,West Mendip Community Hospital,West Mendip Administration 21680,Nursing and Midwifery Registered,Sickness,24
Neighbourhood Services,West Mendip Community Hospital,West Mendip Cathedral Ward 20501,Additional Clinical Services,Sickness,24
Neighbourhood Services,NHS at Home,NHS @ Home - Frailty 60641,Medical and Dental,Sickness,24
Corporate Support Services,Director of Communications,Communications 00402,Administrative and Clerical,Sickness,24
Neighbourhood Services,NHS at Home,NHS @ Home - Frailty 60641,Allied Health Professionals,Sickness,24
Neighbourhood Services,Intermediate Care DEPT,Rapid Response 67000,Administrative and Clerical,Sickness,24
Neighbourhood Services,Intermediate Care DEPT,Rapid Response 67000,Allied Health Professionals,Sickness,24
Neighbourhood Services,Intermediate Care DEPT,Rapid Response 67000,Nursing and Midwifery Registered,Sickness,24
Corporate Support Services,Estates and Facilities - SFT,Post Room 04270,Estates and Ancillary,Sickness,24
Neighbourhood Services,LARCH DEPT,LARCH Project 60020,Administrative and Clerical,Sickness,24
Corporate Support Services,Estates and Facilities - SFT,Minehead Hotel Services 21622,Estates and Ancillary,Sickness,24
Corporate Support Services,Estates and Facilities - SFT,Minehead Catering 21621,Estates and Ancillary,Sickness,24
Corporate Support Services,Estates and Facilities - SFT,Medical Electronics 04310,Add Prof Scientific and Technic,Sickness,24
Neighbourhood Services,LARCH DEPT,LARCH Team 76014,Nursing and Midwifery Registered,Sickness,24
Corporate Support Services,Estates and Facilities - SFT,MPH Catering Patients 04280,Estates and Ancillary,Sickness,24
Corporate Support Services,Estates and Facilities - SFT,MFT/PCP 04250,Estates and Ancillary,Sickness,24
Neighbourhood Services,Mass Vaccination Programme,Mass Vaccination - East 00035,Additional Clinical Services,Sickness,24
Neighbourhood Services,Mass Vaccination Programme,Mass Vaccination - East 00035,Administrative and Clerical,Sickness,24
Corporate Support Services,Estates and Facilities - SFT,Frome Hotel Services 21602,Estates and Ancillary,Sickness,24
Neighbourhood Services,Mass Vaccination Programme,Mass Vaccination - East 00035,Nursing and Midwifery Registered,Sickness,24
Neighbourhood Services,Mass Vaccination Programme,Mass Vaccination - West 00034,Add Prof Scientific and Technic,Sickness,24
Corporate Support Services,Estates and Facilities - SFT,Frome Catering 21601,Estates and Ancillary,Sickness,24
Corporate Support Services,Estates and Facilities - SFT,Facilities & Estate Management Team 04002,Administrative and Clerical,Sickness,24
Neighbourhood Services,Mass Vaccination Programme,Mass Vaccination - West 00034,Additional Clinical Services,Sickness,24
Corporate Support Services,Estates and Facilities - SFT,Estates Mgt - Operational 04000,Estates and Ancillary,Sickness,24
Neighbourhood Services,Mass Vaccination Programme,Mass Vaccination - West 00034,Administrative and Clerical,Sickness,24
Neighbourhood Services,Mass Vaccination Programme,Mass Vaccination - West 00034,Allied Health Professionals,Sickness,24
Neighbourhood Services,Mass Vaccination Programme,Mass Vaccination - West 00034,Healthcare Scientists,Sickness,24
Neighbourhood Services,Mass Vaccination Programme,Mass Vaccination - West 00034,Medical and Dental,Sickness,24
Corporate Support Services,Estates and Facilities - SFT,Security Team - MPH 04251,Estates and Ancillary,Sickness,24
Corporate Support Services,Estates and Facilities - SFT,Shepton Mallet Hotel Services 21642,Estates and Ancillary,Sickness,24
Neighbourhood Services,Minor Injury DEPT,West Mendip MIU 20027,Nursing and Midwifery Registered,Sickness,24
Neighbourhood Services,Intermediate Care DEPT,Rapid Response 67000,Additional Clinical Services,Sickness,24
Corporate Support Services,Estates and Facilities - SFT,Wincanton Hotel Services 21702,Estates and Ancillary,Sickness,24
Corporate Support Services,Estates and Facilities - SFT,Wincanton Catering 21701,Estates and Ancillary,Sickness,24
Corporate Support Services,Estates and Facilities - SFT,Williton Hotel Services 20632,Estates and Ancillary,Sickness,24
Neighbourhood Services,Intermediate Care DEPT,Palliative Care Co-Ordination 68200,Add Prof Scientific and Technic,Sickness,24
Corporate Support Services,Estates and Facilities - SFT,Williton Catering 20631,Estates and Ancillary,Sickness,24
Neighbourhood Services,Intermediate Care DEPT,Palliative Care Co-Ordination 68200,Administrative and Clerical,Sickness,24
Corporate Support Services,Estates and Facilities - SFT,West Mendip Hotel Services 21682,Estates and Ancillary,Sickness,24
Neighbourhood Services,Intermediate Care DEPT,Palliative Care Co-Ordination 68200,Nursing and Midwifery Registered,Sickness,24
Corporate Support Services,Estates and Facilities - SFT,West Mendip Hotel Services 21682,Administrative and Clerical,Sickness,24
Neighbourhood Services,Intermediate Care DEPT,Pathway 2/3 65801,Additional Clinical Services,Sickness,24
Corporate Support Services,Resourcing,Talent Hub 00065,Nursing and Midwifery Registered,Sickness,24
Corporate Support Services,Estates and Facilities - SFT,West Mendip Catering 21681,Estates and Ancillary,Sickness,24
Corporate Support Services,Estates and Facilities - SFT,Wellington Hotel Services 21662,Estates and Ancillary,Sickness,24
Neighbourhood Services,Intermediate Care DEPT,Pathway 2/3 65801,Allied Health Professionals,Sickness,24
Neighbourhood Services,Intermediate Care DEPT,Pathway 2/3 65801,Nursing and Midwifery Registered,Sickness,24
Corporate Support Services,Estates and Facilities - SFT,Transport - MPH 04260,Estates and Ancillary,Sickness,24
Neighbourhood Services,Intermediate Care DEPT,Primary Link 29001,Administrative and Clerical,Sickness,24
Corporate Support Services,Estates and Facilities - SFT,Telephones - MPH 04200,Estates and Ancillary,Sickness,24
Neighbourhood Services,Intermediate Care DEPT,Primary Link 29001,Nursing and Midwifery Registered,Sickness,24
Neighbourhood Services,Intermediate Care DEPT,Rapid Response 67000,Add Prof Scientific and Technic,Sickness,24
Corporate Support Services,Estates and Facilities - SFT,South Petherton Hotel Services 20622,Estates and Ancillary,Sickness,24
Corporate Support Services,Estates and Facilities - SFT,South Petherton Catering 20621,Estates and Ancillary,Sickness,24
Corporate Support Services,Estates and Facilities - SFT,Soft Facilities Management 04010,Administrative and Clerical,Sickness,24
Corporate Support Services,Estates and Facilities - SFT,Estates - Community 04410,Estates and Ancillary,Sickness,24
Corporate Support Services,Estates and Facilities - SFT,Estates & Facilities Admin 04020,Administrative and Clerical,Sickness,24
Neighbourhood Services,Mass Vaccination Programme,Mass Vaccination - West 00034,Nursing and Midwifery Registered,Sickness,24
Neighbourhood Services,Mass Vaccination Programme,Mass Vaccination 75311,Administrative and Clerical,Sickness,24
Neighbourhood Services,Minehead Community Hospital,Minehead Administration 21620,Administrative and Clerical,Sickness,24
Corporate Support Services,Director of Corporate Services DEPT,Trust Board 00401,Nursing and Midwifery Registered,Sickness,24
Corporate Support Services,Director of Corporate Services DEPT,Trust Board 00401,Medical and Dental,Sickness,24
Neighbourhood Services,Minehead Community Hospital,Minehead OPD 21406,Additional Clinical Services,Sickness,24
Neighbourhood Services,Minehead Community Hospital,Minehead OPD 21406,Administrative and Clerical,Sickness,24
Corporate Support Services,Director of Corporate Services DEPT,Trust Board 00401,Administrative and Clerical,Sickness,24
Neighbourhood Services,Minehead Community Hospital,Minehead OPD 21406,Nursing and Midwifery Registered,Sickness,24
Neighbourhood Services,Minehead Community Hospital,Minehead Wards 21623,Additional Clinical Services,Sickness,24
Neighbourhood Services,Minehead Community Hospital,Minehead Wards 21623,Nursing and Midwifery Registered,Sickness,24
Corporate Support Services,Director of Corporate Services DEPT,Resilience Team 00407,Administrative and Clerical,Sickness,24
Medical Services,Respiratory,Resp Thoracic Med Stf 20900,Nursing and Midwifery Registered,Sickness,24
Neighbourhood Services,Minor Injury DEPT,Bridgwater MIU 20027,Administrative and Clerical,Sickness,24
Neighbourhood Services,Minor Injury DEPT,Bridgwater MIU 20027,Allied Health Professionals,Sickness,24
Neighbourhood Services,Minor Injury DEPT,Bridgwater MIU 20027,Nursing and Midwifery Registered,Sickness,24
Neighbourhood Services,Minor Injury DEPT,Chard MIU 20027,Nursing and Midwifery Registered,Sickness,24
Corporate Support Services,Director of Corporate Services DEPT,Corporate Governance Team 00411,Administrative and Clerical,Sickness,24
Neighbourhood Services,Minor Injury DEPT,Frome MIU 20027,Allied Health Professionals,Sickness,24
Neighbourhood Services,Minor Injury DEPT,Frome MIU 20027,Nursing and Midwifery Registered,Sickness,24
Neighbourhood Services,Minor Injury DEPT,Minehead MIU 20027,Additional Clinical Services,Sickness,24
Neighbourhood Services,Minor Injury DEPT,Minehead MIU 20027,Administrative and Clerical,Sickness,24
Neighbourhood Services,Minor Injury DEPT,Minehead MIU 20027,Nursing and Midwifery Registered,Sickness,24
Neighbourhood Services,Minor Injury DEPT,West Mendip MIU 20027,Additional Clinical Services,Sickness,24
Neighbourhood Services,Minor Injury DEPT,West Mendip MIU 20027,Administrative and Clerical,Sickness,24
Neighbourhood Services,Memory Assessment Service DEPT,Memory Assessment Service 68400,Nursing and Midwifery Registered,Sickness,24
Corporate Support Services,Donated Debtors DEPT,General Trust Fund Y83801,Administrative and Clerical,Sickness,24
Corporate Support Services,Estates and Facilities - SFT,Acute Maintenance Service 04120,Estates and Ancillary,Sickness,24
Neighbourhood Services,Medical DEPT,Med OPMH Comm Mendip 2 62060,Medical and Dental,Sickness,24
Corporate Support Services,Estates and Facilities - SFT,Distribution 04240,Estates and Ancillary,Sickness,24
Neighbourhood Services,Mass Vaccination Programme,Mass Vaccination Musgrove 00033,Additional Clinical Services,Sickness,24
Corporate Support Services,Estates and Facilities - SFT,Dene Barton Hotel Services 21582,Estates and Ancillary,Sickness,24
Neighbourhood Services,Mass Vaccination Programme,Mass Vaccination Musgrove 00033,Administrative and Clerical,Sickness,24
Neighbourhood Services,Mass Vaccination Programme,Mass Vaccination Musgrove 00033,Nursing and Midwifery Registered,Sickness,24
Corporate Support Services,Estates and Facilities - SFT,Dene Barton Catering 21581,Estates and Ancillary,Sickness,24
Corporate Support Services,Estates and Facilities - SFT,Crewkerne Hotel Services 21562,Estates and Ancillary,Sickness,24
Neighbourhood Services,Mass Vaccination Programme,Mass Vaccination Yeovil 00036,Additional Clinical Services,Sickness,24
Corporate Support Services,Estates and Facilities - SFT,Crewkerne Catering 21561,Estates and Ancillary,Sickness,24
Neighbourhood Services,Mass Vaccination Programme,Mass Vaccination Yeovil 00036,Nursing and Midwifery Registered,Sickness,24
Corporate Support Services,Estates and Facilities - SFT,Cleanliness 04210,Estates and Ancillary,Sickness,24
Neighbourhood Services,Memory Assessment Service DEPT,Memory Assessment Service 68400,Administrative and Clerical,Sickness,24
Corporate Support Services,Estates and Facilities - SFT,Chard Hotel Services 21542,Estates and Ancillary,Sickness,24
Neighbourhood Services,Medical DEPT,Med OPMH Comm Sedgemoor 62050,Medical and Dental,Sickness,24
Corporate Support Services,Estates and Facilities - SFT,Catering - Retail 04281,Estates and Ancillary,Sickness,24
Neighbourhood Services,Medical DEPT,Med OPMH Comm South Som 62090,Medical and Dental,Sickness,24
Neighbourhood Services,Medical DEPT,Med OPMH Comm Taunton 62080,Medical and Dental,Sickness,24
Corporate Support Services,Estates and Facilities - SFT,Burnham Hotel Services 21522,Estates and Ancillary,Sickness,24
Corporate Support Services,Estates and Facilities - SFT,Burnham Catering 21521,Estates and Ancillary,Sickness,24
Neighbourhood Services,Medical DEPT,OPMH Resident Doctors 62020,Medical and Dental,Sickness,24
Corporate Support Services,Estates and Facilities - SFT,Bridgwater Hotel Services 21502,Estates and Ancillary,Sickness,24
Corporate Support Services,Estates and Facilities - SFT,Bridgwater Catering 21501,Estates and Ancillary,Sickness,24
Mental Health and Learning Disabilities,Urgent Care & Forensic Servs,Yeovil Crisis Resolution Team 52201,Nursing and Midwifery Registered,Sickness,24
Corporate Support Services,Strategic Projects,Art For Life 00125,Administrative and Clerical,Sickness,24
Mental Health and Learning Disabilities,Urgent Care & Forensic Servs,Yeovil Crisis Resolution Team 52201,Allied Health Professionals,Sickness,24
Medical Services,Emergency Care DEPT,A And E Receptionists 20001,Estates and Ancillary,Sickness,24
Mental Health and Learning Disabilities,CMHS West,CMHS Minehead 51112,Administrative and Clerical,Sickness,24
Medical Services,Emergency Care DEPT,Accident & Emergency 76204,Additional Clinical Services,Sickness,24
Medical Services,Emergency Care DEPT,A&E Medical Staff 76202,Medical and Dental,Sickness,24
Medical Services,Emergency Care DEPT,A&E Medical Staff 76202,Allied Health Professionals,Sickness,24
Mental Health and Learning Disabilities,CMHS West,CMHS Minehead 51112,Allied Health Professionals,Sickness,24
Mental Health and Learning Disabilities,CMHS West,CMHS Minehead 51112,Nursing and Midwifery Registered,Sickness,24
Medical Services,Emergency Care DEPT,A&E Medical Staff 76202,Add Prof Scientific and Technic,Sickness,24
Mental Health and Learning Disabilities,CMHS West,Connect 18 Bridgwater 51141,Nursing and Midwifery Registered,Sickness,24
Mental Health and Learning Disabilities,CMHS West,Connect 18 Taunton 51140,Additional Clinical Services,Sickness,24
Medical Services,Emergency Care DEPT,A&E Admin Team 76200,Administrative and Clerical,Sickness,24
Mental Health and Learning Disabilities,CMHS West,Connect 18 Taunton 51140,Nursing and Midwifery Registered,Sickness,24
Mental Health and Learning Disabilities,CMHS West,CMHS Minehead 51112,Additional Clinical Services,Sickness,24
Mental Health and Learning Disabilities,CMHS West,Eating Disorders Bridgwater 51151,Add Prof Scientific and Technic,Sickness,24
Medical Services,Emergency Care DEPT,A And E Receptionists 20001,Administrative and Clerical,Sickness,24
Medical Services,Emergency Care DEPT,A And E Department 20002,Nursing and Midwifery Registered,Sickness,24
Medical Services,Emergency Care DEPT,A And E Department 20002,Nursing and Midwifery Registered,Leavers,24
Medical Services,Emergency Care DEPT,A And E Department 20002,Estates and Ancillary,Sickness,24
Medical Services,Emergency Care DEPT,A And E Department 20002,Additional Clinical Services,Sickness,24
Medical Services,Emergency Care DEPT,A And E Department 20002,Additional Clinical Services,Hires,24
Medical Services,Dermatology,PUVA Clinic 12003,Nursing and Midwifery Registered,Sickness,24
Mental Health and Learning Disabilities,CMHS West,Eating Disorders Bridgwater 51151,Nursing and Midwifery Registered,Sickness,24
Mental Health and Learning Disabilities,CMHS West,Foundation House Admin Team 51180,Administrative and Clerical,Sickness,24
Medical Services,Emergency Care DEPT,Accident & Emergency 76204,Estates and Ancillary,Sickness,24
Medical Services,Emergency Care DEPT,Accident & Emergency 76204,Nursing and Midwifery Registered,Sickness,24
Mental Health and Learning Disabilities,CMHS West,Personality Disorders Taunton 51160,Nursing and Midwifery Registered,Sickness,24
Medical Services,Emergency Care DEPT,Emergency Care Medical Staff 20000,Nursing and Midwifery Registered,Sickness,24
Mental Health and Learning Disabilities,CMHS East,Transformation East OP 51290,Nursing and Midwifery Registered,Sickness,24
Medical Services,Emergency Care DEPT,SDEC Y - Same Day Emergency Care 76205,Nursing and Midwifery Registered,Sickness,24
Mental Health and Learning Disabilities,CMHS West,APPTS Minehead 51132,Add Prof Scientific and Technic,Sickness,24
Medical Services,Emergency Care DEPT,SDEC Y - Same Day Emergency Care 76205,Allied Health Professionals,Sickness,24
Mental Health and Learning Disabilities,CMHS West,Adult Psychological Therapies Service Bridgwater 51131,Add Prof Scientific and Technic,Sickness,24
Mental Health and Learning Disabilities,CMHS West,Adult Psychological Therapies Service Bridgwater 51131,Allied Health Professionals,Sickness,24
Medical Services,Emergency Care DEPT,SDEC Y - Same Day Emergency Care 76205,Additional Clinical Services,Sickness,24
Medical Services,Emergency Care DEPT,SDEC - Same Day Emergency Care 20105,Medical and Dental,Sickness,24
Mental Health and Learning Disabilities,CMHS West,Adult Psychological Therapies Service Taunton 51130,Add Prof Scientific and Technic,Sickness,24
Medical Services,Emergency Care DEPT,SDEC - Same Day Emergency Care 20105,Administrative and Clerical,Sickness,24
Mental Health and Learning Disabilities,CMHS West,Adult Psychological Therapies Service Taunton 51130,Allied Health Professionals,Sickness,24
Mental Health and Learning Disabilities,CMHS West,CMHS Minehead 51112,Add Prof Scientific and Technic,Sickness,24
Medical Services,Emergency Care DEPT,Emergency Care Medical Staff 20000,Medical and Dental,Sickness,24
Medical Services,Emergency Care DEPT,Emergency Care Medical Staff 20000,Allied Health Professionals,Sickness,24
Mental Health and Learning Disabilities,CMHS West,Adult Psychological Therapies Service Taunton 51130,Nursing and Midwifery Registered,Sickness,24
Medical Services,Emergency Care DEPT,Emer Nurse Practitioners (ENP) 76218,Nursing and Midwifery Registered,Sickness,24
Mental Health and Learning Disabilities,CMHS West,Bridgwater CMH Team 51111,Add Prof Scientific and Technic,Sickness,24
Mental Health and Learning Disabilities,CMHS West,Bridgwater CMH Team 51111,Additional Clinical Services,Sickness,24
Medical Services,Emergency Care DEPT,Emer Nurse Practitioners (ENP) 76218,Allied Health Professionals,Sickness,24
Mental Health and Learning Disabilities,CMHS West,Bridgwater CMH Team 51111,Administrative and Clerical,Sickness,24
Medical Services,Emergency Care DEPT,CYP - Childrens and young pers 76219,Nursing and Midwifery Registered,Sickness,24
Mental Health and Learning Disabilities,CMHS West,Bridgwater CMH Team 51111,Nursing and Midwifery Registered,Sickness,24
Mental Health and Learning Disabilities,CMHS West,Personality Disorders Taunton 51160,Additional Clinical Services,Sickness,24
Medical Services,Dermatology,Dermatology Nurses 75854,Nursing and Midwifery Registered,Sickness,24
Mental Health and Learning Disabilities,CMHS East,Transformation East 51270,Nursing and Midwifery Registered,Sickness,24
Mental Health and Learning Disabilities,Inpatients DEPT,Holford Ward Team 50170,Nursing and Midwifery Registered,Sickness,24
Mental Health and Learning Disabilities,Directorate Management MH DEPT,Division Management MHICS 58000,Allied Health Professionals,Sickness,24
Mental Health and Learning Disabilities,Directorate Management MH DEPT,Division Management MHICS 58000,Nursing and Midwifery Registered,Sickness,24
Medical Services,Care of the Older Person DEPT,FAU 76210,Additional Clinical Services,Sickness,24
Medical Services,Care of the Older Person DEPT,Eliot Ward 20403,Nursing and Midwifery Registered,Sickness,24
Mental Health and Learning Disabilities,Directorate Management MH DEPT,Inpatients Admin Team 58000,Administrative and Clerical,Sickness,24
Mental Health and Learning Disabilities,Inpatients DEPT,Broadway Central 50102,Estates and Ancillary,Sickness,24
Medical Services,Care of the Older Person DEPT,Eliot Ward 20403,Administrative and Clerical,Sickness,24
Mental Health and Learning Disabilities,Inpatients DEPT,Holford Ward Team 50170,Additional Clinical Services,Sickness,24
Mental Health and Learning Disabilities,Inpatients DEPT,Holford Ward Team 50170,Administrative and Clerical,Sickness,24
Medical Services,Care of the Older Person DEPT,Eliot Ward 20403,Additional Clinical Services,Sickness,24
Mental Health and Learning Disabilities,Inpatients DEPT,Pyrland Ward Team 68000,Add Prof Scientific and Technic,Sickness,24
Mental Health and Learning Disabilities,Directorate Management MH DEPT,Division Management MHICS 58000,Administrative and Clerical,Sickness,24
Mental Health and Learning Disabilities,Inpatients DEPT,Pyrland Ward Team 68000,Additional Clinical Services,Sickness,24
Medical Services,Care of the Older Person DEPT,Care Of Elderly Med Stf 62000,Nursing and Midwifery Registered,Sickness,24
Mental Health and Learning Disabilities,Inpatients DEPT,Pyrland Ward Team 68000,Administrative and Clerical,Sickness,24
Mental Health and Learning Disabilities,Inpatients DEPT,Pyrland Ward Team 68000,Allied Health Professionals,Sickness,24
Medical Services,Care of the Older Person DEPT,Care Of Elderly Med Stf 62000,Medical and Dental,Sickness,24
Medical Services,Care of the Older Person DEPT,Care Of Elderly Med Stf 62000,Add Prof Scientific and Technic,Sickness,24
Mental Health and Learning Disabilities,Inpatients DEPT,Pyrland Ward Team 68000,Nursing and Midwifery Registered,Sickness,24
Mental Health and Learning Disabilities,Inpatients DEPT,Rowan Ward 1 50280,Additional Clinical Services,Sickness,24
Mental Health and Learning Disabilities,Inpatients DEPT,Rowan Ward 1 50280,Administrative and Clerical,Sickness,24
Mental Health and Learning Disabilities,Inpatients DEPT,Rowan Ward 1 50280,Estates and Ancillary,Sickness,24
Medical Services,Care of the Older Person DEPT,FAU 76210,Administrative and Clerical,Sickness,24
Mental Health and Learning Disabilities,Directorate Management MH DEPT,Division Management MHICS 58000,Additional Clinical Services,Sickness,24
Mental Health and Learning Disabilities,CMHS West,Taunton CMHT 51110,Add Prof Scientific and Technic,Sickness,24
Mental Health and Learning Disabilities,CMHS West,Transformation West 51170,Allied Health Professionals,Sickness,24
Mental Health and Learning Disabilities,CMHS West,Taunton CMHT 51110,Additional Clinical Services,Sickness,24
Mental Health and Learning Disabilities,CMHS West,Taunton CMHT 51110,Administrative and Clerical,Sickness,24
Mental Health and Learning Disabilities,CMHS West,Taunton CMHT 51110,Allied Health Professionals,Sickness,24
Medical Services,Dermatology,Dermatology Medical Staff 75853,Medical and Dental,Sickness,24
Mental Health and Learning Disabilities,CMHS West,Taunton CMHT 51110,Nursing and Midwifery Registered,Sickness,24
Mental Health and Learning Disabilities,CMHS West,Transformation West 51170,Add Prof Scientific and Technic,Sickness,24
Medical Services,Dermatology,Dermatology Med Stf 12002,Nursing and Midwifery Registered,Sickness,24
Mental Health and Learning Disabilities,CMHS West,Transformation West 51170,Additional Clinical Services,Sickness,24
Mental Health and Learning Disabilities,CMHS West,Transformation West 51170,Administrative and Clerical,Sickness,24
Medical Services,Dermatology,Dermatology Med Stf 12002,Medical and Dental,Sickness,24
Mental Health and Learning Disabilities,CMHS West,Transformation West 51170,Nursing and Midwifery Registered,Sickness,24
Mental Health and Learning Disabilities,Directorate Management MH DEPT,Division Management MHICS 58000,Add Prof Scientific and Technic,Sickness,24
Medical Services,Dermatology,Dermatology Med Stf 12002,Additional Clinical Services,Sickness,24
Medical Services,Care of the Older Person DEPT,Triscombe CO Older Persons Unit 20401,Nursing and Midwifery Registered,Sickness,24
Mental Health and Learning Disabilities,Co-Production Service DEPT,Co-Production Services 56700,Nursing and Midwifery Registered,Sickness,24
Medical Services,Care of the Older Person DEPT,Triscombe CO Older Persons Unit 20401,Administrative and Clerical,Sickness,24
Mental Health and Learning Disabilities,Co-Production Service DEPT,Somerset Recovery 56701,Additional Clinical Services,Sickness,24
Mental Health and Learning Disabilities,Co-Production Service DEPT,Somerset Recovery 56701,Administrative and Clerical,Sickness,24
Medical Services,Care of the Older Person DEPT,Triscombe CO Older Persons Unit 20401,Additional Clinical Services,Sickness,24
Medical Services,Care of the Older Person DEPT,FAU Medical Staff 76211,Medical and Dental,Sickness,24
Mental Health and Learning Disabilities,Community Rehab DEPT,Open Mental Health Rehab 55307,Administrative and Clerical,Sickness,24
Medical Services,Care of the Older Person DEPT,FAU 76210,Nursing and Midwifery Registered,Sickness,24
Mental Health and Learning Disabilities,CMHS East,Transformation East OP 51290,Additional Clinical Services,Sickness,24
Medical Services,Endocrinology,Conservators Ward 20202,Additional Clinical Services,Sickness,24
Mental Health and Learning Disabilities,Inpatients DEPT,Rowan Ward 2 50281,Additional Clinical Services,Sickness,24
Medical Services,Neurology,Neurology Med Stf 20700,Medical and Dental,Sickness,24
Medical Services,Stroke,Stroke Care Med Staff 20600,Add Prof Scientific and Technic,Sickness,24
Medical Services,Neurology,Neurophysiology 20702,Additional Clinical Services,Sickness,24
Medical Services,Stroke,Stroke Care Med Staff 20600,Medical and Dental,Sickness,24
Medical Services,Neurology,Neurophysio Med Stf 20701,Medical and Dental,Sickness,24
Medical Services,Stroke,Stroke Care Med Staff 20600,Nursing and Midwifery Registered,Sickness,24
Medical Services,Stroke,Stroke Medical Staff 76264,Medical and Dental,Sickness,24
Medical Services,Stroke,Stroke Team 76272,Administrative and Clerical,Sickness,24
Medical Services,Neurology,Neurology Med Stf 20700,Nursing and Midwifery Registered,Sickness,24
Medical Services,Stroke,Stroke Team 76272,Allied Health Professionals,Sickness,24
Medical Services,Stroke,Stroke Team 76272,Nursing and Midwifery Registered,Sickness,24
Medical Services,Neurology,Neurology Med Stf 20700,Additional Clinical Services,Sickness,24
Medical Services,Stroke,Dunkery Stroke & Neuro Unit 20601,Nursing and Midwifery Registered,Sickness,24
Medical Services,Stroke,Ward 8B Stroke and Gen Med 76330,Additional Clinical Services,Sickness,24
Medical Services,Stroke,Ward 8B Stroke and Gen Med 76330,Nursing and Midwifery Registered,Sickness,24
Medical Services,Neuro Rehab,Rehabilitation Med Stf 20800,Nursing and Midwifery Registered,Sickness,24
Medical Services,Neuro Rehab,Rehabilitation Med Stf 20800,Medical and Dental,Sickness,24
Mental Health and Learning Disabilities,ADHD,ADHD 59400,Administrative and Clerical,Sickness,24
Medical Services,Neuro Rehab,Rehabilitation Med Stf 20800,Allied Health Professionals,Sickness,24
Medical Services,Neuro Rehab,Lydeard Ward - SNRC 20801,Nursing and Midwifery Registered,Sickness,24
Mental Health and Learning Disabilities,ADHD,ADHD 59400,Nursing and Midwifery Registered,Sickness,24
Mental Health and Learning Disabilities,AOT East,AOT South Somerset 51201,Add Prof Scientific and Technic,Sickness,24
Medical Services,Neuro Rehab,Lydeard Ward - SNRC 20801,Additional Clinical Services,Sickness,24
Medical Services,Neurology,Neurophysiology 20702,Healthcare Scientists,Sickness,24
Medical Services,Respiratory,Coleridge Respiratory Unit 20903,Additional Clinical Services,Sickness,24
Medical Services,Neuro Rehab,Dene Barton Administration 21580,Administrative and Clerical,Sickness,24
Medical Services,Respiratory,Medicine Ward 9A 76281,Nursing and Midwifery Registered,Sickness,24
Medical Services,Respiratory,Respiratory Medical Staff 76263,Medical and Dental,Sickness,24
Medical Services,Respiratory,Resp Thoracic Med Stf 20900,Medical and Dental,Sickness,24
Medical Services,Respiratory,Resp Thoracic Med Stf 20900,Allied Health Professionals,Sickness,24
Medical Services,Respiratory,Resp Thoracic Med Stf 20900,Administrative and Clerical,Sickness,24
Medical Services,Respiratory,Respiratory Nurses 76270,Additional Clinical Services,Sickness,24
Medical Services,Respiratory,Resp Thoracic Med Stf 20900,Add Prof Scientific and Technic,Sickness,24
Medical Services,Respiratory,Respiratory Nurses 76270,Nursing and Midwifery Registered,Sickness,24
Medical Services,Respiratory,Resp Commercial Research Fund 20950,Administrative and Clerical,Sickness,24
Medical Services,Respiratory,Sleep Nurses 76271,Additional Clinical Services,Sickness,24
Medical Services,Respiratory,Sleep Nurses 76271,Nursing and Midwifery Registered,Sickness,24
Medical Services,Rheumatology,Rheum Medical Staff 76299,Medical and Dental,Sickness,24
Medical Services,Stroke,Dunkery Stroke & Neuro Unit 20601,Administrative and Clerical,Sickness,24
Medical Services,Respiratory,Medicine Ward 9A 76281,Additional Clinical Services,Sickness,24
Medical Services,Rheumatology,Rheumatology Med Stf 21200,Medical and Dental,Sickness,24
Medical Services,Rheumatology,Rheumatology Med Stf 21200,Nursing and Midwifery Registered,Sickness,24
Medical Services,Respiratory,Lung Function 20902,Healthcare Scientists,Sickness,24
Medical Services,Rheumatology,Rheumatology Nurses 76302,Additional Clinical Services,Sickness,24
Medical Services,Respiratory,Lung Function 20902,Additional Clinical Services,Sickness,24
Medical Services,Rheumatology,Rheumatology Nurses 76302,Nursing and Midwifery Registered,Sickness,24
Medical Services,Respiratory,Coleridge Respiratory Unit 20903,Nursing and Midwifery Registered,Sickness,24
Medical Services,Respiratory,Coleridge Respiratory Unit 20903,Administrative and Clerical,Sickness,24
Medical Services,Stroke,Dunkery Stroke & Neuro Unit 20601,Additional Clinical Services,Sickness,24
Mental Health and Learning Disabilities,AOT East,AOT South Somerset 51201,Nursing and Midwifery Registered,Sickness,24
Mental Health and Learning Disabilities,AOT East,Mendip Assertive Outreach Team 51200,Add Prof Scientific and Technic,Sickness,24
Mental Health and Learning Disabilities,CMHS East,Transformation East 51270,Additional Clinical Services,Sickness,24
Mental Health and Learning Disabilities,CMHS East,Mendip CMHT 51210,Additional Clinical Services,Sickness,24
Mental Health and Learning Disabilities,CMHS East,Connect 18 South Somerset 51241,Additional Clinical Services,Sickness,24
Medical Services,Endocrinology,Ward 9B - Endo & COOP 76283,Additional Clinical Services,Sickness,24
Medical Services,Endocrinology,Endocrinology Med Stf 21100,Nursing and Midwifery Registered,Sickness,24
Medical Services,Endocrinology,Endocrinology Med Stf 21100,Medical and Dental,Sickness,24
Mental Health and Learning Disabilities,CMHS East,Connect18 Mendip 51240,Allied Health Professionals,Sickness,24
CYP & Families Services,Acute Paediatrics,Childrens Day Surgery Unit 43030,Additional Clinical Services,Sickness,24
Medical Services,Endocrinology,Diabetes Nurses - Adult 76301,Nursing and Midwifery Registered,Sickness,24
Mental Health and Learning Disabilities,CMHS East,Holly Court Admin Team 51281,Administrative and Clerical,Sickness,24
Medical Services,Endocrinology,Diabetes 21120,Nursing and Midwifery Registered,Sickness,24
Mental Health and Learning Disabilities,CMHS East,Mendip CMHT 51210,Add Prof Scientific and Technic,Sickness,24
Medical Services,Endocrinology,Diabetes 21120,Administrative and Clerical,Sickness,24
Mental Health and Learning Disabilities,CMHS East,Bridge Reception 51280,Administrative and Clerical,Sickness,24
Mental Health and Learning Disabilities,CMHS East,Mendip CMHT 51210,Allied Health Professionals,Sickness,24
Mental Health and Learning Disabilities,CMHS East,Mendip CMHT 51210,Nursing and Midwifery Registered,Sickness,24
Mental Health and Learning Disabilities,CMHS East,Personality Disorder Team Mendip 51260,Add Prof Scientific and Technic,Sickness,24
Medical Services,Endocrinology,Diab & Endo Medical Staff 76297,Medical and Dental,Sickness,24
Mental Health and Learning Disabilities,CMHS East,South Somerset CMHT 51211,Add Prof Scientific and Technic,Sickness,24
Mental Health and Learning Disabilities,CMHS East,South Somerset CMHT 51211,Additional Clinical Services,Sickness,24
Mental Health and Learning Disabilities,CMHS East,South Somerset CMHT 51211,Allied Health Professionals,Sickness,24
Medical Services,Endocrinology,Conservators Ward 20202,Nursing and Midwifery Registered,Sickness,24
Mental Health and Learning Disabilities,CMHS East,South Somerset CMHT 51211,Nursing and Midwifery Registered,Sickness,24
Mental Health and Learning Disabilities,CMHS East,Transformation East 51270,Add Prof Scientific and Technic,Sickness,24
Medical Services,Endocrinology,Ward 9B - Endo & COOP 76283,Nursing and Midwifery Registered,Sickness,24
Medical Services,Medical DayCare DEPT,Medical Day Unit 20100,Additional Clinical Services,Sickness,24
Medical Services,Nephrology DEPT,Nephrology Med Stf 21300,Nursing and Midwifery Registered,Sickness,24
Medical Services,Medical Services Management DEPT,Medical Service Grp Management 29000,Nursing and Midwifery Registered,Sickness,24
Mental Health and Learning Disabilities,AOT East,Mendip Assertive Outreach Team 51200,Additional Clinical Services,Sickness,24
Medical Services,Nephrology DEPT,Nephrology Med Stf 21300,Allied Health Professionals,Sickness,24
Mental Health and Learning Disabilities,AOT East,Mendip Assertive Outreach Team 51200,Nursing and Midwifery Registered,Sickness,24
Medical Services,Nephrology DEPT,Nephrology Med Stf 21300,Administrative and Clerical,Sickness,24
Mental Health and Learning Disabilities,AOT West,Bridgwater Assertive Outreach Team 51101,Additional Clinical Services,Sickness,24
Mental Health and Learning Disabilities,AOT West,Bridgwater Assertive Outreach Team 51101,Nursing and Midwifery Registered,Sickness,24
Mental Health and Learning Disabilities,AOT West,Taunton Assertive Outreach Team 51100,Additional Clinical Services,Sickness,24
Mental Health and Learning Disabilities,AOT West,Taunton Assertive Outreach Team 51100,Nursing and Midwifery Registered,Sickness,24
Mental Health and Learning Disabilities,ARRS Service DEPT,ARRS Service 55305,Nursing and Midwifery Registered,Sickness,24
Mental Health and Learning Disabilities,Autism Service,Autism Service 55300,Add Prof Scientific and Technic,Sickness,24
Mental Health and Learning Disabilities,Autism Service,Autism Service 55300,Administrative and Clerical,Sickness,24
Medical Services,Medical DayCare DEPT,Medical Day Unit 20100,Nursing and Midwifery Registered,Sickness,24
Medical Services,Medical Services Management DEPT,Medical Service Grp Management 29000,Administrative and Clerical,Sickness,24
Mental Health and Learning Disabilities,Autism Service,Autism Service 55300,Nursing and Midwifery Registered,Sickness,24
Mental Health and Learning Disabilities,CMHS East,APPTS South Somerset 51231,Add Prof Scientific and Technic,Sickness,24
Medical Services,Medical DayCare DEPT,Queensway Day Hospital 76333,Nursing and Midwifery Registered,Sickness,24
Mental Health and Learning Disabilities,CMHS East,APPTS South Somerset 51231,Nursing and Midwifery Registered,Sickness,24
Medical Services,Medical DayCare DEPT,Queensway Day Hospital 76333,Administrative and Clerical,Sickness,24
Mental Health and Learning Disabilities,CMHS East,Appts Mendip 51230,Add Prof Scientific and Technic,Sickness,24
Mental Health and Learning Disabilities,CMHS East,Appts Mendip 51230,Administrative and Clerical,Sickness,24
Medical Services,Medical DayCare DEPT,Queensway Day Hospital 76333,Additional Clinical Services,Sickness,24
Mental Health and Learning Disabilities,CMHS East,Appts Mendip 51230,Nursing and Midwifery Registered,Sickness,24
Mental Health and Learning Disabilities,Inpatients DEPT,Rowan Ward 1 50280,Nursing and Midwifery Registered,Sickness,24
Mental Health and Learning Disabilities,Inpatients DEPT,Rowan Ward 2 50281,Administrative and Clerical,Sickness,24
Mental Health and Learning Disabilities,Urgent Care & Forensic Servs,Yeovil Crisis Resolution Team 52201,Additional Clinical Services,Sickness,24
Corporate Support Services,Trustwide Schemes,Human Resources 02003,Administrative and Clerical,Sickness,24
Mental Health and Learning Disabilities,Urgent Care & Forensic Servs,Court Assessment Team 54400,Administrative and Clerical,Sickness,24
Mental Health and Learning Disabilities,Urgent Care & Forensic Servs,Court Assessment Team 54400,Nursing and Midwifery Registered,Sickness,24
Corporate Support Services,WoE Imaging Network,WoE Imaging Network 00157,Allied Health Professionals,Sickness,24
Corporate Support Services,WoE Imaging Network,WoE Imaging Network 00157,Administrative and Clerical,Sickness,24
Mental Health and Learning Disabilities,Urgent Care & Forensic Servs,Forensic Team 54401,Nursing and Midwifery Registered,Sickness,24
Mental Health and Learning Disabilities,Urgent Care & Forensic Servs,Inpatient & Home Treatment Team Psychologist Team 50101,Add Prof Scientific and Technic,Sickness,24
Corporate Support Services,Trustwide Schemes,Staff Bank Workers 02004,Additional Clinical Services,Sickness,24
Mental Health and Learning Disabilities,Urgent Care & Forensic Servs,Inpatient & Home Treatment Team Psychologist Team 50101,Allied Health Professionals,Sickness,24
Mental Health and Learning Disabilities,Urgent Care & Forensic Servs,Mendip Crisis Resolution Team 52200,Additional Clinical Services,Sickness,24
Mental Health and Learning Disabilities,Urgent Care & Forensic Servs,Mendip Crisis Resolution Team 52200,Administrative and Clerical,Sickness,24
Mental Health and Learning Disabilities,Urgent Care & Forensic Servs,Mendip Crisis Resolution Team 52200,Allied Health Professionals,Sickness,24
Medical Services,Acute/General Medicine DEPT,AMU - 6B 76209,Additional Clinical Services,Sickness,24
Mental Health and Learning Disabilities,Urgent Care & Forensic Servs,Mendip Crisis Resolution Team 52200,Nursing and Midwifery Registered,Sickness,24
Corporate Support Services,Trustwide Schemes,Bank Nurses 75450,Students,Sickness,24
Mental Health and Learning Disabilities,Urgent Care & Forensic Servs,OPD (A & W) 54402,Add Prof Scientific and Technic,Sickness,24
Corporate Support Services,Trustwide Schemes,Bank Nurses 75450,Nursing and Midwifery Registered,Sickness,24
Corporate Support Services,Trustwide Schemes,Bank Nurses 75450,Allied Health Professionals,Sickness,24
Mental Health and Learning Disabilities,Urgent Care & Forensic Servs,OPD (A & W) 54402,Allied Health Professionals,Sickness,24
Corporate Support Services,Trustwide Schemes,Bank Nurses 75450,Administrative and Clerical,Sickness,24
Corporate Support Services,Trustwide Schemes,Bank Nurses 75450,Additional Clinical Services,Sickness,24
Corporate Support Services,Trustwide Schemes,Bank Nurses 75450,Add Prof Scientific and Technic,Sickness,24
Corporate Support Services,Trustwide Schemes,Bank 00014,Nursing and Midwifery Registered,Sickness,24
Mental Health and Learning Disabilities,Urgent Care & Forensic Servs,Court Assessment Team 54400,Additional Clinical Services,Sickness,24
Mental Health and Learning Disabilities,Urgent Care & Forensic Servs,Bridgwater Crisis Resolution Team 52100,Nursing and Midwifery Registered,Sickness,24
Mental Health and Learning Disabilities,Urgent Care & Forensic Servs,Perinatal 50106,Add Prof Scientific and Technic,Sickness,24
Mental Health and Learning Disabilities,Talking Therapies,Talking Therapies Team 55304,Nursing and Midwifery Registered,Sickness,24
Mental Health and Learning Disabilities,STEP (EIP),Somerset Team For Early Psychosis (STEP) 55303,Nursing and Midwifery Registered,Sickness,24
Medical Services,Acute/General Medicine DEPT,CLOSED Other Medical - Med Staff 76262,Medical and Dental,Sickness,24
Mental Health and Learning Disabilities,Suicide Prevention,Suicide Prevention 58003,Add Prof Scientific and Technic,Sickness,24
Medical Services,Acute/General Medicine DEPT,CLOSED - Internal Medicine Medical Staff 76262,Medical and Dental,Sickness,24
Medical Services,Acute/General Medicine DEPT,CLOSED - Internal Medicine Medical Staff 76262,Medical and Dental,Hires,24
Medical Services,Acute/General Medicine DEPT,Acute Phys Medical Staff 76208,Medical and Dental,Sickness,24
Mental Health and Learning Disabilities,Talking Therapies,Talking Therapies Team 55304,Add Prof Scientific and Technic,Sickness,24
Medical Services,Acute/General Medicine DEPT,Acute Medical Unit 20201,Nursing and Midwifery Registered,Sickness,24
Mental Health and Learning Disabilities,Talking Therapies,Talking Therapies Team 55304,Additional Clinical Services,Sickness,24
Mental Health and Learning Disabilities,Talking Therapies,Talking Therapies Team 55304,Administrative and Clerical,Sickness,24
Mental Health and Learning Disabilities,Talking Therapies,Talking Therapies Trainees 55306,Add Prof Scientific and Technic,Sickness,24
Medical Services,Acute/General Medicine DEPT,AMU - 6B 76209,Nursing and Midwifery Registered,Sickness,24
Medical Services,Acute/General Medicine DEPT,Acute Medical Unit 20201,Administrative and Clerical,Sickness,24
Mental Health and Learning Disabilities,Urgent Care & Forensic Servs,Ash Ward Team 50160,Additional Clinical Services,Sickness,24
Medical Services,Acute/General Medicine DEPT,Acute Medical Unit 20201,Additional Clinical Services,Sickness,24
Mental Health and Learning Disabilities,Urgent Care & Forensic Servs,Ash Ward Team 50160,Administrative and Clerical,Sickness,24
Mental Health and Learning Disabilities,Urgent Care & Forensic Servs,Ash Ward Team 50160,Allied Health Professionals,Sickness,24
Medical Services,Acute/General Medicine DEPT,AMU Med Staff 20200,Medical and Dental,Sickness,24
Mental Health and Learning Disabilities,Urgent Care & Forensic Servs,Ash Ward Team 50160,Nursing and Midwifery Registered,Sickness,24
Mental Health and Learning Disabilities,Urgent Care & Forensic Servs,Bridgwater Crisis Resolution Team 52100,Add Prof Scientific and Technic,Sickness,24
Medical Services,Acute/General Medicine DEPT,AMU Med Staff 20200,Add Prof Scientific and Technic,Sickness,24
Mental Health and Learning Disabilities,Urgent Care & Forensic Servs,Bridgwater Crisis Resolution Team 52100,Additional Clinical Services,Sickness,24
Corporate Support Services,Trustwide Schemes,Bank 00014,Medical and Dental,Sickness,24
Corporate Support Services,Trustwide Schemes,Bank 00014,Estates and Ancillary,Sickness,24
Medical Services,Acute/General Medicine DEPT,Exmoor Ward 20203,Additional Clinical Services,Sickness,24
Corporate Support Services,Safeguarding,Safeguarding 00207,Nursing and Midwifery Registered,Sickness,24
Corporate Support Services,Strategic Projects,Design And Management Fee Account 97301,Administrative and Clerical,Sickness,24
Mental Health and Learning Disabilities,Urgent Care & Forensic Servs,Specialist Community Forensic 54404,Administrative and Clerical,Sickness,24
Clinical Support and Cancer Services,Therapies DEPT,Physio - MPH 38200,Allied Health Professionals,Sickness,24
Mental Health and Learning Disabilities,Urgent Care & Forensic Servs,Specialist Community Forensic 54404,Medical and Dental,Sickness,24
Corporate Support Services,Safeguarding,Safeguarding PHN 00219,Nursing and Midwifery Registered,Sickness,24
Mental Health and Learning Disabilities,Urgent Care & Forensic Servs,Specialist Community Forensic 54404,Nursing and Midwifery Registered,Sickness,24
Corporate Support Services,Safeguarding,Safeguarding PHN 00219,Administrative and Clerical,Sickness,24
Mental Health and Learning Disabilities,Urgent Care & Forensic Servs,Taunton Crisis Resolution Team 52101,Add Prof Scientific and Technic,Sickness,24
Mental Health and Learning Disabilities,Urgent Care & Forensic Servs,Taunton Crisis Resolution Team 52101,Additional Clinical Services,Sickness,24
Mental Health and Learning Disabilities,Urgent Care & Forensic Servs,Taunton Crisis Resolution Team 52101,Administrative and Clerical,Sickness,24
Mental Health and Learning Disabilities,Urgent Care & Forensic Servs,Taunton Crisis Resolution Team 52101,Nursing and Midwifery Registered,Sickness,24
Mental Health and Learning Disabilities,Urgent Care & Forensic Servs,Psychiatric Liaison Service - West 52150,Nursing and Midwifery Registered,Sickness,24
Corporate Support Services,Safeguarding,Safeguarding 00207,Medical and Dental,Sickness,24
Mental Health and Learning Disabilities,Urgent Care & Forensic Servs,Urgent Care Hub 52102,Additional Clinical Services,Sickness,24
Corporate Support Services,Safeguarding,Safeguarding 00207,Administrative and Clerical,Sickness,24
Mental Health and Learning Disabilities,Urgent Care & Forensic Servs,Urgent Care Hub 52102,Administrative and Clerical,Sickness,24
Corporate Support Services,Safeguarding,Safeguarding 00207,Add Prof Scientific and Technic,Sickness,24
Mental Health and Learning Disabilities,Urgent Care & Forensic Servs,Urgent Care Hub 52102,Nursing and Midwifery Registered,Sickness,24
Mental Health and Learning Disabilities,Urgent Care & Forensic Servs,Yeovil Crisis Resolution Team 52201,Add Prof Scientific and Technic,Sickness,24
Corporate Support Services,Safeguarding,Liberty Protection Safeguards 00222,Administrative and Clerical,Sickness,24
Corporate Support Services,Safeguarding,Liberty Protection Safeguards 00222,Add Prof Scientific and Technic,Sickness,24
Corporate Support Services,Resourcing,Volunteers 75462,Administrative and Clerical,Sickness,24
Mental Health and Learning Disabilities,Urgent Care & Forensic Servs,Specialist Community Forensic 54404,Add Prof Scientific and Technic,Sickness,24
Corporate Support Services,Strategic Projects,Fundraisers 00163,Administrative and Clerical,Sickness,24
Corporate Support Services,Trustwide Schemes,Bank 00014,Allied Health Professionals,Sickness,24
Corporate Support Services,Trustwide Schemes,Bank (Acute) 02002,Additional Clinical Services,Sickness,24
Corporate Support Services,Trustwide Schemes,Bank 00014,Administrative and Clerical,Sickness,24
Corporate Support Services,Trustwide Schemes,Bank 00014,Additional Clinical Services,Sickness,24
Corporate Support Services,Trustwide Schemes,Bank 00014,Add Prof Scientific and Technic,Sickness,24
Corporate Support Services,Trustwide Schemes,Bank (Acute) 02002,Nursing and Midwifery Registered,Sickness,24
Corporate Support Services,Trustwide Schemes,Bank (Acute) 02002,Healthcare Scientists,Sickness,24
Mental Health and Learning Disabilities,Urgent Care & Forensic Servs,Perinatal 50106,Additional Clinical Services,Sickness,24
Mental Health and Learning Disabilities,Urgent Care & Forensic Servs,Perinatal 50106,Administrative and Clerical,Sickness,24
Corporate Support Services,Trustwide Schemes,Bank (Acute) 02002,Estates and Ancillary,Sickness,24
Corporate Support Services,Trustwide Schemes,Bank (Acute) 02002,Allied Health Professionals,Sickness,24
Corporate Support Services,Trustwide Schemes,Bank (Acute) 02002,Administrative and Clerical,Sickness,24
Corporate Support Services,Trustwide Schemes,Bank (Acute) 02002,Add Prof Scientific and Technic,Sickness,24
Corporate Support Services,Strategic Projects,Performance Management 00124,Administrative and Clerical,Sickness,24
Corporate Support Services,Trustwide Schemes,Admin & Clerical Bank 75449,Administrative and Clerical,Sickness,24
Mental Health and Learning Disabilities,Urgent Care & Forensic Servs,Perinatal 50106,Allied Health Professionals,Sickness,24
Mental Health and Learning Disabilities,Urgent Care & Forensic Servs,Perinatal 50106,Medical and Dental,Sickness,24
Mental Health and Learning Disabilities,Urgent Care & Forensic Servs,Perinatal 50106,Nursing and Midwifery Registered,Sickness,24
Mental Health and Learning Disabilities,Urgent Care & Forensic Servs,Psychiatric Liaison Service - East 52250,Administrative and Clerical,Sickness,24
Mental Health and Learning Disabilities,Urgent Care & Forensic Servs,Psychiatric Liaison Service - East 52250,Nursing and Midwifery Registered,Sickness,24
Mental Health and Learning Disabilities,Urgent Care & Forensic Servs,Psychiatric Liaison Service - West 52150,Add Prof Scientific and Technic,Sickness,24
Mental Health and Learning Disabilities,Urgent Care & Forensic Servs,Psychiatric Liaison Service - West 52150,Administrative and Clerical,Sickness,24
Corporate Support Services,Student Support,NMET 02025,Additional Clinical Services,Sickness,24
Corporate Support Services,Strategic Projects,Surg Dev Phase 2 97502,Administrative and Clerical,Sickness,24
Medical Services,Acute/General Medicine DEPT,CLOSED Other Medical - Med staff 76262,Medical and Dental,Sickness,24
Mental Health and Learning Disabilities,STEP (EIP),Somerset Team For Early Psychosis (STEP) 55303,Administrative and Clerical,Sickness,24
Medical Services,Care of the Older Person DEPT,Acute Frailty Unit 20402,Nursing and Midwifery Registered,Sickness,24
Medical Services,Cardiology,Cardiology Med Staff 21000,Administrative and Clerical,Sickness,24
Medical Services,Cardiology,Cath Lab 21005,Additional Clinical Services,Sickness,24
Mental Health and Learning Disabilities,Inpatients DEPT,Willow Ward Team 50190,Additional Clinical Services,Sickness,24
Medical Services,Cardiology,Cardiology Medical Staff 76260,Medical and Dental,Sickness,24
Mental Health and Learning Disabilities,Inpatients DEPT,Willow Ward Team 50190,Administrative and Clerical,Sickness,24
Mental Health and Learning Disabilities,Inpatients DEPT,Willow Ward Team 50190,Allied Health Professionals,Sickness,24
Medical Services,Cardiology,Cardiology Med Staff 21000,Nursing and Midwifery Registered,Sickness,24
Mental Health and Learning Disabilities,Inpatients DEPT,Willow Ward Team 50190,Nursing and Midwifery Registered,Sickness,24
Mental Health and Learning Disabilities,Learning Difficulties,Learning Disabilities East 53200,Add Prof Scientific and Technic,Sickness,24
Medical Services,Cardiology,Cardiology Med Staff 21000,Medical and Dental,Sickness,24
Medical Services,Cardiology,Cardiology Med Staff 21000,Allied Health Professionals,Sickness,24
Mental Health and Learning Disabilities,Learning Difficulties,Learning Disabilities East 53200,Additional Clinical Services,Sickness,24
Mental Health and Learning Disabilities,Inpatients DEPT,Wessex House Team 40110,Administrative and Clerical,Sickness,24
Mental Health and Learning Disabilities,Learning Difficulties,Learning Disabilities East 53200,Administrative and Clerical,Sickness,24
Mental Health and Learning Disabilities,Learning Difficulties,Learning Disabilities East 53200,Allied Health Professionals,Sickness,24
Medical Services,Cardiology,Cardiology Med Staff 21000,Add Prof Scientific and Technic,Sickness,24
Mental Health and Learning Disabilities,Learning Difficulties,Learning Disabilities East 53200,Nursing and Midwifery Registered,Sickness,24
Mental Health and Learning Disabilities,Learning Difficulties,Learning Disabilities West 53100,Add Prof Scientific and Technic,Sickness,24
Medical Services,Cardiology,Cardiology 21003,Healthcare Scientists,Sickness,24
Mental Health and Learning Disabilities,Learning Difficulties,Learning Disabilities West 53100,Additional Clinical Services,Sickness,24
Mental Health and Learning Disabilities,Learning Difficulties,Learning Disabilities West 53100,Administrative and Clerical,Sickness,24
Mental Health and Learning Disabilities,Learning Difficulties,Learning Disabilities West 53100,Allied Health Professionals,Sickness,24
Medical Services,Cardiology,Cardiology 21003,Additional Clinical Services,Sickness,24
Mental Health and Learning Disabilities,Inpatients DEPT,Wessex House Team 40110,Nursing and Midwifery Registered,Sickness,24
Medical Services,Cardiology,Cath Lab 21005,Estates and Ancillary,Sickness,24
Mental Health and Learning Disabilities,Learning Difficulties,Rapid Intervention Team 53000,Add Prof Scientific and Technic,Sickness,24
Medical Services,Cardiology,Fielding Ward 21004,Administrative and Clerical,Sickness,24
Mental Health and Learning Disabilities,Inpatients DEPT,Rowan Ward 2 50281,Estates and Ancillary,Sickness,24
Mental Health and Learning Disabilities,Inpatients DEPT,Rowan Ward 2 50281,Nursing and Midwifery Registered,Sickness,24
Mental Health and Learning Disabilities,Inpatients DEPT,Rydon ECT Suite 50181,Nursing and Midwifery Registered,Sickness,24
Medical Services,Care of the Older Person DEPT,Acute Frailty Unit 20402,Administrative and Clerical,Sickness,24
Medical Services,Care of the Older Person DEPT,Acute Frailty Unit 20402,Additional Clinical Services,Sickness,24
Medical Services,Cardiology,Medicine Ward 8A 76280,Nursing and Midwifery Registered,Sickness,24
Mental Health and Learning Disabilities,Inpatients DEPT,Rydon Ward 1 50180,Additional Clinical Services,Sickness,24
Medical Services,Cardiology,Medicine Ward 8A 76280,Additional Clinical Services,Sickness,24
Medical Services,Cardiology,Fielding Ward 21004,Nursing and Midwifery Registered,Sickness,24
Mental Health and Learning Disabilities,Inpatients DEPT,Rydon Ward 1 50180,Administrative and Clerical,Sickness,24
Medical Services,Cardiology,Fielding Ward 21004,Additional Clinical Services,Sickness,24
Mental Health and Learning Disabilities,Inpatients DEPT,Wessex House Team 40110,Additional Clinical Services,Sickness,24
Mental Health and Learning Disabilities,Inpatients DEPT,Rydon Ward 1 50180,Nursing and Midwifery Registered,Sickness,24
Mental Health and Learning Disabilities,Inpatients DEPT,Rydon Ward 2 50182,Additional Clinical Services,Sickness,24
Medical Services,Cardiology,Clinical Investigations 76275,Healthcare Scientists,Sickness,24
Mental Health and Learning Disabilities,Inpatients DEPT,Rydon Ward 2 50182,Administrative and Clerical,Sickness,24
Medical Services,Cardiology,Clinical Investigations 76275,Administrative and Clerical,Sickness,24
Mental Health and Learning Disabilities,Inpatients DEPT,Rydon Ward 2 50182,Nursing and Midwifery Registered,Sickness,24
Medical Services,Cardiology,Clinical Investigations 76275,Additional Clinical Services,Sickness,24
Mental Health and Learning Disabilities,Inpatients DEPT,Wellsprings Service Assistants 50184,Estates and Ancillary,Sickness,24
Medical Services,Cardiology,Clinical Investigations 76275,Add Prof Scientific and Technic,Sickness,24
Medical Services,Cardiology,Cath Lab 21005,Nursing and Midwifery Registered,Sickness,24
Mental Health and Learning Disabilities,Learning Difficulties,Learning Disabilities West 53100,Nursing and Midwifery Registered,Sickness,24
Medical Services,Cardiology,Cardiology 21003,Add Prof Scientific and Technic,Sickness,24
Medical Services,Acute/General Medicine DEPT,Exmoor Ward 20203,Administrative and Clerical,Sickness,24
Medical Services,Acute/General Medicine DEPT,Med Staff - Acute Physicians 76208 DO NOT USE,Medical and Dental,Sickness,24
Medical Services,Acute/General Medicine DEPT,Portman Ward 11 20901,Nursing and Midwifery Registered,Sickness,24
Mental Health and Learning Disabilities,Medical Inpatients,Med Gen Ad Inp Rydon Ward 1 57013,Medical and Dental,Sickness,24
Medical Services,Acute/General Medicine DEPT,Portman Ward 11 20901,Administrative and Clerical,Sickness,24
Mental Health and Learning Disabilities,Medical Inpatients,Med OPMH Inp Pyrland Ward 62070,Medical and Dental,Sickness,24
Medical Services,Acute/General Medicine DEPT,Portman Ward 11 20901,Additional Clinical Services,Sickness,24
Mental Health and Learning Disabilities,Medical LD,Learning Disabilities Medical Team 57014,Medical and Dental,Sickness,24
Medical Services,Acute/General Medicine DEPT,Medicine Ward 7A 76282,Nursing and Midwifery Registered,Sickness,24
Mental Health and Learning Disabilities,Medical Specialist,Med Gen Ad Comm Eating Dis 57212,Medical and Dental,Sickness,24
Medical Services,Acute/General Medicine DEPT,Medicine Ward 7A 76282,Additional Clinical Services,Sickness,24
Mental Health and Learning Disabilities,Medical Specialist,Med Liaison Psychiatry 57613,Medical and Dental,Sickness,24
Mental Health and Learning Disabilities,Medical Specialist,Medical Psychotherapy Day 57012,Medical and Dental,Sickness,24
Mental Health and Learning Disabilities,Medical Inpatients,Med Gen Ad Inp Ash Ward 57113,Medical and Dental,Sickness,24
Mental Health and Learning Disabilities,Medical Specialist,Medical STEP 57812,Medical and Dental,Sickness,24
Medical Services,Acute/General Medicine DEPT,Med Staff - Acute Physicians 76208 DO NOT USE,Add Prof Scientific and Technic,Sickness,24
Mental Health and Learning Disabilities,Mental Health Act Team DEPT,Mental Health Act Administration Team 00409,Administrative and Clerical,Sickness,24
Mental Health and Learning Disabilities,Named Patients,Named Patients Recovery Team 59300,Administrative and Clerical,Sickness,24
Mental Health and Learning Disabilities,Named Patients,Placement Support Team 54403,Allied Health Professionals,Sickness,24
Mental Health and Learning Disabilities,Named Patients,Placement Support Team 54403,Nursing and Midwifery Registered,Sickness,24
Medical Services,Acute/General Medicine DEPT,Jasmine R2G Ward 75734,Additional Clinical Services,Sickness,24
Medical Services,Acute/General Medicine DEPT,Exmoor Ward 20203,Nursing and Midwifery Registered,Sickness,24
Mental Health and Learning Disabilities,STEP (EIP),Somerset Team For Early Psychosis (STEP) 55303,Add Prof Scientific and Technic,Sickness,24
Mental Health and Learning Disabilities,STEP (EIP),Somerset Team For Early Psychosis (STEP) 55303,Additional Clinical Services,Sickness,24
Mental Health and Learning Disabilities,Medical Inpatients,Med Gen Ad Inp Rowan Ward 57213,Medical and Dental,Sickness,24
Mental Health and Learning Disabilities,Medical Inpatients,Med - Wessex House 41080,Medical and Dental,Sickness,24
Mental Health and Learning Disabilities,Learning Difficulties,Rapid Intervention Team 53000,Additional Clinical Services,Sickness,24
Medical Services,Cardiology,CCU Ward 21002,Administrative and Clerical,Sickness,24
Mental Health and Learning Disabilities,Learning Difficulties,Rapid Intervention Team 53000,Nursing and Midwifery Registered,Sickness,24
Medical Services,Cardiology,Cardiac Rehab 76273,Nursing and Midwifery Registered,Sickness,24
Mental Health and Learning Disabilities,MH & LD Resident Doctors DEPT,MH & LD Resident Doctors 57015,Medical and Dental,Sickness,24
Medical Services,Cardiology,Cardiac Rehab 76273,Administrative and Clerical,Sickness,24
Mental Health and Learning Disabilities,MH Employment Service,Individual Placement Support 56501,Additional Clinical Services,Sickness,24
Medical Services,Cardiology,Cardiac Rehab 76273,Additional Clinical Services,Sickness,24
Mental Health and Learning Disabilities,MH Employment Service,Individual Placement Support 56501,Administrative and Clerical,Sickness,24
Medical Services,Cardiology,CCU Ward 21002,Nursing and Midwifery Registered,Sickness,24
Mental Health and Learning Disabilities,MH Employment Service,Individual Placement Support 56501,Allied Health Professionals,Sickness,24
Mental Health and Learning Disabilities,MH Employment Service,Individual Placement Support 56501,Nursing and Midwifery Registered,Sickness,24
Mental Health and Learning Disabilities,MH Employment Service,Retention 56500,Additional Clinical Services,Sickness,24
Mental Health and Learning Disabilities,Medical CMHS,Medical Community Mental Health Service - Chard 57312,Medical and Dental,Sickness,24
Medical Services,Cardiology,CCU Ward 21002,Additional Clinical Services,Sickness,24
Mental Health and Learning Disabilities,MH Employment Service,Retention 56500,Allied Health Professionals,Sickness,24
Mental Health and Learning Disabilities,MH Employment Service,Retention 56500,Nursing and Midwifery Registered,Sickness,24
Mental Health and Learning Disabilities,Medical CMHS,Med Gen Ad Comm CMHT Bwater 57412,Medical and Dental,Sickness,24
Medical Services,Cardiology,CCU 76277,Nursing and Midwifery Registered,Sickness,24
Mental Health and Learning Disabilities,Medical CMHS,Med Gen Ad Comm CMHT Mendip 57612,Medical and Dental,Sickness,24
Medical Services,Acute/General Medicine DEPT,Ward 6A - Gen Med 75755,Nursing and Midwifery Registered,Sickness,24
Mental Health and Learning Disabilities,Medical CMHS,Med Gen Ad Comm CMHT Taunton 57112,Medical and Dental,Sickness,24
Mental Health and Learning Disabilities,Medical CMHS,Med Gen Ad Comm CMHT Yeovil 57512,Medical and Dental,Sickness,24
Medical Services,Acute/General Medicine DEPT,Ward 6A - Gen Med 75755,Additional Clinical Services,Sickness,24
Operational Management,Admin - Cancer Services,Admin - Cancer Services 00006,Administrative and Clerical,Sickness,24
Neighbourhood Services,Minor Injury DEPT,Bridgwater MIU 20027,Additional Clinical Services,Sickness,24
Surgical Services,ENT,ENT Med Stf 12005,Nursing and Midwifery Registered,Sickness,24
CYP & Families Services,Somerset,Dental Access Centre - Taunton 44010,Administrative and Clerical,Sickness,24
Surgical Services,Gastro,Gastro Med Staff MPH 13001,Additional Clinical Services,Sickness,24
Surgical Services,Gastro,Gastro Med Staff MPH 13001,Administrative and Clerical,Sickness,24
CYP & Families Services,Women's Services,EPAC/REPRO Med 45060,Additional Clinical Services,Sickness,24
CYP & Families Services,Somerset,Primary Care Dental Service 44010,Medical and Dental,Sickness,24
Surgical Services,Gastro,Gastro Med Staff MPH 13001,Medical and Dental,Sickness,24
CYP & Families Services,Community & Urgent Services,CAMHS West Team 40020,Add Prof Scientific and Technic,Sickness,24
CYP & Families Services,Somerset,Primary Care Dental Service 44010,Administrative and Clerical,Sickness,24
Surgical Services,Gastro,Gastro Medical Staff YDH 76261,Medical and Dental,Sickness,24
CYP & Families Services,Somerset,Primary Care Dental Service 44010,Additional Clinical Services,Sickness,24
Surgical Services,Gastro,Gastro Nurse Endo & Cancer 76267,Administrative and Clerical,Sickness,24
Surgical Services,Gastro,Gastro Nurse Endo & Cancer 76267,Nursing and Midwifery Registered,Sickness,24
CYP & Families Services,Somerset,Dental Team - East Somerset 44010,Medical and Dental,Sickness,24
CYP & Families Services,Somerset,Dental Team - East Somerset 44010,Administrative and Clerical,Sickness,24
CYP & Families Services,Somerset,Dental Team - East Somerset 44010,Additional Clinical Services,Sickness,24
Surgical Services,Gastro,Hestercombe North 13004,Additional Clinical Services,Sickness,24
CYP & Families Services,Somerset,Dental Access Centre - Taunton 44010,Medical and Dental,Sickness,24
Surgical Services,Theatres & DSC,ODP Training 17005,Additional Clinical Services,Sickness,24
CYP & Families Services,Community & Urgent Services,CAMHS West Team 40020,Additional Clinical Services,Sickness,24
Surgical Services,Gastro,Hestercombe North 13004,Administrative and Clerical,Sickness,24
CYP & Families Services,Community & Urgent Services,CAMHS RAFT 40040,Nursing and Midwifery Registered,Sickness,24
CYP & Families Services,Women's Services,EPAC/REPRO Med 45060,Nursing and Midwifery Registered,Sickness,24
Surgical Services,Endoscopy,Endoscopy YDH 76265,Nursing and Midwifery Registered,Sickness,24
Surgical Services,Endoscopy,Endoscopy MPH 13002,Estates and Ancillary,Sickness,24
CYP & Families Services,Women's Services,Gynae Specialist Services 75733,Nursing and Midwifery Registered,Sickness,24
CYP & Families Services,Community & Urgent Services,CAMHS East Team 40010,Nursing and Midwifery Registered,Sickness,24
Surgical Services,Endoscopy,Endoscopy MPH 13002,Additional Clinical Services,Sickness,24
CYP & Families Services,Women's Services,Gynae Specialist Services 75733,Additional Clinical Services,Sickness,24
Surgical Services,Theatres & DSC,PACU 17013,Nursing and Midwifery Registered,Sickness,24
CYP & Families Services,Community & Urgent Services,CAMHS RAFT 40040,Add Prof Scientific and Technic,Sickness,24
CYP & Families Services,Community & Urgent Services,CAMHS RAFT 40040,Additional Clinical Services,Sickness,24
Surgical Services,Endoscopy,Endoscopy MPH 13002,Administrative and Clerical,Sickness,24
CYP & Families Services,Women's Services,Gynae Nurse OPD 75735,Additional Clinical Services,Sickness,24
Surgical Services,Endoscopy,Endoscopy YDH 76265,Administrative and Clerical,Sickness,24
CYP & Families Services,Women's Services,Grace Colposcopy 43070,Nursing and Midwifery Registered,Sickness,24
Surgical Services,Endoscopy,Endoscopy MPH 13002,Nursing and Midwifery Registered,Sickness,24
CYP & Families Services,Women's Services,Grace Colposcopy 43070,Administrative and Clerical,Sickness,24
Surgical Services,Theatres & DSC,PACU 17013,Additional Clinical Services,Sickness,24
Surgical Services,Endoscopy,Endoscopy YDH 76265,Additional Clinical Services,Sickness,24
CYP & Families Services,Community & Urgent Services,CAMHS RAFT 40040,Administrative and Clerical,Sickness,24
CYP & Families Services,Women's Services,Grace Colposcopy 43070,Additional Clinical Services,Sickness,24
CYP & Families Services,Women's Services,Enhanced Nurse Practitioners 43140,Nursing and Midwifery Registered,Sickness,24
Surgical Services,Gastro,Hestercombe North 13004,Nursing and Midwifery Registered,Sickness,24
Surgical Services,Head & Neck,Audiology 12011,Additional Clinical Services,Sickness,24
Clinical Support and Cancer Services,Oncology,Beacon Radiotherapy 34200,Administrative and Clerical,Sickness,24
Surgical Services,Head & Neck,Audiology 12011,Administrative and Clerical,Sickness,24
Clinical Support and Cancer Services,Therapies DEPT,Physio - MPH 38200,Allied Health Professionals,Leavers,24
CYP & Families Services,Sexual Health Services,Somerset-Wide Integrated Sexual Health 42060,Additional Clinical Services,Sickness,24
Surgical Services,Max Fax,YDH Maxillo Facial 12004,Additional Clinical Services,Sickness,24
Surgical Services,Max Fax,YDH Maxillo Facial 12004,Administrative and Clerical,Sickness,24
Surgical Services,Ophthalmology,Diabetic Retinopathy 14006,Add Prof Scientific and Technic,Sickness,24
CYP & Families Services,Minor Oral Surgery,Minor Oral Surgery 44030,Medical and Dental,Sickness,24
Surgical Services,Ophthalmology,Diabetic Retinopathy 14006,Additional Clinical Services,Sickness,24
CYP & Families Services,Medical Paediatrics,SNICU Medical Staffing 43110,Nursing and Midwifery Registered,Sickness,24
CYP & Families Services,Medical Paediatrics,SNICU Medical Staffing 43110,Medical and Dental,Sickness,24
Surgical Services,Ophthalmology,Diabetic Retinopathy 14006,Administrative and Clerical,Sickness,24
CYP & Families Services,Medical Paediatrics,Paeds Medical Staffing YDH 76246,Medical and Dental,Sickness,24
CYP & Families Services,Medical Paediatrics,Paeds Medical Staffing MPH 43060,Medical and Dental,Sickness,24
CYP & Families Services,Medical Paediatrics,Paediatric Research Fund 43120,Medical and Dental,Sickness,24
CYP & Families Services,Medical Acute,Obs/Gynae Medical Staffing 43090,Medical and Dental,Sickness,24
CYP & Families Services,Medical Acute,Gynaecology Medical Staff 75731,Medical and Dental,Sickness,24
CYP & Families Services,Medical Acute,Gynae Oncology Medical Staff 43080,Medical and Dental,Sickness,24
Surgical Services,Ophthalmology,Ophthal Medical Staff YDH 75797,Medical and Dental,Sickness,24
Surgical Services,Ophthalmology,Ophthalmic OPD 14002,Additional Clinical Services,Sickness,24
CYP & Families Services,Maternity DEPT,Speciality Midwives MPH 45040,Nursing and Midwifery Registered,Sickness,24
CYP & Families Services,Sexual Health Services,Somerset-Wide Integrated Sexual Health 42060,Administrative and Clerical,Sickness,24
Surgical Services,Max Fax,Maxillo Facial Med Stf 12006,Nursing and Midwifery Registered,Sickness,24
Surgical Services,Max Fax,Maxillo Facial Med Stf 12006,Medical and Dental,Sickness,24
Surgical Services,Head & Neck,Blake Ward 12010,Administrative and Clerical,Sickness,24
CYP & Families Services,Somerset,Dental Access Centre - Taunton 44010,Additional Clinical Services,Sickness,24
CYP & Families Services,Community & Urgent Services,CAMHS West Team 40020,Administrative and Clerical,Sickness,24
Surgical Services,Head & Neck,Audiology 12011,Healthcare Scientists,Sickness,24
CYP & Families Services,Somerset,Dental Access Centre - Bridgwater 44010,Medical and Dental,Sickness,24
Surgical Services,Theatres & DSC,Minehead Surgical 21624,Nursing and Midwifery Registered,Sickness,24
CYP & Families Services,Somerset,Dental Access Centre - Bridgwater 44010,Administrative and Clerical,Sickness,24
CYP & Families Services,Somerset,Dental Access Centre - Bridgwater 44010,Additional Clinical Services,Sickness,24
Surgical Services,Head & Neck,Blake Ward 12010,Additional Clinical Services,Sickness,24
CYP & Families Services,Sexual Health Services,Starling Clinic (HIV) 42090,Nursing and Midwifery Registered,Sickness,24
CYP & Families Services,Sexual Health Services,Somerset-Wide Integrated Sexual Health 42060,Medical and Dental,Sickness,24
Surgical Services,Head & Neck,Blake Ward 12010,Nursing and Midwifery Registered,Sickness,24
CYP & Families Services,Sexual Health Services,Starling Clinic (HIV) 42090,Medical and Dental,Sickness,24
Surgical Services,Head & Neck,Head & Neck Secs 12001,Administrative and Clerical,Sickness,24
CYP & Families Services,Sexual Health Services,Starling Clinic (HIV) 42090,Additional Clinical Services,Sickness,24
Surgical Services,Max Fax,Maxillo Facial Med Stf 12006,Add Prof Scientific and Technic,Sickness,24
Surgical Services,Max Fax,Maxillo Facial Med Stf 12006,Additional Clinical Services,Sickness,24
CYP & Families Services,Sexual Health Services,Somerset-Wide Integrated Sexual Health 42060,Nursing and Midwifery Registered,Sickness,24
Surgical Services,Theatres & DSC,Minehead Surgical 21624,Additional Clinical Services,Sickness,24
Surgical Services,Endoscopy,Bowel Cancer Screening 13003,Nursing and Midwifery Registered,Sickness,24
Surgical Services,Endoscopy,Bowel Cancer Screening 13003,Administrative and Clerical,Sickness,24
CYP & Families Services,Women's Services,Obs & Gynae Admin Support MPH 49020,Administrative and Clerical,Sickness,24
Surgical Services,Theatres & DSC,Surgical Admission Lounge 17011,Additional Clinical Services,Sickness,24
Surgical Services,Breast,Breast Care Centre 16001,Medical and Dental,Sickness,24
CYP & Families Services,Community & Urgent Services,CAMHS - Link LD/A 40065,Allied Health Professionals,Sickness,24
Clinical Support and Cancer Services,Medical Imaging,Radiology ATOs 76360,Additional Clinical Services,Sickness,24
Surgical Services,Theatres & DSC,West Mendip Surgical 17019,Additional Clinical Services,Sickness,24
Clinical Support and Cancer Services,Medical Imaging,Radiology - MPH 32000,Nursing and Midwifery Registered,Sickness,24
Clinical Support and Cancer Services,Medical Imaging,Radiology - MPH 32000,Medical and Dental,Sickness,24
Surgical Services,Theatres & DSC,Theatres Non - Clinical 75827,Administrative and Clerical,Sickness,24
CYP & Families Services,Community & Urgent Services,CAMHS Community Eating Disorder Team 40080,Add Prof Scientific and Technic,Sickness,24
Clinical Support and Cancer Services,Medical Imaging,Radiology - MPH 32000,Healthcare Scientists,Sickness,24
Surgical Services,Theatres & DSC,Theatre - Orthopaedic 17017,Nursing and Midwifery Registered,Sickness,24
Surgical Services,Theatres & DSC,Theatre - Orthopaedic 17017,Estates and Ancillary,Sickness,24
Clinical Support and Cancer Services,Medical Imaging,Radiology - MPH 32000,Allied Health Professionals,Sickness,24
CYP & Families Services,Community & Urgent Services,CAMHS Community Eating Disorder Team 40080,Additional Clinical Services,Sickness,24
Clinical Support and Cancer Services,Medical Imaging,Radiology - MPH 32000,Administrative and Clerical,Sickness,24
Clinical Support and Cancer Services,Medical Imaging,Radiology - MPH 32000,Additional Clinical Services,Sickness,24
CYP & Families Services,Community & Urgent Services,CAMHS Community Eating Disorder Team 40080,Allied Health Professionals,Sickness,24
CYP & Families Services,Community & Urgent Services,CAMHS Community Eating Disorder Team 40080,Nursing and Midwifery Registered,Sickness,24
Clinical Support and Cancer Services,Medical Imaging,Path & Rad Admin Support 76359,Administrative and Clerical,Sickness,24
Surgical Services,Colorectal,Colorectal Med Stf 10009,Medical and Dental,Sickness,24
Clinical Support and Cancer Services,Medical Imaging,Radiology Medical Staff 76362,Medical and Dental,Sickness,24
Surgical Services,Breast,Breast Care Centre 16001,Administrative and Clerical,Sickness,24
Clinical Support and Cancer Services,Medical Imaging,Radiology Radiographers 76366,Additional Clinical Services,Sickness,24
Surgical Services,Anaesthetics,Anaesthetic Pain Team 75810,Nursing and Midwifery Registered,Sickness,24
Surgical Services,Acute Surgery,Surgical Decisions Unit 10005,Additional Clinical Services,Sickness,24
Surgical Services,Acute Surgery,Surgical Decisions Unit 10005,Administrative and Clerical,Sickness,24
Clinical Support and Cancer Services,Oncology,Beacon Physicists 34300,Healthcare Scientists,Sickness,24
CYP & Families Services,Community & Urgent Services,CAMHS - Link LD/A 40065,Additional Clinical Services,Sickness,24
Surgical Services,Acute Surgery,Surgical Decisions Unit 10005,Nursing and Midwifery Registered,Sickness,24
Clinical Support and Cancer Services,Oncology,Beacon Physicists 34300,Additional Clinical Services,Sickness,24
Clinical Support and Cancer Services,Oncology,Beacon Inpatient Ward 34100,Nursing and Midwifery Registered,Sickness,24
Surgical Services,Anaesthetics,Anaesthetic Medical Staff YDH 75820,Medical and Dental,Sickness,24
Clinical Support and Cancer Services,Oncology,Beacon Inpatient Ward 34100,Administrative and Clerical,Sickness,24
Clinical Support and Cancer Services,Medical Imaging,Radiology Radiographers 76366,Allied Health Professionals,Hires,24
Clinical Support and Cancer Services,Oncology,Beacon Inpatient Ward 34100,Additional Clinical Services,Sickness,24
Surgical Services,Anaesthetics,Anaesthetics Med Staff MPH 17002,Medical and Dental,Sickness,24
Surgical Services,Bariatrics,Bariatric Surgery Med Stf 10004,Add Prof Scientific and Technic,Sickness,24
Surgical Services,Bariatrics,Bariatric Surgery Med Stf 10004,Allied Health Professionals,Sickness,24
Surgical Services,Bariatrics,Bariatric Surgery Med Stf 10004,Nursing and Midwifery Registered,Sickness,24
Clinical Support and Cancer Services,Medical Imaging,Radiology Radiographers 76366,Healthcare Scientists,Sickness,24
Surgical Services,Breast,Breast Care 75792,Nursing and Midwifery Registered,Sickness,24
Clinical Support and Cancer Services,Medical Imaging,Radiology Radiographers 76366,Allied Health Professionals,Sickness,24
Surgical Services,Colorectal,Colorectal Med Stf 10009,Nursing and Midwifery Registered,Sickness,24
Clinical Support and Cancer Services,Medical Imaging,Medical Physics 32100,Healthcare Scientists,Sickness,24
Surgical Services,Continence DEPT,Continence Services 16007,Administrative and Clerical,Sickness,24
Surgical Services,ENT,ENT Med Stf 12005,Administrative and Clerical,Sickness,24
Surgical Services,Critical Care,Theatres & Critical Care MGT 17003,Administrative and Clerical,Sickness,24
Surgical Services,Theatres & DSC,Theatre - Head And Neck 17016,Administrative and Clerical,Sickness,24
Surgical Services,Theatres & DSC,Theatre - Head And Neck 17016,Additional Clinical Services,Sickness,24
CYP & Families Services,Community & Urgent Services,CAMHS East Team 40010,Administrative and Clerical,Sickness,24
Surgical Services,Critical Care,Theatres & Critical Care MGT 17003,Nursing and Midwifery Registered,Sickness,24
Surgical Services,Critical Care,Theatres & Critical Care Sim 17004,Allied Health Professionals,Sickness,24
Surgical Services,Critical Care,Theatres & Critical Care Sim 17004,Nursing and Midwifery Registered,Sickness,24
Clinical Support and Cancer Services,CSCS Management DEPT,CSCS Management 30000,Nursing and Midwifery Registered,Sickness,24
Clinical Support and Cancer Services,CSCS Management DEPT,CSCS Management 30000,Allied Health Professionals,Sickness,24
Surgical Services,Critical Care,PICC / Acute Pain Team 17012,Additional Clinical Services,Sickness,24
Surgical Services,Theatres & DSC,Surgical Admission Lounge 17011,Nursing and Midwifery Registered,Sickness,24
Surgical Services,ENT,ENT Med Stf 12005,Medical and Dental,Sickness,24
Clinical Support and Cancer Services,CSCS Management DEPT,CSCS Management 30000,Administrative and Clerical,Sickness,24
Surgical Services,ENT,ENT Medical Staff 75857,Medical and Dental,Sickness,24
Surgical Services,ENT,ENT Outpatients 12009,Additional Clinical Services,Sickness,24
Surgical Services,ENT,ENT Outpatients 12009,Nursing and Midwifery Registered,Sickness,24
Surgical Services,Theatres & DSC,Surgical Admission Lounge 17011,Administrative and Clerical,Sickness,24
CYP & Families Services,Women's Services,Obs & Gynae Admin Support YDH 75736,Administrative and Clerical,Sickness,24
Surgical Services,Critical Care,PICC / Acute Pain Team 17012,Nursing and Midwifery Registered,Sickness,24
CYP & Families Services,Community & Urgent Services,CAMHS East Team 40010,Additional Clinical Services,Sickness,24
Surgical Services,Continence DEPT,Continence Services 16007,Nursing and Midwifery Registered,Sickness,24
Clinical Support and Cancer Services,Haematology,Haematology Med Staff 33000,Medical and Dental,Sickness,24
Surgical Services,Theatres & DSC,Theatre - Orthopaedic 17017,Additional Clinical Services,Sickness,24
Clinical Support and Cancer Services,Haematology,Ward 9 33100,Nursing and Midwifery Registered,Sickness,24
Surgical Services,Critical Care,Clear Programme 17006,Medical and Dental,Sickness,24
Surgical Services,Critical Care,ICU 75822,Additional Clinical Services,Sickness,24
Clinical Support and Cancer Services,Haematology,Ward 9 33100,Administrative and Clerical,Sickness,24
Surgical Services,Theatres & DSC,Theatre - Head And Neck 17016,Nursing and Midwifery Registered,Sickness,24
Clinical Support and Cancer Services,Haematology,Ward 9 33100,Additional Clinical Services,Sickness,24
Surgical Services,Critical Care,ICU 75822,Administrative and Clerical,Sickness,24
CYP & Families Services,Community & Urgent Services,CAMHS East Team 40010,Add Prof Scientific and Technic,Sickness,24
Surgical Services,Critical Care,ITU Ward MPH 17007,Nursing and Midwifery Registered,Sickness,24
Surgical Services,Critical Care,ICU 75822,Nursing and Midwifery Registered,Sickness,24
Surgical Services,Critical Care,ICU YDH 75822,Nursing and Midwifery Registered,Sickness,24
Surgical Services,Critical Care,ITU Ward MPH 17007,Additional Clinical Services,Sickness,24
Surgical Services,Theatres & DSC,Theatre - Head And Neck 17016,Estates and Ancillary,Sickness,24
Surgical Services,Critical Care,ITU Ward MPH 17007,Administrative and Clerical,Sickness,24
Clinical Support and Cancer Services,Haematology,Beacon Day Ward 33200,Nursing and Midwifery Registered,Sickness,24
Surgical Services,Theatres & DSC,Theatre - Head And Neck 17016,Allied Health Professionals,Sickness,24
Clinical Support and Cancer Services,Haematology,Beacon Day Ward 33200,Additional Clinical Services,Sickness,24
Surgical Services,Ophthalmology,Ophthalmic OPD 14002,Administrative and Clerical,Sickness,24
CYP & Families Services,Community & Urgent Services,CAMHS West Team 40020,Nursing and Midwifery Registered,Sickness,24
CYP & Families Services,Maternity DEPT,Speciality Midwives MPH 45040,Administrative and Clerical,Sickness,24
Surgical Services,Private Patients,Kingston Wing 75781,Additional Clinical Services,Sickness,24
CYP & Families Services,Directorate Management Fam,Families Management 49010,Administrative and Clerical,Sickness,24
CYP & Families Services,Community Paediatrics,CYP Therapy Service 42010,Additional Clinical Services,Sickness,24
CYP & Families Services,Directorate Management Fam,Divisional Management CAMHS 49010,Nursing and Midwifery Registered,Sickness,24
Surgical Services,T&O,Gould Ward 18004,Additional Clinical Services,Sickness,24
CYP & Families Services,Directorate Management Fam,Divisional Management CAMHS 49010,Administrative and Clerical,Sickness,24
Surgical Services,T&O,Gould Ward 18004,Administrative and Clerical,Sickness,24
Surgical Services,T&O,Gould Ward 18004,Nursing and Midwifery Registered,Sickness,24
CYP & Families Services,Directorate Management Fam,Divisional Management CAMHS 49010,Add Prof Scientific and Technic,Sickness,24
Surgical Services,Theatres & DSC,Day Theatres 75701,Additional Clinical Services,Sickness,24
CYP & Families Services,Community Paediatrics,School Immunisations 42080,Nursing and Midwifery Registered,Sickness,24
Surgical Services,Theatres & DSC,Day Theatres 75701,Add Prof Scientific and Technic,Sickness,24
CYP & Families Services,Community Paediatrics,School Immunisations 42080,Administrative and Clerical,Sickness,24
Surgical Services,T&O,Hestercombe South West 18007,Additional Clinical Services,Sickness,24
Surgical Services,T&O,Hestercombe South West 18007,Administrative and Clerical,Sickness,24
CYP & Families Services,Community Paediatrics,CYP Therapy Service 42010,Administrative and Clerical,Sickness,24
Surgical Services,T&O,Hestercombe South West 18007,Nursing and Midwifery Registered,Sickness,24
CYP & Families Services,Community Paediatrics,Paediatrics Community 76245,Nursing and Midwifery Registered,Sickness,24
CYP & Families Services,Community Paediatrics,Paediatric Therapies Yeovil 42010,Allied Health Professionals,Sickness,24
Surgical Services,T&O,Musculo Skeletal Secretaries 18001,Administrative and Clerical,Sickness,24
Surgical Services,Stoma,Stomacare YDH 75801,Nursing and Midwifery Registered,Sickness,24
Surgical Services,Stoma,Stomacare YDH 75801,Administrative and Clerical,Sickness,24
CYP & Families Services,Directorate Management Fam,Families Management 49010,Nursing and Midwifery Registered,Sickness,24
CYP & Families Services,Dorset,Dorset Dental Team - West 44040,Additional Clinical Services,Sickness,24
Surgical Services,Private Patients,Kingston Wing 75781,Nursing and Midwifery Registered,Sickness,24
Surgical Services,Theatres & DSC,Day Theatres 75701,Allied Health Professionals,Sickness,24
CYP & Families Services,Dorset,Dorset Dental Team - West 44040,Medical and Dental,Sickness,24
Surgical Services,Private Patients,Parkside 00121,Additional Clinical Services,Sickness,24
Surgical Services,Private Patients,Parkside 00121,Administrative and Clerical,Sickness,24
CYP & Families Services,Dorset,Dorset Dental Team - West 44040,Administrative and Clerical,Sickness,24
Surgical Services,Private Patients,Parkside 00121,Estates and Ancillary,Sickness,24
Surgical Services,Private Patients,Parkside 00121,Nursing and Midwifery Registered,Sickness,24
Surgical Services,Restorative Dentistry,Restorative Dentistry Med Stf 12013,Add Prof Scientific and Technic,Sickness,24
Surgical Services,Stoma,Stomacare YDH 75801,Additional Clinical Services,Sickness,24
CYP & Families Services,Dorset,Dorset Dental Team - East 44040,Medical and Dental,Sickness,24
Surgical Services,Restorative Dentistry,Restorative Dentistry Med Stf 12013,Medical and Dental,Sickness,24
Surgical Services,SSD,SSD Manager 17010,Administrative and Clerical,Sickness,24
CYP & Families Services,Dorset,Dorset Dental Team - East 44040,Administrative and Clerical,Sickness,24
CYP & Families Services,Dorset,Dorset Dental Team - East 44040,Additional Clinical Services,Sickness,24
Surgical Services,SSD,SSD Manager 17010,Estates and Ancillary,Sickness,24
Surgical Services,Stoma,Stomacare MPH 10006,Administrative and Clerical,Sickness,24
Surgical Services,Stoma,Stomacare MPH 10006,Nursing and Midwifery Registered,Sickness,24
CYP & Families Services,Community Paediatrics,CYP Therapy Service 42010,Allied Health Professionals,Sickness,24
CYP & Families Services,Community Paediatrics,Paediatric Therapies Yeovil 42010,Administrative and Clerical,Sickness,24
Surgical Services,T&O,Musculo-skeletal Interface OASIS 18009,Administrative and Clerical,Sickness,24
CYP & Families Services,Community Paediatrics,Neurodevelopmental P/ship CYP 42110,Administrative and Clerical,Sickness,24
CYP & Families Services,Community Paediatrics,Neurodevelopmental P/ship CYP 42110,Nursing and Midwifery Registered,Sickness,24
Surgical Services,T&O,Orthopaedics - Medical Staff YDH 75752,Medical and Dental,Sickness,24
Surgical Services,T&O,Outpat - Orthopaedic MPH 18005,Additional Clinical Services,Sickness,24
Surgical Services,T&O,Outpat - Orthopaedic MPH 18005,Nursing and Midwifery Registered,Sickness,24
Surgical Services,T&O,Plaster Room 18006,Add Prof Scientific and Technic,Sickness,24
Surgical Services,T&O,T&O Management 18003,Additional Clinical Services,Sickness,24
CYP & Families Services,Community Paediatrics,Neurodevelopmental P/ship CYP 42110,Allied Health Professionals,Sickness,24
Surgical Services,T&O,T&O Management 18003,Nursing and Midwifery Registered,Sickness,24
CYP & Families Services,Community Paediatrics,Neurodevelopmental P/ship CYP 42110,Additional Clinical Services,Sickness,24
CYP & Families Services,Community Paediatrics,Paediatric Continence Service 42020,Administrative and Clerical,Sickness,24
Surgical Services,T&O,Ward 7B - T&O / Elective 75753,Additional Clinical Services,Sickness,24
CYP & Families Services,Community Paediatrics,Neurodevelopmental P/ship CYP 42110,Add Prof Scientific and Technic,Sickness,24
Surgical Services,T&O,Ward 7B - T&O / Elective 75753,Nursing and Midwifery Registered,Sickness,24
CYP & Families Services,Community Paediatrics,Looked After Children Health Team 42100,Nursing and Midwifery Registered,Sickness,24
CYP & Families Services,Community Paediatrics,Looked After Children Health Team 42100,Administrative and Clerical,Sickness,24
CYP & Families Services,Community Paediatrics,Homecare Central 42030,Nursing and Midwifery Registered,Sickness,24
CYP & Families Services,Community Paediatrics,Homecare Central 42030,Administrative and Clerical,Sickness,24
Surgical Services,Theatres & DSC,Day Surgery Centre 17015,Additional Clinical Services,Sickness,24
CYP & Families Services,Community Paediatrics,Paediatric Continence Service 42020,Additional Clinical Services,Sickness,24
CYP & Families Services,Community Paediatrics,Paediatric Continence Service 42020,Nursing and Midwifery Registered,Sickness,24
Surgical Services,T&O,Musculo-skeletal Interface OASIS 18009,Allied Health Professionals,Sickness,24
Surgical Services,T&O,Orthopaedic Med Stf MPH 18002,Medical and Dental,Sickness,24
CYP & Families Services,Community Paediatrics,Paediatric Therapies Yeovil 42010,Additional Clinical Services,Sickness,24
CYP & Families Services,Community Paediatrics,Community Childrens Nursing 42040,Additional Clinical Services,Sickness,24
CYP & Families Services,Community Paediatrics,Paediatric Therapies Taunton 42010,Allied Health Professionals,Sickness,24
CYP & Families Services,Community Paediatrics,Community Childrens Nursing 42040,Administrative and Clerical,Sickness,24
CYP & Families Services,Community Paediatrics,Paediatric Therapies Taunton 42010,Administrative and Clerical,Sickness,24
CYP & Families Services,Community Paediatrics,Community Childrens Nursing 42040,Nursing and Midwifery Registered,Sickness,24
Surgical Services,Theatres & DSC,Day Surgery Centre 17015,Nursing and Midwifery Registered,Sickness,24
CYP & Families Services,Community Paediatrics,Paediatric Therapies Taunton 42010,Additional Clinical Services,Sickness,24
CYP & Families Services,Community Paediatrics,Paediatric Therapies Mendip 42010,Allied Health Professionals,Sickness,24
Surgical Services,T&O,Orthopaedic Specialist Nurses 75759,Nursing and Midwifery Registered,Sickness,24
CYP & Families Services,Community Paediatrics,Paediatric Therapies Mendip 42010,Administrative and Clerical,Sickness,24
Surgical Services,T&O,Orthopaedic OPD 75757,Add Prof Scientific and Technic,Sickness,24
Surgical Services,T&O,Orthopaedic OPD 75757,Additional Clinical Services,Sickness,24
CYP & Families Services,Community Paediatrics,Paediatric Therapies Mendip 42010,Additional Clinical Services,Sickness,24
Surgical Services,T&O,Orthopaedic OPD 75757,Administrative and Clerical,Sickness,24
Surgical Services,T&O,Orthopaedic OPD 75757,Nursing and Midwifery Registered,Sickness,24
Surgical Services,T&O,Orthopaedic Pathway Admin Team 75758,Administrative and Clerical,Sickness,24
CYP & Families Services,Community Paediatrics,Community Hub 42200,Administrative and Clerical,Sickness,24
Surgical Services,Private Patients,Kingston Wing 75781,Administrative and Clerical,Sickness,24
Surgical Services,Podiatry DEPT,Podiatric Surgery 16006,Allied Health Professionals,Sickness,24
CYP & Families Services,Maternity DEPT,Speciality Midwives MPH 45040,Additional Clinical Services,Sickness,24
Surgical Services,Plastics DEPT,Plastic Surgery YDH 75865,Medical and Dental,Sickness,24
CYP & Families Services,Maternity DEPT,Midwifery YDH 75738,Administrative and Clerical,Sickness,24
Surgical Services,Theatres & DSC,General Theatres 17014,Nursing and Midwifery Registered,Sickness,24
Surgical Services,Ophthalmology,Orthoptists 14003,Additional Clinical Services,Sickness,24
CYP & Families Services,Maternity DEPT,Midwifery YDH 75738,Additional Clinical Services,Sickness,24
CYP & Families Services,Maternity DEPT,Midwifery MPH 45010,Nursing and Midwifery Registered,Sickness,24
CYP & Families Services,Maternity DEPT,Midwifery MPH 45010,Nursing and Midwifery Registered,Hires,24
Surgical Services,Ophthalmology,Orthoptists 14003,Administrative and Clerical,Sickness,24
CYP & Families Services,Maternity DEPT,Midwifery MPH 45010,Additional Clinical Services,Sickness,24
CYP & Families Services,Maternity DEPT,Maternity Core MPH 45030,Nursing and Midwifery Registered,Sickness,24
CYP & Families Services,Maternity DEPT,Maternity Core MPH 45030,Estates and Ancillary,Sickness,24
Surgical Services,Ophthalmology,Orthoptists 14003,Allied Health Professionals,Sickness,24
Surgical Services,Orthodontics,Dental Lab 12007,Add Prof Scientific and Technic,Sickness,24
CYP & Families Services,Maternity DEPT,Maternity Admin MPH 49030,Administrative and Clerical,Sickness,24
Surgical Services,Orthodontics,Dental Lab 12007,Additional Clinical Services,Sickness,24
Surgical Services,Orthodontics,Orthodontics Med Stf 12008,Additional Clinical Services,Sickness,24
Surgical Services,Orthodontics,Orthodontics Med Stf 12008,Medical and Dental,Sickness,24
Surgical Services,Other Surgery,Elective Pathway Admin 75803,Administrative and Clerical,Hires,24
CYP & Families Services,Maternity DEPT,Antenatal Clinic MPH 45050,Nursing and Midwifery Registered,Sickness,24
Surgical Services,Theatres & DSC,General Theatres 17014,Estates and Ancillary,Sickness,24
CYP & Families Services,Community & Urgent Services,Intensive Treatment Team 40045,Nursing and Midwifery Registered,Sickness,24
CYP & Families Services,Maternity DEPT,Midwifery YDH 75738,Nursing and Midwifery Registered,Sickness,24
Surgical Services,Ophthalmology,Optical Nursing 75800,Nursing and Midwifery Registered,Sickness,24
CYP & Families Services,Maternity DEPT,SCBU YDH 76248,Additional Clinical Services,Sickness,24
Surgical Services,Ophthalmology,Ophthalmic OPD 14002,Nursing and Midwifery Registered,Sickness,24
Surgical Services,Ophthalmology,Ophthalmology Med Staff MPH 14001,Add Prof Scientific and Technic,Sickness,24
CYP & Families Services,Maternity DEPT,SNICU MPH 45080,Nursing and Midwifery Registered,Sickness,24
Surgical Services,Theatres & DSC,Main Theatres 75824,Nursing and Midwifery Registered,Sickness,24
CYP & Families Services,Maternity DEPT,SNICU MPH 45080,Administrative and Clerical,Sickness,24
CYP & Families Services,Maternity DEPT,SNICU MPH 45080,Additional Clinical Services,Sickness,24
CYP & Families Services,Maternity DEPT,SCBU YDH 76248,Nursing and Midwifery Registered,Sickness,24
CYP & Families Services,Community & Urgent Services,Intensive Treatment Team 40045,Add Prof Scientific and Technic,Sickness,24
Surgical Services,Theatres & DSC,Main Theatres 75824,Allied Health Professionals,Sickness,24
Surgical Services,Ophthalmology,Optical Nursing 75800,Additional Clinical Services,Sickness,24
CYP & Families Services,Community & Urgent Services,Intensive Treatment Team 40045,Additional Clinical Services,Sickness,24
Surgical Services,Theatres & DSC,Main Theatres 75824,Additional Clinical Services,Sickness,24
Surgical Services,Ophthalmology,Ophthalmology Med Staff MPH 14001,Medical and Dental,Sickness,24
Surgical Services,Ophthalmology,Ophthalmology Med Staff MPH 14001,Nursing and Midwifery Registered,Sickness,24
Surgical Services,Ophthalmology,Optical AHP 75828,Add Prof Scientific and Technic,Sickness,24
Surgical Services,Ophthalmology,Optical AHP 75828,Allied Health Professionals,Sickness,24
Surgical Services,Theatres & DSC,Main Theatres 75824,Add Prof Scientific and Technic,Sickness,24
CYP & Families Services,Maternity DEPT,Newborn Hearing MPH 45070,Additional Clinical Services,Sickness,24
Surgical Services,Other Surgery,Elective Pathway Admin 75803,Administrative and Clerical,Sickness,24
Surgical Services,Other Surgery,Surgery Management 11001,Administrative and Clerical,Sickness,24
Surgical Services,Other Surgery,Surgery Management 11001,Allied Health Professionals,Sickness,24
Surgical Services,POAC,Pre Op 17009,Administrative and Clerical,Sickness,24
Surgical Services,Outpatients,Outpatients Nursing 15002,Nursing and Midwifery Registered,Sickness,24
CYP & Families Services,Early Intervention & Spec Svs,CAMHS SPA 40060,Administrative and Clerical,Sickness,24
CYP & Families Services,Community Paediatrics,COMPASS Team 42050,Add Prof Scientific and Technic,Sickness,24
Surgical Services,POAC,Peri-Op 11003,Administrative and Clerical,Sickness,24
CYP & Families Services,Early Intervention & Spec Svs,CAMHS SPA 40060,Additional Clinical Services,Sickness,24
Surgical Services,POAC,Peri-Op 11003,Nursing and Midwifery Registered,Sickness,24
CYP & Families Services,Early Intervention & Spec Svs,CAMHS SPA 40060,Add Prof Scientific and Technic,Sickness,24
Surgical Services,POAC,Pre Op 17009,Additional Clinical Services,Sickness,24
CYP & Families Services,Early Intervention & Spec Svs,CAMHS PCN Team 40055,Nursing and Midwifery Registered,Sickness,24
CYP & Families Services,Early Intervention & Spec Svs,CAMHS SPA 40060,Nursing and Midwifery Registered,Sickness,24
CYP & Families Services,Early Intervention & Spec Svs,CAMHS Forensic 40090,Nursing and Midwifery Registered,Sickness,24
Surgical Services,POAC,Pre Op 17009,Nursing and Midwifery Registered,Sickness,24
CYP & Families Services,Early Intervention & Spec Svs,CAMHS Forensic 40090,Administrative and Clerical,Sickness,24
Surgical Services,Theatres & DSC,Day Theatres 75701,Nursing and Midwifery Registered,Sickness,24
Surgical Services,POAC,Pre-Assessment Clinic 75825,Additional Clinical Services,Sickness,24
Surgical Services,POAC,Pre-Assessment Clinic 75825,Administrative and Clerical,Sickness,24
CYP & Families Services,Early Intervention & Spec Svs,CAMHS Forensic 40090,Add Prof Scientific and Technic,Sickness,24
Surgical Services,POAC,Pre-Assessment Clinic 75825,Nursing and Midwifery Registered,Sickness,24
Surgical Services,Outpatients,Outpatients Nursing 15002,Additional Clinical Services,Sickness,24
Surgical Services,Outpatients,Outpatients Admin 15001,Administrative and Clerical,Sickness,24
Surgical Services,Other Surgery,Surgery Management 11001,Nursing and Midwifery Registered,Sickness,24
CYP & Families Services,Early Intervention & Spec Svs,ND CAMHS 40100,Add Prof Scientific and Technic,Sickness,24
CYP & Families Services,Maternity DEPT,Antenatal Clinic MPH 45050,Additional Clinical Services,Sickness,24
Surgical Services,Theatres & DSC,General Theatres 17014,Allied Health Professionals,Sickness,24
CYP & Families Services,Early Intervention & Spec Svs,ND CAMHS 40100,Allied Health Professionals,Sickness,24
Surgical Services,Other Surgery,Visiting Pathway Admin 75866,Administrative and Clerical,Sickness,24
CYP & Families Services,Early Intervention & Spec Svs,ND CAMHS 40100,Administrative and Clerical,Sickness,24
Surgical Services,Outpatients,Admissions 17018,Administrative and Clerical,Sickness,24
CYP & Families Services,Early Intervention & Spec Svs,ND CAMHS 40100,Additional Clinical Services,Sickness,24
Surgical Services,Theatres & DSC,General Theatres 17014,Administrative and Clerical,Sickness,24
CYP & Families Services,Early Intervention & Spec Svs,MH in Schools 40070,Nursing and Midwifery Registered,Sickness,24
CYP & Families Services,Early Intervention & Spec Svs,MH in Schools 40070,Add Prof Scientific and Technic,Sickness,24
Surgical Services,Outpatients,Contact Centre 75768,Administrative and Clerical,Sickness,24
Surgical Services,Outpatients,Main Outpatient 75769,Additional Clinical Services,Sickness,24
CYP & Families Services,Early Intervention & Spec Svs,MH in Schools 40070,Allied Health Professionals,Sickness,24
CYP & Families Services,Early Intervention & Spec Svs,MH in Schools 40070,Administrative and Clerical,Sickness,24
Surgical Services,Theatres & DSC,General Theatres 17014,Additional Clinical Services,Sickness,24
Surgical Services,Outpatients,Main Outpatient 75769,Administrative and Clerical,Sickness,24
Surgical Services,Outpatients,Main Outpatient 75769,Nursing and Midwifery Registered,Sickness,24
CYP & Families Services,Early Intervention & Spec Svs,MH in Schools 40070,Additional Clinical Services,Sickness,24
Clinical Support and Cancer Services,Oncology,Beacon Radiotherapy 34200,Additional Clinical Services,Sickness,24
CYP & Families Services,Community Paediatrics,Homecare Central 42030,Additional Clinical Services,Sickness,24
Operational Management,Clinical Site Managers,Clinical Site Managers 00008,Nursing and Midwifery Registered,Sickness,24
SSL Corporate,SSL Facilities Soft FM Level 5,SSL Courier S75395,Estates and Ancillary,Sickness,24
Surgical Services,Urology,Urology Nurse 75809,Nursing and Midwifery Registered,Sickness,24
Surgical Services,Upper GI,GI Med Stf 10003,Nursing and Midwifery Registered,Sickness,24
SSL Corporate,SSL Facilities Soft FM Level 5,SSL Porters S75390,Estates and Ancillary,Sickness,24
Clinical Support and Cancer Services,Therapies DEPT,Dieticians 75837,Additional Clinical Services,Sickness,24
Clinical Support and Cancer Services,Therapies DEPT,Physio - MPH 38200,Additional Clinical Services,Sickness,24
Surgical Services,Urology,Urology Medical Staff YDH 75808,Medical and Dental,Sickness,24
Operational Management,Learning Disabilities Liaison DEPT,Learning Disabilities Liaison 75488,Nursing and Midwifery Registered,Sickness,24
CYP & Families Services,Acute Paediatrics,Ward 10 76250,Additional Clinical Services,Sickness,24
CYP & Families Services,Acute Paediatrics,Childrens Inpatient Unit 43010,Additional Clinical Services,Sickness,24
CYP & Families Services,Acute Paediatrics,Ward 10 76250,Nursing and Midwifery Registered,Sickness,24
Clinical Support and Cancer Services,Therapies DEPT,Dietetics 38500,Nursing and Midwifery Registered,Sickness,24
SSL Corporate,SSL Facilities Soft FM Level 5,SSL Logistics Team S75389,Estates and Ancillary,Sickness,24
Clinical Support and Cancer Services,Other HOPE and Palliative Care,Oncology/Haematology Nursing 35000,Additional Clinical Services,Sickness,24
Operational Management,Operational Management DEPT,Operational Management 00001,Administrative and Clerical,Sickness,24
Operational Management,Operational Management DEPT,Operational Management 00001,Nursing and Midwifery Registered,Sickness,24
CYP & Families Services,CAMHS Medical,Med - CAMHS - National Deaf 41070,Medical and Dental,Sickness,24
CYP & Families Services,CAMHS Medical,Med - CAMHS - Mendip 41040,Medical and Dental,Sickness,24
Clinical Support and Cancer Services,Therapies DEPT,Dietetics 38500,Allied Health Professionals,Sickness,24
Surgical Services,Urology,Urology Med Stf MPH 16002,Medical and Dental,Sickness,24
Clinical Support and Cancer Services,Other HOPE and Palliative Care,Oncology/Haematology Nursing 35000,Nursing and Midwifery Registered,Sickness,24
SSL Corporate,SSL Facilities Soft FM Level 5,SSL Housekeeping & Domestic S75388,Estates and Ancillary,Sickness,24
SSL Corporate,SSL Facilities Soft FM Level 5,SSL Hotel Services S75387,Estates and Ancillary,Sickness,24
Clinical Support and Cancer Services,Pathology,Histology Medical Staff 76312,Medical and Dental,Sickness,24
CYP & Families Services,Acute Paediatrics,Childrens Outpatients Depart 43040,Nursing and Midwifery Registered,Sickness,24
Clinical Support and Cancer Services,Therapies DEPT,Dieticians 75837,Administrative and Clerical,Sickness,24
CYP & Families Services,Acute Paediatrics,Paediatrics Nurse OPD 76244,Administrative and Clerical,Sickness,24
Operational Management,Discharge Team,Discharge Team 00010,Nursing and Midwifery Registered,Sickness,24
Operational Management,Clinical Site Managers,Clinical Site Managers 00008,Administrative and Clerical,Sickness,24
Surgical Services,Upper GI,GI Med Stf 10003,Medical and Dental,Sickness,24
Operational Management,Discharge Team,Discharge Team - YDH 76329,Administrative and Clerical,Sickness,24
Operational Management,Discharge Team,Discharge Team 00010,Additional Clinical Services,Sickness,24
Operational Management,Discharge Team,Discharge Team 00010,Administrative and Clerical,Sickness,24
Surgical Services,Vascular,Vascular Med Stf 10012,Nursing and Midwifery Registered,Sickness,24
Operational Management,Clinical Site Managers,Clinical Site Managers 00008,Additional Clinical Services,Sickness,24
Surgical Services,Vascular,Vascular Med Stf 10012,Medical and Dental,Sickness,24
Clinical Support and Cancer Services,Other HOPE and Palliative Care,Bereavement / M. E. Os 35630,Administrative and Clerical,Sickness,24
Surgical Services,Vascular,AAA Screening 10014,Administrative and Clerical,Sickness,24
Operational Management,Learning Disabilities Liaison DEPT,LD Liaison 52350,Nursing and Midwifery Registered,Sickness,24
CYP & Families Services,Acute Paediatrics,Paediatrics Nurse OPD 76244,Additional Clinical Services,Sickness,24
Surgical Services,Vascular,AAA Screening 10014,Additional Clinical Services,Sickness,24
Clinical Support and Cancer Services,Other HOPE and Palliative Care,Chaplain Service 35600,Add Prof Scientific and Technic,Sickness,24
CYP & Families Services,CAMHS Medical,Med - CAMHS - Taunton 41030,Medical and Dental,Sickness,24
Clinical Support and Cancer Services,Other HOPE and Palliative Care,Chaplain Service 35600,Administrative and Clerical,Sickness,24
SSL Corporate,SSL Procurement Level 5,SSL Procurement Dept S75474,Estates and Ancillary,Sickness,24
Clinical Support and Cancer Services,Other HOPE and Palliative Care,Chaplains Team 35650,Add Prof Scientific and Technic,Sickness,24
Clinical Support and Cancer Services,Therapies DEPT,Dieticians 75837,Students,Sickness,24
Clinical Support and Cancer Services,Therapies DEPT,Dieticians 75837,Nursing and Midwifery Registered,Sickness,24
SSL Corporate,SSL Facilities Soft FM Level 5,SSL Switchboard S75393,Estates and Ancillary,Sickness,24
Clinical Support and Cancer Services,Therapies DEPT,Dieticians 75837,Allied Health Professionals,Sickness,24
Clinical Support and Cancer Services,Therapies DEPT,Dietetics 38500,Administrative and Clerical,Sickness,24
CYP & Families Services,CAMHS Medical,Med - CAMHS - Eating Disorders 41010,Medical and Dental,Sickness,24
SSL Corporate,SSL Procurement Level 5,SSL Procurement- Materials Management S75473,Estates and Ancillary,Sickness,24
Clinical Support and Cancer Services,Therapies DEPT,Dietetics 38500,Additional Clinical Services,Sickness,24
SSL Corporate,SSL Facilities Hard FM Level 5,SSL Grounds & Gardens S75366,Estates and Ancillary,Sickness,24
Clinical Support and Cancer Services,Pharmacy DEPT,Pharmacy - YDH Pay 76346,Add Prof Scientific and Technic,Sickness,24
Surgical Services,Urology,Specialist Surg Secs 16008,Administrative and Clerical,Sickness,24
SSL Corporate,SSL Facilities Hard FM Level 5,SSL Maintenance S75368,Administrative and Clerical,Sickness,24
SSL Corporate,SSL Facilities Hard FM Level 5,SSL Maintenance S75368,Estates and Ancillary,Sickness,24
Clinical Support and Cancer Services,Pharmacy DEPT,Pharmacy Staff 37000,Nursing and Midwifery Registered,Sickness,24
SSL Corporate,SSL Facilities Hard FM Level 5,SSL Mechanical Maintenance S75369,Estates and Ancillary,Sickness,24
Clinical Support and Cancer Services,Pharmacy DEPT,Pharmacy - YDH Pay 76346,Additional Clinical Services,Sickness,24
Operational Management,Admin - Cancer Services,Cancer Alliance 00023,Nursing and Midwifery Registered,Sickness,24
SSL Corporate,SSL Facilities Hard FM Level 5,SSL Minor New Works S75370,Estates and Ancillary,Sickness,24
SSL Corporate,SSL Facilities Hard FM Level 5,SSL SomPar Mental Health Prop S75373,Estates and Ancillary,Sickness,24
SSL Corporate,SSL Facilities Hard FM Level 5,SSL SSD S75826,Healthcare Scientists,Sickness,24
Clinical Support and Cancer Services,Pharmacy DEPT,Pharmacy - YDH Pay 76346,Administrative and Clerical,Sickness,24
Clinical Support and Cancer Services,Pharmacy DEPT,Pharmacy Staff 37000,Administrative and Clerical,Sickness,24
Clinical Support and Cancer Services,Therapies DEPT,Outpatient Therapists 75841,Allied Health Professionals,Sickness,24
SSL Corporate,SSL Facilities Hard FM Level 5,SSL Outpatient Pharmacy S75379,Add Prof Scientific and Technic,Sickness,24
SSL Corporate,SSL Facilities Hard FM Level 5,SSL SSD S75826,Estates and Ancillary,Sickness,24
SSL Corporate,SSL Facilities Hard FM Level 5,SSL Outpatient Pharmacy S75379,Additional Clinical Services,Sickness,24
Clinical Support and Cancer Services,Pharmacy DEPT,Pharmacy Staff 37000,Additional Clinical Services,Sickness,24
Surgical Services,Urology,SIU Continence Nurses 16003,Nursing and Midwifery Registered,Sickness,24
CYP & Families Services,Acute Paediatrics,YDH Diabetes Team 76241,Nursing and Midwifery Registered,Sickness,24
SSL Corporate,SSL Facilities Hard FM Level 5,SSL SHS Maintenance S75372,Estates and Ancillary,Sickness,24
CYP & Families Services,CAMHS - Management DEPT,CAMHS - Management 40130,Add Prof Scientific and Technic,Sickness,24
Surgical Services,Urology,SIU Continence Nurses 16003,Additional Clinical Services,Sickness,24
SSL Corporate,SSL Facilities Hard FM Level 5,SSL Electrical Maintenance S75364,Estates and Ancillary,Sickness,24
Operational Management,Admin - Cancer Services,Cancer Alliance 00023,Medical and Dental,Sickness,24
Operational Management,Ambulance Service DEPT,Patient Transport 76332,Administrative and Clerical,Sickness,24
Clinical Support and Cancer Services,Therapies DEPT,Outpatient Therapists 75841,Additional Clinical Services,Sickness,24
Clinical Support and Cancer Services,Therapies DEPT,PCN OT ARRS 68100,Allied Health Professionals,Sickness,24
Clinical Support and Cancer Services,Therapies DEPT,Community Dietetics 38550,Allied Health Professionals,Sickness,24
SSL Corporate,SSL Facilities Soft FM Level 5,SSL Catering S75318,Estates and Ancillary,Sickness,24
SSL Corporate,SSL Facilities EME Level 5,SSL EME S75360,Additional Clinical Services,Sickness,24
Clinical Support and Cancer Services,Pathology,Mortuary YDH 76331,Additional Clinical Services,Sickness,24
Clinical Support and Cancer Services,Therapies DEPT,Adult Speech and Language Therapy 38600,Allied Health Professionals,Sickness,24
SSL Corporate,SSL Facilities Management Level 5,SSL Health & Safety S75349,Administrative and Clerical,Sickness,24
SSL Corporate,SSL Facilities Management Level 5,SSL Facilities S75348,Administrative and Clerical,Sickness,24
CYP & Families Services,Acute Paediatrics,Childrens Outpatients Depart 43040,Additional Clinical Services,Sickness,24
CYP & Families Services,Acute Paediatrics,Childrens Inpatient Unit 43010,Administrative and Clerical,Sickness,24
Clinical Support and Cancer Services,Pathology,Pathology - MPH 31000,Medical and Dental,Sickness,24
Clinical Support and Cancer Services,Therapies DEPT,Adult Speech and Language Therapy 38600,Administrative and Clerical,Sickness,24
Clinical Support and Cancer Services,Pathology,Pathology - MPH 31000,Administrative and Clerical,Sickness,24
SSL Corporate,SSL Facilities EME Level 5,SSL EME S75360,Healthcare Scientists,Sickness,24
Clinical Support and Cancer Services,Pathology,Pathology - MPH 31000,Healthcare Scientists,Sickness,24
Clinical Support and Cancer Services,Therapies DEPT,Outpatient Therapists 75841,Administrative and Clerical,Sickness,24
SSL Corporate,SSL Facilities EME Level 5,SSL Equipment Library S75362,Additional Clinical Services,Sickness,24
Clinical Support and Cancer Services,Therapies DEPT,Adult Speech and Language Therapy 38600,Additional Clinical Services,Sickness,24
CYP & Families Services,Acute Paediatrics,Childrens Inpatient Unit 43010,Nursing and Midwifery Registered,Sickness,24
SSL Corporate,SSL Facilities Hard FM Level 5,SSL Com Health Part Maint S75363,Estates and Ancillary,Sickness,24
Surgical Services,Upper GI,General Surgery - Medical Staff 75796,Medical and Dental,Sickness,24
Operational Management,Admin - Cancer Services,Cancer Alliance 00023,Administrative and Clerical,Sickness,24
SSL Corporate,SSL Procurement Level 5,SSL Procurement Dept S75474,Administrative and Clerical,Sickness,24
Clinical Support and Cancer Services,Pharmacy DEPT,Pharmacy Staff 37000,Add Prof Scientific and Technic,Sickness,24
CYP & Families Services,Acute Paediatrics,Paediatric Admin Support 76243,Administrative and Clerical,Sickness,24
Clinical Support and Cancer Services,Therapies DEPT,Occ Therapy - MPH 38400,Allied Health Professionals,Sickness,24
Clinical Support and Cancer Services,Oncology,Chemotherapy Nurse 76224,Additional Clinical Services,Sickness,24
CYP & Families Services,Acute Paediatrics,Paediatric Acute Admin 43130,Administrative and Clerical,Sickness,24
Surgical Services,Vascular,Tissue Viability 10016,Nursing and Midwifery Registered,Sickness,24
Surgical Services,Acute Surgery,Montacute South 10008,Nursing and Midwifery Registered,Sickness,24
Surgical Services,Upper GI,ESAC 10002,Additional Clinical Services,Sickness,24
Clinical Support and Cancer Services,Therapies DEPT,Occ Therapy - MPH 38400,Administrative and Clerical,Sickness,24
Operational Management,Clinical Site Managers,Phlebotomy 75771,Additional Clinical Services,Sickness,24
Surgical Services,Acute Surgery,Montacute South 10008,Administrative and Clerical,Sickness,24
Clinical Support and Cancer Services,Therapies DEPT,Inpatient Therapists 75838,Additional Clinical Services,Sickness,24
Surgical Services,Acute Surgery,Montacute North 00004,Administrative and Clerical,Sickness,24
Surgical Services,Vascular,Tissue Viability 10016,Administrative and Clerical,Sickness,24
CYP & Families Services,Acute Paediatrics,Paediatric Diabetes Team 43050,Administrative and Clerical,Sickness,24
Clinical Support and Cancer Services,Therapies DEPT,Occ Therapy - MPH 38400,Additional Clinical Services,Sickness,24
Operational Management,Clinical Site Managers,Phlebotomy Staff 20260,Additional Clinical Services,Sickness,24
Operational Management,Director of Elective Care DEPT,RTT Validation Team 75719,Administrative and Clerical,Sickness,24
Clinical Support and Cancer Services,Therapies DEPT,Physio - MPH 38200,Administrative and Clerical,Sickness,24
Clinical Support and Cancer Services,Oncology,Chemotherapy Nurse 76224,Nursing and Midwifery Registered,Sickness,24
Surgical Services,Acute Surgery,Montacute South 10008,Additional Clinical Services,Sickness,24
Surgical Services,Acute Surgery,Montacute North 00004,Nursing and Midwifery Registered,Sickness,24
CYP & Families Services,Acute Paediatrics,Paediatric Diabetes Team 43050,Nursing and Midwifery Registered,Sickness,24
Surgical Services,Upper GI,ESAC 10002,Nursing and Midwifery Registered,Sickness,24
Clinical Support and Cancer Services,Therapies DEPT,MSK Physiotherapy 38250,Allied Health Professionals,Sickness,24
Clinical Support and Cancer Services,Therapies DEPT,MSK Physiotherapy 38250,Administrative and Clerical,Sickness,24
Clinical Support and Cancer Services,Therapies DEPT,Inpatient Therapists 75838,Allied Health Professionals,Sickness,24
Surgical Services,Vascular,Tissue Viability 10016,Additional Clinical Services,Sickness,24
Clinical Support and Cancer Services,Therapies DEPT,MSK Physiotherapy 38250,Additional Clinical Services,Sickness,24
Operational Management,Clinical Site Managers,Ward Clerks 75463,Administrative and Clerical,Sickness,24
Clinical Support and Cancer Services,Therapies DEPT,JETT 38300,Allied Health Professionals,Sickness,24
Clinical Support and Cancer Services,Therapies DEPT,JETT 38300,Additional Clinical Services,Sickness,24
CYP & Families Services,Community & Urgent Services,CAMHS - Liaison 40035,Nursing and Midwifery Registered,Sickness,24
Clinical Support and Cancer Services,Oncology,Clinical Oncology 34000,Administrative and Clerical,Sickness,24
Operational Management,Discharge Team,Discharge Lounge 00022,Nursing and Midwifery Registered,Sickness,24
Clinical Support and Cancer Services,Therapies DEPT,Orthotics 75840,Allied Health Professionals,Sickness,24
CYP & Families Services,Community & Urgent Services,CAMHS - Liaison 40035,Add Prof Scientific and Technic,Sickness,24
Clinical Support and Cancer Services,Oncology,Cancer Nursing 76223,Administrative and Clerical,Sickness,24
Clinical Support and Cancer Services,Therapies DEPT,Enteral Feeding 20261,Allied Health Professionals,Sickness,24
Surgical Services,Acute Surgery,Acute Surgery Secretaries 10001,Administrative and Clerical,Sickness,24
Clinical Support and Cancer Services,Therapies DEPT,Occupational Therapist 75839,Additional Clinical Services,Sickness,24
Clinical Support and Cancer Services,Oncology,Clinical Oncology 34000,Medical and Dental,Sickness,24
Clinical Support and Cancer Services,Therapies DEPT,Occupational Therapist 75839,Allied Health Professionals,Sickness,24
Surgical Services,Acute Surgery,Surgery Ward 4A 75805,Nursing and Midwifery Registered,Sickness,24
Operational Management,Discharge Team,Discharge Lounge 00022,Administrative and Clerical,Sickness,24
Operational Management,Clinical Site Managers,Clinical Site Managers YDH 76327,Nursing and Midwifery Registered,Sickness,24
Clinical Support and Cancer Services,Oncology,Clinical Oncology 34000,Estates and Ancillary,Sickness,24
Clinical Support and Cancer Services,Oncology,Cancer Admin Support 76221,Administrative and Clerical,Sickness,24
Clinical Support and Cancer Services,Oncology,Cancer Nursing 76223,Nursing and Midwifery Registered,Sickness,24
Surgical Services,Acute Surgery,Surgery Ward 4A 75805,Additional Clinical Services,Sickness,24
Surgical Services,Acute Surgery,Montacute North 00004,Additional Clinical Services,Sickness,24
Operational Management,Clinical Site Managers,Clinical Site Managers YDH 76327,Additional Clinical Services,Sickness,24
Operational Management,Discharge Team,Discharge Lounge 00022,Additional Clinical Services,Sickness,24
Operational Management,Clinical Site Managers,Clinical Site Managers 00008,Estates and Ancillary,Sickness,24
CYP & Families Services,Acute Paediatrics,Childrens Day Surgery Unit 43030,Nursing and Midwifery Registered,Sickness,24
Clinical Support and Cancer Services,Oncology,Beacon Radiotherapy 34200,Allied Health Professionals,Sickness,24
Surgical Services,Vascular,Vascular Nurse 10013,Additional Clinical Services,Sickness,24
Mental Health and Learning Disabilities,Autism Service,Autism Service 55300,Allied Health Professionals,Sickness,23
Surgical Services,Acute Surgery,Surgery Ward 4A 75805,Students,Sickness,23
CYP & Families Services,CAMHS Medical,Med - CAMHS - South Somerset 41050,Medical and Dental,Sickness,23
Medical Services,Neuro Rehab,Lydeard Ward - SNRC 20801,Administrative and Clerical,Sickness,23
Neighbourhood Services,Intensive Dementia DEPT,Intensive Dementia Support Service - East 67110,Add Prof Scientific and Technic,Sickness,23
Medical Services,Cardiology,Cardiology Med Staff 21000,Additional Clinical Services,Sickness,23
Mental Health and Learning Disabilities,Urgent Care & Forensic Servs,Specialist Community Forensic 54404,Additional Clinical Services,Sickness,23
Surgical Services,Theatres & DSC,Day Surgery Ward 17023,Nursing and Midwifery Registered,Sickness,23
Corporate Support Services,Finance,Finance Managers 03016,Administrative and Clerical,Sickness,23
Neighbourhood Services,Bridgwater Community Hospital,Bridgwater Wards 21503,Additional Clinical Services,Hires,23
Medical Services,Emergency Care DEPT,Emergency Care Medical Staff 20000,Medical and Dental,Leavers,23
Corporate Support Services,Trustwide Schemes,Admin & Clerical Bank 75449,Administrative and Clerical,Leavers,23
Mental Health and Learning Disabilities,Inpatients DEPT,Holford Ward Team 50170,Allied Health Professionals,Sickness,23
CYP & Families Services,Women's Services,Gynae Nurse OPD 75735,Nursing and Midwifery Registered,Sickness,23
Medical Services,Rheumatology,Rheumatology Nurses 76302,Administrative and Clerical,Sickness,23
Neighbourhood Services,Int Team Taunton & West Som,Living Better Nurses - Recharge 00301,Additional Clinical Services,Sickness,23
Mental Health and Learning Disabilities,Medical CMHS,Med Gen Ad Comm CMHT Bwater 57412,Nursing and Midwifery Registered,Sickness,23
CYP & Families Services,Community & Urgent Services,Therapeutic Education 40030,Add Prof Scientific and Technic,Sickness,23
Medical Services,Emergency Care DEPT,A&E Admin Team 76200,Administrative and Clerical,Leavers,23
Corporate Support Services,Digital,Clinical 05006,Medical and Dental,Sickness,23
Corporate Support Services,Information Governance,Medical Records 75438,Administrative and Clerical,Sickness,23
Clinical Support and Cancer Services,Medical Imaging,Radiology - MPH 32000,Allied Health Professionals,Hires,23
Surgical Services,Podiatry DEPT,Podiatric Surgery 16006,Administrative and Clerical,Sickness,23
Surgical Services,Theatres & DSC,Day Surgery Ward 17023,Administrative and Clerical,Sickness,23
Neighbourhood Services,Serv Grp Mngmnt Neighbourhoods,Dementia Team - YDH 75486,Administrative and Clerical,Sickness,23
Surgical Services,T&O,Ward 7B - T&O / Elective 75753,Students,Sickness,23
CYP & Families Services,Acute Paediatrics,Paediatric Diabetes Team 43050,Additional Clinical Services,Sickness,23
Surgical Services,Theatres & DSC,Day Surgery Ward 17023,Additional Clinical Services,Sickness,23
Medical Services,Acute/General Medicine DEPT,AMU Med Staff 20200,Medical and Dental,Hires,23
Mental Health and Learning Disabilities,Community Rehab DEPT,Open Mental Health Rehab 55307,Nursing and Midwifery Registered,Sickness,23
Neighbourhood Services,Chronic Fatigue Syndrome DEPT,Post Covid-19 Recovery Clinic 67201,Additional Clinical Services,Sickness,22
Neighbourhood Services,West Mendip Community Hospital,Med Comm Hosp Inp W Mendip 21684,Medical and Dental,Sickness,22
Mental Health and Learning Disabilities,Autism Service,Autism Service 55300,Additional Clinical Services,Sickness,22
Neighbourhood Services,Integrated Team South Som,Dist Nurs South Somerset 61400,Nursing and Midwifery Registered,Hires,22
Medical Services,Care of the Older Person DEPT,Triscombe CO Older Persons Unit 20401,Additional Clinical Services,Hires,22
Neighbourhood Services,NHS at Home,NHS @ Home - Respiratory 60642,Allied Health Professionals,Sickness,22
Clinical Support and Cancer Services,Pharmacy DEPT,Pharmacy - YDH Pay 76346,Additional Clinical Services,Hires,22
Operational Management,Learning Disabilities Liaison DEPT,Learning Disabilities Liaison 75488,Administrative and Clerical,Sickness,22
Neighbourhood Services,Wincanton Community Hospital,Med Comm Hosp Inp Wincanton 21704,Nursing and Midwifery Registered,Sickness,22
Corporate Support Services,Dir of Quality & Involvement,Patient & Family Centred Care 00201,Nursing and Midwifery Registered,Sickness,22
CYP & Families Services,Community Paediatrics,SEND Team 42015,Administrative and Clerical,Sickness,22
Medical Services,Emergency Care DEPT,SDEC - Same Day Emergency Care 20105,Nursing and Midwifery Registered,Sickness,22
Medical Services,Emergency Care DEPT,Emergency Care Medical Staff 20000,Medical and Dental,Hires,22
SSL Corporate,SSL Procurement Level 5,SSL Procurement- Materials Management S75473,Administrative and Clerical,Sickness,22
CYP & Families Services,Early Intervention & Spec Svs,CAMHS Forensic 40090,Additional Clinical Services,Sickness,22
Medical Services,Dermatology,Dermatology Med Stf 12002,Administrative and Clerical,Sickness,22
Mental Health and Learning Disabilities,Inpatients DEPT,Rydon ECT Suite 50181,Medical and Dental,Sickness,22
CYP & Families Services,Community Paediatrics,SEND Team 42015,Nursing and Midwifery Registered,Sickness,22
Clinical Support and Cancer Services,Medical Imaging,Radiology ATOs 76360,Medical and Dental,Sickness,22
CYP & Families Services,Maternity DEPT,Midwifery MPH 45010,Nursing and Midwifery Registered,Leavers,22
Mental Health and Learning Disabilities,Urgent Care & Forensic Servs,Inpatient & Home Treatment Team Psychologist Team 50101,Additional Clinical Services,Sickness,22
Corporate Support Services,Community Diagnostic Centres DEPT,CDC Management 00161,Administrative and Clerical,Sickness,22
Clinical Support and Cancer Services,Therapies DEPT,MSK Physiotherapy 38250,Administrative and Clerical,Leavers,22
Mental Health and Learning Disabilities,Urgent Care & Forensic Servs,Forensic Team 54401,Administrative and Clerical,Sickness,22
Clinical Support and Cancer Services,Oncology,Radiotherapy ODN 34210,Administrative and Clerical,Sickness,22
Mental Health and Learning Disabilities,Urgent Care & Forensic Servs,Urgent Care Hub 52102,Allied Health Professionals,Sickness,22
Clinical Support and Cancer Services,Therapies DEPT,Orthotics 75840,Administrative and Clerical,Sickness,22
Medical Services,Endocrinology,Conservators Ward 20202,Administrative and Clerical,Sickness,22
Surgical Services,Theatres & DSC,Main Theatres 75824,Students,Sickness,22
Medical Services,Acute/General Medicine DEPT,Jasmine R2G Ward 75734,Nursing and Midwifery Registered,Sickness,22
Mental Health and Learning Disabilities,Inpatients DEPT,Wessex House Team 40110,Add Prof Scientific and Technic,Sickness,22
SSL Corporate,SSL Facilities Soft FM Level 5,SSL Courier S75395,Estates and Ancillary,Leavers,22
CYP & Families Services,Acute Paediatrics,Paediatrics Nurse OPD 76244,Nursing and Midwifery Registered,Sickness,22
Surgical Services,Theatres & DSC,Day Surgery Centre 17015,Allied Health Professionals,Sickness,22
Clinical Support and Cancer Services,Therapies DEPT,Orthotics 75840,Students,Sickness,22
Mental Health and Learning Disabilities,STEP (EIP),Somerset Team For Early Psychosis (STEP) 55303,Allied Health Professionals,Sickness,21
Surgical Services,Head & Neck,Head & Neck Secs 12001,Administrative and Clerical,Hires,21
Clinical Support and Cancer Services,Oncology,Clinical Oncology 34000,Medical and Dental,Hires,21
Mental Health and Learning Disabilities,Co-Production Service DEPT,Co-Production Services 56700,Administrative and Clerical,Sickness,21
Mental Health and Learning Disabilities,Urgent Care & Forensic Servs,Psychiatric Liaison Service - West 52150,Allied Health Professionals,Sickness,21
CYP & Families Services,Medical Paediatrics,Paeds Medical Staffing YDH 76246,Medical and Dental,Hires,21
CYP & Families Services,Medical Paediatrics,Paeds Medical Staffing MPH 43060,Medical and Dental,Leavers,21
Clinical Support and Cancer Services,Therapies DEPT,Occupational Therapist 75839,Allied Health Professionals,Leavers,21
Clinical Support and Cancer Services,Therapies DEPT,Physio - MPH 38200,Allied Health Professionals,Hires,21
Neighbourhood Services,Int Team Taunton & West Som,DN Taunton 61501,Nursing and Midwifery Registered,Leavers,21
Surgical Services,Theatres & DSC,General Theatres 17014,Additional Clinical Services,Hires,21
Medical Services,Care of the Older Person DEPT,FAU 76210,Allied Health Professionals,Sickness,21
Corporate Support Services,Deputy Director of Nursing,AHP Professional Lead Posts 00218,Allied Health Professionals,Sickness,21
SSL Corporate,SSL Corporate Level 5,SSL Central Costs S75330,Healthcare Scientists,Sickness,21
Mental Health and Learning Disabilities,CMHS West,Transformation West OP 51190,Nursing and Midwifery Registered,Sickness,21
Surgical Services,Theatres & DSC,PACU 17013,Allied Health Professionals,Sickness,21
Mental Health and Learning Disabilities,Urgent Care & Forensic Servs,Forensic Team 54401,Add Prof Scientific and Technic,Sickness,21
CYP & Families Services,Community & Urgent Services,CAMHS - Link LD/A 40065,Nursing and Midwifery Registered,Sickness,21
Operational Management,Director of Elective Care DEPT,Elective Ops Management 00021,Administrative and Clerical,Sickness,21
Mental Health and Learning Disabilities,Urgent Care & Forensic Servs,Court Assessment Team 54400,Add Prof Scientific and Technic,Sickness,21
CYP & Families Services,Maternity DEPT,Midwifery YDH 75738,Students,Sickness,21
Medical Services,Emergency Care DEPT,A And E Department 20002,Additional Clinical Services,Leavers,21
SSL Corporate,SSL Facilities Soft FM Level 5,SSL Courier S75395,Estates and Ancillary,Hires,21
CYP & Families Services,Community & Urgent Services,CAMHS West Team 40020,Allied Health Professionals,Sickness,21
Surgical Services,Ophthalmology,Ophthalmology Med Staff MPH 14001,Administrative and Clerical,Sickness,21
Mental Health and Learning Disabilities,AOT East,AOT South Somerset 51201,Additional Clinical Services,Sickness,21
Corporate Support Services,Director of Communications,Communications 00402,Additional Clinical Services,Sickness,21
Surgical Services,Theatres & DSC,Theatre - Orthopaedic 17017,Allied Health Professionals,Sickness,21
Corporate Support Services,Deputy CPO,HR Management 75417,Administrative and Clerical,Sickness,21
SSL Corporate,SSL Facilities Soft FM Level 5,SSL Porters S75390,Estates and Ancillary,Hires,21
Corporate Support Services,Trustwide Schemes,Bank 00014,Add Prof Scientific and Technic,Leavers,21
CYP & Families Services,Community & Urgent Services,Therapeutic Education 40030,Additional Clinical Services,Sickness,20
Surgical Services,Outpatients,Contact Centre 75768,Administrative and Clerical,Hires,20
CYP & Families Services,Community & Urgent Services,Therapeutic Education 40030,Allied Health Professionals,Sickness,20
Clinical Support and Cancer Services,Therapies DEPT,Inpatient Therapists 75838,Allied Health Professionals,Leavers,20
CYP & Families Services,Dorset,Dorset Dental Team - East 44040,Add Prof Scientific and Technic,Sickness,20
Clinical Support and Cancer Services,Therapies DEPT,Inpatient Therapists 75838,Additional Clinical Services,Leavers,20
Neighbourhood Services,Minor Injury DEPT,West Mendip MIU 20027,Allied Health Professionals,Sickness,20
Medical Services,Care of the Older Person DEPT,Acute Frailty Unit 20402,Additional Clinical Services,Hires,20
Medical Services,Acute/General Medicine DEPT,Medicine Ward 7A 76282,Students,Sickness,20
Surgical Services,T&O,Musculo-skeletal Interface OASIS 18009,Additional Clinical Services,Sickness,20
Medical Services,Emergency Care DEPT,Accident & Emergency 76204,Nursing and Midwifery Registered,Leavers,20
Clinical Support and Cancer Services,Therapies DEPT,Enteral Feeding 20261,Administrative and Clerical,Sickness,20
SSL Corporate,SSL Corporate Level 5,SSL Central Costs S75330,Administrative and Clerical,Sickness,20
CYP & Families Services,Maternity DEPT,Specialist Midwives YDH 75742,Nursing and Midwifery Registered,Sickness,20
Neighbourhood Services,PCN Care of the Elderly,Care of The Elderly PCN 60031,Allied Health Professionals,Sickness,20
Surgical Services,Outpatients,Contact Centre 75768,Administrative and Clerical,Leavers,20
Neighbourhood Services,Palliative Care DEPT,Supportive & Palliative Care 35620,Allied Health Professionals,Sickness,20
Neighbourhood Services,Wellington Community Hospital,Wellington Wards 21663,Additional Clinical Services,Sickness,20
Mental Health and Learning Disabilities,Inpatients DEPT,Willow Ward Team 50190,Add Prof Scientific and Technic,Sickness,20
CYP & Families Services,Medical Acute,Gynae Oncology Medical Staff 43080,Nursing and Midwifery Registered,Sickness,20
Neighbourhood Services,NHS at Home,NHS @ Home - Respiratory 60642,Administrative and Clerical,Sickness,20
Mental Health and Learning Disabilities,CMHS West,Adult Psychological Therapies Service Bridgwater 51131,Nursing and Midwifery Registered,Sickness,20
Mental Health and Learning Disabilities,CMHS East,Appts Mendip 51230,Allied Health Professionals,Sickness,20
Medical Services,Medical Services Management DEPT,CLOSED - Medicine Pathway Admin Team 76293,Administrative and Clerical,Sickness,20
Clinical Support and Cancer Services,Oncology,Cancer Nursing 76223,Allied Health Professionals,Sickness,20
SSL Corporate,SSL Facilities Management Level 5,SSL Health & Safety S75349,Estates and Ancillary,Sickness,20
Neighbourhood Services,Medical DEPT,Med OPMH Comm Sedgemoor 62050,Nursing and Midwifery Registered,Sickness,20
Neighbourhood Services,Intermediate Care DEPT,Home First 76325,Administrative and Clerical,Sickness,20
Clinical Support and Cancer Services,Therapies DEPT,Physio - MPH 38200,Additional Clinical Services,Hires,20
Surgical Services,Theatres & DSC,West Mendip Surgical 17019,Nursing and Midwifery Registered,Sickness,20
CYP & Families Services,Community & Urgent Services,CAMHS - Link LD/A 40065,Add Prof Scientific and Technic,Sickness,20
Corporate Support Services,Finance,Financial Strategy 03014,Administrative and Clerical,Sickness,20
Medical Services,Medical Services Management DEPT,Medical Service Grp Management 29000,Administrative and Clerical,Hires,20
Surgical Services,Gastro,Hestercombe North 13004,Additional Clinical Services,Hires,20
SSL Corporate,SSL Facilities Soft FM Level 5,SSL Porters S75390,Estates and Ancillary,Leavers,20
Medical Services,Endocrinology,Diabetes 21120,Additional Clinical Services,Sickness,20
Mental Health and Learning Disabilities,Co-Production Service DEPT,Co-Production Services 56700,Additional Clinical Services,Sickness,20
Surgical Services,Bariatrics,Bariatric Surgery Med Stf 10004,Medical and Dental,Sickness,20
CYP & Families Services,CAMHS - Management DEPT,CAMHS - Management 40130,Administrative and Clerical,Sickness,20
Neighbourhood Services,Int Team Taunton & West Som,Homeless / Rough Sleeper Team 00221,Allied Health Professionals,Sickness,20
SSL Corporate,SSL IT and Business Info Level 5,SSL IT Services S75436,Administrative and Clerical,Sickness,20
Medical Services,Medical Services Management DEPT,Urgent Care Management 76380,Administrative and Clerical,Sickness,20
Neighbourhood Services,Int Team Taunton & West Som,DN West Somerset 61700,Additional Clinical Services,Sickness,20
SSL Corporate,SSL Facilities Hard FM Level 5,SSL SSD S75826,Estates and Ancillary,Hires,20
Medical Services,Acute/General Medicine DEPT,Sheppard Medical 20206,Additional Clinical Services,Sickness,19
Surgical Services,Theatres & DSC,Main Theatres 75824,Nursing and Midwifery Registered,Leavers,19
Clinical Support and Cancer Services,Medical Imaging,Radiology Radiographers 76366,Allied Health Professionals,Leavers,19
Medical Services,Neurology,Neurology Med Stf 20700,Allied Health Professionals,Sickness,19
Medical Services,Acute/General Medicine DEPT,Sheppard Medical 20206,Nursing and Midwifery Registered,Sickness,19
CYP & Families Services,Community & Urgent Services,Intensive Treatment Team 40045,Administrative and Clerical,Sickness,19
Medical Services,Acute/General Medicine DEPT,Tor - Medical Ready to Go 20204,Additional Clinical Services,Sickness,19
Surgical Services,T&O,Hestercombe South West 18007,Additional Clinical Services,Hires,19
Clinical Support and Cancer Services,Pathology,Mortuary YDH 76331,Add Prof Scientific and Technic,Sickness,19
Medical Services,Acute/General Medicine DEPT,Acute Medical Unit 20201,Estates and Ancillary,Sickness,19
Corporate Support Services,Estates and Facilities - SFT,Sustainability 04101,Administrative and Clerical,Sickness,19
Surgical Services,Critical Care,ICU YDH 75822,Nursing and Midwifery Registered,Leavers,19
Medical Services,Respiratory,Coleridge Respiratory Unit 20903,Estates and Ancillary,Sickness,19
Corporate Support Services,Digital,PMO 05012,Administrative and Clerical,Sickness,19
Mental Health and Learning Disabilities,Urgent Care & Forensic Servs,Forensic Services Management 54405,Administrative and Clerical,Sickness,19
Neighbourhood Services,Int Team Taunton & West Som,DN West Somerset 61700,Nursing and Midwifery Registered,Sickness,19
Medical Services,Acute/General Medicine DEPT,AMU - 6B 76209,Additional Clinical Services,Hires,19
Clinical Support and Cancer Services,Other HOPE and Palliative Care,Hope Somerset Service 35200,Additional Clinical Services,Sickness,19
Clinical Support and Cancer Services,Other HOPE and Palliative Care,Bereavement / M. E. Os 35630,Nursing and Midwifery Registered,Sickness,19
Corporate Support Services,Medical Examiner,Medical Examiner 75459,Medical and Dental,Sickness,19
Neighbourhood Services,Integrated Team Mendip,DN West Mendip 61601,Additional Clinical Services,Sickness,19
Surgical Services,Theatres & DSC,Main Theatres 75824,Students,Hires,19
Medical Services,Acute/General Medicine DEPT,Sheppard Medical 20206,Administrative and Clerical,Sickness,19
Medical Services,Medical Services Management DEPT,Medical Service Grp Management 29000,Administrative and Clerical,Leavers,19
Clinical Support and Cancer Services,Oncology,Cancer Admin Support 76221,Administrative and Clerical,Hires,19
CYP & Families Services,Medical Acute,Obs/Gynae Medical Staffing 43090,Medical and Dental,Hires,19
Neighbourhood Services,Intermediate Care DEPT,Home Care 65805,Additional Clinical Services,Sickness,19
CYP & Families Services,Sexual Health Services,Starling Clinic (HIV) 42090,Administrative and Clerical,Sickness,19
Neighbourhood Services,Intermediate Care DEPT,D2A 00005,Additional Clinical Services,Hires,19
Surgical Services,T&O,Orthopaedic Med Stf MPH 18002,Medical and Dental,Hires,19
CYP & Families Services,Medical Acute,Gynaecology Medical Staff 75731,Medical and Dental,Leavers,19
Medical Services,Emergency Care DEPT,SDEC - Same Day Emergency Care 20105,Allied Health Professionals,Sickness,19
Mental Health and Learning Disabilities,CMHS West,APPTS Minehead 51132,Allied Health Professionals,Sickness,19
Neighbourhood Services,Bridgwater Community Hospital,Bridgwater Wards 21503,Additional Clinical Services,Leavers,19
CYP & Families Services,Medical Acute,Obs/Gynae Medical Staffing 43090,Medical and Dental,Leavers,19
Corporate Support Services,Deputy CPO,HR Management 75417,Add Prof Scientific and Technic,Sickness,18
Corporate Support Services,Student Support,NMET 02025,Nursing and Midwifery Registered,Sickness,18
Medical Services,Emergency Care DEPT,Accident & Emergency 76204,Allied Health Professionals,Sickness,18
Neighbourhood Services,Mass Vaccination Programme,Mass Vaccination - West 00034,Nursing and Midwifery Registered,Hires,18
Clinical Support and Cancer Services,Other HOPE and Palliative Care,Hope Somerset Service 35200,Allied Health Professionals,Sickness,18
Operational Management,Clinical Site Managers,Ward Clerks 75463,Administrative and Clerical,Hires,18
Surgical Services,Gastro,Gastro Nursing 13007,Nursing and Midwifery Registered,Sickness,18
Clinical Support and Cancer Services,Other HOPE and Palliative Care,Hope Somerset Service 35200,Nursing and Midwifery Registered,Sickness,18
Surgical Services,Upper GI,General Surgery - Medical Staff 75796,Medical and Dental,Leavers,18
Clinical Support and Cancer Services,Other HOPE and Palliative Care,Hope Somerset Service 35200,Administrative and Clerical,Sickness,18
Corporate Support Services,Digital,Digital Programme 05003,Nursing and Midwifery Registered,Sickness,18
Mental Health and Learning Disabilities,Inpatients DEPT,Pyrland Ward Team 68000,Additional Clinical Services,Hires,18
Surgical Services,Breast,Breast Care Nursing 16010,Nursing and Midwifery Registered,Sickness,18
Surgical Services,Breast,Mammography 16009,Additional Clinical Services,Sickness,18
Mental Health and Learning Disabilities,Urgent Care & Forensic Servs,OPD (A & W) 54402,Additional Clinical Services,Sickness,18
Neighbourhood Services,Integrated Team Mendip,Mendip OPMH Team - West 61603,Additional Clinical Services,Sickness,18
Surgical Services,Breast,Mammography 16009,Allied Health Professionals,Sickness,18
Surgical Services,Outpatients,Admissions 17018,Administrative and Clerical,Hires,18
CYP & Families Services,Acute Paediatrics,Childrens Inpatient Unit 43010,Nursing and Midwifery Registered,Leavers,18
Neighbourhood Services,Mass Vaccination Programme,Mass Vaccination - West 00034,Additional Clinical Services,Hires,18
Medical Services,Endocrinology,Ward 9B - Endo & COOP 76283,Students,Sickness,18
CYP & Families Services,Community Paediatrics,COMPASS Team 42050,Administrative and Clerical,Sickness,18
Neighbourhood Services,Serv Grp Mngmnt Neighbourhoods,Secondments within PCN 69003,Administrative and Clerical,Sickness,18
Clinical Support and Cancer Services,Oncology,Clinical Oncology 34000,Allied Health Professionals,Sickness,18
Mental Health and Learning Disabilities,CMHS East,Transformation East 51270,Allied Health Professionals,Sickness,18
Corporate Support Services,Overseas DEPT,OSCE IR 75522,Additional Clinical Services,Sickness,18
Mental Health and Learning Disabilities,Inpatients DEPT,Rowan Ward 1 50280,Additional Clinical Services,Hires,18
Clinical Support and Cancer Services,Medical Imaging,Radiology Nurses 76365,Nursing and Midwifery Registered,Sickness,18
Surgical Services,Breast,Breast Care Centre 16001,Additional Clinical Services,Sickness,18
Surgical Services,Theatres & DSC,Ophthalmic Theatre Suite 17022,Allied Health Professionals,Sickness,18
Surgical Services,Theatres & DSC,Ophthalmic Theatre Suite 17022,Additional Clinical Services,Sickness,18
Clinical Support and Cancer Services,Therapies DEPT,Adult Speech and Language Therapy 38600,Allied Health Professionals,Hires,18
Surgical Services,Theatres & DSC,Ophthalmic Theatre Suite 17022,Nursing and Midwifery Registered,Sickness,18
CYP & Families Services,Acute Paediatrics,Childrens Inpatient Unit 43010,Nursing and Midwifery Registered,Hires,18
Surgical Services,Theatres & DSC,Ophthalmic Theatre Suite 17022,Administrative and Clerical,Sickness,18
Corporate Support Services,Trustwide Schemes,Bank (Acute) 02002,Add Prof Scientific and Technic,Leavers,18
Neighbourhood Services,Burnham on Sea Comm Hospital,Burnham Administration 21520,Nursing and Midwifery Registered,Sickness,18
Medical Services,Care of the Older Person DEPT,Eliot Ward 20403,Additional Clinical Services,Hires,18
Neighbourhood Services,NHS at Home,NHS @ Home - Frailty 60641,Administrative and Clerical,Sickness,18
Medical Services,Medical Services Management DEPT,CLOSED - Medicine Pathway Admin Team 76293,Administrative and Clerical,Leavers,18
Corporate Support Services,Procurement,Supply Chain 03007,Estates and Ancillary,Hires,18
Surgical Services,Gastro,Gastro Med Staff MPH 13001,Medical and Dental,Hires,18
Corporate Support Services,Resourcing,Medical Workforce 02006,Administrative and Clerical,Leavers,17
Surgical Services,Gastro,Gastro Med Staff MPH 13001,Medical and Dental,Leavers,17
CYP & Families Services,Women's Services,Obs & Gynae Admin Support YDH 75736,Administrative and Clerical,Hires,17
Surgical Services,Upper GI,General Surgery - Medical Staff 75796,Medical and Dental,Hires,17
Medical Services,Cardiology,Fielding Ward 21004,Additional Clinical Services,Hires,17
CYP & Families Services,Medical Paediatrics,Paeds Medical Staffing YDH 76246,Medical and Dental,Leavers,17
Corporate Support Services,Deputy CPO,Technology Enhanced Learning 00215,Administrative and Clerical,Sickness,17
Operational Management,Clinical Site Managers,Phlebotomy 75771,Additional Clinical Services,Leavers,17
Medical Services,Medical Services Management DEPT,CLOSED - Medicine Pathway Admin Team 76293,Administrative and Clerical,Hires,17
Surgical Services,Critical Care,ITU Ward MPH 17007,Add Prof Scientific and Technic,Sickness,17
Corporate Support Services,Information Governance,Patients Records 00405,Administrative and Clerical,Leavers,17
Neighbourhood Services,Integrated Team South Som,Dist Nurs South Somerset 61400,Additional Clinical Services,Leavers,17
Corporate Support Services,Deputy Director of Nursing,AHP Professional Lead Posts 00218,Administrative and Clerical,Sickness,17
Neighbourhood Services,LARCH DEPT,LARCH Team 76014,Administrative and Clerical,Sickness,17
Surgical Services,Theatres & DSC,Day Surgery Centre 17015,Administrative and Clerical,Sickness,17
Mental Health and Learning Disabilities,AOT East,Mendip Assertive Outreach Team 51200,Allied Health Professionals,Sickness,17
CYP & Families Services,Somerset,Dental Access Centre - Glastonbury 44010,Medical and Dental,Sickness,17
Surgical Services,Upper GI,Surgery Medical Staff 75796,Medical and Dental,Sickness,17
Medical Services,Acute/General Medicine DEPT,CLOSED - Internal Medicine Medical Staff 76262,Medical and Dental,Leavers,17
Corporate Support Services,Estates and Facilities - SFT,Telephones - MPH 04200,Administrative and Clerical,Sickness,17
Neighbourhood Services,Bridgwater Community Hospital,Bridgwater OPD 21400,Administrative and Clerical,Sickness,17
Medical Services,Acute/General Medicine DEPT,Exmoor Ward 20203,Additional Clinical Services,Hires,17
Mental Health and Learning Disabilities,MH Employment Service,Retention 56500,Add Prof Scientific and Technic,Sickness,17
Medical Services,Acute/General Medicine DEPT,AMU - 6B 76209,Students,Sickness,17
Clinical Support and Cancer Services,Pharmacy DEPT,Pharmacy - YDH Pay 76346,Additional Clinical Services,Leavers,17
Corporate Support Services,Commercial,Somerset Cancer Register 00145,Nursing and Midwifery Registered,Sickness,17
Corporate Support Services,Digital,Technical Ops 05010,Administrative and Clerical,Leavers,17
Clinical Support and Cancer Services,Oncology,Clinical Oncology 34000,Medical and Dental,Leavers,17
Surgical Services,POAC,Pre Op 17009,Allied Health Professionals,Sickness,17
Surgical Services,Vascular,Leg Ulcer 10017,Nursing and Midwifery Registered,Sickness,17
Neighbourhood Services,Int Team Taunton & West Som,Living Better Nurses - Recharge 00301,Allied Health Professionals,Sickness,17
Surgical Services,Acute Surgery,Acute Surgery Secretaries 10001,Administrative and Clerical,Hires,17
Medical Services,Cardiology,Medicine Ward 8A 76280,Students,Sickness,17
Corporate Support Services,Digital,Technical Ops 05010,Administrative and Clerical,Hires,17
Surgical Services,Theatres & DSC,General Theatres 17014,Nursing and Midwifery Registered,Leavers,17
CYP & Families Services,Community Paediatrics,COMPASS Team 42050,Additional Clinical Services,Sickness,17
CYP & Families Services,Community & Urgent Services,CAMHS - Link LD/A 40065,Administrative and Clerical,Sickness,17
Neighbourhood Services,Integrated Team South Som,Dist Nurs West South Somerset 61100,Additional Clinical Services,Sickness,17
Corporate Support Services,Student Support,NMET 02025,Allied Health Professionals,Sickness,17
Surgical Services,Breast,Breast Care Medical Staff 75793,Medical and Dental,Sickness,17
Clinical Support and Cancer Services,Pharmacy DEPT,Pharmacy - YDH Pay 76346,Add Prof Scientific and Technic,Leavers,17
Neighbourhood Services,Intermediate Care DEPT,Primary Link 29001,Administrative and Clerical,Hires,17
Neighbourhood Services,PCN Care of the Elderly,Care of The Elderly PCN 60031,Add Prof Scientific and Technic,Sickness,17
Neighbourhood Services,Integrated Team South Som,Dist Nurs South Somerset 61400,Additional Clinical Services,Hires,17
Mental Health and Learning Disabilities,Inpatients DEPT,Rydon Ward 1 50180,Allied Health Professionals,Sickness,17
SSL Corporate,SSL Facilities Hard FM Level 5,SSL SSD Maintenance 75374,Estates and Ancillary,Sickness,17
Surgical Services,Theatres & DSC,Day Theatres 75701,Students,Sickness,16
Mental Health and Learning Disabilities,CMHS East,Connect18 Mendip 51240,Nursing and Midwifery Registered,Sickness,16
Neighbourhood Services,Intermediate Care DEPT,Rapid Response 67000,Additional Clinical Services,Hires,16
Mental Health and Learning Disabilities,Medical Inpatients,Med Gen Ad Inp Rydon Ward 1 57013,Medical and Dental,Leavers,16
Neighbourhood Services,Serv Grp Mngmnt Neighbourhoods,Neighbourhood Development Managers 69000,Additional Clinical Services,Sickness,16
Clinical Support and Cancer Services,Medical Imaging,Radiology - MPH 32000,Administrative and Clerical,Hires,16
Neighbourhood Services,Intermediate Care DEPT,Rapid Response 67000,Additional Clinical Services,Leavers,16
Surgical Services,Upper GI,GI Med Stf 10003,Medical and Dental,Hires,16
Surgical Services,T&O,Ward 7B - T&O / Elective 75753,Students,Hires,16
Surgical Services,Head & Neck,Audiology YDH 75855,Healthcare Scientists,Sickness,16
Corporate Support Services,Estates and Facilities - SFT,Bridgwater Hotel Services 21502,Estates and Ancillary,Hires,16
Neighbourhood Services,Intermediate Care DEPT,Palliative Care Co-Ordination 68200,Allied Health Professionals,Sickness,16
Clinical Support and Cancer Services,Therapies DEPT,Inpatient Therapists 75838,Additional Clinical Services,Hires,16
Medical Services,Medical Services Management DEPT,Urgent Care Management 76380,Nursing and Midwifery Registered,Sickness,16
Medical Services,Acute/General Medicine DEPT,Ward 6A - Gen Med 75755,Additional Clinical Services,Leavers,16
Corporate Support Services,Estates and Facilities - SFT,Bridgwater Hotel Services 21502,Estates and Ancillary,Leavers,16
Surgical Services,Vascular,Vascular Med Stf 10012,Medical and Dental,Hires,16
CYP & Families Services,Community Paediatrics,Homecare Central 42030,Additional Clinical Services,Hires,16
Surgical Services,Acute Surgery,Surgery Ward 4A 75805,Additional Clinical Services,Leavers,16
Clinical Support and Cancer Services,Therapies DEPT,MSK Physiotherapy 38250,Administrative and Clerical,Hires,16
Medical Services,Emergency Care DEPT,Accident & Emergency 76204,Additional Clinical Services,Leavers,16
Surgical Services,T&O,Orthopaedic Medical Staff YDH 75752,Medical and Dental,Leavers,16
Clinical Support and Cancer Services,Pharmacy DEPT,Pharmacy - YDH Pay 76346,Add Prof Scientific and Technic,Hires,16
Mental Health and Learning Disabilities,Urgent Care & Forensic Servs,Forensic Team 54401,Additional Clinical Services,Sickness,16
Corporate Support Services,Trustwide Schemes,Bank Nurses 75450,Add Prof Scientific and Technic,Leavers,16
Medical Services,Stroke,Dunkery Stroke & Neuro Unit 20601,Additional Clinical Services,Leavers,16
Clinical Support and Cancer Services,Other HOPE and Palliative Care,Oncology/Haematology Nursing 35000,Administrative and Clerical,Sickness,16
Corporate Support Services,Deputy CPO,Learning Compliance & Data 02019,Nursing and Midwifery Registered,Sickness,16
Corporate Support Services,Trustwide Schemes,Human Resources 02003,Nursing and Midwifery Registered,Sickness,16
Corporate Support Services,Trustwide Schemes,Flu 02080,Nursing and Midwifery Registered,Sickness,16
CYP & Families Services,Maternity DEPT,Midwifery YDH 75738,Additional Clinical Services,Leavers,16
Corporate Support Services,Deputy CPO,Learning Compliance & Data 02019,Administrative and Clerical,Sickness,16
Clinical Support and Cancer Services,Therapies DEPT,Dietetics 38500,Allied Health Professionals,Hires,16
Surgical Services,Breast,Breast Care Centre 16001,Allied Health Professionals,Sickness,16
Surgical Services,Ophthalmology,Optical Nursing 75800,Allied Health Professionals,Sickness,16
Medical Services,Acute/General Medicine DEPT,AMU Med Staff 20200,Medical and Dental,Leavers,16
CYP & Families Services,Maternity DEPT,Maternity - Community 45020,Nursing and Midwifery Registered,Leavers,16
CYP & Families Services,Maternity DEPT,Antenatal YDH 75740,Nursing and Midwifery Registered,Sickness,16
Corporate Support Services,Digital,IT Developments 75434,Administrative and Clerical,Sickness,16
Corporate Support Services,Digital,Digital Maternity Project 05019,Nursing and Midwifery Registered,Sickness,16
Corporate Support Services,Estates and Facilities - SFT,Burnham Hotel Services 21522,Estates and Ancillary,Leavers,16
Surgical Services,Acute Surgery,Surgery Ward 4A 75805,Additional Clinical Services,Hires,16
CYP & Families Services,Maternity DEPT,Antenatal YDH 75740,Additional Clinical Services,Sickness,16
Surgical Services,Restorative Dentistry,Restorative Dentistry Med Stf 12013,Administrative and Clerical,Sickness,16
Corporate Support Services,Student Support,NMET 02025,Administrative and Clerical,Sickness,16
Medical Services,Acute/General Medicine DEPT,Ward 6A - Gen Med 75755,Additional Clinical Services,Hires,15
Surgical Services,Acute Surgery,Montacute South 10008,Additional Clinical Services,Hires,15
Clinical Support and Cancer Services,Therapies DEPT,Occupational Therapist 75839,Allied Health Professionals,Hires,15
Corporate Support Services,Finance,Financial Services 03005,Administrative and Clerical,Leavers,15
Surgical Services,SSD,SSD Manager 17010,Estates and Ancillary,Leavers,15
Corporate Support Services,Deputy Director of Nursing,Tobacco Reduction Programme 00205,Additional Clinical Services,Sickness,15
Surgical Services,Theatres & DSC,Day Theatres 75701,Administrative and Clerical,Sickness,15
Surgical Services,SSD,SSD Manager 17010,Estates and Ancillary,Hires,15
Surgical Services,T&O,Gould Ward 15 18004,Additional Clinical Services,Hires,15
Mental Health and Learning Disabilities,CMHS West,Eating Disorders Bridgwater 51151,Additional Clinical Services,Sickness,15
Corporate Support Services,Estates and Facilities - SFT,Telephones - MPH 04200,Estates and Ancillary,Hires,15
Mental Health and Learning Disabilities,CMHS West,Eating Disorders Bridgwater 51151,Allied Health Professionals,Sickness,15
Medical Services,Medical DayCare DEPT,Medical Day Unit 20100,Administrative and Clerical,Sickness,15
Corporate Support Services,Estates and Facilities - SFT,Staff Residences 04220,Administrative and Clerical,Sickness,15
Neighbourhood Services,Int Team Taunton & West Som,West Somerset Integrated Rehabilitation Team 61701,Allied Health Professionals,Sickness,15
Mental Health and Learning Disabilities,CMHS West,Eating Disorders Bridgwater 51151,Administrative and Clerical,Sickness,15
Medical Services,Stroke,Ward 8B Stroke and Gen Med 76330,Students,Sickness,15
Medical Services,Stroke,Stroke Care Med Staff 20600,Administrative and Clerical,Sickness,15
Corporate Support Services,Estates and Facilities - SFT,Facilities - Community 04004,Administrative and Clerical,Sickness,15
Corporate Support Services,Research and Development,Research Delivery 00136,Allied Health Professionals,Sickness,15
Surgical Services,T&O,Ward 7B - T&O / Elective 75753,Additional Clinical Services,Hires,15
SSL Corporate,Capital Programme,SSL Capital S97801,Administrative and Clerical,Sickness,15
Neighbourhood Services,Mass Vaccination Programme,Mass Vaccination - West 00034,Administrative and Clerical,Hires,15
Corporate Support Services,Estates and Facilities - SFT,Facilities & Estate Management Team 04002,Add Prof Scientific and Technic,Sickness,15
Neighbourhood Services,Wincanton Community Hospital,Wincanton Nursing 20502,Additional Clinical Services,Sickness,15
Mental Health and Learning Disabilities,CMHS East,Mendip CMHT 51210,Administrative and Clerical,Sickness,15
Surgical Services,Other Surgery,Elective Management 75717,Administrative and Clerical,Sickness,15
Medical Services,Emergency Care DEPT,Accident & Emergency 76204,Additional Clinical Services,Hires,15
Surgical Services,Vascular,Vascular Med Stf 10012,Healthcare Scientists,Sickness,15
Medical Services,Emergency Care DEPT,Accident & Emergency 76204,Students,Sickness,15
Neighbourhood Services,PCN Care of the Elderly,Care of The Elderly PCN 60031,Nursing and Midwifery Registered,Sickness,15
SSL Corporate,SSL Central Management Level 5,SSL Directors S75308,Administrative and Clerical,Sickness,15
Clinical Support and Cancer Services,Therapies DEPT,Podiatry 16005,Allied Health Professionals,Leavers,15
Mental Health and Learning Disabilities,Urgent Care & Forensic Servs,Forensic Services Management 54405,Nursing and Midwifery Registered,Sickness,15
Corporate Support Services,Estates and Facilities - SFT,Estates - Community 04410,Administrative and Clerical,Sickness,15
CYP & Families Services,Maternity DEPT,Midwifery MPH 45010,Additional Clinical Services,Hires,15
Mental Health and Learning Disabilities,CMHS East,Personality Disorders South Somerset 51261,Allied Health Professionals,Sickness,15
CYP & Families Services,Maternity DEPT,Midwifery MPH 45010,Additional Clinical Services,Leavers,15
Corporate Support Services,Overseas DEPT,Unfunded Trust IR 02031,Nursing and Midwifery Registered,Sickness,15
Neighbourhood Services,Crewkerne Community Hospital,Med Comm Hosp Inp Crewkerne 21564,Nursing and Midwifery Registered,Sickness,15
CYP & Families Services,Maternity DEPT,Specialist Midwives YDH 75742,Additional Clinical Services,Sickness,15
SSL Corporate,SSL Central Management Level 5,Covid-19 S75310,Estates and Ancillary,Sickness,15
Surgical Services,T&O,Orthopaedic Med Stf MPH 18002,Medical and Dental,Leavers,15
Surgical Services,Head & Neck,Head & Neck Secs 12001,Administrative and Clerical,Leavers,15
Neighbourhood Services,Bridgwater Community Hospital,Bridgwater Wards 21503,Nursing and Midwifery Registered,Leavers,15
Operational Management,Discharge Team,Discharge Team - YDH 76329,Nursing and Midwifery Registered,Sickness,15
Corporate Support Services,Estates and Facilities - SFT,Fire Safety 04003,Administrative and Clerical,Sickness,15
Medical Services,Acute/General Medicine DEPT,Medicine Ward 7A 76282,Additional Clinical Services,Leavers,15
Clinical Support and Cancer Services,Therapies DEPT,Enhanced Primary Care 76002,Allied Health Professionals,Sickness,15
Mental Health and Learning Disabilities,Inpatients DEPT,Pyrland Ward Team 68000,Nursing and Midwifery Registered,Leavers,15
Surgical Services,Urology,Urology Med Stf MPH 16002,Medical and Dental,Hires,15
Corporate Support Services,Digital,Clinical Coding 05002,Administrative and Clerical,Hires,15
Medical Services,Acute/General Medicine DEPT,Medicine Ward 7A 76282,Students,Hires,15
Corporate Support Services,Resourcing,E Rota Admin 75416,Administrative and Clerical,Sickness,15
Corporate Support Services,Estates and Facilities - SFT,MPH Catering Patients 04280,Estates and Ancillary,Hires,15
Clinical Support and Cancer Services,Haematology,Haematology Med Staff 33000,Administrative and Clerical,Sickness,15
Medical Services,Respiratory,Medicine Ward 9A 76281,Students,Sickness,14
Corporate Support Services,Trustwide Schemes,Bank Nurses 75450,Administrative and Clerical,Hires,14
Corporate Support Services,Capital Projects DEPT,IT: EPR 97107,Add Prof Scientific and Technic,Sickness,14
Medical Services,Medical Services Management DEPT,Urgent Care Clin Managers 76379,Nursing and Midwifery Registered,Sickness,14
Neighbourhood Services,Minehead Community Hospital,Minehead Wards 21623,Additional Clinical Services,Hires,14
Corporate Support Services,Trustwide Schemes,Bank Nurses 75450,Administrative and Clerical,Leavers,14
CYP & Families Services,Community Paediatrics,Community Hub 42200,Additional Clinical Services,Sickness,14
Medical Services,Endocrinology,Conservators Ward 20202,Additional Clinical Services,Leavers,14
Corporate Support Services,Experience & Learning,Simulation 02070,Additional Clinical Services,Sickness,14
Surgical Services,Gastro,Gastro Med Staff MPH 13001,Nursing and Midwifery Registered,Sickness,14
Medical Services,Care of the Older Person DEPT,Care Of Elderly Med Stf 62000,Medical and Dental,Hires,14
Corporate Support Services,Estates and Facilities - SFT,Burnham Hotel Services 21522,Estates and Ancillary,Hires,14
Corporate Support Services,Trustwide Schemes,Bank (Acute) 02002,Add Prof Scientific and Technic,Hires,14
Neighbourhood Services,Burnham on Sea Comm Hospital,Burnham OPD 21401,Nursing and Midwifery Registered,Sickness,14
Surgical Services,T&O,Orthopaedic Specialist Nurses 75759,Administrative and Clerical,Sickness,14
SSL Corporate,SSL Facilities Management Level 5,SSL EFM Administrators S75383,Administrative and Clerical,Sickness,14
CYP & Families Services,Community Paediatrics,Homecare Central 42030,Additional Clinical Services,Leavers,14
Mental Health and Learning Disabilities,Inpatients DEPT,Wessex House Team 40110,Additional Clinical Services,Hires,14
Mental Health and Learning Disabilities,Urgent Care & Forensic Servs,Court Assessment Team 54400,Allied Health Professionals,Sickness,14
Surgical Services,Endoscopy,Endoscopy MPH 13002,Nursing and Midwifery Registered,Leavers,14
Medical Services,Emergency Care DEPT,SDEC - Same Day Emergency Care 20105,Additional Clinical Services,Sickness,14
Clinical Support and Cancer Services,Medical Imaging,Radiology - MPH 32000,Additional Clinical Services,Leavers,14
Surgical Services,Upper GI,GI Med Stf 10003,Medical and Dental,Leavers,14
Corporate Support Services,Digital,Clinical Coding 05002,Administrative and Clerical,Leavers,14
Medical Services,Respiratory,Resp Thoracic Med Stf 20900,Medical and Dental,Hires,14
Clinical Support and Cancer Services,Therapies DEPT,Homefirst Therapists 75843,Allied Health Professionals,Sickness,14
Corporate Support Services,MLT Central,Medical Director 75337,Administrative and Clerical,Sickness,14
Medical Services,Acute/General Medicine DEPT,Jasmine R2G Ward 75734,Additional Clinical Services,Hires,14
Corporate Support Services,Digital,Digital Delivery 05015,Administrative and Clerical,Hires,14
Surgical Services,T&O,Ward 7B - T&O / Elective 75753,Additional Clinical Services,Leavers,14
SSL Corporate,SSL Procurement Level 5,SSL Procurement- Materials Management S75473,Estates and Ancillary,Hires,14
Corporate Support Services,Estates and Facilities - SFT,MPH Catering Patients 04280,Estates and Ancillary,Leavers,14
Medical Services,Care of the Older Person DEPT,Triscombe CO Older Persons Unit 20401,Additional Clinical Services,Leavers,14
Surgical Services,Outpatients,Admissions 17018,Administrative and Clerical,Leavers,14
CYP & Families Services,Community & Urgent Services,Therapeutic Education 40030,Administrative and Clerical,Sickness,14
SSL Corporate,SSL Facilities Soft FM Level 5,SSL Switchboard S75393,Estates and Ancillary,Leavers,14
Neighbourhood Services,Int Team N Sedge & B'Water,CIH Bridgwater Bay PCN 61303,Nursing and Midwifery Registered,Sickness,14
Corporate Support Services,Estates and Facilities - SFT,Telephones - MPH 04200,Estates and Ancillary,Leavers,14
Medical Services,Cardiology,Cardiology Med Staff 21000,Medical and Dental,Hires,14
Neighbourhood Services,Stroke Services DEPT,Stroke 20641,Allied Health Professionals,Leavers,14
Clinical Support and Cancer Services,Other HOPE and Palliative Care,End Of Life - HOPE 35100,Administrative and Clerical,Sickness,14
Corporate Support Services,Finance,Management Accounts 75406,Administrative and Clerical,Sickness,14
Neighbourhood Services,Stroke Services DEPT,Stroke 20641,Additional Clinical Services,Hires,14
Mental Health and Learning Disabilities,Inpatients DEPT,Rowan Ward 2 50281,Allied Health Professionals,Sickness,14
Neighbourhood Services,Int Team N Sedge & B'Water,CIH Bridgwater Bay PCN 61303,Additional Clinical Services,Sickness,14
Medical Services,Care of the Older Person DEPT,CLOSED - Wordsworth Ward 20400,Additional Clinical Services,Hires,14
Surgical Services,Orthodontics,Orthodontics Med Stf 12008,Add Prof Scientific and Technic,Sickness,14
Neighbourhood Services,Williton Community Hospital,Williton Meadow Ward 20633,Additional Clinical Services,Hires,13
Medical Services,Dermatology,Dermatology Nurses 75854,Additional Clinical Services,Sickness,13
Mental Health and Learning Disabilities,Inpatients DEPT,Rowan Ward 2 50281,Additional Clinical Services,Hires,13
Medical Services,Cardiology,Medicine Ward 8A 76280,Additional Clinical Services,Hires,13
Surgical Services,Theatres & DSC,Day Surgery Centre 17015,Estates and Ancillary,Sickness,13
Medical Services,Care of the Older Person DEPT,Eliot Ward 20403,Additional Clinical Services,Leavers,13
Medical Services,Cardiology,Medicine Ward 8A 76280,Students,Hires,13
Operational Management,Admin - Cancer Services,Cancer Alliance 00023,Additional Clinical Services,Sickness,13
CYP & Families Services,Community Paediatrics,Child 2 590706,Additional Clinical Services,Sickness,13
Neighbourhood Services,Int Team Taunton & West Som,DN Taunton 61501,Nursing and Midwifery Registered,Hires,13
Mental Health and Learning Disabilities,CMHS East,Mendip CMHT 51210,Additional Clinical Services,Hires,13
SSL Corporate,SSL Facilities Soft FM Level 5,SSL Switchboard S75393,Estates and Ancillary,Hires,13
Neighbourhood Services,Int Team N Sedge & B'Water,DN Bridgwater Bay 61001,Administrative and Clerical,Sickness,13
Surgical Services,Theatres & DSC,Surgical Admission Lounge 17011,Additional Clinical Services,Hires,13
Clinical Support and Cancer Services,Pathology,Mortuary 31200,Additional Clinical Services,Sickness,13
Clinical Support and Cancer Services,Pathology,Mortuary 31200,Healthcare Scientists,Sickness,13
Corporate Support Services,Research and Development,Research Delivery 00136,Administrative and Clerical,Hires,13
Corporate Support Services,Research and Development,Research Delivery 00136,Nursing and Midwifery Registered,Leavers,13
Surgical Services,Gastro,Gastro Nursing 13007,Add Prof Scientific and Technic,Sickness,13
Corporate Support Services,Estates and Facilities - SFT,Acute Maintenance Service 04120,Estates and Ancillary,Leavers,13
Corporate Support Services,Donated Debtors DEPT,General Trust Fund Y83801,Allied Health Professionals,Sickness,13
Corporate Support Services,Resourcing,Medical Rota Admin 75419,Administrative and Clerical,Sickness,13
Corporate Support Services,Donated Debtors DEPT,Cardiac Rehabilitation Trust Fund Y83806,Add Prof Scientific and Technic,Sickness,13
Surgical Services,Head & Neck,Audiology YDH 75855,Additional Clinical Services,Sickness,13
Surgical Services,Head & Neck,Audiology YDH 75855,Administrative and Clerical,Sickness,13
Surgical Services,Critical Care,ITU Ward MPH 17007,Nursing and Midwifery Registered,Hires,13
Neighbourhood Services,LARCH DEPT,LARCH Team 76014,Additional Clinical Services,Sickness,13
Clinical Support and Cancer Services,Pharmacy DEPT,Pharmacy Staff 37000,Additional Clinical Services,Leavers,13
SSL Corporate,SSL Procurement Level 5,SSL Procurement- Materials Management S75473,Estates and Ancillary,Leavers,13
Neighbourhood Services,Intermediate Care DEPT,ACPs 65806,Nursing and Midwifery Registered,Sickness,13
Medical Services,Medical Services Management DEPT,Medical Service Grp Management 29000,Medical and Dental,Sickness,13
Neighbourhood Services,Intermediate Care DEPT,Home First 76325,Nursing and Midwifery Registered,Sickness,13
Surgical Services,Breast,Breast Care 75792,Additional Clinical Services,Sickness,13
Surgical Services,Breast,Breast Care 75792,Administrative and Clerical,Sickness,13
Mental Health and Learning Disabilities,CMHS East,Bridge Reception 51280,Administrative and Clerical,Hires,13
Neighbourhood Services,Integrated Team Mendip,DN East Mendip 61200,Nursing and Midwifery Registered,Hires,13
Neighbourhood Services,Int Team Taunton & West Som,West Somerset Integrated Rehabilitation Team 61701,Additional Clinical Services,Sickness,13
Corporate Support Services,Estates and Facilities - SFT,Staff Residences 04220,Estates and Ancillary,Sickness,13
Medical Services,Endocrinology,Ward 9B - Endo & COOP 76283,Students,Hires,13
Corporate Support Services,Improvement,Improvement Board 00146,Administrative and Clerical,Hires,13
Surgical Services,Upper GI,GI Med Stf 10003,Add Prof Scientific and Technic,Sickness,13
Clinical Support and Cancer Services,Oncology,Med Onc Medical Staff 76228,Medical and Dental,Sickness,13
Corporate Support Services,Information Governance,Medical Records 75438,Administrative and Clerical,Leavers,13
Corporate Support Services,Information Governance,Patients Records 00405,Administrative and Clerical,Hires,13
Corporate Support Services,Director of Corporate Services DEPT,Secretarial Servs MPH 00400,Administrative and Clerical,Sickness,13
Corporate Support Services,Director of Corporate Services DEPT,Management Office 75305,Administrative and Clerical,Sickness,13
Medical Services,Acute/General Medicine DEPT,AMU - 6B 76209,Students,Hires,13
Operational Management,Discharge Team,Discharge Team - YDH 76329,Administrative and Clerical,Leavers,13
Medical Services,Respiratory,CLOSED - Barrington 10007,Additional Clinical Services,Leavers,13
Surgical Services,POAC,Peri-Op 11003,Allied Health Professionals,Sickness,13
Medical Services,Acute/General Medicine DEPT,CLOSED Other Medical - Med Staff 76262,Medical and Dental,Leavers,13
Medical Services,Emergency Care DEPT,A&E Admin Team 76200,Administrative and Clerical,Hires,13
Surgical Services,Other Surgery,Elective Clin Managers 75716,Nursing and Midwifery Registered,Sickness,13
Surgical Services,Other Surgery,Elective Admin 75715,Administrative and Clerical,Sickness,13
CYP & Families Services,Maternity DEPT,Maternity - Community 45020,Additional Clinical Services,Sickness,13
Surgical Services,Ophthalmology,Ophthal Medical Staff YDH 75797,Medical and Dental,Hires,13
CYP & Families Services,Maternity DEPT,Maternity - Community 45020,Nursing and Midwifery Registered,Sickness,13
Corporate Support Services,Dir of Quality & Involvement,Clinical Governance 75485,Administrative and Clerical,Leavers,13
Medical Services,Respiratory,Coleridge Respiratory Unit 20903,Additional Clinical Services,Leavers,13
CYP & Families Services,Maternity DEPT,SNICU MPH 45080,Additional Clinical Services,Hires,13
CYP & Families Services,Maternity DEPT,SNICU MPH 45080,Additional Clinical Services,Leavers,13
Clinical Support and Cancer Services,Therapies DEPT,Homefirst Therapists 75843,Additional Clinical Services,Sickness,13
Corporate Support Services,Trustwide Schemes,Bank 00014,Add Prof Scientific and Technic,Hires,13
Corporate Support Services,Dir of Quality & Involvement,Patient Experience 75461,Add Prof Scientific and Technic,Sickness,13
Surgical Services,Acute Surgery,Surgical Decisions Unit 10005,Additional Clinical Services,Leavers,13
Neighbourhood Services,South Petherton Comm Hospital,South Petherton Wards 20623,Additional Clinical Services,Leavers,13
Corporate Support Services,Dir of Quality & Involvement,Patient Experience 75461,Administrative and Clerical,Sickness,13
CYP & Families Services,Medical Acute,Gynae Oncology Medical Staff 43080,Additional Clinical Services,Sickness,13
Medical Services,Cardiology,Cardiology Med Staff 21000,Medical and Dental,Leavers,13
Corporate Support Services,Student Support,NMET Bids 02045,Allied Health Professionals,Sickness,13
CYP & Families Services,Medical Paediatrics,Paeds Medical Staffing MPH 43060,Add Prof Scientific and Technic,Sickness,13
Surgical Services,Theatres & DSC,General Theatres 17014,Additional Clinical Services,Leavers,13
Medical Services,Stroke,Dunkery Stroke & Neuro Unit 20601,Nursing and Midwifery Registered,Leavers,12
CYP & Families Services,Community Paediatrics,COMPASS Team 42050,Allied Health Professionals,Sickness,12
Surgical Services,Theatres & DSC,Day Surgery Ward 17023,Estates and Ancillary,Sickness,12
Medical Services,Respiratory,CLOSED - Barrington 10007,Additional Clinical Services,Sickness,12
Medical Services,Endocrinology,Medical Specialities Admin 21106,Administrative and Clerical,Sickness,12
Medical Services,Stroke,Stroke Care Med Staff 20600,Medical and Dental,Hires,12
Surgical Services,Urology,Urology Med Stf MPH 16002,Nursing and Midwifery Registered,Sickness,12
Medical Services,Stroke,Ward 8B Stroke and Gen Med 76330,Additional Clinical Services,Leavers,12
Medical Services,Neurology,Neurology Med Stf 20700,Administrative and Clerical,Sickness,12
Medical Services,Emergency Care DEPT,Emergency Care Medical Staff 20000,Administrative and Clerical,Sickness,12
CYP & Families Services,Community & Urgent Services,CAMHS West Team 40020,Administrative and Clerical,Hires,12
Surgical Services,Urology,Urology Med Stf MPH 16002,Medical and Dental,Leavers,12
Medical Services,Medical Services Management DEPT,Medical Service Grp Management 29000,Healthcare Scientists,Sickness,12
Medical Services,Respiratory,Respiratory Admin 20906,Administrative and Clerical,Sickness,12
Medical Services,Acute/General Medicine DEPT,AMU Med Staff 20200,Nursing and Midwifery Registered,Sickness,12
Neighbourhood Services,Intermediate Care DEPT,SPL 65803,Allied Health Professionals,Sickness,12
Medical Services,Acute/General Medicine DEPT,Tor - Medical Ready to Go 20204,Nursing and Midwifery Registered,Sickness,12
Neighbourhood Services,Minor Injury DEPT,Bridgwater MIU 20027,Medical and Dental,Sickness,12
Medical Services,Acute/General Medicine DEPT,Portman Ward 11 20901,Additional Clinical Services,Leavers,12
Clinical Support and Cancer Services,Pharmacy DEPT,Pharmacy Som Part 76349,Add Prof Scientific and Technic,Sickness,12
Neighbourhood Services,Minehead Community Hospital,Minehead Wards 21623,Additional Clinical Services,Leavers,12
Corporate Support Services,Estates and Facilities - SFT,Acute Maintenance Service 04120,Estates and Ancillary,Hires,12
Neighbourhood Services,Mass Vaccination Programme,Mass Vaccination Yeovil 00036,Administrative and Clerical,Sickness,12
Neighbourhood Services,Mass Vaccination Programme,Mass Vaccination Musgrove 00033,Administrative and Clerical,Leavers,12
Surgical Services,Breast,Maple Unit 75791,Nursing and Midwifery Registered,Sickness,12
Surgical Services,Head & Neck,Audiology 12011,Healthcare Scientists,Hires,12
Corporate Support Services,Overseas DEPT,OSCE IR 75522,Administrative and Clerical,Sickness,12
Medical Services,Acute/General Medicine DEPT,AMU Med Staff 20200,Administrative and Clerical,Sickness,12
Corporate Support Services,Improvement,Improvement Board 00146,Administrative and Clerical,Leavers,12
CYP & Families Services,Maternity DEPT,Maternity Admin YDH 75744,Administrative and Clerical,Sickness,12
Surgical Services,Ophthalmology,Orthoptists 14003,Add Prof Scientific and Technic,Sickness,12
Medical Services,Acute/General Medicine DEPT,Ward 6A - Gen Med 75755,Students,Sickness,12
Corporate Support Services,Trustwide Schemes,Bank Nurses 75450,Healthcare Scientists,Sickness,12
Surgical Services,Breast,Maple Unit 75791,Medical and Dental,Sickness,12
Corporate Support Services,Estates and Facilities - SFT,South Petherton Hotel Services 20622,Estates and Ancillary,Hires,12
Surgical Services,Breast,Maple Unit 75791,Administrative and Clerical,Sickness,12
Surgical Services,Acute Surgery,Montacute South 10008,Additional Clinical Services,Leavers,12
Neighbourhood Services,Integrated Team Mendip,DN East Mendip 61200,Nursing and Midwifery Registered,Leavers,12
Surgical Services,Breast,Maple Unit 75791,Additional Clinical Services,Sickness,12
Corporate Support Services,Trustwide Schemes,Bank 00014,Healthcare Scientists,Sickness,12
Neighbourhood Services,Integrated Team Mendip,DN West Mendip 61601,Administrative and Clerical,Sickness,12
Clinical Support and Cancer Services,Medical Imaging,Radiology Radiographers 76366,Students,Sickness,12
Corporate Support Services,Finance,Financial Services 03005,Administrative and Clerical,Hires,12
Surgical Services,Ophthalmology,Ophthal Medical Staff YDH 75797,Medical and Dental,Leavers,12
Surgical Services,Breast,Breast Care Nursing 16010,Additional Clinical Services,Sickness,12
CYP & Families Services,Maternity DEPT,SNICU MPH 45080,Nursing and Midwifery Registered,Leavers,12
Corporate Support Services,Director of Corporate Services DEPT,Bridgwater House 00410,Administrative and Clerical,Sickness,12
Neighbourhood Services,Minor Injury DEPT,Bridgwater MIU 20027,Nursing and Midwifery Registered,Hires,12
Corporate Support Services,Dir of Quality & Involvement,Patient & Family Centred Care 00201,Administrative and Clerical,Leavers,12
Neighbourhood Services,Serv Grp Mngmnt Neighbourhoods,Division Management ES 69000,Allied Health Professionals,Sickness,12
Neighbourhood Services,Complex Care DEPT,Complex Care - CLICK PCN 76001,Medical and Dental,Sickness,12
Corporate Support Services,Digital,Clinical Coding YDH 75432,Administrative and Clerical,Sickness,12
Neighbourhood Services,South Petherton Comm Hospital,South Petherton Administration 20620,Administrative and Clerical,Leavers,12
Surgical Services,Gastro,Gastro Admin 13008,Administrative and Clerical,Sickness,12
Clinical Support and Cancer Services,Therapies DEPT,Occ Therapy - MPH 38400,Additional Clinical Services,Hires,12
Neighbourhood Services,Frome Community Hospital,Med Comm Hosp Inp Frome 21604,Nursing and Midwifery Registered,Sickness,12
Clinical Support and Cancer Services,Therapies DEPT,Occ Therapy - MPH 38400,Allied Health Professionals,Leavers,12
CYP & Families Services,Women's Services,Enhanced Nurse Practitioners 43140,Additional Clinical Services,Sickness,12
Neighbourhood Services,Williton Community Hospital,Williton Meadow Ward 20633,Additional Clinical Services,Leavers,12
Corporate Support Services,CPD,CPD - Top Slice 00230,Nursing and Midwifery Registered,Sickness,12
Clinical Support and Cancer Services,Therapies DEPT,Physio - MPH 38200,Additional Clinical Services,Leavers,12
Mental Health and Learning Disabilities,Inpatients DEPT,Rowan Ward 1 50280,Allied Health Professionals,Sickness,12
Clinical Support and Cancer Services,Therapies DEPT,Surgical Orthotics 38000,Additional Clinical Services,Sickness,12
Mental Health and Learning Disabilities,Inpatients DEPT,Pyrland Ward Team 68000,Additional Clinical Services,Leavers,12
Operational Management,Admin - Cancer Services,Admin - Cancer Services 00006,Administrative and Clerical,Leavers,12
Neighbourhood Services,PCN Care of the Elderly,Bone Health Team 76213,Nursing and Midwifery Registered,Sickness,12
CYP & Families Services,Women's Services,Obs & Gynae Admin Support YDH 75736,Administrative and Clerical,Leavers,12
Neighbourhood Services,Int Team N Sedge & B'Water,DN North Sedgemoor 61300,Administrative and Clerical,Sickness,12
Medical Services,Cardiology,Cardiology Admin 21006,Administrative and Clerical,Sickness,12
Corporate Support Services,Resourcing,Futures Workforce 75521,Additional Clinical Services,Sickness,12
Neighbourhood Services,Palliative Care DEPT,End of Life Care Education 62011,Administrative and Clerical,Sickness,12
Neighbourhood Services,Palliative Care DEPT,End of Life Care Education 62011,Allied Health Professionals,Sickness,12
CYP & Families Services,Somerset,Primary Care Dental Service 44010,Medical and Dental,Hires,12
Surgical Services,Ophthalmology,Ophthalmology Admin 14007,Administrative and Clerical,Sickness,12
Neighbourhood Services,Int Team N Sedge & B'Water,DN North Sedgemoor 61300,Nursing and Midwifery Registered,Leavers,12
Clinical Support and Cancer Services,Therapies DEPT,Dieticians 75837,Allied Health Professionals,Hires,12
Surgical Services,T&O,Hestercombe South West 18007,Additional Clinical Services,Leavers,12
Neighbourhood Services,Int Team Taunton & West Som,Taunton Area Wellbeing Service 61500,Administrative and Clerical,Sickness,11
Neighbourhood Services,Int Team Taunton & West Som,Taunton Integrated Rehabilitation Team 61502,Allied Health Professionals,Hires,11
Neighbourhood Services,Int Team Taunton & West Som,DN Taunton 61501,Additional Clinical Services,Hires,11
CYP & Families Services,Community & Urgent Services,CAMHS East Team 40010,Allied Health Professionals,Sickness,11
Neighbourhood Services,Int Team N Sedge & B'Water,North Sedgemoor Older People Mental Health 61302,Additional Clinical Services,Hires,11
Corporate Support Services,Overseas DEPT,Funded Trust IR 02071,Administrative and Clerical,Sickness,11
Medical Services,Endocrinology,Ward 9B - Endo & COOP 76283,Nursing and Midwifery Registered,Leavers,11
Clinical Support and Cancer Services,Medical Imaging,Radiology - MPH 32000,Medical and Dental,Hires,11
Corporate Support Services,Infection Control,Infection Control 75487,Additional Clinical Services,Sickness,11
Surgical Services,Theatres & DSC,Day Surgery Centre 17015,Additional Clinical Services,Leavers,11
Corporate Support Services,Finance,Management Accounts 75406,Administrative and Clerical,Leavers,11
Clinical Support and Cancer Services,Therapies DEPT,Adult Speech and Language Therapy 38600,Allied Health Professionals,Leavers,11
Medical Services,Respiratory,Resp Thoracic Med Stf 20900,Medical and Dental,Leavers,11
CYP & Families Services,Acute Paediatrics,Paediatric Acute Admin 43130,Administrative and Clerical,Hires,11
Clinical Support and Cancer Services,Therapies DEPT,Occ Therapy - MPH 38400,Allied Health Professionals,Hires,11
Neighbourhood Services,South Petherton Comm Hospital,South Petherton Wards 20623,Nursing and Midwifery Registered,Leavers,11
Neighbourhood Services,Serv Grp Mngmnt Neighbourhoods,Neighbourhood Development Managers 69000,Administrative and Clerical,Sickness,11
Corporate Support Services,Digital,Digital Delivery 05015,Administrative and Clerical,Leavers,11
Clinical Support and Cancer Services,Therapies DEPT,Dieticians 75837,Allied Health Professionals,Leavers,11
Corporate Support Services,Digital,Digital Programme 05003,Administrative and Clerical,Hires,11
Neighbourhood Services,Palliative Care DEPT,Supportive & Palliative Care 35620,Administrative and Clerical,Sickness,11
Neighbourhood Services,Palliative Care DEPT,Palliative Care Medical Team 62010,Allied Health Professionals,Sickness,11
CYP & Families Services,Acute Paediatrics,Ward 10 76250,Nursing and Midwifery Registered,Leavers,11
Neighbourhood Services,Memory Assessment Service DEPT,Memory Assessment Service 68400,Additional Clinical Services,Sickness,11
Clinical Support and Cancer Services,Oncology,Beacon Radiotherapy 34200,Allied Health Professionals,Leavers,11
Clinical Support and Cancer Services,Pathology,Pathology - MPH 31000,Medical and Dental,Hires,11
Clinical Support and Cancer Services,Pathology,Mortuary 31200,Add Prof Scientific and Technic,Sickness,11
Clinical Support and Cancer Services,Other HOPE and Palliative Care,Oncology/Haematology Nursing 35000,Allied Health Professionals,Sickness,11
Corporate Support Services,Estates and Facilities - SFT,Minehead Hotel Services 21622,Estates and Ancillary,Hires,11
Corporate Support Services,Estates and Facilities - SFT,Minehead Hotel Services 21622,Estates and Ancillary,Leavers,11
Mental Health and Learning Disabilities,AOT West,Bridgwater Assertive Outreach Team 51101,Add Prof Scientific and Technic,Sickness,11
Surgical Services,Acute Surgery,Acute Surgery Secretaries 10001,Administrative and Clerical,Leavers,11
Neighbourhood Services,Intermediate Care DEPT,Rapid Response 67000,Allied Health Professionals,Hires,11
Corporate Support Services,Estates and Facilities - SFT,South Petherton Hotel Services 20622,Estates and Ancillary,Leavers,11
Surgical Services,Acute Surgery,Surgery Ward 4A 75805,Students,Hires,11
Surgical Services,Acute Surgery,Surgical Decisions Unit 10005,Additional Clinical Services,Hires,11
Neighbourhood Services,Frome Community Hospital,Frome Wards 21603,Additional Clinical Services,Hires,11
Medical Services,Endocrinology,Ward 9B - Endo & COOP 76283,Additional Clinical Services,Hires,11
Corporate Support Services,Trustwide Schemes,Bank 00014,Medical and Dental,Leavers,11
Surgical Services,Other Surgery,Visiting Pathway Admin 75866,Administrative and Clerical,Leavers,11
Neighbourhood Services,Bridgwater Community Hospital,Bridgwater Medical 21504,Nursing and Midwifery Registered,Sickness,11
Medical Services,Acute/General Medicine DEPT,Ward 6A - Gen Med 75755,Students,Hires,11
Surgical Services,Ophthalmology,Ophthalmology Med Staff MPH 14001,Medical and Dental,Leavers,11
CYP & Families Services,Medical Paediatrics,Paeds Medical Staffing MPH 43060,Additional Clinical Services,Sickness,11
Mental Health and Learning Disabilities,Medical CMHS,Medical Community Mental Health Service - Chard 57312,Medical and Dental,Hires,11
Mental Health and Learning Disabilities,Inpatients DEPT,Rydon Ward 2 50182,Additional Clinical Services,Hires,11
Surgical Services,Outpatients,Phlebotomy Staff 20260,Additional Clinical Services,Leavers,11
Neighbourhood Services,Burnham on Sea Comm Hospital,Burnham OPD 21401,Additional Clinical Services,Sickness,11
Medical Services,Cardiology,Medicine Ward 8A 76280,Additional Clinical Services,Leavers,11
Mental Health and Learning Disabilities,Named Patients,Named Patients Recovery Team 59300,Medical and Dental,Sickness,11
Medical Services,Acute/General Medicine DEPT,Jasmine R2G Ward 75734,Additional Clinical Services,Leavers,11
CYP & Families Services,Community Paediatrics,Paediatric Therapies Taunton 42010,Allied Health Professionals,Hires,11
CYP & Families Services,Community Paediatrics,Paediatric Therapies Taunton 42010,Allied Health Professionals,Leavers,11
Surgical Services,T&O,Orthopaedic Medical Staff YDH 75752,Medical and Dental,Hires,11
CYP & Families Services,Community & Urgent Services,CAMHS West Team 40020,Add Prof Scientific and Technic,Hires,11
Surgical Services,Theatres & DSC,Main Theatres 75824,Additional Clinical Services,Hires,11
Corporate Support Services,Procurement,Procurement 03003,Administrative and Clerical,Hires,11
Mental Health and Learning Disabilities,Inpatients DEPT,Rydon Ward 1 50180,Additional Clinical Services,Hires,11
Medical Services,Cardiology,CCU 76277,Additional Clinical Services,Sickness,11
Clinical Support and Cancer Services,Other HOPE and Palliative Care,End Of Life - HOPE 35100,Add Prof Scientific and Technic,Sickness,10
Surgical Services,Theatres & DSC,Day Theatres 75701,Nursing and Midwifery Registered,Leavers,10
Clinical Support and Cancer Services,Therapies DEPT,Adult Speech and Language Therapy 38600,Additional Clinical Services,Hires,10
Clinical Support and Cancer Services,Other HOPE and Palliative Care,Oncology/Haematology Nursing 35000,Nursing and Midwifery Registered,Leavers,10
Neighbourhood Services,NHS at Home,NHS @ Home - Frailty 60641,Additional Clinical Services,Sickness,10
Corporate Support Services,Trustwide Schemes,Bank Nurses 75450,Add Prof Scientific and Technic,Hires,10
Medical Services,Acute/General Medicine DEPT,CLOSED Other Medical - Med staff 76262,Medical and Dental,Leavers,10
Medical Services,Stroke,Ward 8B Stroke and Gen Med 76330,Students,Hires,10
CYP & Families Services,Maternity DEPT,Midwifery YDH 75738,Additional Clinical Services,Hires,10
Neighbourhood Services,Minor Injury DEPT,Bridgwater MIU 20027,Nursing and Midwifery Registered,Leavers,10
Mental Health and Learning Disabilities,Urgent Care & Forensic Servs,Bridgwater Crisis Resolution Team 52100,Administrative and Clerical,Sickness,10
Surgical Services,POAC,Pre Op 17009,Estates and Ancillary,Sickness,10
Medical Services,Acute/General Medicine DEPT,Medicine Ward 7A 76282,Nursing and Midwifery Registered,Leavers,10
SSL Corporate,SSL Facilities Soft FM Level 5,SSL Switchboard S75393,Administrative and Clerical,Sickness,10
Mental Health and Learning Disabilities,Talking Therapies,Talking Therapies Trainees 55306,Additional Clinical Services,Sickness,10
Surgical Services,Outpatients,Outpatients Nursing 15002,Additional Clinical Services,Leavers,10
Medical Services,Acute/General Medicine DEPT,Exmoor Ward 20203,Additional Clinical Services,Leavers,10
Clinical Support and Cancer Services,Pathology,Pathology - MPH 31000,Medical and Dental,Leavers,10
Surgical Services,Other Surgery,Visiting Pathway Admin 75866,Administrative and Clerical,Hires,10
SSL Corporate,SSL Facilities Soft FM Level 5,SSL Logistics Team S75389,Estates and Ancillary,Hires,10
Neighbourhood Services,Crewkerne Community Hospital,Crewkerne Wards 21563,Nursing and Midwifery Registered,Hires,10
Surgical Services,Private Patients,Kingston Wing 75781,Administrative and Clerical,Leavers,10
Medical Services,Respiratory,Coleridge Respiratory Unit 20903,Nursing and Midwifery Registered,Leavers,10
Clinical Support and Cancer Services,Therapies DEPT,Podiatry 16005,Administrative and Clerical,Hires,10
Medical Services,Care of the Older Person DEPT,Care Of Elderly Med Stf 62000,Medical and Dental,Leavers,10
Operational Management,Admin - Cancer Services,Admin - Cancer Services 00006,Administrative and Clerical,Hires,10
Operational Management,Admin - Cancer Services,Cancer Alliance 00023,Allied Health Professionals,Sickness,10
Surgical Services,Vascular,Vascular Med Stf 10012,Medical and Dental,Leavers,10
Corporate Support Services,Capital Projects DEPT,IT: EPR 97107,Administrative and Clerical,Sickness,10
Clinical Support and Cancer Services,Therapies DEPT,Outpatient Therapists 75841,Allied Health Professionals,Leavers,10
Medical Services,Care of the Older Person DEPT,Acute Frailty Unit 20402,Additional Clinical Services,Leavers,10
Corporate Support Services,Commercial,Somerset Cancer Register 00145,Administrative and Clerical,Hires,10
Medical Services,Cardiology,Medicine Ward 8A 76280,Nursing and Midwifery Registered,Leavers,10
Neighbourhood Services,Wellington Community Hospital,Wellington Outpatients 21409,Additional Clinical Services,Sickness,10
Clinical Support and Cancer Services,Therapies DEPT,Occ Therapy - MPH 38400,Additional Clinical Services,Leavers,10
Neighbourhood Services,Stroke Services DEPT,Stroke 20641,Allied Health Professionals,Hires,10
Medical Services,Stroke,Ward 8B Stroke and Gen Med 76330,Additional Clinical Services,Hires,10
Neighbourhood Services,Stroke Services DEPT,Stroke 20641,Additional Clinical Services,Leavers,10
Medical Services,Respiratory,CLOSED - Barrington 10007,Nursing and Midwifery Registered,Sickness,10
Medical Services,Respiratory,CLOSED - Barrington 10007,Administrative and Clerical,Sickness,10
Medical Services,Stroke,Stroke Admin 20606,Administrative and Clerical,Sickness,10
Mental Health and Learning Disabilities,Inpatients DEPT,Rydon Ward 2 50182,Allied Health Professionals,Sickness,10
Mental Health and Learning Disabilities,Inpatients DEPT,Wellsprings Service Assistants 50184,Estates and Ancillary,Hires,10
Medical Services,Cardiology,Cath Lab 21005,Additional Clinical Services,Hires,10
Neighbourhood Services,Palliative Care DEPT,Palliative Care Medical Team 62010,Medical and Dental,Hires,10
Medical Services,Neurology,Neurology Medical Staff 75859,Medical and Dental,Sickness,10
Medical Services,Cardiology,Cardiac Rehab 76273,Add Prof Scientific and Technic,Sickness,10
Medical Services,Emergency Care DEPT,A And E Department 20002,Nursing and Midwifery Registered,Hires,10
Clinical Support and Cancer Services,Therapies DEPT,Dietetics 38500,Allied Health Professionals,Leavers,10
CYP & Families Services,Acute Paediatrics,Ward 10 76250,Nursing and Midwifery Registered,Hires,10
Neighbourhood Services,Mass Vaccination Programme,Mass Vaccination - West 00034,Allied Health Professionals,Leavers,10
Neighbourhood Services,Intermediate Care DEPT,Pathway 2/3 65801,Allied Health Professionals,Hires,10
Neighbourhood Services,Int Team Taunton & West Som,DN Taunton 61501,Additional Clinical Services,Leavers,10
CYP & Families Services,Sexual Health Services,Somerset-Wide Integrated Sexual Health 42060,Administrative and Clerical,Leavers,10
Corporate Support Services,Safeguarding,Safeguarding 00207,Nursing and Midwifery Registered,Leavers,10
Neighbourhood Services,Int Team Taunton & West Som,Taunton Integrated Rehabilitation Team 61502,Allied Health Professionals,Leavers,10
Surgical Services,Max Fax,Maxillo Facial Med Stf 12006,Medical and Dental,Leavers,10
Corporate Support Services,Resourcing,Medical Workforce 02006,Administrative and Clerical,Hires,10
Medical Services,Endocrinology,Ward 9B - Endo & COOP 76283,Additional Clinical Services,Leavers,10
CYP & Families Services,Community & Urgent Services,CAMHS West Team 40020,Administrative and Clerical,Leavers,10
Clinical Support and Cancer Services,Haematology,Haematology Med Staff 33000,Medical and Dental,Leavers,10
Neighbourhood Services,Int Team Taunton & West Som,DN Taunton 61501,Administrative and Clerical,Sickness,10
Mental Health and Learning Disabilities,CMHS East,Holly Court Admin Team 51281,Administrative and Clerical,Hires,10
CYP & Families Services,Maternity DEPT,SNICU MPH 45080,Nursing and Midwifery Registered,Hires,10
Clinical Support and Cancer Services,Haematology,Beacon Day Ward 33200,Additional Clinical Services,Hires,10
Surgical Services,Critical Care,Theatres & Critical Care MGT 17003,Allied Health Professionals,Sickness,10
Neighbourhood Services,Int Team N Sedge & B'Water,North Sedgemoor Older People Mental Health 61302,Additional Clinical Services,Leavers,10
Corporate Support Services,Research and Development,Research Delivery 00136,Nursing and Midwifery Registered,Hires,10
Corporate Support Services,Medical Examiner,Medical Examiner 75459,Administrative and Clerical,Sickness,10
Medical Services,Endocrinology,Diab & Endo Medical Staff 76297,Nursing and Midwifery Registered,Sickness,10
Neighbourhood Services,Complex Care DEPT,Complex Care 76010,Administrative and Clerical,Sickness,10
Neighbourhood Services,Crewkerne Community Hospital,Crewkerne Wards 21563,Additional Clinical Services,Hires,10
Surgical Services,Endoscopy,Endoscopy YDH 76265,Administrative and Clerical,Leavers,10
Neighbourhood Services,Integrated Team Mendip,Mendip Integrated Rehabilitation Central & West 61602,Administrative and Clerical,Sickness,10
Mental Health and Learning Disabilities,CMHS East,Connect18 Mendip 51240,Additional Clinical Services,Sickness,10
CYP & Families Services,Maternity DEPT,SCBU YDH 76248,Nursing and Midwifery Registered,Leavers,10
Surgical Services,Ophthalmology,Ophthalmology Med Staff MPH 14001,Additional Clinical Services,Sickness,10
Mental Health and Learning Disabilities,CMHS West,Bridgwater CMH Team 51111,Nursing and Midwifery Registered,Leavers,10
Corporate Support Services,Estates and Facilities - SFT,Wincanton Hotel Services 21702,Estates and Ancillary,Hires,10
CYP & Families Services,Maternity DEPT,Newborn Hearing MPH 45070,Nursing and Midwifery Registered,Sickness,10
Neighbourhood Services,Intermediate Care DEPT,D2A 00005,Administrative and Clerical,Hires,10
Neighbourhood Services,Intermediate Care DEPT,D2A 00005,Additional Clinical Services,Leavers,10
Surgical Services,Breast,Breast Care Centre 16001,Nursing and Midwifery Registered,Sickness,10
Neighbourhood Services,Intensive Dementia DEPT,Intensive Dementia Support Service - West 67100,Additional Clinical Services,Sickness,10
Surgical Services,Anaesthetics,Anaesthetics Med Staff MPH 17002,Administrative and Clerical,Sickness,10
Surgical Services,Max Fax,Oral Surg Medical Staff 75860,Medical and Dental,Sickness,10
Neighbourhood Services,Integrated Team South Som,South Somerset Admin Team 61404,Administrative and Clerical,Hires,10
Surgical Services,Theatres & DSC,Main Theatres 75824,Nursing and Midwifery Registered,Hires,10
Surgical Services,Max Fax,Maxillo Facial Med Stf 12006,Medical and Dental,Hires,9
Operational Management,Clinical Site Managers,AP Weekend Support 76326,Additional Clinical Services,Sickness,9
Neighbourhood Services,Mass Vaccination Programme,Mass Vaccination - East 00035,Additional Clinical Services,Leavers,9
Surgical Services,Upper GI,ESAC 10002,Add Prof Scientific and Technic,Sickness,9
Neighbourhood Services,Burnham on Sea Comm Hospital,Burnham Wards 21523,Additional Clinical Services,Hires,9
Surgical Services,ENT,ENT Med Stf 12005,Medical and Dental,Hires,9
Surgical Services,ENT,ENT Med Stf 12005,Medical and Dental,Leavers,9
Operational Management,Clinical Site Managers,Phlebotomy 75771,Additional Clinical Services,Hires,9
Surgical Services,Vascular,Vascular Med Stf 10012,Additional Clinical Services,Sickness,9
Mental Health and Learning Disabilities,Inpatients DEPT,Rydon Ward 1 50180,Additional Clinical Services,Leavers,9
Surgical Services,Gastro,Hestercombe North 13004,Additional Clinical Services,Leavers,9
Surgical Services,Vascular,Vascular Med Stf 10012,Allied Health Professionals,Sickness,9
Mental Health and Learning Disabilities,Urgent Care & Forensic Servs,Specialist Community Forensic 54404,Allied Health Professionals,Sickness,9
Medical Services,Rheumatology,Rheumatology Med Stf - SOM 21200,Medical and Dental,Hires,9
Neighbourhood Services,Complex Care DEPT,Complex Care - CLICK PCN 76001,Additional Clinical Services,Sickness,9
Operational Management,Admin - Cancer Services,Cancer Front Door 00027,Administrative and Clerical,Sickness,9
Mental Health and Learning Disabilities,CMHS West,Bridgwater CMH Team 51111,Allied Health Professionals,Sickness,9
Neighbourhood Services,Integrated Team Mendip,Mendip Int Team Admin Services 61212,Administrative and Clerical,Leavers,9
Neighbourhood Services,Wincanton Community Hospital,Wincanton Hadspen Ward 20502,Additional Clinical Services,Hires,9
Neighbourhood Services,Wincanton Community Hospital,Wincanton Hadspen Ward 20502,Additional Clinical Services,Leavers,9
Surgical Services,Ophthalmology,Optical Nursing 75800,Additional Clinical Services,Hires,9
Surgical Services,Endoscopy,Endoscopy MPH 13002,Additional Clinical Services,Hires,9
Mental Health and Learning Disabilities,Inpatients DEPT,Rowan Ward 1 50280,Additional Clinical Services,Leavers,9
Surgical Services,Ophthalmology,Ophthalmic OPD 14002,Allied Health Professionals,Sickness,9
Neighbourhood Services,Intermediate Care DEPT,Pathway 2/3 65801,Additional Clinical Services,Hires,9
Surgical Services,Theatres & DSC,PACU 17013,Nursing and Midwifery Registered,Leavers,9
Surgical Services,T&O,Ward 7B - T&O / Elective 75753,Nursing and Midwifery Registered,Leavers,9
Surgical Services,Endoscopy,Endoscopy MPH 13002,Administrative and Clerical,Hires,9
Mental Health and Learning Disabilities,CMHS East,Holly Court Admin Team 51281,Administrative and Clerical,Leavers,9
Medical Services,Stroke,Ward 8B Stroke and Gen Med 76330,Nursing and Midwifery Registered,Leavers,9
Neighbourhood Services,Int Team Taunton & West Som,Taunton Deane CMH Team For Older People 61503,Administrative and Clerical,Sickness,9
Mental Health and Learning Disabilities,Inpatients DEPT,Wessex House Team 40110,Additional Clinical Services,Leavers,9
Neighbourhood Services,Bridgwater Community Hospital,Bridgwater OPD 21400,Additional Clinical Services,Leavers,9
Surgical Services,Private Patients,Kingston Wing 75781,Students,Sickness,9
Neighbourhood Services,Bridgwater Community Hospital,Bridgwater Wards 21503,Allied Health Professionals,Sickness,9
Neighbourhood Services,Integrated Team South Som,Rehab South Somerset 61401,Additional Clinical Services,Hires,9
Surgical Services,Theatres & DSC,Day Surgery Centre 17015,Additional Clinical Services,Hires,9
Operational Management,Operational Management DEPT,Operational Management 00001,Administrative and Clerical,Leavers,9
Mental Health and Learning Disabilities,MH & LD Resident Doctors DEPT,MH & LD Resident Doctors 57015,Medical and Dental,Leavers,9
Neighbourhood Services,Int Team Taunton & West Som,T & WS Admin 61506,Administrative and Clerical,Leavers,9
Surgical Services,T&O,Gould Ward 15 18004,Additional Clinical Services,Leavers,9
Operational Management,Learning Disabilities Liaison DEPT,Learning Disabilities Liaison 75488,Additional Clinical Services,Sickness,9
Surgical Services,Acute Surgery,Montacute South 10008,Nursing and Midwifery Registered,Leavers,9
Mental Health and Learning Disabilities,CMHS West,Eating Disorders Taunton 51150,Allied Health Professionals,Sickness,9
Mental Health and Learning Disabilities,Inpatients DEPT,Wellsprings Service Assistants 50184,Estates and Ancillary,Leavers,9
Mental Health and Learning Disabilities,CMHS East,Eating Disorders Team Mendip 51250,Nursing and Midwifery Registered,Sickness,9
Mental Health and Learning Disabilities,CMHS East,Bridge Reception 51280,Administrative and Clerical,Leavers,9
Mental Health and Learning Disabilities,Suicide Prevention,Suicide Prevention 58003,Additional Clinical Services,Sickness,9
Surgical Services,Acute Surgery,Surgical Decisions Unit 10005,Nursing and Midwifery Registered,Leavers,9
Surgical Services,Endoscopy,Endoscopy MPH 13002,Nursing and Midwifery Registered,Hires,9
Operational Management,Discharge Team,Discharge Team - YDH 76329,Administrative and Clerical,Hires,9
Mental Health and Learning Disabilities,CMHS East,Eating Disorders South Somerset 51251,Allied Health Professionals,Sickness,9
Neighbourhood Services,South Petherton Comm Hospital,Med Comm Hosp Inp South Petherton 20624,Nursing and Midwifery Registered,Sickness,9
Mental Health and Learning Disabilities,CMHS East,Eating Disorders Team Mendip 51250,Administrative and Clerical,Sickness,9
Mental Health and Learning Disabilities,CMHS East,APPTS South Somerset 51231,Additional Clinical Services,Sickness,9
Neighbourhood Services,South Petherton Comm Hospital,South Petherton Administration 20620,Administrative and Clerical,Hires,9
Surgical Services,T&O,Musculo-skeletal Interface OASIS 18009,Medical and Dental,Sickness,9
Neighbourhood Services,South Petherton Comm Hospital,South Petherton Wards 20623,Additional Clinical Services,Hires,9
Surgical Services,Vascular,Leg Ulcer 10017,Additional Clinical Services,Sickness,9
Mental Health and Learning Disabilities,CMHS East,Eating Disorders South Somerset 51251,Nursing and Midwifery Registered,Sickness,9
Corporate Support Services,Experience & Learning,Learning And Development 02008,Additional Clinical Services,Sickness,9
Medical Services,Neurology,Neurology Med Stf 20700,Medical and Dental,Hires,9
Medical Services,Cardiology,Cath Lab 21005,Additional Clinical Services,Leavers,9
Corporate Support Services,Digital,Digital Maternity Project 05019,Additional Clinical Services,Sickness,9
Medical Services,Acute/General Medicine DEPT,Acute Medical Unit 20201,Administrative and Clerical,Hires,9
Corporate Support Services,Estates and Facilities - SFT,Williton Hotel Services 20632,Estates and Ancillary,Hires,9
Medical Services,Endocrinology,Endocrinology Med Stf 21100,Medical and Dental,Hires,9
Medical Services,Cardiology,Cath Lab 21005,Allied Health Professionals,Sickness,9
CYP & Families Services,Maternity DEPT,Maternity Admin MPH 49030,Administrative and Clerical,Leavers,9
Corporate Support Services,Estates and Facilities - SFT,West Mendip Hotel Services 21682,Estates and Ancillary,Hires,9
Corporate Support Services,Resourcing,Recruitment Advertising 75422,Administrative and Clerical,Leavers,9
Clinical Support and Cancer Services,Other HOPE and Palliative Care,Oncology/Haematology Nursing 35000,Nursing and Midwifery Registered,Hires,9
Corporate Support Services,Digital,Technical Dev 05009,Administrative and Clerical,Hires,9
Corporate Support Services,Procurement,Supply Chain 03007,Estates and Ancillary,Leavers,9
Clinical Support and Cancer Services,Other HOPE and Palliative Care,Enhanced Supportive Care 35610,Allied Health Professionals,Sickness,9
Medical Services,Endocrinology,Diabetes 21120,Nursing and Midwifery Registered,Leavers,9
Medical Services,Endocrinology,Diabetes 21120,Nursing and Midwifery Registered,Hires,9
Corporate Support Services,Digital,Data Insights 05001,Administrative and Clerical,Hires,9
CYP & Families Services,Women's Services,Obs & Gynae Admin Support MPH 49020,Administrative and Clerical,Hires,9
Corporate Support Services,Dir of Quality & Involvement,Governance Support Team 00404,Administrative and Clerical,Leavers,9
Medical Services,Acute/General Medicine DEPT,AMU - 6B 76209,Additional Clinical Services,Leavers,9
Medical Services,Medical Services Management DEPT,Urgent Care Management 76380,Allied Health Professionals,Sickness,9
Corporate Support Services,Trustwide Schemes,Admin & Clerical Bank 75449,Administrative and Clerical,Hires,9
Corporate Support Services,Overseas DEPT,Unfunded Trust IR 02031,Administrative and Clerical,Sickness,9
Clinical Support and Cancer Services,Therapies DEPT,Podiatry 16005,Administrative and Clerical,Leavers,9
Corporate Support Services,Experience & Learning,Learning And Development 02008,Administrative and Clerical,Leavers,9
CYP & Families Services,Community & Urgent Services,CAMHS RAFT 40040,Additional Clinical Services,Hires,9
Corporate Support Services,Experience & Learning,Learning And Development 02008,Administrative and Clerical,Hires,9
Corporate Support Services,Medical Examiner,Medical Examiners 00311,Nursing and Midwifery Registered,Sickness,9
Corporate Support Services,Commercial,Somerset Cancer Register 00145,Administrative and Clerical,Leavers,9
Corporate Support Services,Experience & Learning,Leadership & OD 02061,Nursing and Midwifery Registered,Sickness,9
Corporate Support Services,Deputy CPO,Library 75514,Administrative and Clerical,Sickness,9
Corporate Support Services,Procurement,Procurement 03003,Administrative and Clerical,Leavers,9
CYP & Families Services,Community & Urgent Services,CAMHS - Liaison 40035,Allied Health Professionals,Sickness,9
Corporate Support Services,Trustwide Schemes,Training 02042,Administrative and Clerical,Sickness,9
Corporate Support Services,Estates and Facilities - SFT,Wincanton Hotel Services 21702,Estates and Ancillary,Leavers,9
Medical Services,Acute/General Medicine DEPT,Acute Phys Medical Staff 76208,Medical and Dental,Hires,9
Corporate Support Services,Estates and Facilities - SFT,Crewkerne Hotel Services 21562,Estates and Ancillary,Leavers,9
Medical Services,Respiratory,Medicine Ward 9A 76281,Additional Clinical Services,Leavers,9
Clinical Support and Cancer Services,Medical Imaging,Radiology - MPH 32000,Administrative and Clerical,Leavers,9
Medical Services,Cardiology,Clinical Investigations 76275,Nursing and Midwifery Registered,Sickness,9
Medical Services,Acute/General Medicine DEPT,Medicine Ward 7A 76282,Additional Clinical Services,Hires,9
Corporate Support Services,Estates and Facilities - SFT,Estates Mgt - Operational 04000,Administrative and Clerical,Sickness,9
CYP & Families Services,Community Paediatrics,Paediatric Therapies Yeovil 42010,Allied Health Professionals,Hires,9
CYP & Families Services,Community Paediatrics,Paediatric Therapies Yeovil 42010,Allied Health Professionals,Leavers,9
Clinical Support and Cancer Services,Medical Imaging,Radiology ATOs 76360,Additional Clinical Services,Hires,9
CYP & Families Services,Acute Paediatrics,Childrens Inpatient Unit 43010,Additional Clinical Services,Hires,9
Corporate Support Services,MLT Central,Medical Central Team 00307,Healthcare Scientists,Sickness,9
Medical Services,Respiratory,Medicine Ward 9A 76281,Students,Hires,9
CYP & Families Services,Early Intervention & Spec Svs,CAMHS PCN Team 40055,Add Prof Scientific and Technic,Sickness,9
Clinical Support and Cancer Services,Medical Imaging,Radiology - MPH 32000,Additional Clinical Services,Hires,9
Medical Services,Cardiology,CCU 76277,Students,Sickness,9
CYP & Families Services,Acute Paediatrics,Paediatric Acute Admin 43130,Administrative and Clerical,Leavers,9
Corporate Support Services,Research and Development,Research Delivery 00136,Administrative and Clerical,Leavers,9
Clinical Support and Cancer Services,Therapies DEPT,Podiatry 16005,Additional Clinical Services,Hires,8
Medical Services,Care of the Older Person DEPT,COOP Admin 62006,Administrative and Clerical,Sickness,8
Neighbourhood Services,Mass Vaccination Programme,Mass Vaccination Musgrove 00033,Administrative and Clerical,Hires,8
Surgical Services,T&O,Musculo Skeletal Secretaries 18001,Administrative and Clerical,Hires,8
Surgical Services,T&O,Orthopaedic Med Stf MPH 18002,Add Prof Scientific and Technic,Sickness,8
Corporate Support Services,Deputy CPO,HR Services 75418,Administrative and Clerical,Leavers,8
Neighbourhood Services,Intermediate Care DEPT,D2A 00005,Administrative and Clerical,Leavers,8
Corporate Support Services,Deputy CPO,HR Management 75417,Nursing and Midwifery Registered,Sickness,8
Neighbourhood Services,West Mendip Community Hospital,West Mendip Nursing 20501,Additional Clinical Services,Hires,8
Operational Management,Admin - Cancer Services,Cancer Alliance 00023,Administrative and Clerical,Hires,8
Surgical Services,Ophthalmology,Optical Nursing 75800,Additional Clinical Services,Leavers,8
Corporate Support Services,Overseas DEPT,Yeovil IR 75424,Administrative and Clerical,Leavers,8
Corporate Support Services,Central DEPT,Central Cost 75330,Nursing and Midwifery Registered,Sickness,8
Medical Services,Cardiology,Cardiology Medical Staff 76260,Medical and Dental,Hires,8
Corporate Support Services,Student Support,NMET Bids 02045,Nursing and Midwifery Registered,Sickness,8
Medical Services,Endocrinology,CLOSED Diabetes Specialist NR 21101,Nursing and Midwifery Registered,Sickness,8
Corporate Support Services,Estates and Facilities - SFT,Distribution 04240,Estates and Ancillary,Hires,8
Neighbourhood Services,PCN Care of the Elderly,Bone Health Team 76213,Administrative and Clerical,Sickness,8
Surgical Services,Ophthalmology,Ophthalmology Med Staff MPH 14001,Medical and Dental,Hires,8
Corporate Support Services,Safeguarding,Safeguarding 00207,Administrative and Clerical,Hires,8
Medical Services,Emergency Care DEPT,Accident & Emergency 76204,Students,Hires,8
Surgical Services,Ophthalmology,Ophthalmic OPD 14002,Additional Clinical Services,Hires,8
Medical Services,Care of the Older Person DEPT,CLOSED - Wordsworth Ward 20400,Additional Clinical Services,Sickness,8
Corporate Support Services,Resourcing,Recruitment 02007,Administrative and Clerical,Leavers,8
Neighbourhood Services,Bridgwater Community Hospital,Bridgwater OPD 21400,Administrative and Clerical,Leavers,8
Neighbourhood Services,Palliative Care DEPT,Palliative Care Medical Team 62010,Medical and Dental,Leavers,8
Clinical Support and Cancer Services,Therapies DEPT,Outpatient Therapists 75841,Allied Health Professionals,Hires,8
Corporate Support Services,Estates and Facilities - SFT,MFT/PCP 04250,Estates and Ancillary,Hires,8
Corporate Support Services,Resourcing,Talent Hub 00065,Administrative and Clerical,Leavers,8
Neighbourhood Services,Mass Vaccination Programme,Mass Vaccination - East 00035,Nursing and Midwifery Registered,Leavers,8
Surgical Services,Max Fax,Maxillo Facial Med Stf 12006,Additional Clinical Services,Leavers,8
Corporate Support Services,Estates and Facilities - SFT,Frome Hotel Services 21602,Estates and Ancillary,Leavers,8
Corporate Support Services,Estates and Facilities - SFT,Distribution 04240,Estates and Ancillary,Leavers,8
Mental Health and Learning Disabilities,CMHS East,South Somerset CMHT 51211,Additional Clinical Services,Hires,8
Corporate Support Services,Estates and Facilities - SFT,Williton Hotel Services 20632,Estates and Ancillary,Leavers,8
Medical Services,Cardiology,Clinical Investigations 76275,Healthcare Scientists,Leavers,8
Mental Health and Learning Disabilities,CMHS East,South Somerset CMHT 51211,Administrative and Clerical,Sickness,8
Neighbourhood Services,Minehead Community Hospital,Minehead Wards 21623,Nursing and Midwifery Registered,Leavers,8
Medical Services,Medical DayCare DEPT,Medical Day Unit 20100,Additional Clinical Services,Hires,8
CYP & Families Services,Maternity DEPT,Maternity - Community 45020,Nursing and Midwifery Registered,Hires,8
Corporate Support Services,Estates and Facilities - SFT,Estates & Facilities Admin 04020,Administrative and Clerical,Hires,8
Mental Health and Learning Disabilities,Urgent Care & Forensic Servs,Yeovil Crisis Resolution Team 52201,Administrative and Clerical,Sickness,8
Medical Services,Cardiology,Clinical Investigations 76275,Add Prof Scientific and Technic,Leavers,8
CYP & Families Services,Sexual Health Services,Somerset-Wide Integrated Sexual Health 42060,Administrative and Clerical,Hires,8
Surgical Services,Urology,Specialist Surg Secs 16008,Administrative and Clerical,Hires,8
Surgical Services,Urology,Specialist Surg Secs 16008,Administrative and Clerical,Leavers,8
Surgical Services,Acute Surgery,Montacute North 00004,Additional Clinical Services,Leavers,8
Corporate Support Services,Finance,Payroll 03004,Administrative and Clerical,Hires,8
Medical Services,Acute/General Medicine DEPT,Acute Admin 20205,Administrative and Clerical,Sickness,8
Corporate Support Services,Medical Education Director of People,Somerset Academy 02015,Medical and Dental,Sickness,8
Corporate Support Services,Finance,Payroll 03004,Administrative and Clerical,Leavers,8
Mental Health and Learning Disabilities,Talking Therapies,Talking Therapies Team 55304,Administrative and Clerical,Leavers,8
Surgical Services,Critical Care,Theatres & Critical Care Sim 17004,Additional Clinical Services,Sickness,8
Corporate Support Services,Trustwide Schemes,Bank 00014,Medical and Dental,Hires,8
Neighbourhood Services,Integrated Team Mendip,Mendip Int Team Admin Services 61212,Administrative and Clerical,Hires,8
Clinical Support and Cancer Services,Pathology,Blood Products 31300,Nursing and Midwifery Registered,Sickness,8
Surgical Services,Outpatients,Outpatients Nursing 15002,Additional Clinical Services,Hires,8
Surgical Services,Private Patients,Parkside 00121,Administrative and Clerical,Leavers,8
Neighbourhood Services,Int Team Taunton & West Som,West Somerset OPMH 62100,Nursing and Midwifery Registered,Sickness,8
Clinical Support and Cancer Services,Haematology,Beacon Day Ward 33200,Nursing and Midwifery Registered,Leavers,8
Surgical Services,Private Patients,Parkside 00121,Additional Clinical Services,Hires,8
SSL Corporate,SSL Facilities EME Level 5,SSL EME S75360,Add Prof Scientific and Technic,Sickness,8
Clinical Support and Cancer Services,Haematology,Haematology Med Staff 33000,Add Prof Scientific and Technic,Sickness,8
Surgical Services,Theatres & DSC,Day Surgery Centre 17015,Nursing and Midwifery Registered,Leavers,8
Mental Health and Learning Disabilities,Medical CMHS,Med Gen Ad Comm CMHT MInehead 57712,Medical and Dental,Sickness,8
Clinical Support and Cancer Services,Oncology,Beacon Radiotherapy 34200,Allied Health Professionals,Hires,8
Clinical Support and Cancer Services,Oncology,Beacon Radiotherapy 34200,Additional Clinical Services,Hires,8
Medical Services,Rheumatology,Rheumatology Med Stf - SOM 21200,Medical and Dental,Leavers,8
Mental Health and Learning Disabilities,Medical CMHS,Med Gen Ad Comm CMHT Mendip 57612,Nursing and Midwifery Registered,Sickness,8
Medical Services,Acute/General Medicine DEPT,Ward 6A - Gen Med 75755,Nursing and Midwifery Registered,Leavers,8
Medical Services,Acute/General Medicine DEPT,Exmoor Ward 20203,Nursing and Midwifery Registered,Leavers,8
Mental Health and Learning Disabilities,Inpatients DEPT,Broadway Central 50102,Estates and Ancillary,Leavers,8
Clinical Support and Cancer Services,Haematology,Haematology Med Staff 33000,Medical and Dental,Hires,8
Neighbourhood Services,Int Team Taunton & West Som,T & WS Admin 61506,Administrative and Clerical,Hires,8
CYP & Families Services,Community Paediatrics,Looked After Children Health Team 42100,Nursing and Midwifery Registered,Hires,8
SSL Corporate,SSL Facilities EME Level 5,SSL Equipment Library S75362,Additional Clinical Services,Leavers,8
Neighbourhood Services,Int Team N Sedge & B'Water,DN North Sedgemoor 61300,Nursing and Midwifery Registered,Hires,8
Neighbourhood Services,Burnham on Sea Comm Hospital,Burnham Wards 21523,Additional Clinical Services,Leavers,8
Neighbourhood Services,Integrated Team South Som,DN S Somerset - SPQ 61100,Nursing and Midwifery Registered,Hires,8
Mental Health and Learning Disabilities,CMHS West,Foundation House Admin Team 51180,Administrative and Clerical,Leavers,8
Mental Health and Learning Disabilities,CMHS West,Foundation House Admin Team 51180,Administrative and Clerical,Hires,8
Neighbourhood Services,Integrated Team South Som,Rehab South Somerset 61401,Administrative and Clerical,Sickness,8
Clinical Support and Cancer Services,Therapies DEPT,Occupational Therapist 75839,Administrative and Clerical,Sickness,8
Neighbourhood Services,Integrated Team South Som,DN S Somerset - SPQ 61100,Nursing and Midwifery Registered,Leavers,8
Clinical Support and Cancer Services,Therapies DEPT,Enteral Feeding 20261,Additional Clinical Services,Sickness,8
Surgical Services,Theatres & DSC,Day Theatres 75701,Additional Clinical Services,Leavers,8
Mental Health and Learning Disabilities,Learning Difficulties,Learning Disabilities West 53100,Allied Health Professionals,Hires,8
Corporate Support Services,Trustwide Schemes,Medical Support Workers 02069,Add Prof Scientific and Technic,Leavers,8
SSL Corporate,SSL Central Management Level 5,SSL Covid-19 75310,Estates and Ancillary,Sickness,8
Operational Management,Admin - Cancer Services,Cancer Front Door 00027,Nursing and Midwifery Registered,Sickness,8
Operational Management,Discharge Team,Discharge Team 00010,Additional Clinical Services,Leavers,8
Surgical Services,Endoscopy,Endoscopy MPH 13002,Estates and Ancillary,Hires,8
Surgical Services,Endoscopy,Endoscopy YDH 76265,Administrative and Clerical,Hires,8
Corporate Support Services,Information Governance,Medical Records 75438,Administrative and Clerical,Hires,7
Neighbourhood Services,Burnham on Sea Comm Hospital,Med Comm Hosp Inp Burnham 21524,Nursing and Midwifery Registered,Sickness,7
Surgical Services,POAC,Pre Op 17009,Nursing and Midwifery Registered,Leavers,7
Corporate Support Services,Estates and Facilities - SFT,Frome Hotel Services 21602,Estates and Ancillary,Hires,7
CYP & Families Services,Maternity DEPT,Midwifery YDH 75738,Administrative and Clerical,Leavers,7
Medical Services,Care of the Older Person DEPT,Acute Frailty Unit 20402,Medical and Dental,Sickness,7
Mental Health and Learning Disabilities,Community Rehab DEPT,Open Mental Health Rehab 55307,Add Prof Scientific and Technic,Sickness,7
Neighbourhood Services,Integrated Team South Som,South Somerset Admin Team 61404,Administrative and Clerical,Leavers,7
Corporate Support Services,Resourcing,E Rota Admin 75416,Administrative and Clerical,Leavers,7
CYP & Families Services,Dorset,Dorset Dental Team - East 44040,Medical and Dental,Leavers,7
Mental Health and Learning Disabilities,Inpatients DEPT,Holford Ward Team 50170,Additional Clinical Services,Hires,7
CYP & Families Services,Early Intervention & Spec Svs,CAMHS - Tier 2+ 40050,Add Prof Scientific and Technic,Sickness,7
Neighbourhood Services,Frome Community Hospital,Frome Wards 21603,Additional Clinical Services,Leavers,7
CYP & Families Services,Maternity DEPT,Midwifery YDH 75738,Students,Hires,7
Surgical Services,Colorectal,Colorectal Med Stf 10009,Medical and Dental,Leavers,7
Surgical Services,Private Patients,Kingston Wing 75781,Administrative and Clerical,Hires,7
Neighbourhood Services,Mass Vaccination Programme,Mass Vaccination - East 00035,Nursing and Midwifery Registered,Hires,7
Neighbourhood Services,Mass Vaccination Programme,Mass Vaccination Musgrove 00033,Additional Clinical Services,Leavers,7
Medical Services,Emergency Care DEPT,A And E Department 20002,Allied Health Professionals,Sickness,7
Mental Health and Learning Disabilities,Inpatients DEPT,Broadway Central 50102,Estates and Ancillary,Hires,7
Medical Services,Emergency Care DEPT,A And E Receptionists 20001,Administrative and Clerical,Leavers,7
Corporate Support Services,Finance,Management Accounts 75406,Administrative and Clerical,Hires,7
Surgical Services,Other Surgery,Elective Management 75717,Nursing and Midwifery Registered,Sickness,7
Neighbourhood Services,Intensive Dementia DEPT,Intensive Dementia Support Service - West 67100,Nursing and Midwifery Registered,Sickness,7
Medical Services,Emergency Care DEPT,Accident & Emergency 76204,Nursing and Midwifery Registered,Hires,7
CYP & Families Services,Community & Urgent Services,CAMHS West Team 40020,Add Prof Scientific and Technic,Leavers,7
CYP & Families Services,Community & Urgent Services,CAMHS West Team 40020,Additional Clinical Services,Hires,7
Mental Health and Learning Disabilities,CMHS West,Taunton CMHT 51110,Nursing and Midwifery Registered,Leavers,7
Surgical Services,Outpatients,Main Outpatient 75769,Additional Clinical Services,Hires,7
Surgical Services,Private Patients,Parkside 00121,Estates and Ancillary,Leavers,7
Mental Health and Learning Disabilities,CMHS West,Transformation West 51170,Add Prof Scientific and Technic,Leavers,7
Neighbourhood Services,Intermediate Care DEPT,D2A 00005,Allied Health Professionals,Hires,7
Neighbourhood Services,Intermediate Care DEPT,Pathway 2/3 65801,Additional Clinical Services,Leavers,7
Corporate Support Services,Procurement,Supply Chain 03007,Administrative and Clerical,Hires,7
Corporate Support Services,Experience & Learning,Colleague Support 02066,Additional Clinical Services,Leavers,7
Corporate Support Services,Medical Education Director of People,Post Grad Medical Centre - MPH 02018,Estates and Ancillary,Sickness,7
Neighbourhood Services,Integrated Team South Som,Rehab South Somerset 61401,Additional Clinical Services,Leavers,7
Neighbourhood Services,Int Team N Sedge & B'Water,District Nursing Nights 60040,Nursing and Midwifery Registered,Leavers,7
CYP & Families Services,Dorset,Dorset Dental Team - East 44040,Additional Clinical Services,Hires,7
Neighbourhood Services,Complex Care DEPT,Complex Care - CLICK PCN 76001,Nursing and Midwifery Registered,Sickness,7
Mental Health and Learning Disabilities,Inpatients DEPT,Rowan Ward 2 50281,Additional Clinical Services,Leavers,7
Neighbourhood Services,Frome Community Hospital,Frome Administration 21600,Administrative and Clerical,Hires,7
Corporate Support Services,Medical Education Director of People,Post Grad Medical Centre - MPH 02018,Administrative and Clerical,Leavers,7
CYP & Families Services,Directorate Management Fam,Families Management 49010,Nursing and Midwifery Registered,Leavers,7
Corporate Support Services,Medical Education Director of People,Post Grad Medical Centre - MPH 02018,Administrative and Clerical,Hires,7
Neighbourhood Services,Integrated Team South Som,DN S Somerset - SPQ 61100,Additional Clinical Services,Hires,7
Neighbourhood Services,Intermediate Care DEPT,Rapid Response 67000,Allied Health Professionals,Leavers,7
Neighbourhood Services,Integrated Team South Som,Rehab South Somerset 61401,Allied Health Professionals,Hires,7
Corporate Support Services,Medical Education Director of People,F2 GP Placement 75512,Medical and Dental,Hires,7
Surgical Services,T&O,Hestercombe South West 18007,Nursing and Midwifery Registered,Leavers,7
CYP & Families Services,Acute Paediatrics,Ward 10 76250,Students,Sickness,7
Mental Health and Learning Disabilities,Urgent Care & Forensic Servs,Ash Ward Team 50160,Nursing and Midwifery Registered,Leavers,7
Surgical Services,Endoscopy,Endoscopy YDH 76265,Nursing and Midwifery Registered,Hires,7
Surgical Services,Endoscopy,Endoscopy YDH 76265,Nursing and Midwifery Registered,Leavers,7
Surgical Services,Endoscopy,Endoscopy YDH 76265,Students,Sickness,7
Surgical Services,Theatres & DSC,Day Theatres 75701,Additional Clinical Services,Hires,7
Clinical Support and Cancer Services,Therapies DEPT,Inpatient Therapists 75838,Administrative and Clerical,Sickness,7
Medical Services,Cardiology,Cardiology 21003,Healthcare Scientists,Leavers,7
CYP & Families Services,Acute Paediatrics,Ward 10 76250,Students,Hires,7
Clinical Support and Cancer Services,Therapies DEPT,Podiatry 16005,Allied Health Professionals,Hires,7
Mental Health and Learning Disabilities,Urgent Care & Forensic Servs,Ash Ward Team 50160,Additional Clinical Services,Hires,7
Neighbourhood Services,Wincanton Community Hospital,Wincanton Nursing 20502,Nursing and Midwifery Registered,Hires,7
Mental Health and Learning Disabilities,Urgent Care & Forensic Servs,Perinatal 50106,Nursing and Midwifery Registered,Hires,7
Mental Health and Learning Disabilities,CMHS East,Transformation East 51270,Administrative and Clerical,Sickness,7
Mental Health and Learning Disabilities,Learning Difficulties,Learning Disabilities East 53200,Allied Health Professionals,Hires,7
CYP & Families Services,Community Paediatrics,Paediatric Therapies Mendip 42010,Allied Health Professionals,Hires,7
Neighbourhood Services,West Mendip Community Hospital,West Mendip Nursing 20501,Additional Clinical Services,Leavers,7
Corporate Support Services,Community Diagnostic Centres DEPT,West Somerset CDC 00160,Add Prof Scientific and Technic,Sickness,7
Mental Health and Learning Disabilities,CMHS East,APPTS South Somerset 51231,Add Prof Scientific and Technic,Leavers,7
CYP & Families Services,Community Paediatrics,CYP Therapy Service 42010,Allied Health Professionals,Leavers,7
Medical Services,Acute/General Medicine DEPT,Acute Medical Unit 20201,Nursing and Midwifery Registered,Hires,7
Corporate Support Services,Safeguarding,Safeguarding 00207,Nursing and Midwifery Registered,Hires,7
Surgical Services,Vascular,Tissue Viability Nurse 10015,Nursing and Midwifery Registered,Sickness,7
Surgical Services,Vascular,Vascular Nurse 10013,Administrative and Clerical,Sickness,7
Clinical Support and Cancer Services,Medical Imaging,Radiology - MPH 32000,Healthcare Scientists,Hires,7
Clinical Support and Cancer Services,Medical Imaging,Radiology - MPH 32000,Medical and Dental,Leavers,7
Clinical Support and Cancer Services,Medical Imaging,Radiology Medical Staff 76362,Medical and Dental,Hires,7
Medical Services,Acute/General Medicine DEPT,Med Staff - Acute Physicians 76208 DO NOT USE,Medical and Dental,Hires,7
Surgical Services,Breast,Breast Care Centre 16001,Allied Health Professionals,Leavers,7
Medical Services,Acute/General Medicine DEPT,Tor - Medical Ready to Go 20204,Administrative and Clerical,Sickness,7
Medical Services,Acute/General Medicine DEPT,CLOSED Other Medical - Med Staff 76262,Medical and Dental,Hires,7
Clinical Support and Cancer Services,Oncology,Clinical Oncology 34000,Administrative and Clerical,Hires,7
Clinical Support and Cancer Services,Pharmacy DEPT,Pharmacy Som Part 76349,Additional Clinical Services,Sickness,7
SSL Corporate,SSL IT and Business Info Level 5,SSL IT Services S75436,Administrative and Clerical,Leavers,7
Clinical Support and Cancer Services,Other HOPE and Palliative Care,Oncology/Haematology Nursing 35000,Additional Clinical Services,Hires,7
SSL Corporate,SSL Facilities Soft FM Level 5,SSL Logistics Team S75389,Estates and Ancillary,Leavers,7
CYP & Families Services,Acute Paediatrics,Paediatric Admin Support 76243,Administrative and Clerical,Leavers,7
Mental Health and Learning Disabilities,Talking Therapies,Talking Therapies Team 55304,Additional Clinical Services,Hires,7
Medical Services,Acute/General Medicine DEPT,Acute Medical Unit 20201,Nursing and Midwifery Registered,Leavers,7
Mental Health and Learning Disabilities,Talking Therapies,Talking Therapies Team 55304,Administrative and Clerical,Hires,7
Clinical Support and Cancer Services,Pharmacy DEPT,Pharmacy - YDH Pay 76346,Administrative and Clerical,Hires,7
Mental Health and Learning Disabilities,Learning Difficulties,Learning Disabilities East 53200,Additional Clinical Services,Hires,7
CYP & Families Services,Somerset,Dental Team - East Somerset 44010,Additional Clinical Services,Leavers,7
Neighbourhood Services,Minor Injury DEPT,Minehead MIU 20027,Allied Health Professionals,Sickness,7
Corporate Support Services,Resourcing,Nursing Apprentices 02049,Additional Clinical Services,Sickness,7
Medical Services,Endocrinology,Diab & Endo Medical Staff 76297,Medical and Dental,Hires,7
Corporate Support Services,Resourcing,Recruitment Advertising 75422,Administrative and Clerical,Hires,7
Corporate Support Services,Director of Corporate Services DEPT,Chief Executive 75301,Medical and Dental,Sickness,7
Mental Health and Learning Disabilities,CMHS East,South Somerset CMHT 51211,Nursing and Midwifery Registered,Hires,7
Corporate Support Services,Director of Communications,Communications 00402,Administrative and Clerical,Hires,7
Medical Services,Endocrinology,Endocrinology Med Stf 21100,Add Prof Scientific and Technic,Sickness,7
CYP & Families Services,Sexual Health Services,Somerset-Wide Integrated Sexual Health 42060,Medical and Dental,Leavers,7
Mental Health and Learning Disabilities,CMHS East,Eating Disorders Team Mendip 51250,Add Prof Scientific and Technic,Sickness,7
Medical Services,Cardiology,Cath Lab 21005,Nursing and Midwifery Registered,Hires,7
Medical Services,Endocrinology,Diab & Endo Medical Staff 76297,Add Prof Scientific and Technic,Sickness,7
Mental Health and Learning Disabilities,Inpatients DEPT,Rydon Ward 2 50182,Nursing and Midwifery Registered,Leavers,7
Corporate Support Services,Digital,Digital Maternity Project 05019,Administrative and Clerical,Sickness,7
Mental Health and Learning Disabilities,CMHS East,South Somerset CMHT 51211,Nursing and Midwifery Registered,Leavers,7
Surgical Services,T&O,Musculo-skeletal Interface OASIS 18009,Allied Health Professionals,Leavers,7
Corporate Support Services,Digital,Data Insights 05001,Administrative and Clerical,Leavers,7
Mental Health and Learning Disabilities,CMHS East,Transformation East 51270,Add Prof Scientific and Technic,Hires,7
Mental Health and Learning Disabilities,CMHS East,Transformation East 51270,Add Prof Scientific and Technic,Leavers,7
CYP & Families Services,Maternity DEPT,Newborn Hearing MPH 45070,Healthcare Scientists,Sickness,7
CYP & Families Services,Maternity DEPT,Newborn Hearing MPH 45070,Additional Clinical Services,Hires,7
Medical Services,Cardiology,Clinical Investigations 76275,Additional Clinical Services,Leavers,7
Surgical Services,Private Patients,Parkside 00121,Estates and Ancillary,Hires,6
Medical Services,Cardiology,Clinical Investigations 76275,Healthcare Scientists,Hires,6
Corporate Support Services,Resourcing,Medical Rota Admin 75419,Administrative and Clerical,Leavers,6
Medical Services,Care of the Older Person DEPT,CLOSED - Wordsworth Ward 20400,Nursing and Midwifery Registered,Leavers,6
Medical Services,Acute/General Medicine DEPT,CLOSED Other Medical - Med staff 76262,Medical and Dental,Hires,6
Medical Services,Acute/General Medicine DEPT,Acute Phys Medical Staff 76208,Administrative and Clerical,Sickness,6
Medical Services,Acute/General Medicine DEPT,Acute Phys Medical Staff 76208,Medical and Dental,Leavers,6
Neighbourhood Services,Bridgwater Community Hospital,Bridgwater Wards 21503 Do not use,Additional Clinical Services,Sickness,6
Mental Health and Learning Disabilities,Inpatients DEPT,Rydon Ward 2 50182,Additional Clinical Services,Leavers,6
CYP & Families Services,Community Paediatrics,Community Childrens Nursing 42040,Nursing and Midwifery Registered,Hires,6
CYP & Families Services,Community Paediatrics,Community Childrens Psychology 42050,Add Prof Scientific and Technic,Sickness,6
Surgical Services,Private Patients,Kingston Wing 75781,Students,Hires,6
Neighbourhood Services,Burnham on Sea Comm Hospital,Burnham Wards 21523,Nursing and Midwifery Registered,Hires,6
Medical Services,Acute/General Medicine DEPT,Jasmine R2G Ward 75734,Students,Sickness,6
Corporate Support Services,Resourcing,Flexible Workforce 02064,Administrative and Clerical,Leavers,6
Medical Services,Care of the Older Person DEPT,Eliot Ward 20403,Nursing and Midwifery Registered,Leavers,6
CYP & Families Services,Community Paediatrics,Community Childrens Psychology 42050,Administrative and Clerical,Sickness,6
CYP & Families Services,Directorate Management Fam,Divisional Management CAMHS 49010,Allied Health Professionals,Sickness,6
Medical Services,Cardiology,Clinical Investigations 76275,Additional Clinical Services,Hires,6
Surgical Services,T&O,Gould Ward 15 18004,Nursing and Midwifery Registered,Leavers,6
Mental Health and Learning Disabilities,Urgent Care & Forensic Servs,Mendip Crisis Resolution Team 52200,Nursing and Midwifery Registered,Hires,6
Mental Health and Learning Disabilities,Urgent Care & Forensic Servs,Yeovil Crisis Resolution Team 52201,Additional Clinical Services,Hires,6
Mental Health and Learning Disabilities,Urgent Care & Forensic Servs,Taunton Crisis Resolution Team 52101,Additional Clinical Services,Hires,6
Neighbourhood Services,Bridgwater Community Hospital,Bridgwater Administration 21500,Administrative and Clerical,Leavers,6
Medical Services,Care of the Older Person DEPT,CLOSED - Wordsworth Ward 20400,Nursing and Midwifery Registered,Sickness,6
CYP & Families Services,Community Paediatrics,Paediatric Therapies Taunton 42010,Additional Clinical Services,Hires,6
Mental Health and Learning Disabilities,Inpatients DEPT,Willow Ward Team 50190,Additional Clinical Services,Hires,6
Neighbourhood Services,Frome Community Hospital,Frome Administration 21600,Administrative and Clerical,Leavers,6
Corporate Support Services,Student Support,NMET Bids 02045,Additional Clinical Services,Sickness,6
Neighbourhood Services,Crewkerne Community Hospital,Crewkerne Wards 21563,Additional Clinical Services,Leavers,6
Mental Health and Learning Disabilities,Inpatients DEPT,Rowan Ward 1 50280,Estates and Ancillary,Leavers,6
Corporate Support Services,Overseas DEPT,Yeovil IR 75424,Administrative and Clerical,Hires,6
Mental Health and Learning Disabilities,Urgent Care & Forensic Servs,Perinatal 50106,Add Prof Scientific and Technic,Hires,6
Corporate Support Services,Trustwide Schemes,Bank Nurses 75450,Allied Health Professionals,Leavers,6
Neighbourhood Services,Bridgwater Community Hospital,Bridgwater OPD 21400,Additional Clinical Services,Hires,6
Medical Services,Care of the Older Person DEPT,CLOSED - Wordsworth Ward 20400,Additional Clinical Services,Leavers,6
Corporate Support Services,Procurement,Supply Chain 03007,Administrative and Clerical,Leavers,6
CYP & Families Services,Community Paediatrics,Paediatric Therapies Management 42010,Allied Health Professionals,Sickness,6
Neighbourhood Services,Int Team N Sedge & B'Water,DN Bridgwater Bay 61001,Nursing and Midwifery Registered,Leavers,6
Medical Services,Care of the Older Person DEPT,CLOSED - Wordsworth Ward 20400,Administrative and Clerical,Sickness,6
Medical Services,Care of the Older Person DEPT,FAU Medical Staff 76211,Medical and Dental,Hires,6
Surgical Services,Theatres & DSC,Day Theatres 75701,Nursing and Midwifery Registered,Hires,6
Surgical Services,Theatres & DSC,Main Theatres 75824,Add Prof Scientific and Technic,Leavers,6
Neighbourhood Services,Int Team N Sedge & B'Water,DN North Sedgemoor 61300,Additional Clinical Services,Hires,6
Mental Health and Learning Disabilities,Learning Difficulties,Learning Disabilities West 53100,Allied Health Professionals,Leavers,6
Corporate Support Services,WoE Imaging Network,WoE Imaging Network 00157,Administrative and Clerical,Hires,6
Mental Health and Learning Disabilities,Urgent Care & Forensic Servs,Urgent Care Hub 52102,Add Prof Scientific and Technic,Sickness,6
Mental Health and Learning Disabilities,MH & LD Resident Doctors DEPT,MH & LD Resident Doctors 57015,Medical and Dental,Hires,6
CYP & Families Services,Community Paediatrics,CYP Therapy Service 42010,Allied Health Professionals,Hires,6
Medical Services,Cardiology,Cath Lab 21005,Nursing and Midwifery Registered,Leavers,6
Medical Services,Acute/General Medicine DEPT,Sheppard Medical 20206,Additional Clinical Services,Hires,6
Corporate Support Services,Experience & Learning,HR Advisor 02060,Administrative and Clerical,Leavers,6
Surgical Services,Max Fax,YDH Maxillo Facial 12004,Administrative and Clerical,Leavers,6
Mental Health and Learning Disabilities,CMHS West,Bridgwater CMH Team 51111,Additional Clinical Services,Leavers,6
Neighbourhood Services,Intermediate Care DEPT,Primary Link 29001,Administrative and Clerical,Leavers,6
Mental Health and Learning Disabilities,CMHS West,Bridgwater CMH Team 51111,Administrative and Clerical,Hires,6
Mental Health and Learning Disabilities,CMHS West,Bridgwater CMH Team 51111,Administrative and Clerical,Leavers,6
Corporate Support Services,Estates and Facilities - SFT,Transport - MPH 04260,Estates and Ancillary,Leavers,6
Neighbourhood Services,Intermediate Care DEPT,Pathway 2/3 65801,Allied Health Professionals,Leavers,6
Corporate Support Services,Estates and Facilities - SFT,West Mendip Hotel Services 21682,Estates and Ancillary,Leavers,6
CYP & Families Services,Maternity DEPT,Maternity Admin MPH 49030,Administrative and Clerical,Hires,6
Surgical Services,Orthodontics,Orthodontics Med Stf 12008,Medical and Dental,Leavers,6
Surgical Services,Max Fax,YDH Maxillo Facial 12004,Administrative and Clerical,Hires,6
Medical Services,Stroke,Stroke Care Med Staff 20600,Medical and Dental,Leavers,6
CYP & Families Services,Community & Urgent Services,CAMHS East Team 40010,Add Prof Scientific and Technic,Hires,6
CYP & Families Services,Acute Paediatrics,Ward 10 76250,Additional Clinical Services,Hires,6
Clinical Support and Cancer Services,Therapies DEPT,PCN OT ARRS 68100,Allied Health Professionals,Hires,6
Mental Health and Learning Disabilities,Medical Inpatients,Med Gen Ad Inp Rydon Ward 1 57013,Medical and Dental,Hires,6
Neighbourhood Services,Intermediate Care DEPT,Primary Link 29001,Nursing and Midwifery Registered,Leavers,6
Surgical Services,Urology,Urology Med Stf MPH 16002,Administrative and Clerical,Sickness,6
Surgical Services,Gastro,Gastro Med Staff MPH 13001,Add Prof Scientific and Technic,Sickness,6
Mental Health and Learning Disabilities,CMHS East,Mendip CMHT 51210,Additional Clinical Services,Leavers,6
Corporate Support Services,Estates and Facilities - SFT,Estates - Community 04410,Estates and Ancillary,Hires,6
Corporate Support Services,Director of Communications,Communications 75302,Administrative and Clerical,Sickness,6
Clinical Support and Cancer Services,Therapies DEPT,MSK Physiotherapy 38250,Additional Clinical Services,Hires,6
Corporate Support Services,Estates and Facilities - SFT,Estates Mgt - Operational 04000,Estates and Ancillary,Leavers,6
SSL Corporate,SSL Facilities EME Level 5,SSL Equipment Library S75362,Additional Clinical Services,Hires,6
Medical Services,Neurology,Neurology Med Stf 20700,Medical and Dental,Leavers,6
CYP & Families Services,Community & Urgent Services,CAMHS East Team 40010,Add Prof Scientific and Technic,Leavers,6
SSL Corporate,SSL Facilities Hard FM Level 5,SSL Electrical Maintenance S75364,Estates and Ancillary,Hires,6
Corporate Support Services,Dir of Quality & Involvement,Patient & Family Centred Care 00201,Administrative and Clerical,Hires,6
CYP & Families Services,Women's Services,Obs & Gynae Admin Support MPH 49020,Administrative and Clerical,Leavers,6
Corporate Support Services,Estates and Facilities - SFT,Crewkerne Hotel Services 21562,Estates and Ancillary,Hires,6
Corporate Support Services,Estates and Facilities - SFT,Security Team - MPH 04251,Estates and Ancillary,Hires,6
SSL Corporate,SSL Facilities Hard FM Level 5,SSL Maintenance S75368,Estates and Ancillary,Hires,6
Clinical Support and Cancer Services,Therapies DEPT,Outpatient Therapists 75841,Administrative and Clerical,Hires,6
Clinical Support and Cancer Services,Pharmacy DEPT,Pharmacy Staff 37000,Administrative and Clerical,Leavers,6
Medical Services,Emergency Care DEPT,A And E Receptionists 20001,Administrative and Clerical,Hires,6
Surgical Services,Other Surgery,Surgery Management 11001,Administrative and Clerical,Hires,6
Surgical Services,Other Surgery,Surgery Management 11001,Administrative and Clerical,Leavers,6
CYP & Families Services,Sexual Health Services,Somerset-Wide Integrated Sexual Health 42060,Nursing and Midwifery Registered,Leavers,6
Surgical Services,Critical Care,ICU YDH 75822,Nursing and Midwifery Registered,Hires,6
Neighbourhood Services,Int Team Taunton & West Som,Taunton Integrated Rehabilitation Team 61502,Additional Clinical Services,Hires,6
Neighbourhood Services,Serv Grp Mngmnt Neighbourhoods,Secondments within PCN 69003,Nursing and Midwifery Registered,Sickness,6
Surgical Services,Bariatrics,Bariatric Surgery Med Stf 10004,Allied Health Professionals,Leavers,6
Neighbourhood Services,Int Team Taunton & West Som,Taunton Area Wellbeing Service 61500,Additional Clinical Services,Hires,6
Neighbourhood Services,South Petherton Comm Hospital,South Petherton Wards 20623,Nursing and Midwifery Registered,Hires,6
Medical Services,Care of the Older Person DEPT,Triscombe CO Older Persons Unit 20401,Nursing and Midwifery Registered,Leavers,6
Neighbourhood Services,Minehead Community Hospital,Med Comm Hosp Inp Minehead 21625,Medical and Dental,Sickness,6
Surgical Services,Gastro,Hestercombe North 13004,Nursing and Midwifery Registered,Leavers,6
Neighbourhood Services,Stroke Services DEPT,Stroke 20641,Administrative and Clerical,Leavers,6
Corporate Support Services,MLT Central,Medical Central Team 00307,Add Prof Scientific and Technic,Sickness,6
Neighbourhood Services,Stroke Services DEPT,Stroke 20641,Nursing and Midwifery Registered,Leavers,6
SSL Corporate,SSL Central Management Level 5,Covid-19 S75310,Administrative and Clerical,Sickness,6
Surgical Services,Vascular,Vascular Nurse 10013,Nursing and Midwifery Registered,Leavers,6
Mental Health and Learning Disabilities,CMHS East,Personality Disorders South Somerset 51261,Nursing and Midwifery Registered,Sickness,6
Surgical Services,Upper GI,ESAC 10002,Administrative and Clerical,Sickness,6
Mental Health and Learning Disabilities,CMHS West,Transformation West 51170,Nursing and Midwifery Registered,Hires,6
Corporate Support Services,Digital,Digital Delivery 05015,Nursing and Midwifery Registered,Sickness,6
Surgical Services,Urology,SIU Continence Nurses 16003,Administrative and Clerical,Sickness,6
Medical Services,Endocrinology,Endocrinology Med Stf 21100,Administrative and Clerical,Sickness,6
Surgical Services,Acute Surgery,Montacute South 10008,Administrative and Clerical,Hires,6
Clinical Support and Cancer Services,Oncology,Chemotherapy Nurse 76224,Nursing and Midwifery Registered,Leavers,6
Surgical Services,Acute Surgery,Surgery Ward 4A 75805,Nursing and Midwifery Registered,Leavers,6
Neighbourhood Services,Integrated Team South Som,Rehab South Somerset 61401,Allied Health Professionals,Leavers,6
Corporate Support Services,Experience & Learning,Simulation 02070,Allied Health Professionals,Sickness,6
Clinical Support and Cancer Services,Oncology,Cancer Nursing 76223,Nursing and Midwifery Registered,Leavers,6
Neighbourhood Services,Integrated Team Mendip,Mendip Older People 61204,Additional Clinical Services,Leavers,6
Medical Services,Respiratory,Medicine Ward 9A 76281,Additional Clinical Services,Hires,6
Medical Services,Dermatology,Dermatology Medical Staff 75853,Medical and Dental,Hires,6
Medical Services,Endocrinology,Endocrinology Med Stf 21100,Medical and Dental,Leavers,6
Surgical Services,Outpatients,Phlebotomy Staff 20260,Additional Clinical Services,Hires,6
Clinical Support and Cancer Services,Oncology,Beacon Physicists 34300,Healthcare Scientists,Leavers,6
Corporate Support Services,Director of Communications,Medical Photography 00150,Add Prof Scientific and Technic,Sickness,6
Surgical Services,Gastro,Gastro Admin 13008,Administrative and Clerical,Hires,5
Operational Management,Director of Elective Care DEPT,RTT Validation Team 75719,Administrative and Clerical,Hires,5
CYP & Families Services,Early Intervention & Spec Svs,CAMHS Forensic 40090,Add Prof Scientific and Technic,Hires,5
CYP & Families Services,Somerset,Primary Care Dental Service 44010,Medical and Dental,Leavers,5
Clinical Support and Cancer Services,Therapies DEPT,Outpatient Therapists 75841,Administrative and Clerical,Leavers,5
Surgical Services,Gastro,Gastro Medical Staff YDH 76261,Medical and Dental,Hires,5
CYP & Families Services,Somerset,Primary Care Dental Service 44010,Additional Clinical Services,Hires,5
Neighbourhood Services,Williton Community Hospital,Williton Meadow Ward 20633,Nursing and Midwifery Registered,Leavers,5
Mental Health and Learning Disabilities,Urgent Care & Forensic Servs,Psychiatric Liaison Service - West 52150,Nursing and Midwifery Registered,Leavers,5
Surgical Services,Head & Neck,Audiology 12011,Additional Clinical Services,Hires,5
Mental Health and Learning Disabilities,Urgent Care & Forensic Servs,Mendip Crisis Resolution Team 52200,Additional Clinical Services,Leavers,5
SSL Corporate,SSL Facilities Hard FM Level 5,SSL Mechanical Maintenance S75369,Estates and Ancillary,Leavers,5
Operational Management,Discharge Team,Discharge Team 00010,Additional Clinical Services,Hires,5
Medical Services,Acute/General Medicine DEPT,Jasmine R2G Ward 75734,Nursing and Midwifery Registered,Leavers,5
Surgical Services,Acute Surgery,Montacute North 00004,Additional Clinical Services,Hires,5
Surgical Services,Acute Surgery,Surgical Decisions Unit 10005,Nursing and Midwifery Registered,Hires,5
Mental Health and Learning Disabilities,STEP (EIP),Somerset Team For Early Psychosis (STEP) 55303,Nursing and Midwifery Registered,Hires,5
Mental Health and Learning Disabilities,STEP (EIP),Somerset Team For Early Psychosis (STEP) 55303,Additional Clinical Services,Hires,5
Clinical Support and Cancer Services,Oncology,Beacon Physicists 34300,Healthcare Scientists,Hires,5
Medical Services,Acute/General Medicine DEPT,Jasmine R2G Ward 75734,Nursing and Midwifery Registered,Hires,5
Clinical Support and Cancer Services,Medical Imaging,Medical Physics 32100,Healthcare Scientists,Hires,5
Clinical Support and Cancer Services,Haematology,Beacon Day Ward 33200,Nursing and Midwifery Registered,Hires,5
Clinical Support and Cancer Services,Medical Imaging,Radiology Medical Staff 76362,Medical and Dental,Leavers,5
Medical Services,Acute/General Medicine DEPT,Med Staff - Acute Physicians 76208 DO NOT USE,Medical and Dental,Leavers,5
Surgical Services,Breast,Breast Care Centre 16001,Medical and Dental,Hires,5
Clinical Support and Cancer Services,Medical Imaging,Radiology ATOs 76360,Additional Clinical Services,Leavers,5
Mental Health and Learning Disabilities,Medical Inpatients,Med OPMH Inp Pyrland Ward 62070,Medical and Dental,Leavers,5
Medical Services,Acute/General Medicine DEPT,Portman Ward 11 20901,Nursing and Midwifery Registered,Leavers,5
Clinical Support and Cancer Services,Oncology,Med Onc Medical Staff 76228,Medical and Dental,Leavers,5
SSL Corporate,SSL Facilities Soft FM Level 5,SSL Hotel Services S75387,Estates and Ancillary,Hires,5
Mental Health and Learning Disabilities,Urgent Care & Forensic Servs,Inpatient & Home Treatment Team Psychologist Team 50101,Additional Clinical Services,Hires,5
Medical Services,Acute/General Medicine DEPT,AMU - 6B 76209,Nursing and Midwifery Registered,Leavers,5
Mental Health and Learning Disabilities,Urgent Care & Forensic Servs,Inpatient & Home Treatment Team Psychologist Team 50101,Add Prof Scientific and Technic,Leavers,5
Surgical Services,Endoscopy,Endoscopy MPH 13002,Additional Clinical Services,Leavers,5
Surgical Services,T&O,Outpat- Orthopaedic MPH 18005,Nursing and Midwifery Registered,Leavers,5
East Revenue - Level 2,Urgent Care,Gastro Nurse Pain & Substance Misuse,Nursing and Midwifery Registered,Sickness,5
Clinical Support and Cancer Services,Therapies DEPT,Dietetics 38500,Additional Clinical Services,Hires,5
Mental Health and Learning Disabilities,Urgent Care & Forensic Servs,Court Assessment Team 54400,Additional Clinical Services,Leavers,5
SSL Corporate,SSL Facilities Hard FM Level 5,SSL Electrical Maintenance S75364,Estates and Ancillary,Leavers,5
Mental Health and Learning Disabilities,Talking Therapies,Talking Therapies Team 55304,Additional Clinical Services,Leavers,5
Mental Health and Learning Disabilities,Urgent Care & Forensic Servs,Ash Ward Team 50160,Additional Clinical Services,Leavers,5
Surgical Services,Head & Neck,Audiology 12011,Administrative and Clerical,Hires,5
Medical Services,Acute/General Medicine DEPT,Acute Medical Unit 20201,Administrative and Clerical,Leavers,5
SSL Corporate,SSL Facilities Hard FM Level 5,SSL Outpatient Pharmacy S75379,Additional Clinical Services,Hires,5
Surgical Services,ENT,ENT Medical Staff 75857,Medical and Dental,Hires,5
Clinical Support and Cancer Services,Pathology,Pathology - MPH 31000,Healthcare Scientists,Hires,5
CYP & Families Services,Community Paediatrics,Paediatric Therapies Mendip 42010,Allied Health Professionals,Leavers,5
Corporate Support Services,Dir of Quality & Involvement,Clinical Governance 75485,Administrative and Clerical,Hires,5
Neighbourhood Services,West Mendip Community Hospital,West Mendip Administration 21680,Administrative and Clerical,Leavers,5
CYP & Families Services,Somerset,Dental Access Centre - Taunton 44010,Additional Clinical Services,Leavers,5
Corporate Support Services,Ext Recharges,Psychology Exeter 00808,Add Prof Scientific and Technic,Hires,5
Corporate Support Services,Medical Examiner,Medical Examiners 00311,Medical and Dental,Hires,5
Corporate Support Services,Experience & Learning,Resuscitation Team 02001,Add Prof Scientific and Technic,Sickness,5
CYP & Families Services,Dorset,Dorset Dental Team - West 44040,Additional Clinical Services,Hires,5
Neighbourhood Services,Frome Community Hospital,Frome Wards 21603,Nursing and Midwifery Registered,Hires,5
Neighbourhood Services,Integrated Team South Som,South Somerset OPMH 61402,Additional Clinical Services,Hires,5
Neighbourhood Services,Intensive Dementia DEPT,Intensive Dementia Support Service - East 67110,Nursing and Midwifery Registered,Leavers,5
Neighbourhood Services,Intermediate Care DEPT,Bed Hub 65802,Administrative and Clerical,Leavers,5
Corporate Support Services,Experience & Learning,HR Advisor 02060,Administrative and Clerical,Hires,5
CYP & Families Services,Maternity DEPT,Maternity - Community 45020,Additional Clinical Services,Hires,5
CYP & Families Services,Maternity DEPT,Maternity - Community 45020,Additional Clinical Services,Leavers,5
Corporate Support Services,Research and Development,Research & Development 75499,Allied Health Professionals,Sickness,5
Corporate Support Services,Research and Development,Research & Development 75499,Nursing and Midwifery Registered,Leavers,5
Corporate Support Services,Estates and Facilities - SFT,Soft Facilities Management 04010,Administrative and Clerical,Leavers,5
Corporate Support Services,Research and Development,Research Delivery 00136,Additional Clinical Services,Hires,5
CYP & Families Services,Early Intervention & Spec Svs,MH in Schools 40070,Nursing and Midwifery Registered,Hires,5
Neighbourhood Services,Integrated Team Mendip,Mendip Integrated Rehabilitation East 61201,Add Prof Scientific and Technic,Sickness,5
Neighbourhood Services,Int Team N Sedge & B'Water,District Nursing Nights 60040,Additional Clinical Services,Hires,5
Corporate Support Services,Infection Control,Infection Control 75487,Administrative and Clerical,Sickness,5
Corporate Support Services,Medical Education Director of People,F2 GP Placement 75512,Medical and Dental,Leavers,5
Corporate Support Services,Medical Education Director of People,GP Resident Doctor Rot 00300,Medical and Dental,Hires,5
Neighbourhood Services,Int Team Taunton & West Som,Homeless / Rough Sleeper Team 00221,Additional Clinical Services,Hires,5
CYP & Families Services,Early Intervention & Spec Svs,CAMHS - Tier 2+ 40050,Additional Clinical Services,Sickness,5
Corporate Support Services,Medical Education Director of People,Plymouth Undergraduate 00601,Administrative and Clerical,Leavers,5
Neighbourhood Services,Int Team Taunton & West Som,Homeless / Rough Sleeper Team 00221,Nursing and Midwifery Registered,Hires,5
Corporate Support Services,Infection Control,Control of Infection 00203,Nursing and Midwifery Registered,Leavers,5
Neighbourhood Services,Integrated Team Bridgwater DEPT,Bridgwater OPMH 61004,Medical and Dental,Sickness,5
Neighbourhood Services,Int Team Taunton & West Som,Taunton Area Wellbeing Service 61500,Additional Clinical Services,Leavers,5
CYP & Families Services,Early Intervention & Spec Svs,CAMHS - Tier 2+ 40050,Add Prof Scientific and Technic,Hires,5
Neighbourhood Services,Int Team N Sedge & B'Water,LARCH Team 76014,Nursing and Midwifery Registered,Leavers,5
Surgical Services,Private Patients,Parkside 00121,Additional Clinical Services,Leavers,5
CYP & Families Services,Early Intervention & Spec Svs,CAMHS SPA 40060,Additional Clinical Services,Hires,5
CYP & Families Services,Early Intervention & Spec Svs,CAMHS SPA 40060,Administrative and Clerical,Hires,5
Neighbourhood Services,Intermediate Care DEPT,Rapid Response 67000,Nursing and Midwifery Registered,Leavers,5
Corporate Support Services,Research and Development,Research Delivery 00136,Additional Clinical Services,Leavers,5
Corporate Support Services,Estates and Facilities - SFT,Medical Electronics 04310,Add Prof Scientific and Technic,Leavers,5
Corporate Support Services,Resourcing,Talent Hub 00065,Administrative and Clerical,Hires,5
Corporate Support Services,Resourcing,Recruitment 02007,Administrative and Clerical,Hires,5
Surgical Services,Ophthalmology,Ophthalmic OPD 14002,Additional Clinical Services,Leavers,5
Corporate Support Services,Dir of Quality & Involvement,Clinical Governance 75485,Nursing and Midwifery Registered,Sickness,5
Corporate Support Services,MLT Central,Medical Director 75337,Add Prof Scientific and Technic,Hires,5
Surgical Services,Ophthalmology,Diabetic Retinopathy 14006,Additional Clinical Services,Leavers,5
CYP & Families Services,Sexual Health Services,Somerset-Wide Integrated Sexual Health 42060,Additional Clinical Services,Leavers,5
Surgical Services,T&O,Musculo-skeletal Interface OASIS 18009,Allied Health Professionals,Hires,5
Corporate Support Services,Director of Communications,Medical Photography 00150,Additional Clinical Services,Sickness,5
Neighbourhood Services,Serv Grp Mngmnt Neighbourhoods,Division Management ES 69000,Administrative and Clerical,Hires,5
Corporate Support Services,Digital,Data Engineering 05008,Administrative and Clerical,Hires,5
Corporate Support Services,Safeguarding,Safeguarding 00207,Administrative and Clerical,Leavers,5
Neighbourhood Services,Stroke Services DEPT,Stroke 20641,Administrative and Clerical,Hires,5
Corporate Support Services,Deputy CPO,Knowledge & Library Services 02017,Administrative and Clerical,Leavers,5
CYP & Families Services,Community Paediatrics,Paediatric Therapies Yeovil 42010,Additional Clinical Services,Hires,5
Neighbourhood Services,Minor Injury DEPT,West Mendip MIU 20027,Nursing and Midwifery Registered,Hires,5
Corporate Support Services,Director of Corporate Services DEPT,Chief Executive 75301,Administrative and Clerical,Sickness,5
Neighbourhood Services,LARCH DEPT,LARCH Team 76014,Allied Health Professionals,Sickness,5
Corporate Support Services,Estates and Facilities - SFT,Estates & Facilities Admin 04020,Administrative and Clerical,Leavers,5
CYP & Families Services,Directorate Management Fam,Divisional Management CAMHS 49010,Administrative and Clerical,Leavers,5
Neighbourhood Services,Chard Community Hospital,Chard Outpatients 21402,Nursing and Midwifery Registered,Sickness,5
Neighbourhood Services,Chard Community Hospital,Chard Outpatients 21402,Additional Clinical Services,Sickness,5
Neighbourhood Services,Carer Budget,Carer Assessment Team 61202,Additional Clinical Services,Hires,5
Corporate Support Services,Estates and Facilities - SFT,Estates Mgt - Operational 04000,Estates and Ancillary,Hires,5
Neighbourhood Services,Burnham on Sea Comm Hospital,Burnham Wards 21523,Nursing and Midwifery Registered,Leavers,5
Corporate Support Services,Estates and Facilities - SFT,Dene Barton Hotel Services 21582,Estates and Ancillary,Leavers,5
Corporate Support Services,Resourcing,Futures Workforce 75521,Nursing and Midwifery Registered,Leavers,5
Surgical Services,T&O,Musculo Skeletal Secretaries 18001,Administrative and Clerical,Leavers,5
Neighbourhood Services,Memory Assessment Service DEPT,Memory Assessment Service 68400,Allied Health Professionals,Sickness,5
Neighbourhood Services,Minehead Community Hospital,Minehead Wards 21623,Nursing and Midwifery Registered,Hires,5
Corporate Support Services,Director of Corporate Services DEPT,Management Office 75305,Administrative and Clerical,Leavers,5
Neighbourhood Services,Minor Injury DEPT,Chard MIU 20027,Additional Clinical Services,Sickness,5
Neighbourhood Services,Minor Injury DEPT,Chard MIU 20027,Nursing and Midwifery Registered,Hires,5
Corporate Support Services,Medical Education Director of People,GP Resident Doctor Rot 00300,Medical and Dental,Leavers,5
Surgical Services,Colorectal,Colorectal Med Stf 10009,Medical and Dental,Hires,5
Mental Health and Learning Disabilities,CMHS West,Bridgwater CMH Team 51111,Additional Clinical Services,Hires,5
Medical Services,Respiratory,Lung Function 20902,Additional Clinical Services,Hires,5
Medical Services,Dermatology,Dermatology Med Stf 12002,Nursing and Midwifery Registered,Leavers,5
Surgical Services,Theatres & DSC,Main Theatres 75824,Additional Clinical Services,Leavers,5
Mental Health and Learning Disabilities,CMHS West,Adult Psychological Therapies Service Bridgwater 51131,Add Prof Scientific and Technic,Leavers,5
CYP & Families Services,Community Paediatrics,Community Childrens Nursing 42040,Nursing and Midwifery Registered,Leavers,5
CYP & Families Services,Community & Urgent Services,CAMHS East Team 40010,Additional Clinical Services,Hires,5
Medical Services,Cardiology,Cardiology Med Staff 21000,Nursing and Midwifery Registered,Leavers,5
CYP & Families Services,Community & Urgent Services,CAMHS Community Eating Disorder Team 40080,Add Prof Scientific and Technic,Leavers,5
Medical Services,Cardiology,Cardiology 21003,Add Prof Scientific and Technic,Hires,5
Medical Services,Cardiology,Cardiology Medical Staff 76260,Medical and Dental,Leavers,5
CYP & Families Services,Acute Paediatrics,Ward 10 76250,Additional Clinical Services,Leavers,5
Surgical Services,Theatres & DSC,ODP Training 17005,Additional Clinical Services,Hires,5
Medical Services,Emergency Care DEPT,A&E Medical Staff 76202,Administrative and Clerical,Sickness,5
Medical Services,Respiratory,Lung Function 20902,Additional Clinical Services,Leavers,5
Mental Health and Learning Disabilities,Inpatients DEPT,Wessex House Team 40110,Nursing and Midwifery Registered,Leavers,5
Surgical Services,Theatres & DSC,Theatre - Orthopaedic 17017,Nursing and Midwifery Registered,Hires,5
Surgical Services,Theatres & DSC,Day Surgery Centre 17015,Nursing and Midwifery Registered,Hires,5
Mental Health and Learning Disabilities,CMHS West,Adult Psychological Therapies Service Taunton 51130,Administrative and Clerical,Sickness,5
CYP & Families Services,Community & Urgent Services,CAMHS - Liaison 40035,Administrative and Clerical,Sickness,5
Mental Health and Learning Disabilities,CMHS West,Transformation West 51170,Additional Clinical Services,Hires,5
Mental Health and Learning Disabilities,Inpatients DEPT,Rydon Ward 1 50180,Estates and Ancillary,Sickness,5
Medical Services,Stroke,CLOSED Rehab Specialists 20640,Allied Health Professionals,Sickness,5
Surgical Services,Theatres & DSC,Surgical Admission Lounge 17011,Additional Clinical Services,Leavers,5
Mental Health and Learning Disabilities,CMHS West,Taunton CMHT 51110,Additional Clinical Services,Leavers,5
Surgical Services,Vascular,AAA Screening 10014,Additional Clinical Services,Leavers,5
CYP & Families Services,Acute Paediatrics,Paediatrics Nurse OPD 76244,Additional Clinical Services,Leavers,5
Surgical Services,Theatres & DSC,Theatre - Orthopaedic 17017,Additional Clinical Services,Hires,5
Medical Services,Emergency Care DEPT,A And E Receptionists 20001,Estates and Ancillary,Hires,5
Medical Services,Respiratory,CLOSED - Barrington 10007,Nursing and Midwifery Registered,Leavers,5
Surgical Services,Theatres & DSC,Theatre - Orthopaedic 17017,Allied Health Professionals,Hires,5
Mental Health and Learning Disabilities,Inpatients DEPT,Rowan Ward 1 50280,Estates and Ancillary,Hires,5
Medical Services,Cardiology,Fielding Ward 21004,Additional Clinical Services,Leavers,5
Medical Services,Endocrinology,Conservators Ward 20202,Nursing and Midwifery Registered,Leavers,5
Mental Health and Learning Disabilities,CMHS West,Taunton CMHT 51110,Additional Clinical Services,Hires,5
CYP & Families Services,Acute Paediatrics,Childrens Inpatient Unit 43010,Additional Clinical Services,Leavers,5
Mental Health and Learning Disabilities,Medical Inpatients,Med - Wessex House 41080,Medical and Dental,Leavers,5
Mental Health and Learning Disabilities,Inpatients DEPT,Pyrland Ward Team 68000,Nursing and Midwifery Registered,Hires,5
Mental Health and Learning Disabilities,Inpatients DEPT,Rowan Ward 1 50280,Nursing and Midwifery Registered,Leavers,5
Surgical Services,Theatres & DSC,Theatre - Orthopaedic 17017,Allied Health Professionals,Leavers,5
Mental Health and Learning Disabilities,Inpatients DEPT,Rydon Ward 2 50182,Nursing and Midwifery Registered,Hires,5
Mental Health and Learning Disabilities,CMHS West,Taunton CMHT 51110,Add Prof Scientific and Technic,Hires,5
Medical Services,Emergency Care DEPT,A And E Receptionists 20001,Estates and Ancillary,Leavers,5
CYP & Families Services,Community Paediatrics,Paediatric Therapies Yeovil 42010,Administrative and Clerical,Hires,4
Surgical Services,Head & Neck,Blake Ward 12010,Additional Clinical Services,Hires,4
Surgical Services,Theatres & DSC,Theatre - Head And Neck 17016,Add Prof Scientific and Technic,Sickness,4
Corporate Support Services,Resourcing,Medical Rota Admin 75419,Administrative and Clerical,Hires,4
Corporate Support Services,Resourcing,Talent Hub 00065,Additional Clinical Services,Hires,4
CYP & Families Services,Somerset,Dental Access Centre - Bridgwater 44010,Additional Clinical Services,Leavers,4
Surgical Services,Head & Neck,Blake Ward 12010,Nursing and Midwifery Registered,Leavers,4
Mental Health and Learning Disabilities,Inpatients DEPT,Holford Ward Team 50170,Nursing and Midwifery Registered,Leavers,4
Neighbourhood Services,Shepton Mallet Comm Hospital,Shepton Mallet Administration 21640,Administrative and Clerical,Leavers,4
Neighbourhood Services,Bridgwater Community Hospital,Bridgwater OPD 21400,Administrative and Clerical,Hires,4
Medical Services,Emergency Care DEPT,CYP - Childrens and young pers 76219,Nursing and Midwifery Registered,Hires,4
Medical Services,Cardiology,Clinical Investigations 76275,Administrative and Clerical,Hires,4
Neighbourhood Services,Serv Grp Mngmnt Neighbourhoods,Division Management ES 69000,Administrative and Clerical,Leavers,4
Neighbourhood Services,Serv Grp Mngmnt Neighbourhoods,Dementia Team 60151,Administrative and Clerical,Sickness,4
Surgical Services,Management & Admin CC/Theatres,Theatres Non-Clinical 75827,Administrative and Clerical,Hires,4
Medical Services,Emergency Care DEPT,CYP - Childrens and young pers 76219,Nursing and Midwifery Registered,Leavers,4
Mental Health and Learning Disabilities,Inpatients DEPT,Willow Ward Team 50190,Administrative and Clerical,Hires,4
Neighbourhood Services,Int Team N Sedge & B'Water,Integ Admin BWater & Sedgemoor 61304,Administrative and Clerical,Leavers,4
Neighbourhood Services,Bridgwater Community Hospital,Bridgwater Administration 21500,Administrative and Clerical,Hires,4
Surgical Services,Private Patients,Parkside 00121,Administrative and Clerical,Hires,4
Neighbourhood Services,Intensive Dementia DEPT,Intensive Dementia Support Service - East 67110,Administrative and Clerical,Leavers,4
Corporate Support Services,Commercial,Emerg Role Allocation System 00114,Nursing and Midwifery Registered,Sickness,4
Mental Health and Learning Disabilities,Learning Difficulties,Learning Disabilities East 53200,Administrative and Clerical,Leavers,4
Neighbourhood Services,Int Team N Sedge & B'Water,North Sedgemoor Integrated Rehabilitation Team 61301,Allied Health Professionals,Hires,4
CYP & Families Services,Somerset,Dental Access Centre - Taunton 44010,Medical and Dental,Leavers,4
Neighbourhood Services,West Mendip Community Hospital,West Mendip Nursing 20501,Nursing and Midwifery Registered,Leavers,4
CYP & Families Services,CAMHS Medical,Med - CAMHS - Taunton 41030,Medical and Dental,Hires,4
Neighbourhood Services,West Mendip Community Hospital,West Mendip Cathedral Ward 20501,Nursing and Midwifery Registered,Leavers,4
Neighbourhood Services,West Mendip Community Hospital,West Mendip Cathedral Ward 20501,Nursing and Midwifery Registered,Hires,4
Corporate Support Services,Deputy CPO,HR Services 75418,Administrative and Clerical,Hires,4
Corporate Support Services,Safeguarding,Safeguarding PHN 00219,Nursing and Midwifery Registered,Leavers,4
Corporate Support Services,Experience & Learning,Leadership & OD 02061,Administrative and Clerical,Leavers,4
Medical Services,Cardiology,Cardiology Med Staff 21000,Nursing and Midwifery Registered,Hires,4
Neighbourhood Services,West Mendip Community Hospital,West Mendip Abbey Ward 20501,Additional Clinical Services,Leavers,4
Corporate Support Services,Safeguarding,Safeguarding Children Team 00212,Administrative and Clerical,Sickness,4
Mental Health and Learning Disabilities,CMHS West,CMHS West,Additional Clinical Services,Sickness,4
Surgical Services,Head & Neck,Audiology 12011,Healthcare Scientists,Leavers,4
Neighbourhood Services,Wellington Community Hospital,Wellington Wards 21663,Nursing and Midwifery Registered,Leavers,4
CYP & Families Services,Community & Urgent Services,Intensive Treatment Team 40045,Additional Clinical Services,Hires,4
Surgical Services,Theatres & DSC,Main Theatres 75824,Allied Health Professionals,Leavers,4
CYP & Families Services,Community Paediatrics,CYP Therapy Service 42010,Additional Clinical Services,Hires,4
Neighbourhood Services,Intermediate Care DEPT,Pathway 2/3 65801,Administrative and Clerical,Hires,4
Neighbourhood Services,Int Team N Sedge & B'Water,Integ Admin BWater & Sedgemoor 61304,Administrative and Clerical,Hires,4
Mental Health and Learning Disabilities,Urgent Care & Forensic Servs,Yeovil Crisis Resolution Team 52201,Additional Clinical Services,Leavers,4
Corporate Support Services,Resourcing,Volunteers 75462,Administrative and Clerical,Leavers,4
Neighbourhood Services,Intermediate Care DEPT,Home Care 65805,Additional Clinical Services,Hires,4
Neighbourhood Services,Intermediate Care DEPT,Home Care 65805,Additional Clinical Services,Leavers,4
Mental Health and Learning Disabilities,CMHS West,Transformation West 51170,Nursing and Midwifery Registered,Leavers,4
Surgical Services,Ophthalmology,Diabetic Retinopathy 14006,Add Prof Scientific and Technic,Leavers,4
Surgical Services,Max Fax,Maxillo Facial Med Stf 12006,Additional Clinical Services,Hires,4
Neighbourhood Services,Mass Vaccination Programme,Mass Vaccination - East 00035,Administrative and Clerical,Leavers,4
CYP & Families Services,Community & Urgent Services,Therapeutic Education 40030,Add Prof Scientific and Technic,Hires,4
Corporate Support Services,Director of Corporate Services DEPT,Chairman & Non Exec Directors 75300,Administrative and Clerical,Sickness,4
Neighbourhood Services,Frome Community Hospital,Frome Wards 21603,Nursing and Midwifery Registered,Leavers,4
Corporate Support Services,Director of Corporate Services DEPT,Chief Executive 75301,Administrative and Clerical,Leavers,4
Mental Health and Learning Disabilities,CMHS West,Adult Psychological Therapies Service Taunton 51130,Add Prof Scientific and Technic,Leavers,4
Surgical Services,Restorative Dentistry,Restorative Dentistry Med Stf 12013,Medical and Dental,Leavers,4
CYP & Families Services,Directorate Management Fam,Families Management 49010,Nursing and Midwifery Registered,Hires,4
Surgical Services,Theatres & DSC,Theatre - Orthopaedic 17017,Add Prof Scientific and Technic,Hires,4
Neighbourhood Services,Minor Injury DEPT,Frome MIU 20027,Nursing and Midwifery Registered,Hires,4
Neighbourhood Services,Mass Vaccination Programme,Mass Vaccination - West 00034,Allied Health Professionals,Hires,4
Mental Health and Learning Disabilities,CMHS East,South Somerset CMHT 51211,Additional Clinical Services,Leavers,4
Corporate Support Services,Director of Corporate Services DEPT,Resilience Team 00407,Nursing and Midwifery Registered,Sickness,4
Corporate Support Services,Estates and Facilities - SFT,Estates - NE Somerset 04420,Estates and Ancillary,Sickness,4
Corporate Support Services,Director of Corporate Services DEPT,Trust Board 00401,Administrative and Clerical,Leavers,4
Corporate Support Services,Research and Development,RM&G 00135,Administrative and Clerical,Hires,4
CYP & Families Services,Directorate Management Fam,Victoria Park Hub 49070,Administrative and Clerical,Sickness,4
Neighbourhood Services,Complex Care DEPT,Complex Care 76010,Medical and Dental,Leavers,4
Corporate Support Services,Donated Debtors DEPT,General Trust Fund Y83801,Administrative and Clerical,Leavers,4
Neighbourhood Services,Mass Vaccination Programme,Mass Vaccination 75311,Administrative and Clerical,Leavers,4
Surgical Services,Theatres & DSC,General Theatres 17014,Nursing and Midwifery Registered,Hires,4
Mental Health and Learning Disabilities,Inpatients DEPT,Rowan Ward 1 50280,Nursing and Midwifery Registered,Hires,4
Surgical Services,Theatres & DSC,Theatre - Orthopaedic 17017,Add Prof Scientific and Technic,Leavers,4
CYP & Families Services,Community & Urgent Services,Therapeutic Education 40030,Additional Clinical Services,Hires,4
Neighbourhood Services,Crewkerne Community Hospital,Crewkerne Wards 21563,Nursing and Midwifery Registered,Leavers,4
Neighbourhood Services,Mass Vaccination Programme,Mass Vaccination Musgrove 00033,Additional Clinical Services,Hires,4
Surgical Services,Theatres & DSC,Theatre - Orthopaedic 17017,Add Prof Scientific and Technic,Sickness,4
CYP & Families Services,Dorset,Dorset Dental Team - East 44040,Additional Clinical Services,Leavers,4
CYP & Families Services,Maternity DEPT,Speciality Midwives MPH 45040,Nursing and Midwifery Registered,Leavers,4
Corporate Support Services,Estates and Facilities - SFT,MFT/PCP 04250,Estates and Ancillary,Leavers,4
Neighbourhood Services,Burnham on Sea Comm Hospital,Burnham Administration 21520,Administrative and Clerical,Leavers,4
Corporate Support Services,Director of Communications,Communications 00402,Administrative and Clerical,Leavers,4
Surgical Services,Theatres & DSC,Day Theatres 75701,Students,Hires,4
CYP & Families Services,Sexual Health Services,Somerset-Wide Integrated Sexual Health 42060,Medical and Dental,Hires,4
Neighbourhood Services,Burnham on Sea Comm Hospital,Burnham OPD 21401,Additional Clinical Services,Hires,4
Neighbourhood Services,Intermediate Care DEPT,Primary Link 29001,Nursing and Midwifery Registered,Hires,4
Mental Health and Learning Disabilities,Inpatients DEPT,Rydon Ward 1 50180,Nursing and Midwifery Registered,Hires,4
Corporate Support Services,Digital,IT Developments 75434,Administrative and Clerical,Leavers,4
Corporate Support Services,Digital,Management Information 75437,Administrative and Clerical,Leavers,4
Corporate Support Services,Capital Projects DEPT,Digital EHR PDC 97127,Administrative and Clerical,Sickness,4
Surgical Services,Ophthalmology,Diabetic Retinopathy 14006,Additional Clinical Services,Hires,4
Neighbourhood Services,Int Team N Sedge & B'Water,DN Bridgwater Bay 61001,Nursing and Midwifery Registered,Hires,4
Medical Services,Cardiology,Medicine Ward 8A 76280,Nursing and Midwifery Registered,Hires,4
Corporate Support Services,Estates and Facilities - SFT,Soft Facilities Management 04010,Administrative and Clerical,Hires,4
Surgical Services,Theatres & DSC,General Theatres 17014,Add Prof Scientific and Technic,Sickness,4
Neighbourhood Services,Intermediate Care DEPT,Rapid Response 67000,Administrative and Clerical,Hires,4
Neighbourhood Services,Carer Budget,Carer Assessment Team 61202,Additional Clinical Services,Leavers,4
Neighbourhood Services,PCN Care of the Elderly,Parkinsons Nurses & Admin 76212,Administrative and Clerical,Sickness,4
CYP & Families Services,Community & Urgent Services,CAMHS East Team 40010,Additional Clinical Services,Leavers,4
Neighbourhood Services,PCN Care of the Elderly,COE Medical Staff 76296,Administrative and Clerical,Sickness,4
Corporate Support Services,Estates and Facilities - SFT,Parkgate House 04510,Administrative and Clerical,Sickness,4
Neighbourhood Services,PCN Care of the Elderly,Bone Health Team 76213,Allied Health Professionals,Sickness,4
Corporate Support Services,Estates and Facilities - SFT,Medical Electronics 04310,Add Prof Scientific and Technic,Hires,4
Neighbourhood Services,NHS at Home,NHS @ Home - Respiratory 60642,Nursing and Midwifery Registered,Hires,4
CYP & Families Services,Medical Paediatrics,SNICU Medical Staffing 43110,Medical and Dental,Hires,4
CYP & Families Services,Medical Acute,Gynae Oncology Medical Staff 43080,Medical and Dental,Leavers,4
Neighbourhood Services,Mass Vaccination Programme,Mass Vac - School Imms 00068,Nursing and Midwifery Registered,Sickness,4
Corporate Support Services,Research and Development,Research Delivery 00136,Allied Health Professionals,Hires,4
Corporate Support Services,Merger & Alliance DEPT,Merger & Alliance 00147,Administrative and Clerical,Sickness,4
CYP & Families Services,Somerset,Dental Team - East Somerset 44010,Additional Clinical Services,Hires,4
Medical Services,Medical Services Management DEPT,Urgent Care Admin 76378,Administrative and Clerical,Sickness,4
Surgical Services,Theatres & DSC,General Theatres 17014,Estates and Ancillary,Hires,4
Medical Services,Cardiology,CCU Ward 21002,Additional Clinical Services,Hires,4
Neighbourhood Services,Integrated Team Mendip,DN Mendip - SPQ 61601,Nursing and Midwifery Registered,Leavers,4
Corporate Support Services,Improvement,PMO Team 76007,Administrative and Clerical,Leavers,4
Surgical Services,Critical Care,ITU Ward MPH 17007,Additional Clinical Services,Hires,4
Corporate Support Services,GP Surgeries DEPT,Lister House Surgery 63060,Administrative and Clerical,Leavers,4
CYP & Families Services,Early Intervention & Spec Svs,MH in Schools 40070,Additional Clinical Services,Hires,4
Surgical Services,POAC,Pre-Assessment Clinic 75825,Administrative and Clerical,Hires,4
Clinical Support and Cancer Services,Haematology,Beacon Day Ward 33200,Additional Clinical Services,Leavers,4
Surgical Services,Outpatients,Main Outpatient 75769,Nursing and Midwifery Registered,Leavers,4
Corporate Support Services,Infection Control,Control of Infection 00203,Nursing and Midwifery Registered,Hires,4
Clinical Support and Cancer Services,Other HOPE and Palliative Care,Chaplains Team 35650,Administrative and Clerical,Sickness,4
Neighbourhood Services,Integrated Team Mendip,Mendip Integrated Rehabilitation Central & West 61602,Allied Health Professionals,Leavers,4
SSL Corporate,SSL IT and Business Info Level 5,SSL IT Services S75436,Administrative and Clerical,Hires,4
Medical Services,Respiratory,CLOSED - Barrington 10007,Administrative and Clerical,Hires,4
Clinical Support and Cancer Services,Other HOPE and Palliative Care,Oncology/Haematology Nursing 35000,Additional Clinical Services,Leavers,4
Surgical Services,T&O,T&O Management 18003,Administrative and Clerical,Sickness,4
Medical Services,Care of the Older Person DEPT,Triscombe CO Older Persons Unit 20401,Nursing and Midwifery Registered,Hires,4
Mental Health and Learning Disabilities,Urgent Care & Forensic Servs,Ash Ward Team 50160,Nursing and Midwifery Registered,Hires,4
SSL Corporate,SSL Facilities Soft FM Level 5,SSL Hotel Services S75387,Estates and Ancillary,Leavers,4
SSL Corporate,SSL Facilities Soft FM Level 5,SSL General Security 75386,Administrative and Clerical,Sickness,4
Mental Health and Learning Disabilities,CMHS West,Transformation West 51170,Add Prof Scientific and Technic,Hires,4
Mental Health and Learning Disabilities,Urgent Care & Forensic Servs,Bridgwater Crisis Resolution Team 52100,Additional Clinical Services,Leavers,4
Surgical Services,POAC,Pre-Assessment Clinic 75825,Administrative and Clerical,Leavers,4
Surgical Services,Outpatients,Main Outpatient 75769,Additional Clinical Services,Leavers,4
Mental Health and Learning Disabilities,Urgent Care & Forensic Servs,Bridgwater Crisis Resolution Team 52100,Nursing and Midwifery Registered,Leavers,4
Medical Services,Stroke,Stroke Medical Staff 76264,Medical and Dental,Leavers,4
SSL Corporate,SSL Facilities Hard FM Level 5,SSL Maintenance S75368,Estates and Ancillary,Leavers,4
Surgical Services,Vascular,AAA Screening 10014,Allied Health Professionals,Sickness,4
SSL Corporate,SSL Facilities Hard FM Level 5,SSL Com Health Part Maint S75363,Administrative and Clerical,Sickness,4
Neighbourhood Services,Integrated Team Mendip,Mendip OPMH Team - West 61603,Nursing and Midwifery Registered,Hires,4
Surgical Services,Acute Surgery,Montacute South 10008,Administrative and Clerical,Leavers,4
Neighbourhood Services,Int Team Taunton & West Som,Taunton Deane CMH Team For Older People 61503,Additional Clinical Services,Leavers,4
Surgical Services,Vascular,AAA Screening 10014,Additional Clinical Services,Hires,4
Clinical Support and Cancer Services,Oncology,Chemotherapy Nurse 76224,Additional Clinical Services,Hires,4
Medical Services,Respiratory,Respiratory Medical Staff 76263,Medical and Dental,Hires,4
Surgical Services,Theatres & DSC,Day Surgery Centre 17015,Administrative and Clerical,Leavers,4
Surgical Services,Vascular,Vascular Nurse 10013,Nursing and Midwifery Registered,Hires,4
Medical Services,Acute/General Medicine DEPT,Sheppard Medical 20206,Additional Clinical Services,Leavers,4
Surgical Services,Breast,Breast Care Centre 16001,Nursing and Midwifery Registered,Hires,4
Medical Services,Dermatology,Dermatology Med Stf 12002,Nursing and Midwifery Registered,Hires,4
Neighbourhood Services,Integrated Team Mendip,DN East Mendip 61200,Additional Clinical Services,Hires,4
Mental Health and Learning Disabilities,Medical Specialist,Med Liaison Psychiatry 57613,Medical and Dental,Hires,4
Surgical Services,Theatres & DSC,Day Surgery Centre 17015,Add Prof Scientific and Technic,Sickness,4
Mental Health and Learning Disabilities,Medical Inpatients,Med - Wessex House 41080,Medical and Dental,Hires,4
Medical Services,Acute/General Medicine DEPT,Sheppard Medical 20206,Nursing and Midwifery Registered,Leavers,4
Surgical Services,Breast,Breast Care Centre 16001,Allied Health Professionals,Hires,4
Surgical Services,Theatres & DSC,ODP Training 17005,Additional Clinical Services,Leavers,4
Surgical Services,POAC,Pre Op 17009,Administrative and Clerical,Leavers,4
Surgical Services,Critical Care,ICU YDH 75822,Additional Clinical Services,Hires,4
Surgical Services,Bariatrics,Bariatric Surgery Med Stf 10004,Medical and Dental,Leavers,4
Neighbourhood Services,Int Team Taunton & West Som,Taunton Deane CMH Team For Older People 61503,Nursing and Midwifery Registered,Leavers,4
CYP & Families Services,Early Intervention & Spec Svs,CAMHS SPA 40060,Add Prof Scientific and Technic,Hires,4
Neighbourhood Services,Integrated Team Mendip,DN Mendip - SPQ 61601,Additional Clinical Services,Hires,4
Surgical Services,Critical Care,ICU YDH 75822,Students,Hires,4
Clinical Support and Cancer Services,Oncology,Beacon Physicists 34300,Administrative and Clerical,Sickness,4
Medical Services,Respiratory,Medicine Ward 9A 76281,Nursing and Midwifery Registered,Leavers,4
Medical Services,Respiratory,Medicine Ward 9A 76281,Nursing and Midwifery Registered,Hires,4
Surgical Services,Acute Surgery,Surgical Decisions Unit 10005,Administrative and Clerical,Leavers,4
Mental Health and Learning Disabilities,STEP (EIP),Somerset Team For Early Psychosis (STEP) 55303,Additional Clinical Services,Leavers,4
Clinical Support and Cancer Services,Oncology,Beacon Radiotherapy 34200,Additional Clinical Services,Leavers,4
Neighbourhood Services,Integrated Team Mendip,DN Mendip - SPQ 61601,Nursing and Midwifery Registered,Hires,4
Surgical Services,Acute Surgery,Surgery Ward 4A 75805,Nursing and Midwifery Registered,Hires,4
Surgical Services,T&O,Ward 7B - T&O / Elective 75753,Nursing and Midwifery Registered,Hires,4
Surgical Services,Theatres & DSC,Minehead Surgical 21624,Allied Health Professionals,Sickness,4
SSL Corporate,SSL Facilities Hard FM Level 5,SSL Mechanical Maintenance S75369,Estates and Ancillary,Hires,4
Medical Services,Cardiology,Cardiology 21003,Additional Clinical Services,Hires,4
Mental Health and Learning Disabilities,CMHS West,Taunton CMHT 51110,Add Prof Scientific and Technic,Leavers,4
Medical Services,Cardiology,Cardiology 21003,Healthcare Scientists,Hires,4
Corporate Support Services,Ext Recharges,Psychology Bath 00807,Add Prof Scientific and Technic,Hires,4
Operational Management,Discharge Team,Discharge Team - YDH 76329,Additional Clinical Services,Sickness,4
Medical Services,Dermatology,PUVA Clinic 12003,Additional Clinical Services,Sickness,4
Medical Services,Neuro Rehab,Lydeard Ward - SNRC 20801,Additional Clinical Services,Hires,4
Corporate Support Services,Finance,Senior Finance Team 03014,Administrative and Clerical,Sickness,4
Operational Management,Director of Elective Care DEPT,RTT Validation Team 75719,Administrative and Clerical,Leavers,4
CYP & Families Services,Early Intervention & Spec Svs,CAMHS - Tier 2+ 40050,Administrative and Clerical,Sickness,4
Corporate Support Services,Trustwide Schemes,Bank Nurses 75450,Students,Leavers,4
Neighbourhood Services,Int Team Taunton & West Som,DN Taunton - SPQ 61700,Nursing and Midwifery Registered,Hires,4
Surgical Services,Theatres & DSC,PACU 17013,Add Prof Scientific and Technic,Sickness,4
Corporate Support Services,Trustwide Schemes,Bank Nurses 75450,Allied Health Professionals,Hires,4
Clinical Support and Cancer Services,Therapies DEPT,Occupational Therapist 75839,Additional Clinical Services,Hires,4
Neighbourhood Services,Integrated Team South Som,South Somerset OPMH 61402,Additional Clinical Services,Leavers,4
Surgical Services,Private Patients,Kingston Wing 75781,Additional Clinical Services,Hires,4
Clinical Support and Cancer Services,Therapies DEPT,Outpatient Therapists 75841,Additional Clinical Services,Hires,4
Surgical Services,Private Patients,Kingston Wing 75781,Additional Clinical Services,Leavers,4
Corporate Support Services,Trustwide Schemes,Bank (Acute) 02002,Healthcare Scientists,Leavers,4
Clinical Support and Cancer Services,Therapies DEPT,Outpatient Therapists 75841,Additional Clinical Services,Leavers,4
Corporate Support Services,Trustwide Schemes,Bank (Acute) 02002,Healthcare Scientists,Hires,4
Operational Management,Ambulance Service DEPT,Patient Transport 76332,Administrative and Clerical,Leavers,4
Operational Management,Admin - Cancer Services,Cancer Alliance 00023,Administrative and Clerical,Leavers,4
Mental Health and Learning Disabilities,Learning Difficulties,Learning Disabilities East 53200,Allied Health Professionals,Leavers,4
Clinical Support and Cancer Services,Therapies DEPT,Podiatry 16005,Additional Clinical Services,Leavers,4
Medical Services,Medical Services Management DEPT,Urgent Care Management 76380,Administrative and Clerical,Leavers,4
Neighbourhood Services,Integrated Team South Som,South Somerset OPMH 61402,Nursing and Midwifery Registered,Hires,4
Neighbourhood Services,Integrated Team South Som,South Somerset OPMH 61402,Nursing and Midwifery Registered,Leavers,4
Neighbourhood Services,Intensive Dementia DEPT,Intensive Dementia Support Service - East 67110,Additional Clinical Services,Hires,4
Mental Health and Learning Disabilities,Urgent Care & Forensic Servs,Psychiatric Liaison Service - East 52250,Nursing and Midwifery Registered,Leavers,4
Mental Health and Learning Disabilities,ADHD,ADHD 59400,Nursing and Midwifery Registered,Leavers,4
Surgical Services,Gastro,Gastro Admin 13008,Administrative and Clerical,Leavers,4
CYP & Families Services,Dorset,Dorset Dental Team - East 44040,Administrative and Clerical,Hires,4
CYP & Families Services,Early Intervention & Spec Svs,ND CAMHS 40100,Allied Health Professionals,Hires,4
Neighbourhood Services,Integrated Team Mendip,Mendip Older People 61204,Nursing and Midwifery Registered,Leavers,4
Corporate Support Services,Ext Recharges,Psychology Plymouth 00809,Add Prof Scientific and Technic,Hires,4
Clinical Support and Cancer Services,Therapies DEPT,Dietetics 38500,Administrative and Clerical,Hires,4
Corporate Support Services,Finance,Management Accounting Team 03014,Administrative and Clerical,Sickness,4
Clinical Support and Cancer Services,Therapies DEPT,Dietetics 38500,Administrative and Clerical,Leavers,4
Surgical Services,T&O,Outpat- Orthopaedic MPH 18005,Additional Clinical Services,Hires,4
Mental Health and Learning Disabilities,Learning Difficulties,Learning Disabilities West 53100,Nursing and Midwifery Registered,Leavers,4
Medical Services,Neuro Rehab,Rehabilitation Med Stf 20800,Medical and Dental,Hires,4
Operational Management,Operational Management DEPT,Operational Management 00001,Administrative and Clerical,Hires,4
Medical Services,Neuro Rehab,Rehabilitation Med Stf 20800,Medical and Dental,Leavers,4
CYP & Families Services,Community Paediatrics,CYP Therapy Service 42010,Administrative and Clerical,Leavers,4
Medical Services,Care of the Older Person DEPT,FAU Medical Staff 76211,Medical and Dental,Leavers,4
CYP & Families Services,Women's Services,Grace Colposcopy 43070,Nursing and Midwifery Registered,Hires,4
Surgical Services,T&O,Outpat- Orthopaedic MPH 18005,Additional Clinical Services,Leavers,4
Mental Health and Learning Disabilities,CMHS West,Taunton CMHT 51110,Nursing and Midwifery Registered,Hires,4
Corporate Support Services,Ext Recharges,Psychology Southampton 00811,Add Prof Scientific and Technic,Hires,4
Neighbourhood Services,Intermediate Care DEPT,Pathway 2/3 65801,Administrative and Clerical,Leavers,3
Neighbourhood Services,Intensive Dementia DEPT,Intensive Dementia Support Service - East 67110,Additional Clinical Services,Leavers,3
Neighbourhood Services,Intensive Dementia DEPT,Intensive Dementia Support Service - East 67110,Administrative and Clerical,Hires,3
Surgical Services,Other Surgery,Surgery Management 11001,Additional Clinical Services,Sickness,3
Corporate Support Services,Experience & Learning,Learning And Development 02008,Nursing and Midwifery Registered,Hires,3
Mental Health and Learning Disabilities,CMHS West,Bridgwater CMH Team 51111,Nursing and Midwifery Registered,Hires,3
Medical Services,Dermatology,Dermatology Medical Staff 75853,Medical and Dental,Leavers,3
Neighbourhood Services,Intensive Dementia DEPT,Intensive Dementia Support Service - East 67110,Nursing and Midwifery Registered,Hires,3
Neighbourhood Services,Int Team Taunton & West Som,West Somerset Integrated Rehabilitation Team 61701,Allied Health Professionals,Leavers,3
CYP & Families Services,Early Intervention & Spec Svs,MH in Schools 40070,Nursing and Midwifery Registered,Leavers,3
CYP & Families Services,Community & Urgent Services,CAMHS East Team 40010,Administrative and Clerical,Leavers,3
Surgical Services,Ophthalmology,Optical Nursing 75800,Nursing and Midwifery Registered,Leavers,3
Corporate Support Services,Experience & Learning,Learning And Development 02008,Additional Clinical Services,Hires,3
Corporate Support Services,GP Surgeries DEPT,North Petherton Surgery 63050,Administrative and Clerical,Leavers,3
CYP & Families Services,Community & Urgent Services,CAMHS West Team 40020,Additional Clinical Services,Leavers,3
CYP & Families Services,Early Intervention & Spec Svs,MH in Schools 40070,Administrative and Clerical,Hires,3
Mental Health and Learning Disabilities,CMHS West,Adult Psychological Therapies Service Bridgwater 51131,Add Prof Scientific and Technic,Hires,3
Neighbourhood Services,Intermediate Care DEPT,Palliative Care Co-Ordination 68200,Administrative and Clerical,Hires,3
Neighbourhood Services,Integrated Team Mendip,Mendip Integrated Rehabilitation Central & West 61602,Additional Clinical Services,Leavers,3
Neighbourhood Services,Integrated Team Mendip,Mendip Integrated Rehabilitation Central & West 61602,Additional Clinical Services,Hires,3
Corporate Support Services,Experience & Learning,Colleague Support 02066,Additional Clinical Services,Hires,3
Surgical Services,Theatres & DSC,Theatre - Head And Neck 17016,Add Prof Scientific and Technic,Leavers,3
Corporate Support Services,Estates and Facilities - SFT,Shepton Mallet Hotel Services 21642,Estates and Ancillary,Leavers,3
Neighbourhood Services,Mass Vaccination Programme,Mass Vaccination - West 00034,Add Prof Scientific and Technic,Hires,3
Surgical Services,Theatres & DSC,Surgical Admission Lounge 17011,Nursing and Midwifery Registered,Hires,3
CYP & Families Services,Community & Urgent Services,CAMHS RAFT 40040,Nursing and Midwifery Registered,Hires,3
Neighbourhood Services,Integrated Team Mendip,Mendip OPMH Team - West 61603,Additional Clinical Services,Hires,3
CYP & Families Services,Early Intervention & Spec Svs,MH in Schools 40070,Add Prof Scientific and Technic,Hires,3
Neighbourhood Services,Integrated Team South Som,Bracken Older People Team 61102,Additional Clinical Services,Hires,3
Surgical Services,Other Surgery,Elective Clin Managers 75716,Nursing and Midwifery Registered,Leavers,3
Medical Services,Emergency Care DEPT,SDEC Y - Same Day Emergency Care 76205,Allied Health Professionals,Leavers,3
Surgical Services,Outpatients,Outpatients Nursing 15002,Nursing and Midwifery Registered,Leavers,3
Neighbourhood Services,Intermediate Care DEPT,Palliative Care Co-Ordination 68200,Administrative and Clerical,Leavers,3
Neighbourhood Services,Integrated Team Mendip,DN East Mendip 61200,Additional Clinical Services,Leavers,3
Medical Services,Emergency Care DEPT,Emer Nurse Practitioners (ENP) 76218,Nursing and Midwifery Registered,Leavers,3
Surgical Services,Theatres & DSC,Day Surgery Centre 17015,Allied Health Professionals,Hires,3
Corporate Support Services,Estates and Facilities - SFT,Dene Barton Hotel Services 21582,Estates and Ancillary,Hires,3
Mental Health and Learning Disabilities,ADHD,ADHD 59400,Nursing and Midwifery Registered,Hires,3
Medical Services,Neurology,Neurology Medical Staff 75859,Medical and Dental,Leavers,3
Clinical Support and Cancer Services,Therapies DEPT,Adult Speech and Language Therapy 38600,Additional Clinical Services,Leavers,3
Clinical Support and Cancer Services,Therapies DEPT,Adult Speech and Language Therapy 38600,Administrative and Clerical,Leavers,3
Surgical Services,Endoscopy,Bowel Cancer Screening 13003,Nursing and Midwifery Registered,Leavers,3
Medical Services,Neurology,Neurology Admin 20706,Administrative and Clerical,Sickness,3
CYP & Families Services,Women's Services,Gynae Specialist Services 75733,Nursing and Midwifery Registered,Leavers,3
Mental Health and Learning Disabilities,ADHD,ADHD 59400,Administrative and Clerical,Hires,3
Mental Health and Learning Disabilities,ADHD,ADHD 59400,Administrative and Clerical,Leavers,3
SSL Corporate,Capital Programme,IT EHR,Administrative and Clerical,Leavers,3
Surgical Services,Endoscopy,Endoscopy MPH 13002,Estates and Ancillary,Leavers,3
Operational Management,Learning Disabilities Liaison DEPT,Learning Disabilities Liaison 75488,Nursing and Midwifery Registered,Leavers,3
Clinical Support and Cancer Services,Therapies DEPT,Dieticians 75837,Administrative and Clerical,Hires,3
CYP & Families Services,Women's Services,Grace Colposcopy 43070,Nursing and Midwifery Registered,Leavers,3
CYP & Families Services,Women's Services,Grace Colposcopy 43070,Administrative and Clerical,Leavers,3
Operational Management,Discharge Team,Discharge Team 00010,Administrative and Clerical,Hires,3
Clinical Support and Cancer Services,Pharmacy DEPT,Pharmacy - YDH Pay 76346,Administrative and Clerical,Leavers,3
Medical Services,Neuro Rehab,Lydeard Ward - SNRC 20801,Additional Clinical Services,Leavers,3
Clinical Support and Cancer Services,Therapies DEPT,Enteral Feeding 20261,Allied Health Professionals,Leavers,3
Surgical Services,Urology,Urology Medical Staff YDH 75808,Medical and Dental,Leavers,3
Surgical Services,Urology,Urology Medical Staff YDH 75808,Medical and Dental,Hires,3
Mental Health and Learning Disabilities,AOT East,Mendip Assertive Outreach Team 51200,Additional Clinical Services,Leavers,3
Clinical Support and Cancer Services,Therapies DEPT,Occ Therapy - MPH 38400,Add Prof Scientific and Technic,Hires,3
Clinical Support and Cancer Services,Therapies DEPT,Occ Therapy - MPH 38400,Add Prof Scientific and Technic,Sickness,3
Operational Management,Clinical Site Managers,Clinical Site Managers YDH 76327,Nursing and Midwifery Registered,Leavers,3
Clinical Support and Cancer Services,Therapies DEPT,Orthotics 75840,Allied Health Professionals,Hires,3
Operational Management,Clinical Site Managers,Clinical Site Managers 00008,Administrative and Clerical,Leavers,3
CYP & Families Services,Somerset,Primary Care Dental Service 44010,Additional Clinical Services,Leavers,3
Clinical Support and Cancer Services,Therapies DEPT,Physio - MPH 38200,Administrative and Clerical,Leavers,3
Surgical Services,Gastro,Gastro Nurse Endo & Cancer 76267,Nursing and Midwifery Registered,Leavers,3
Neighbourhood Services,Wincanton Community Hospital,Wincanton Nursing 20502,Nursing and Midwifery Registered,Leavers,3
SSL Corporate,SSL Facilities Hard FM Level 5,SSL Outpatient Pharmacy S75379,Additional Clinical Services,Leavers,3
Surgical Services,ENT,ENT Medical Staff 75857,Medical and Dental,Leavers,3
Surgical Services,Theatres & DSC,Theatre - Orthopaedic 17017,Additional Clinical Services,Leavers,3
Clinical Support and Cancer Services,Oncology,Cancer Nursing 76223,Nursing and Midwifery Registered,Hires,3
Clinical Support and Cancer Services,Medical Imaging,Radiology - MPH 32000,Nursing and Midwifery Registered,Leavers,3
Clinical Support and Cancer Services,Medical Imaging,Path & Rad Admin Support 76359,Administrative and Clerical,Hires,3
Surgical Services,Vascular,Vascular Med Stf 10012,Nursing and Midwifery Registered,Leavers,3
Medical Services,Respiratory,Sleep Nurses 76271,Healthcare Scientists,Sickness,3
Surgical Services,Vascular,Vascular Med Stf 10012,Nursing and Midwifery Registered,Hires,3
Surgical Services,Breast,Breast Care Centre 16001,Additional Clinical Services,Leavers,3
Clinical Support and Cancer Services,Haematology,Ward 9 33100,Nursing and Midwifery Registered,Leavers,3
Surgical Services,Bariatrics,Bariatric Surgery Med Stf 10004,Medical and Dental,Hires,3
Surgical Services,Critical Care,ICU YDH 75822,Additional Clinical Services,Leavers,3
Surgical Services,Bariatrics,Bariatric Surgery Med Stf 10004,Allied Health Professionals,Hires,3
Clinical Support and Cancer Services,Haematology,Haematology Med Staff 33000,Administrative and Clerical,Hires,3
Clinical Support and Cancer Services,Oncology,Beacon Inpatient Ward 34100,Nursing and Midwifery Registered,Leavers,3
Surgical Services,Acute Surgery,Surgical Decisions Unit 10005,Administrative and Clerical,Hires,3
Clinical Support and Cancer Services,Oncology,Cancer Nursing 76223,Administrative and Clerical,Hires,3
Clinical Support and Cancer Services,Oncology,Chemotherapy Nurse 76224,Nursing and Midwifery Registered,Hires,3
Clinical Support and Cancer Services,Covid Screening,COVID Swabbing Clinic 75829,Additional Clinical Services,Leavers,3
CYP & Families Services,Acute Paediatrics,Paediatric Admin Support 76243,Administrative and Clerical,Hires,3
Clinical Support and Cancer Services,Oncology,Clinical Oncology 34000,Administrative and Clerical,Leavers,3
Surgical Services,Acute Surgery,Montacute North 00004,Nursing and Midwifery Registered,Leavers,3
Surgical Services,Acute Surgery,Montacute North 00004,Nursing and Midwifery Registered,Hires,3
Surgical Services,Critical Care,ITU Ward MPH 17007,Administrative and Clerical,Hires,3
Medical Services,Stroke,Dunkery Stroke & Neuro Unit 20601,Administrative and Clerical,Leavers,3
Clinical Support and Cancer Services,Oncology,Med Onc Medical Staff 76228,Medical and Dental,Hires,3
Surgical Services,Critical Care,ITU Ward MPH 17007,Administrative and Clerical,Leavers,3
Clinical Support and Cancer Services,Covid Screening,Covid Screening 00040,Administrative and Clerical,Leavers,3
SSL Corporate,SSL Procurement Level 5,SSL Procurement Dept S75474,Administrative and Clerical,Leavers,3
SSL Corporate,SSL Procurement Level 5,SSL Procurement Dept S75474,Administrative and Clerical,Hires,3
Medical Services,Respiratory,CLOSED - Barrington 10007,Administrative and Clerical,Leavers,3
Clinical Support and Cancer Services,Pathology,Blood Products 31300,Administrative and Clerical,Sickness,3
Medical Services,Neurology,Neurophysiology 20702,Healthcare Scientists,Hires,3
Surgical Services,Upper GI,Surgery Medical Staff 75796,Medical and Dental,Leavers,3
Neighbourhood Services,Wincanton Community Hospital,Wincanton Nursing 20502,Additional Clinical Services,Hires,3
Surgical Services,Gastro,Gastro Nursing 13007,Nursing and Midwifery Registered,Hires,3
Neighbourhood Services,Minor Injury DEPT,West Mendip MIU 20027,Nursing and Midwifery Registered,Leavers,3
Surgical Services,Max Fax,YDH Maxillo Facial 12004,Additional Clinical Services,Leavers,3
Corporate Support Services,Digital,Service Design 05007,Administrative and Clerical,Hires,3
Mental Health and Learning Disabilities,CMHS East,Mendip CMHT 51210,Add Prof Scientific and Technic,Hires,3
Medical Services,Endocrinology,Diabetes 21120,Allied Health Professionals,Sickness,3
Medical Services,Endocrinology,Diabetes 21120,Administrative and Clerical,Leavers,3
Corporate Support Services,Dir of Quality & Involvement,Governance Support Team 00404,Administrative and Clerical,Hires,3
Corporate Support Services,Dir of Quality & Involvement,Patient & Family Centred Care 00201,Additional Clinical Services,Sickness,3
Mental Health and Learning Disabilities,CMHS East,Mendip CMHT 51210,Nursing and Midwifery Registered,Hires,3
Neighbourhood Services,NHS at Home,NHS @ Home - Respiratory 60642,Nursing and Midwifery Registered,Leavers,3
CYP & Families Services,Medical Acute,Gynae Oncology Medical Staff 43080,Medical and Dental,Hires,3
Surgical Services,Theatres & DSC,West Mendip Surgical 17019,Additional Clinical Services,Hires,3
Neighbourhood Services,NHS at Home,NHS @ Home - Frailty 60641,Medical and Dental,Hires,3
CYP & Families Services,Community & Urgent Services,CAMHS Community Eating Disorder Team 40080,Additional Clinical Services,Hires,3
Surgical Services,Theatres & DSC,Theatre - Orthopaedic 17017,Nursing and Midwifery Registered,Leavers,3
Medical Services,Endocrinology,Diab & Endo Medical Staff 76297,Medical and Dental,Leavers,3
Neighbourhood Services,Wincanton Community Hospital,Wincanton Administration 21700,Administrative and Clerical,Hires,3
Surgical Services,Ophthalmology,Ophthalmic OPD 14002,Nursing and Midwifery Registered,Leavers,3
CYP & Families Services,Community & Urgent Services,CAMHS Community Eating Disorder Team 40080,Additional Clinical Services,Leavers,3
Neighbourhood Services,Minor Injury DEPT,Minehead MIU 20027,Administrative and Clerical,Leavers,3
Neighbourhood Services,Minor Injury DEPT,Frome MIU 20027,Nursing and Midwifery Registered,Leavers,3
Corporate Support Services,Director of Corporate Services DEPT,Corporate Governance Team 00411,Administrative and Clerical,Leavers,3
Neighbourhood Services,Minor Injury DEPT,Chard MIU 20027,Nursing and Midwifery Registered,Leavers,3
Mental Health and Learning Disabilities,CMHS East,South Somerset CMHT 51211,Administrative and Clerical,Hires,3
Corporate Support Services,Director of Corporate Services DEPT,Secretarial Servs MPH 00400,Administrative and Clerical,Leavers,3
Corporate Support Services,Donated Debtors DEPT,General Trust Fund Y83801,Administrative and Clerical,Hires,3
Mental Health and Learning Disabilities,CMHS East,Transformation East 51270,Additional Clinical Services,Hires,3
Neighbourhood Services,Memory Assessment Service DEPT,Memory Assessment Service 68400,Nursing and Midwifery Registered,Leavers,3
Corporate Support Services,Estates and Facilities - SFT,Catering - Retail 04281,Estates and Ancillary,Hires,3
CYP & Families Services,Maternity DEPT,Newborn Hearing MPH 45070,Administrative and Clerical,Sickness,3
CYP & Families Services,Maternity DEPT,Newborn Hearing MPH 45070,Additional Clinical Services,Leavers,3
Surgical Services,Max Fax,YDH Maxillo Facial 12004,Additional Clinical Services,Hires,3
Surgical Services,Max Fax,Oral Surg Medical Staff 75860,Medical and Dental,Leavers,3
Corporate Support Services,Digital,Digital Programme 05003,Administrative and Clerical,Leavers,3
CYP & Families Services,Sexual Health Services,Somerset-Wide Integrated Sexual Health 42060,Nursing and Midwifery Registered,Hires,3
Surgical Services,Upper GI,Surgery Medical Staff 75796,Medical and Dental,Hires,3
Neighbourhood Services,Williton Community Hospital,Williton Administration 20630,Administrative and Clerical,Leavers,3
Neighbourhood Services,Williton Community Hospital,Williton Administration 20630,Administrative and Clerical,Hires,3
Surgical Services,Head & Neck,Audiology 12011,Additional Clinical Services,Leavers,3
Neighbourhood Services,West Mendip Community Hospital,West Mendip Cathedral Ward 20501,Additional Clinical Services,Hires,3
Surgical Services,Head & Neck,Audiology 12011,Administrative and Clerical,Leavers,3
Mental Health and Learning Disabilities,CMHS East,Appts Mendip 51230,Add Prof Scientific and Technic,Hires,3
Neighbourhood Services,West Mendip Community Hospital,West Mendip Abbey Ward 20501,Additional Clinical Services,Hires,3
Mental Health and Learning Disabilities,CMHS East,Appts Mendip 51230,Add Prof Scientific and Technic,Leavers,3
Corporate Support Services,Deputy CPO,Knowledge & Library Services 02017,Administrative and Clerical,Hires,3
Neighbourhood Services,Stroke Services DEPT,Stroke 20641,Nursing and Midwifery Registered,Hires,3
Medical Services,Medical DayCare DEPT,Queensway Day Hospital 76333,Administrative and Clerical,Hires,3
Corporate Support Services,Deputy CPO,People Business Partners 02062,Administrative and Clerical,Leavers,3
Corporate Support Services,Deputy CPO,Senior Team DoP 02063,Administrative and Clerical,Leavers,3
Neighbourhood Services,Stroke Services DEPT,Psychology Stroke Service 67210,Additional Clinical Services,Hires,3
Corporate Support Services,Deputy Director of Nursing,AHP Professional Lead Posts 00218,Allied Health Professionals,Leavers,3
Corporate Support Services,Deputy Director of Nursing,Dir Of Nurs Mgt Team 00202,Administrative and Clerical,Hires,3
Corporate Support Services,Deputy Director of Nursing,Dir Of Nurs Mgt Team 00202,Nursing and Midwifery Registered,Leavers,3
Neighbourhood Services,South Petherton Comm Hospital,South Petherton Outpatients Department 21408,Additional Clinical Services,Hires,3
CYP & Families Services,Somerset,Dental Access Centre - Bridgwater 44010,Medical and Dental,Hires,3
Corporate Support Services,Deputy Director of Nursing,Virtual Nursing Pilot 00216,Administrative and Clerical,Leavers,3
Neighbourhood Services,Shepton Mallet Comm Hospital,Shepton Mallet Ambulatory Care 20104,Nursing and Midwifery Registered,Sickness,3
Neighbourhood Services,Shepton Mallet Comm Hospital,Shepton Mallet Ambulatory Care 20104,Additional Clinical Services,Sickness,3
Neighbourhood Services,Shepton Mallet Comm Hospital,Shepton Mallet Administration 21640,Administrative and Clerical,Hires,3
Medical Services,Medical DayCare DEPT,Medical Day Unit 20100,Nursing and Midwifery Registered,Hires,3
Medical Services,Endocrinology,Ward 9B - Endo & COOP 76283,Nursing and Midwifery Registered,Hires,3
Corporate Support Services,Digital,Digital Delivery 05015,Medical and Dental,Sickness,3
Surgical Services,Management & Admin CC/Theatres,Theatres Non-Clinical 75827,Administrative and Clerical,Leavers,3
Surgical Services,Max Fax,Maxillo Facial Med Stf 12006,Add Prof Scientific and Technic,Leavers,3
Neighbourhood Services,Int Team Taunton & West Som,West Somerset Integrated Rehabilitation Team 61701,Allied Health Professionals,Hires,3
Corporate Support Services,Director of Corporate Services DEPT,Trust Board 00401,Administrative and Clerical,Hires,3
Neighbourhood Services,Burnham on Sea Comm Hospital,Burnham Administration 21520,Administrative and Clerical,Hires,3
Mental Health and Learning Disabilities,Urgent Care & Forensic Servs,Specialist Community Forensic 54404,Add Prof Scientific and Technic,Hires,3
CYP & Families Services,Early Intervention & Spec Svs,CAMHS - Tier 2+ 40050,Add Prof Scientific and Technic,Leavers,3
Medical Services,Care of the Older Person DEPT,Eliot Ward 20403,Nursing and Midwifery Registered,Hires,3
CYP & Families Services,Dorset,Dorset Dental Team - East 44040,Medical and Dental,Hires,3
Mental Health and Learning Disabilities,Urgent Care & Forensic Servs,Bridgwater Crisis Resolution Team 52100,Additional Clinical Services,Hires,3
CYP & Families Services,Directorate Management Fam,Families Management 49010,Administrative and Clerical,Leavers,3
Mental Health and Learning Disabilities,Inpatients DEPT,Holford Ward Team 50170,Additional Clinical Services,Leavers,3
Mental Health and Learning Disabilities,Urgent Care & Forensic Servs,Specialist Community Forensic 54404,Nursing and Midwifery Registered,Hires,3
Medical Services,Acute/General Medicine DEPT,AMU Med Staff 20200,Add Prof Scientific and Technic,Hires,3
Surgical Services,Theatres & DSC,General Theatres 17014,Allied Health Professionals,Leavers,3
Corporate Support Services,Research and Development,RM&G 00135,Administrative and Clerical,Leavers,3
Corporate Support Services,Strategic Projects,Design And Management Fee Account 97301,Administrative and Clerical,Leavers,3
CYP & Families Services,Dorset,Dorset Dental Team - West 44040,Medical and Dental,Leavers,3
Surgical Services,Theatres & DSC,Main Theatres 75824,Allied Health Professionals,Hires,3
Mental Health and Learning Disabilities,Urgent Care & Forensic Servs,Court Assessment Team 54400,Add Prof Scientific and Technic,Leavers,3
Neighbourhood Services,Int Team N Sedge & B'Water,District Nursing Nights 60040,Nursing and Midwifery Registered,Hires,3
Mental Health and Learning Disabilities,Urgent Care & Forensic Servs,Taunton Crisis Resolution Team 52101,Additional Clinical Services,Leavers,3
Surgical Services,Private Patients,Kingston Wing 75781,Nursing and Midwifery Registered,Leavers,3
Neighbourhood Services,Chronic Fatigue Syndrome DEPT,Somerset Fatigue Service 67201,Additional Clinical Services,Hires,3
Mental Health and Learning Disabilities,Inpatients DEPT,Rowan Ward 2 50281,Estates and Ancillary,Hires,3
Mental Health and Learning Disabilities,Talking Therapies,Talking Therapies Team 55304,Nursing and Midwifery Registered,Hires,3
Medical Services,Care of the Older Person DEPT,FAU 76210,Nursing and Midwifery Registered,Leavers,3
Mental Health and Learning Disabilities,Inpatients DEPT,Rowan Ward 2 50281,Nursing and Midwifery Registered,Leavers,3
Mental Health and Learning Disabilities,Inpatients DEPT,Rowan Ward 2 50281,Nursing and Midwifery Registered,Hires,3
Medical Services,Care of the Older Person DEPT,Acute Frailty Unit 20402,Nursing and Midwifery Registered,Leavers,3
Mental Health and Learning Disabilities,Inpatients DEPT,Rowan Ward 2 50281,Estates and Ancillary,Leavers,3
CYP & Families Services,Community Paediatrics,Neurodevelopmental P/ship CYP 42110,Administrative and Clerical,Leavers,3
Mental Health and Learning Disabilities,Inpatients DEPT,Willow Ward Team 50190,Nursing and Midwifery Registered,Leavers,3
Surgical Services,T&O,Gould Ward 15 18004,Nursing and Midwifery Registered,Hires,3
Neighbourhood Services,Int Team N Sedge & B'Water,North Sedgemoor Older People Mental Health 61302,Nursing and Midwifery Registered,Leavers,3
Corporate Support Services,Research and Development,Research Delivery 00136,Add Prof Scientific and Technic,Sickness,3
CYP & Families Services,Community Paediatrics,Paediatric Therapies Yeovil 42010,Additional Clinical Services,Leavers,3
CYP & Families Services,Community & Urgent Services,CAMHS West Team 40020,Nursing and Midwifery Registered,Hires,3
CYP & Families Services,Community & Urgent Services,CAMHS West Team 40020,Nursing and Midwifery Registered,Leavers,3
Medical Services,Acute/General Medicine DEPT,AMU - 6B 76209,Nursing and Midwifery Registered,Hires,3
Corporate Support Services,Strategic Projects,Fundraisers 00163,Administrative and Clerical,Leavers,3
Medical Services,Cardiology,CCU Ward 21002,Nursing and Midwifery Registered,Leavers,3
Mental Health and Learning Disabilities,Inpatients DEPT,Holford Ward Team 50170,Nursing and Midwifery Registered,Hires,3
Neighbourhood Services,Complex Care DEPT,Complex Care 76010,Nursing and Midwifery Registered,Leavers,3
Mental Health and Learning Disabilities,Learning Difficulties,Learning Disabilities West 53100,Nursing and Midwifery Registered,Hires,3
Corporate Support Services,Trustwide Schemes,Training 02042,Administrative and Clerical,Leavers,3
Neighbourhood Services,Crewkerne Community Hospital,Crewkerne Administration 21560,Administrative and Clerical,Hires,3
Corporate Support Services,Trustwide Schemes,Medical Support Workers 02069,Add Prof Scientific and Technic,Sickness,3
Mental Health and Learning Disabilities,Urgent Care & Forensic Servs,Mendip Crisis Resolution Team 52200,Add Prof Scientific and Technic,Sickness,3
Mental Health and Learning Disabilities,Urgent Care & Forensic Servs,Mendip Crisis Resolution Team 52200,Additional Clinical Services,Hires,3
Surgical Services,Restorative Dentistry,Restorative Dentistry Med Stf 12013,Medical and Dental,Hires,3
Mental Health and Learning Disabilities,Urgent Care & Forensic Servs,Perinatal 50106,Additional Clinical Services,Hires,3
Corporate Support Services,Trustwide Schemes,Medical Support Workers 02069,Add Prof Scientific and Technic,Hires,3
Mental Health and Learning Disabilities,Learning Difficulties,Learning Disabilities West 53100,Additional Clinical Services,Leavers,3
Medical Services,Care of the Older Person DEPT,COE Medical Staff 76296,Medical and Dental,Hires,3
CYP & Families Services,Community Paediatrics,Paediatric Therapies Management 42010,Nursing and Midwifery Registered,Sickness,3
Surgical Services,T&O,Orthopaedic OPD YDH 75757,Nursing and Midwifery Registered,Leavers,3
Surgical Services,Theatres & DSC,General Theatres 17014,Estates and Ancillary,Leavers,3
Medical Services,Care of the Older Person DEPT,Care Of Elderly Med Stf 62000,Nursing and Midwifery Registered,Leavers,3
Surgical Services,Private Patients,Parkside 00121,Nursing and Midwifery Registered,Leavers,3
Mental Health and Learning Disabilities,Urgent Care & Forensic Servs,Perinatal 50106,Nursing and Midwifery Registered,Leavers,3
Mental Health and Learning Disabilities,Urgent Care & Forensic Servs,Court Assessment Team 54400,Nursing and Midwifery Registered,Hires,3
Mental Health and Learning Disabilities,Urgent Care & Forensic Servs,Court Assessment Team 54400,Additional Clinical Services,Hires,3
Medical Services,Cardiology,Cardiology 21003,Add Prof Scientific and Technic,Leavers,3
Mental Health and Learning Disabilities,Learning Difficulties,Rapid Intervention Team 53000,Additional Clinical Services,Leavers,3
CYP & Families Services,Community & Urgent Services,Intensive Treatment Team 40045,Allied Health Professionals,Sickness,3
Medical Services,Care of the Older Person DEPT,CLOSED - Wordsworth Ward 20400,Administrative and Clerical,Leavers,3
Mental Health and Learning Disabilities,Urgent Care & Forensic Servs,Psychiatric Liaison Service - West 52150,Nursing and Midwifery Registered,Hires,3
CYP & Families Services,Dorset,Dorset Dental Team - West 44040,Administrative and Clerical,Leavers,3
Neighbourhood Services,Complex Care DEPT,Complex Care 76010,Medical and Dental,Hires,3
Surgical Services,T&O,Outpat- Orthopaedic MPH 18005,Nursing and Midwifery Registered,Hires,3
CYP & Families Services,Community Paediatrics,Paediatric Therapies Mendip 42010,Additional Clinical Services,Hires,3
Neighbourhood Services,Int Team N Sedge & B'Water,DN North Sedgemoor 61300,Additional Clinical Services,Leavers,3
Medical Services,Cardiology,Cardiology 21003,Additional Clinical Services,Leavers,3
Surgical Services,T&O,Orthopaedic OPD YDH 75757,Administrative and Clerical,Hires,3
Surgical Services,T&O,Orthopaedic OPD YDH 75757,Administrative and Clerical,Leavers,3
Corporate Support Services,Safeguarding,Safeguarding 00207,Add Prof Scientific and Technic,Hires,3
CYP & Families Services,Dorset,Dorset Dental Team - East 44040,Administrative and Clerical,Leavers,3
Medical Services,Cardiology,CCU Ward 21002,Nursing and Midwifery Registered,Hires,3
CYP & Families Services,Community Paediatrics,Neurodevelopmental P/ship CYP 42110,Additional Clinical Services,Hires,3
Neighbourhood Services,Bridgwater Community Hospital,Bridgwater Medical 21504,Medical and Dental,Hires,3
Mental Health and Learning Disabilities,Medical Inpatients,Med OPMH Inp Pyrland Ward 62070,Medical and Dental,Hires,3
Surgical Services,POAC,Pre Op 17009,Administrative and Clerical,Hires,3
Medical Services,Dermatology,Dermatology Med Stf 12002,Administrative and Clerical,Hires,3
Medical Services,Acute/General Medicine DEPT,Exmoor Ward 20203,Nursing and Midwifery Registered,Hires,3
Mental Health and Learning Disabilities,Inpatients DEPT,Wessex House Team 40110,Allied Health Professionals,Sickness,3
Surgical Services,Theatres & DSC,Day Surgery Centre 17015,Administrative and Clerical,Hires,3
Mental Health and Learning Disabilities,Inpatients DEPT,Rydon Ward 1 50180,Nursing and Midwifery Registered,Leavers,3
Mental Health and Learning Disabilities,Named Patients,Named Patients Recovery Team 59300,Administrative and Clerical,Leavers,3
Mental Health and Learning Disabilities,Medical CMHS,Med Gen Ad Comm CMHT Taunton 57112,Nursing and Midwifery Registered,Sickness,3
CYP & Families Services,Community Paediatrics,COMPASS Team 42050,Add Prof Scientific and Technic,Leavers,3
Mental Health and Learning Disabilities,Inpatients DEPT,Willow Ward Team 50190,Additional Clinical Services,Leavers,3
Medical Services,Cardiology,Fielding Ward 21004,Nursing and Midwifery Registered,Leavers,3
Mental Health and Learning Disabilities,Inpatients DEPT,Wessex House Team 40110,Nursing and Midwifery Registered,Hires,3
Medical Services,Cardiology,Clinical Investigations 76275,Administrative and Clerical,Leavers,3
CYP & Families Services,Community & Urgent Services,CAMHS West Team 40020,Allied Health Professionals,Hires,3
Corporate Support Services,Infection Control,Infection Control 75487,Nursing and Midwifery Registered,Leavers,3
Surgical Services,T&O,Hestercombe South West 18007,Administrative and Clerical,Leavers,3
Surgical Services,T&O,Hestercombe South West 18007,Nursing and Midwifery Registered,Hires,3
Mental Health and Learning Disabilities,Mental Health Act Team DEPT,Mental Health Act Administration Team 00409,Administrative and Clerical,Leavers,3
CYP & Families Services,Community Paediatrics,Looked After Children Health Team 42100,Nursing and Midwifery Registered,Leavers,3
Neighbourhood Services,Int Team Taunton & West Som,Taunton Integrated Rehabilitation Team 61502,Additional Clinical Services,Leavers,3
CYP & Families Services,Early Intervention & Spec Svs,CAMHS Forensic 40090,Allied Health Professionals,Sickness,3
Surgical Services,POAC,Pre Op 17009,Nursing and Midwifery Registered,Hires,3
Medical Services,Cardiology,Cath Lab 21005,Estates and Ancillary,Leavers,3
CYP & Families Services,Community Paediatrics,School Immunisations 42080,Administrative and Clerical,Leavers,3
Medical Services,Cardiology,CCU 76277,Students,Hires,3
CYP & Families Services,Community Paediatrics,School Immunisations 42080,Nursing and Midwifery Registered,Leavers,3
Neighbourhood Services,Int Team Taunton & West Som,Taunton Deane CMH Team For Older People 61503,Additional Clinical Services,Hires,3
Corporate Support Services,Resourcing,Volunteers 75462,Administrative and Clerical,Hires,3
Neighbourhood Services,Bridgwater Community Hospital,Bridgwater Wards 21503,Nursing and Midwifery Registered,Hires,3
CYP & Families Services,Community Paediatrics,COMPASS Team 42050,Add Prof Scientific and Technic,Hires,3
Surgical Services,T&O,Musculo-skeletal Interface OASIS 18009,Administrative and Clerical,Hires,3
Mental Health and Learning Disabilities,Medical CMHS,Med Gen Ad Comm CMHT Taunton 57112,Medical and Dental,Hires,3
Surgical Services,Theatres & DSC,Day Surgery Centre 17015,Add Prof Scientific and Technic,Leavers,3
Mental Health and Learning Disabilities,Inpatients DEPT,Willow Ward Team 50190,Administrative and Clerical,Leavers,3
Surgical Services,Theatres & DSC,Day Surgery Centre 17015,Allied Health Professionals,Leavers,3
Mental Health and Learning Disabilities,Urgent Care & Forensic Servs,Perinatal 50106,Medical and Dental,Leavers,2
Neighbourhood Services,Serv Grp Mngmnt Neighbourhoods,Neighbourhood Development Managers 69000,Additional Clinical Services,Hires,2
Mental Health and Learning Disabilities,AOT West,Taunton Assertive Outreach Team 51100,Additional Clinical Services,Leavers,2
Mental Health and Learning Disabilities,CMHS East,Connect18 Mendip 51240,Additional Clinical Services,Leavers,2
Surgical Services,T&O,Orthopaedic OPD YDH 75757,Nursing and Midwifery Registered,Hires,2
Neighbourhood Services,Serv Grp Mngmnt Neighbourhoods,Neighbourhood Development Managers 69000,Administrative and Clerical,Leavers,2
Surgical Services,Gastro,Gastro Nursing 13007,Nursing and Midwifery Registered,Leavers,2
Neighbourhood Services,Serv Grp Mngmnt Neighbourhoods,Neighbourhood Development Managers 69000,Nursing and Midwifery Registered,Leavers,2
Surgical Services,T&O,Orthopaedic OPD YDH 75757,Additional Clinical Services,Leavers,2
Medical Services,Cardiology,Cardiology Med Staff 21000,Administrative and Clerical,Hires,2
Clinical Support and Cancer Services,Therapies DEPT,Surgical Orthotics 38000,Allied Health Professionals,Hires,2
Mental Health and Learning Disabilities,Urgent Care & Forensic Servs,Psychiatric Liaison Service - East 52250,Nursing and Midwifery Registered,Hires,2
Surgical Services,Urology,SIU Continence Nurses 16003,Additional Clinical Services,Leavers,2
CYP & Families Services,Community Paediatrics,Paediatric Therapies Yeovil 42010,Administrative and Clerical,Leavers,2
Neighbourhood Services,Serv Grp Mngmnt Neighbourhoods,Neighbourhood Development Managers 69000,Allied Health Professionals,Hires,2
CYP & Families Services,Somerset,Primary Care Dental Service 44010,Administrative and Clerical,Leavers,2
Clinical Support and Cancer Services,Therapies DEPT,Physio - MPH 38200,Administrative and Clerical,Hires,2
Mental Health and Learning Disabilities,Urgent Care & Forensic Servs,Perinatal 50106,Medical and Dental,Hires,2
Mental Health and Learning Disabilities,Learning Difficulties,Learning Disabilities West 53100,Add Prof Scientific and Technic,Leavers,2
Surgical Services,Max Fax,Maxillo Facial Med Stf 12006,Add Prof Scientific and Technic,Hires,2
Clinical Support and Cancer Services,Therapies DEPT,Occ Therapy - MPH 38400,Administrative and Clerical,Hires,2
Clinical Support and Cancer Services,Therapies DEPT,Occ Therapy - MPH 38400,Administrative and Clerical,Leavers,2
CYP & Families Services,Community Paediatrics,CYP Therapy Service 42010,Administrative and Clerical,Hires,2
Mental Health and Learning Disabilities,AOT East,Mendip Assertive Outreach Team 51200,Nursing and Midwifery Registered,Hires,2
Mental Health and Learning Disabilities,Urgent Care & Forensic Servs,Perinatal 50106,Add Prof Scientific and Technic,Leavers,2
CYP & Families Services,Women's Services,EPAC/REPRO Med 45060,Nursing and Midwifery Registered,Hires,2
Mental Health and Learning Disabilities,Learning Difficulties,Learning Disabilities East 53200,Nursing and Midwifery Registered,Leavers,2
Operational Management,Clinical Site Managers,Clinical Site Managers 00008,Nursing and Midwifery Registered,Hires,2
Clinical Support and Cancer Services,Therapies DEPT,Orthotics 75840,Allied Health Professionals,Leavers,2
Corporate Support Services,Digital,Digital Maternity Project 05019,Administrative and Clerical,Leavers,2
Medical Services,Endocrinology,Medical Specialities Admin - SOM 21106,Administrative and Clerical,Hires,2
CYP & Families Services,Somerset,Primary Care Dental Service 44010,Nursing and Midwifery Registered,Sickness,2
Operational Management,Clinical Site Managers,Clinical Site Managers 00008,Estates and Ancillary,Hires,2
Mental Health and Learning Disabilities,Urgent Care & Forensic Servs,Perinatal 50106,Additional Clinical Services,Leavers,2
Mental Health and Learning Disabilities,AOT East,Mendip Assertive Outreach Team 51200,Nursing and Midwifery Registered,Leavers,2
Mental Health and Learning Disabilities,Urgent Care & Forensic Servs,Perinatal 50106,Administrative and Clerical,Hires,2
Operational Management,Call Handlers DEPT,Call Handlers 00070,Administrative and Clerical,Hires,2
Mental Health and Learning Disabilities,AOT West,Bridgwater Assertive Outreach Team 51101,Add Prof Scientific and Technic,Leavers,2
Neighbourhood Services,Serv Grp Mngmnt Neighbourhoods,Division Management ES 69000,Nursing and Midwifery Registered,Hires,2
Mental Health and Learning Disabilities,Learning Difficulties,Learning Disabilities East 53200,Nursing and Midwifery Registered,Hires,2
Mental Health and Learning Disabilities,Urgent Care & Forensic Servs,Psychiatric Liaison Service - West 52150,Add Prof Scientific and Technic,Leavers,2
CYP & Families Services,Acute Paediatrics,YDH Diabetes Team 76241,Nursing and Midwifery Registered,Leavers,2
Mental Health and Learning Disabilities,AOT West,Bridgwater Assertive Outreach Team 51101,Additional Clinical Services,Hires,2
Neighbourhood Services,Serv Grp Mngmnt Neighbourhoods,Division Management ES 69000,Nursing and Midwifery Registered,Leavers,2
Surgical Services,Gastro,Gastro Medical Staff YDH 76261,Medical and Dental,Leavers,2
Surgical Services,Urology,SIU Continence Nurses 16003,Nursing and Midwifery Registered,Leavers,2
Clinical Support and Cancer Services,Therapies DEPT,PCN OT ARRS 68100,Allied Health Professionals,Leavers,2
Mental Health and Learning Disabilities,Urgent Care & Forensic Servs,Psychiatric Liaison Service - West 52150,Add Prof Scientific and Technic,Hires,2
Mental Health and Learning Disabilities,Inpatients DEPT,Wessex House Team 40110,Allied Health Professionals,Leavers,2
Mental Health and Learning Disabilities,CMHS East,Connect 18 South Somerset 51241,Additional Clinical Services,Hires,2
Neighbourhood Services,Wincanton Community Hospital,Wincanton Administration 21700,Administrative and Clerical,Leavers,2
Neighbourhood Services,West Mendip Community Hospital,West Mendip Abbey Ward 20501,Nursing and Midwifery Registered,Hires,2
Corporate Support Services,Resourcing,Talent Hub 00065,Nursing and Midwifery Registered,Hires,2
Corporate Support Services,Deputy Director of Nursing,Tobacco Reduction Programme 00205,Nursing and Midwifery Registered,Hires,2
Corporate Support Services,Resourcing,Talent Hub 00065,Nursing and Midwifery Registered,Leavers,2
CYP & Families Services,Community Paediatrics,Paediatric Therapies Taunton 42010,Administrative and Clerical,Hires,2
Neighbourhood Services,South Petherton Comm Hospital,South Petherton Outpatients Department 21408,Additional Clinical Services,Leavers,2
Corporate Support Services,Deputy Director of Nursing,Tobacco Reduction Programme 00205,Administrative and Clerical,Hires,2
Corporate Support Services,Deputy CPO,Information & Insight 02043,Administrative and Clerical,Leavers,2
Surgical Services,Theatres & DSC,Day Theatres 75701,Allied Health Professionals,Hires,2
Medical Services,Medical DayCare DEPT,Queensway Day Hospital 76333,Administrative and Clerical,Leavers,2
Neighbourhood Services,South Petherton Comm Hospital,South Petherton Outpatients Department 21408,Nursing and Midwifery Registered,Leavers,2
Surgical Services,Head & Neck,Audiology YDH 75855,Additional Clinical Services,Leavers,2
Mental Health and Learning Disabilities,CMHS East,Appts Mendip 51230,Administrative and Clerical,Hires,2
CYP & Families Services,Somerset,Dental Access Centre - Bridgwater 44010,Medical and Dental,Leavers,2
CYP & Families Services,Somerset,Dental Access Centre - Glastonbury 44010,Medical and Dental,Leavers,2
Corporate Support Services,Deputy Director of Nursing,Dir Of Nurs Mgt Team 00202,Administrative and Clerical,Leavers,2
Corporate Support Services,Deputy CPO,People Business Partners 02062,Administrative and Clerical,Hires,2
Mental Health and Learning Disabilities,Urgent Care & Forensic Servs,Urgent Care Hub 52102,Administrative and Clerical,Leavers,2
Surgical Services,Theatres & DSC,Day Theatres 75701,Allied Health Professionals,Leavers,2
Medical Services,Medical DayCare DEPT,Queensway Day Hospital 76333,Additional Clinical Services,Leavers,2
Corporate Support Services,Deputy CPO,Project Team 02067,Administrative and Clerical,Hires,2
Surgical Services,Head & Neck,Audiology YDH 75855,Administrative and Clerical,Leavers,2
Neighbourhood Services,Stroke Services DEPT,Psychology Stroke Service 67210,Add Prof Scientific and Technic,Hires,2
Corporate Support Services,Deputy CPO,Project Team 02067,Administrative and Clerical,Leavers,2
Neighbourhood Services,Stroke Services DEPT,Psychology Stroke Service 67210,Add Prof Scientific and Technic,Leavers,2
Corporate Support Services,Safeguarding,Safeguarding 00207,Add Prof Scientific and Technic,Leavers,2
Surgical Services,Head & Neck,Audiology YDH 75855,Administrative and Clerical,Hires,2
Medical Services,Cardiology,Cath Lab 21005,Estates and Ancillary,Hires,2
CYP & Families Services,Somerset,Dental Access Centre - Taunton 44010,Administrative and Clerical,Hires,2
Medical Services,Cardiology,Cardiology Med Staff 21000,Administrative and Clerical,Leavers,2
Neighbourhood Services,West Mendip Community Hospital,West Mendip Nursing 20501,Nursing and Midwifery Registered,Hires,2
Neighbourhood Services,Williton Community Hospital,Williton Meadow Ward 20633,Nursing and Midwifery Registered,Hires,2
Surgical Services,Gastro,Hestercombe North 13004,Administrative and Clerical,Hires,2
Medical Services,Cardiology,Clinical Investigations 76275,Add Prof Scientific and Technic,Hires,2
Corporate Support Services,Commercial,Commercial Development 00130,Administrative and Clerical,Hires,2
Neighbourhood Services,Serv Grp Mngmnt Neighbourhoods,Secondments within PCN 69003,Administrative and Clerical,Leavers,2
Corporate Support Services,Digital,Clinical Coding YDH 75432,Administrative and Clerical,Leavers,2
Corporate Support Services,Commercial,Somerset Cancer Register 00145,Nursing and Midwifery Registered,Hires,2
Neighbourhood Services,Stroke Services DEPT,Psychology Stroke Service 67210,Additional Clinical Services,Leavers,2
Corporate Support Services,Digital,Clinical Coding YDH 75432,Administrative and Clerical,Hires,2
Corporate Support Services,Strategic Projects,Fundraisers 00163,Administrative and Clerical,Hires,2
Corporate Support Services,Resourcing,Talent Hub 00065,Additional Clinical Services,Leavers,2
Mental Health and Learning Disabilities,Autism Service,Autism Service 55300,Allied Health Professionals,Hires,2
Mental Health and Learning Disabilities,Autism Service,Autism Service 55300,Allied Health Professionals,Leavers,2
Neighbourhood Services,West Mendip Community Hospital,West Mendip Administration 21680,Administrative and Clerical,Hires,2
CYP & Families Services,Community Paediatrics,Paediatric Therapies Mendip 42010,Administrative and Clerical,Hires,2
CYP & Families Services,CAMHS Medical,Med - CAMHS - Taunton 41030,Medical and Dental,Leavers,2
Mental Health and Learning Disabilities,CMHS East,APPTS South Somerset 51231,Add Prof Scientific and Technic,Hires,2
Corporate Support Services,Strategic Projects,Design And Management Fee Account 97301,Administrative and Clerical,Hires,2
CYP & Families Services,Community Paediatrics,Paediatric Therapies Mendip 42010,Administrative and Clerical,Leavers,2
Surgical Services,Head & Neck,Blake Ward 12010,Additional Clinical Services,Leavers,2
CYP & Families Services,Somerset,Dental Access Centre - Taunton 44010,Administrative and Clerical,Leavers,2
CYP & Families Services,Community & Urgent Services,CAMHS - Liaison 40035,Add Prof Scientific and Technic,Hires,2
Corporate Support Services,Deputy CPO,HR Management 75417,Administrative and Clerical,Leavers,2
Neighbourhood Services,West Mendip Community Hospital,West Mendip Administration 21680,Nursing and Midwifery Registered,Leavers,2
Corporate Support Services,Digital,Clinical 05006,Add Prof Scientific and Technic,Sickness,2
Medical Services,Medical DayCare DEPT,Queensway Day Hospital 76333,Nursing and Midwifery Registered,Leavers,2
Mental Health and Learning Disabilities,Learning Difficulties,Learning Disabilities East 53200,Additional Clinical Services,Leavers,2
Neighbourhood Services,Serv Grp Mngmnt Neighbourhoods,Priory House 04540,Administrative and Clerical,Leavers,2
Mental Health and Learning Disabilities,Urgent Care & Forensic Servs,OPD (A & W) 54402,Additional Clinical Services,Hires,2
Clinical Support and Cancer Services,Pathology,Mortuary 31200,Add Prof Scientific and Technic,Hires,2
Somerset Partnership NHS Foundation Trust,185 IR35 Payroll L3,IR35 Payments 00014,Additional Clinical Services,Hires,2
Mental Health and Learning Disabilities,Talking Therapies,Talking Therapies Trainees 55306,Add Prof Scientific and Technic,Hires,2
Medical Services,Acute/General Medicine DEPT,Acute Medical Unit 20201,Estates and Ancillary,Leavers,2
CYP & Families Services,Community Paediatrics,Neurodevelopmental P/ship CYP 42110,Administrative and Clerical,Hires,2
Medical Services,Stroke,Dunkery Stroke & Neuro Unit 20601,Administrative and Clerical,Hires,2
Clinical Support and Cancer Services,Haematology,Haematology Med Staff 33000,Add Prof Scientific and Technic,Leavers,2
Surgical Services,Critical Care,ITU Ward MPH 17007,Additional Clinical Services,Leavers,2
Medical Services,Cardiology,CCU Ward 21002,Administrative and Clerical,Leavers,2
Mental Health and Learning Disabilities,MH Employment Service,Retention 56500,Additional Clinical Services,Hires,2
Surgical Services,Theatres & DSC,Day Surgery Ward 17023,Additional Clinical Services,Leavers,2
Surgical Services,Theatres & DSC,Day Surgery Ward 17023,Additional Clinical Services,Hires,2
Surgical Services,Acute Surgery,Montacute South 10008,Nursing and Midwifery Registered,Hires,2
Mental Health and Learning Disabilities,Suicide Prevention,Suicide Prevention 58003,Additional Clinical Services,Hires,2
Clinical Support and Cancer Services,Oncology,Chemotherapy Nurse 76224,Additional Clinical Services,Leavers,2
Clinical Support and Cancer Services,Oncology,Cancer Nursing 76223,Students,Hires,2
Medical Services,Acute/General Medicine DEPT,Exmoor Ward 20203,Administrative and Clerical,Hires,2
Medical Services,Respiratory,Lung Function 20902,Healthcare Scientists,Leavers,2
Medical Services,Stroke,Dunkery Stroke & Neuro Unit 20601,Nursing and Midwifery Registered,Hires,2
Mental Health and Learning Disabilities,Talking Therapies,Talking Therapies Trainees 55306,Add Prof Scientific and Technic,Leavers,2
Medical Services,Acute/General Medicine DEPT,Acute Medical Unit 20201,Estates and Ancillary,Hires,2
Medical Services,Stroke,Stroke Care Med Staff 20600,Add Prof Scientific and Technic,Hires,2
Medical Services,Neurology,Neurophysiology 20702,Additional Clinical Services,Leavers,2
Medical Services,Acute/General Medicine DEPT,AMU Med Staff 20200,Allied Health Professionals,Sickness,2
Clinical Support and Cancer Services,Pathology,Histology Medical Staff 76312,Medical and Dental,Leavers,2
Medical Services,Acute/General Medicine DEPT,AMU Med Staff 20200,Nursing and Midwifery Registered,Leavers,2
Surgical Services,Vascular,Tissue Viability 10016,Administrative and Clerical,Hires,2
Surgical Services,Vascular,Tissue Viability 10016,Nursing and Midwifery Registered,Hires,2
CYP & Families Services,Community Paediatrics,Neurodevelopmental P/ship CYP 42110,Allied Health Professionals,Hires,2
SSL Corporate,SSL Facilities Soft FM Level 5,SSL Switchboard S75393,Administrative and Clerical,Hires,2
Medical Services,Cardiology,Cardiac Rehab 76273,Additional Clinical Services,Leavers,2
SSL Corporate,SSL Facilities Soft FM Level 5,SSL Switchboard S75393,Administrative and Clerical,Leavers,2
Clinical Support and Cancer Services,Covid Screening,Covid Screening 00040,Additional Clinical Services,Leavers,2
Surgical Services,Critical Care,Theatres & Critical Care MGT 17003,Additional Clinical Services,Sickness,2
Clinical Support and Cancer Services,Covid Screening,Covid Screening 00040,Administrative and Clerical,Hires,2
Clinical Support and Cancer Services,Other HOPE and Palliative Care,End Of Life - HOPE 35100,Add Prof Scientific and Technic,Hires,2
SSL Corporate,SSL Finance Level 5,SSL Financial Services 75404,Administrative and Clerical,Leavers,2
Surgical Services,Theatres & DSC,Day Surgery Ward 17023,Nursing and Midwifery Registered,Leavers,2
Clinical Support and Cancer Services,Oncology,Cancer Nursing 76223,Administrative and Clerical,Leavers,2
Medical Services,Acute/General Medicine DEPT,Exmoor Ward 20203,Administrative and Clerical,Leavers,2
Surgical Services,Theatres & DSC,Day Surgery Centre 17015,Estates and Ancillary,Leavers,2
Medical Services,Respiratory,Resp Thoracic Med Stf 20900,Add Prof Scientific and Technic,Hires,2
Surgical Services,Breast,Breast Care Centre 16001,Administrative and Clerical,Leavers,2
Mental Health and Learning Disabilities,Medical Specialist,Med Liaison Psychiatry 57613,Medical and Dental,Leavers,2
Medical Services,Acute/General Medicine DEPT,Medicine Ward 7A 76282,Nursing and Midwifery Registered,Hires,2
Medical Services,Acute/General Medicine DEPT,Sheppard Medical 20206,Nursing and Midwifery Registered,Hires,2
Surgical Services,Breast,Breast Care Centre 16001,Medical and Dental,Leavers,2
Surgical Services,Breast,Breast Care Centre 16001,Nursing and Midwifery Registered,Leavers,2
Clinical Support and Cancer Services,Medical Imaging,Radiology ATOs 76360,Medical and Dental,Leavers,2
Surgical Services,Continence DEPT,Continence Services 16007,Administrative and Clerical,Leavers,2
Surgical Services,Continence DEPT,Continence Services 16007,Nursing and Midwifery Registered,Hires,2
Medical Services,Respiratory,Respiratory Nurses 76270,Nursing and Midwifery Registered,Leavers,2
Surgical Services,Continence DEPT,Continence Services 16007,Administrative and Clerical,Hires,2
Clinical Support and Cancer Services,Medical Imaging,Radiology - MPH 32000,Nursing and Midwifery Registered,Hires,2
Surgical Services,Breast,Mammography 16009,Allied Health Professionals,Hires,2
Surgical Services,Vascular,Vascular Nurse 10013,Additional Clinical Services,Leavers,2
Clinical Support and Cancer Services,Medical Imaging,Radiology - MPH 32000,Healthcare Scientists,Leavers,2
Mental Health and Learning Disabilities,Medical Inpatients,Med Gen Ad Inp Willow 57114,Medical and Dental,Sickness,2
Surgical Services,Breast,Breast Care Centre 16001,Administrative and Clerical,Hires,2
Surgical Services,Theatres & DSC,Day Surgery Centre 17015,Add Prof Scientific and Technic,Hires,2
CYP & Families Services,Acute Paediatrics,Childrens Outpatients Depart 43040,Nursing and Midwifery Registered,Leavers,2
Clinical Support and Cancer Services,Oncology,Beacon Inpatient Ward 34100,Administrative and Clerical,Hires,2
Mental Health and Learning Disabilities,STEP (EIP),Somerset Team For Early Psychosis (STEP) 55303,Add Prof Scientific and Technic,Hires,2
Medical Services,Rheumatology,Rheum Medical Staff 76299,Medical and Dental,Leavers,2
CYP & Families Services,Community Paediatrics,Neurodevelopmental P/ship CYP 42110,Add Prof Scientific and Technic,Hires,2
Medical Services,Acute/General Medicine DEPT,Jasmine R2G Ward 75734,Students,Hires,2
Clinical Support and Cancer Services,Oncology,Beacon Inpatient Ward 34100,Nursing and Midwifery Registered,Hires,2
Clinical Support and Cancer Services,Haematology,Haematology Med Staff 33000,Administrative and Clerical,Leavers,2
Clinical Support and Cancer Services,Oncology,Beacon Inpatient Ward 34100,Administrative and Clerical,Leavers,2
Medical Services,Rheumatology,CLOSED - Rheumatology Nurses 76302,Nursing and Midwifery Registered,Leavers,2
Mental Health and Learning Disabilities,Medical Specialist,Medical Spec Comm Rehab 57816,Medical and Dental,Sickness,2
Clinical Support and Cancer Services,Medical Imaging,Taunton Diagnostic Centre 32050,Allied Health Professionals,Leavers,2
Mental Health and Learning Disabilities,Medical CMHS,Medical Community Mental Health Service - Chard 57312,Medical and Dental,Leavers,2
CYP & Families Services,Acute Paediatrics,Childrens Outpatients Depart 43040,Nursing and Midwifery Registered,Hires,2
Mental Health and Learning Disabilities,Named Patients,Named Patients Recovery Team 59300,Administrative and Clerical,Hires,2
Clinical Support and Cancer Services,Medical Imaging,Taunton Diagnostic Centre 32050,Administrative and Clerical,Leavers,2
CYP & Families Services,Acute Paediatrics,Childrens Outpatients Depart 43040,Additional Clinical Services,Hires,2
Clinical Support and Cancer Services,Medical Imaging,Taunton Diagnostic Centre 32050,Additional Clinical Services,Leavers,2
Medical Services,Neurology,Neurophysiology 20702,Additional Clinical Services,Hires,2
Clinical Support and Cancer Services,Pathology,Mortuary 31200,Add Prof Scientific and Technic,Leavers,2
Operational Management,Director of Elective Care DEPT,Elective Ops Management 00021,Administrative and Clerical,Leavers,2
Clinical Support and Cancer Services,Pathology,Mortuary YDH 76331,Additional Clinical Services,Hires,2
Mental Health and Learning Disabilities,Inpatients DEPT,Rydon Ward 2 50182,Administrative and Clerical,Hires,2
Operational Management,Learning Disabilities Liaison DEPT,LD Liaison 52350,Administrative and Clerical,Sickness,2
Operational Management,Learning Disabilities Liaison DEPT,LD Liaison 52350,Medical and Dental,Sickness,2
Operational Management,Learning Disabilities Liaison DEPT,LD Liaison 52350,Nursing and Midwifery Registered,Hires,2
Mental Health and Learning Disabilities,Urgent Care & Forensic Servs,Inpatient & Home Treatment Team Psychologist Team 50101,Allied Health Professionals,Leavers,2
Mental Health and Learning Disabilities,Urgent Care & Forensic Servs,Inpatient & Home Treatment Team Psychologist Team 50101,Allied Health Professionals,Hires,2
CYP & Families Services,Women's Services,Gynae Nurse OPD 75735,Additional Clinical Services,Leavers,2
Clinical Support and Cancer Services,Therapies DEPT,Dieticians 75837,Administrative and Clerical,Leavers,2
CYP & Families Services,Community Paediatrics,Paediatric Therapies Management 42010,Allied Health Professionals,Leavers,2
CYP & Families Services,Community Paediatrics,Neurodevelopmental P/ship CYP 42110,Nursing and Midwifery Registered,Leavers,2
Clinical Support and Cancer Services,Therapies DEPT,Dieticians 75837,Additional Clinical Services,Hires,2
Mental Health and Learning Disabilities,Urgent Care & Forensic Servs,Inpatient & Home Treatment Team Psychologist Team 50101,Add Prof Scientific and Technic,Hires,2
Operational Management,Operational Management DEPT,Operational Management 00001,Nursing and Midwifery Registered,Hires,2
Operational Management,Operational Management DEPT,Operational Management 00001,Nursing and Midwifery Registered,Leavers,2
Clinical Support and Cancer Services,Therapies DEPT,Dietetics 38500,Nursing and Midwifery Registered,Hires,2
SSL Corporate,Capital Programme,IT EHR,Add Prof Scientific and Technic,Leavers,2
SSL Corporate,Capital Programme,IT EHR,Administrative and Clerical,Hires,2
Surgical Services,T&O,Orthopaedic Specialist Nurses 75759,Nursing and Midwifery Registered,Leavers,2
CYP & Families Services,Women's Services,Grace Colposcopy 43070,Administrative and Clerical,Hires,2
Operational Management,Discharge Team,Discharge Team 00010,Administrative and Clerical,Leavers,2
Clinical Support and Cancer Services,Therapies DEPT,Homefirst Therapists 75843,Additional Clinical Services,Leavers,2
Medical Services,Neuro Rehab,Dene Barton Administration 21580,Administrative and Clerical,Leavers,2
Mental Health and Learning Disabilities,Urgent Care & Forensic Servs,OPD (A & W) 54402,Add Prof Scientific and Technic,Leavers,2
Mental Health and Learning Disabilities,Urgent Care & Forensic Servs,OPD (A & W) 54402,Add Prof Scientific and Technic,Hires,2
Surgical Services,T&O,Orthopaedic Pathway Admin 75758,Administrative and Clerical,Leavers,2
Operational Management,Discharge Team,Discharge Lounge 00022,Additional Clinical Services,Hires,2
Operational Management,Discharge Team,Discharge Lounge 00022,Additional Clinical Services,Leavers,2
Clinical Support and Cancer Services,Therapies DEPT,Homefirst Therapists 75843,Allied Health Professionals,Hires,2
Operational Management,Discharge Team,Discharge Lounge 00022,Nursing and Midwifery Registered,Hires,2
Surgical Services,Urology,Urology Nurse 75809,Nursing and Midwifery Registered,Leavers,2
Operational Management,Discharge Team,Discharge Lounge 00022,Nursing and Midwifery Registered,Leavers,2
Clinical Support and Cancer Services,Therapies DEPT,Homefirst Therapists 75843,Additional Clinical Services,Hires,2
Mental Health and Learning Disabilities,Learning Difficulties,Learning Disabilities West 53100,Additional Clinical Services,Hires,2
CYP & Families Services,Women's Services,Enhanced Nurse Practitioners 43140,Nursing and Midwifery Registered,Hires,2
Mental Health and Learning Disabilities,AOT East,AOT South Somerset 51201,Nursing and Midwifery Registered,Hires,2
Mental Health and Learning Disabilities,Learning Difficulties,Learning Disabilities West 53100,Administrative and Clerical,Hires,2
Mental Health and Learning Disabilities,AOT East,AOT South Somerset 51201,Additional Clinical Services,Leavers,2
CYP & Families Services,Community Paediatrics,Neurodevelopmental P/ship CYP 42110,Nursing and Midwifery Registered,Hires,2
CYP & Families Services,Women's Services,Gynae Nurse OPD 75735,Nursing and Midwifery Registered,Leavers,2
Surgical Services,Endoscopy,Endoscopy MPH 13002,Administrative and Clerical,Leavers,2
Clinical Support and Cancer Services,Pharmacy DEPT,Pharmacy Som Part 76349,Add Prof Scientific and Technic,Leavers,2
SSL Corporate,SSL Facilities Hard FM Level 5,SSL Outpatient Pharmacy S75379,Add Prof Scientific and Technic,Hires,2
CYP & Families Services,Acute Paediatrics,Paediatric Diabetes Team 43050,Nursing and Midwifery Registered,Leavers,2
Surgical Services,Theatres & DSC,Day Theatres 75701,Add Prof Scientific and Technic,Leavers,2
Clinical Support and Cancer Services,Pharmacy DEPT,Pharmacy Staff 37000,Administrative and Clerical,Hires,2
Medical Services,Stroke,Stroke Medical Staff 76264,Medical and Dental,Hires,2
Clinical Support and Cancer Services,Pharmacy DEPT,Pharmacy Som Part 76349,Additional Clinical Services,Leavers,2
Clinical Support and Cancer Services,Pharmacy DEPT,Pharmacy Som Part 76349,Additional Clinical Services,Hires,2
Surgical Services,ENT,ENT Outpatients 12009,Additional Clinical Services,Hires,2
Medical Services,Stroke,Stroke Team 76272,Administrative and Clerical,Hires,2
SSL Corporate,SSL Facilities Hard FM Level 5,SSL SomPar Mental Health Prop S75373,Estates and Ancillary,Hires,2
Surgical Services,Vascular,Leg Ulcer 10017,Nursing and Midwifery Registered,Leavers,2
SSL Corporate,SSL Facilities Management Level 5,Health & Safety S75349,Estates and Ancillary,Leavers,2
Clinical Support and Cancer Services,CSCS Management DEPT,CSCS Management 30000,Administrative and Clerical,Leavers,2
SSL Corporate,SSL Facilities Management Level 5,SSL Facilities S75348,Administrative and Clerical,Hires,2
Clinical Support and Cancer Services,CSCS Management DEPT,CSCS Management 30000,Allied Health Professionals,Hires,2
Clinical Support and Cancer Services,Pathology,Pathology - MPH 31000,Administrative and Clerical,Hires,2
Clinical Support and Cancer Services,Pharmacy DEPT,Pharmacy Staff 37000,Nursing and Midwifery Registered,Leavers,2
Mental Health and Learning Disabilities,Urgent Care & Forensic Servs,Court Assessment Team 54400,Add Prof Scientific and Technic,Hires,2
Corporate Support Services,Trustwide Schemes,Training 02042,Nursing and Midwifery Registered,Leavers,2
East Revenue - Level 2,Elective Care,Yeatman Theatre,Nursing and Midwifery Registered,Hires,2
Mental Health and Learning Disabilities,Urgent Care & Forensic Servs,Forensic Team 54401,Administrative and Clerical,Leavers,2
CYP & Families Services,Women's Services,Gynae Specialist Services 75733,Nursing and Midwifery Registered,Hires,2
SSL Corporate,SSL Central Management Level 5,SSL Directors S75308,Administrative and Clerical,Leavers,2
Mental Health and Learning Disabilities,Urgent Care & Forensic Servs,Forensic Team 54401,Additional Clinical Services,Leavers,2
CYP & Families Services,Acute Paediatrics,Paediatrics Nurse OPD 76244,Nursing and Midwifery Registered,Leavers,2
Corporate Support Services,WoE Imaging Network,WoE Imaging Network 00157,Administrative and Clerical,Leavers,2
Clinical Support and Cancer Services,Therapies DEPT,Community Dietetics 38550,Allied Health Professionals,Leavers,2
Clinical Support and Cancer Services,Therapies DEPT,Community Dietetics 38550,Allied Health Professionals,Hires,2
Surgical Services,Endoscopy,Bowel Cancer Screening 13003,Administrative and Clerical,Leavers,2
Mental Health and Learning Disabilities,Urgent Care & Forensic Servs,Court Assessment Team 54400,Nursing and Midwifery Registered,Leavers,2
Surgical Services,T&O,Plaster Room 18006,Add Prof Scientific and Technic,Hires,2
Mental Health and Learning Disabilities,Learning Difficulties,Rapid Intervention Team 53000,Additional Clinical Services,Hires,2
Clinical Support and Cancer Services,Therapies DEPT,Adult Speech and Language Therapy 38600,Administrative and Clerical,Hires,2
Medical Services,Neurology,Neurology Med Stf 20700,Nursing and Midwifery Registered,Leavers,2
Clinical Support and Cancer Services,Pharmacy DEPT,Pharmacy Team 37500,Additional Clinical Services,Hires,2
Clinical Support and Cancer Services,Pharmacy DEPT,Pharmacy Team 37500,Add Prof Scientific and Technic,Sickness,2
Surgical Services,Endoscopy,Endoscopy YDH 76265,Additional Clinical Services,Leavers,2
Neighbourhood Services,Mass Vaccination Programme,Mass Vaccination - East 00035,Additional Clinical Services,Hires,2
CYP & Families Services,Dorset,Dorset Dental Team - West 44040,Additional Clinical Services,Leavers,2
Medical Services,Care of the Older Person DEPT,CLOSED - Wordsworth Ward 20400,Nursing and Midwifery Registered,Hires,2
Neighbourhood Services,Medical DEPT,Med OPMH Comm Mendip 2 62060,Medical and Dental,Hires,2
Corporate Support Services,Estates and Facilities - SFT,Crewkerne Catering 21561,Estates and Ancillary,Leavers,2
Mental Health and Learning Disabilities,CMHS East,Transformation East 51270,Administrative and Clerical,Leavers,2
Medical Services,Endocrinology,Conservators Ward 20202,Administrative and Clerical,Hires,2
CYP & Families Services,Maternity DEPT,Midwifery YDH 75738,Students,Leavers,2
Neighbourhood Services,Mass Vaccination Programme,Mass Vaccination Musgrove 00033,Nursing and Midwifery Registered,Leavers,2
Surgical Services,Ophthalmology,Optical Nursing 75800,Nursing and Midwifery Registered,Hires,2
Mental Health and Learning Disabilities,CMHS East,Transformation East 51270,Nursing and Midwifery Registered,Leavers,2
Medical Services,Endocrinology,CLOSED Diabetes Specialist NR 21101,Nursing and Midwifery Registered,Leavers,2
Mental Health and Learning Disabilities,CMHS East,Transformation East OP 51290,Nursing and Midwifery Registered,Hires,2
Mental Health and Learning Disabilities,Directorate Management MH DEPT,Division Management MHICS 58000,Administrative and Clerical,Leavers,2
Neighbourhood Services,Frome Community Hospital,Frome Assessment Beds 20102,Nursing and Midwifery Registered,Leavers,2
Neighbourhood Services,Int Team Taunton & West Som,DN Taunton - SPQ 61700,Additional Clinical Services,Hires,2
Medical Services,Care of the Older Person DEPT,FAU 76210,Allied Health Professionals,Leavers,2
Medical Services,Emergency Care DEPT,SDEC Y - Same Day Emergency Care 76205,Nursing and Midwifery Registered,Leavers,2
Medical Services,Emergency Care DEPT,SDEC Y - Same Day Emergency Care 76205,Nursing and Midwifery Registered,Hires,2
Surgical Services,SSD,SSD Manager 17010,Administrative and Clerical,Leavers,2
Surgical Services,Ophthalmology,Optical Nursing 75800,Students,Sickness,2
Corporate Support Services,Estates and Facilities - SFT,Estates - NE Somerset 04420,Estates and Ancillary,Leavers,2
Neighbourhood Services,Mass Vaccination Programme,Mass Vaccination - West 00034,Medical and Dental,Hires,2
Corporate Support Services,Estates and Facilities - SFT,Estates Mgt - Operational 04000,Administrative and Clerical,Hires,2
Mental Health and Learning Disabilities,Inpatients DEPT,Pyrland Ward Team 68000,Estates and Ancillary,Hires,2
Neighbourhood Services,Frome Community Hospital,Frome Wards 21603,Administrative and Clerical,Leavers,2
Corporate Support Services,Estates and Facilities - SFT,Facilities & Estate Management Team 04002,Administrative and Clerical,Hires,2
Medical Services,Emergency Care DEPT,SDEC Y - Same Day Emergency Care 76205,Additional Clinical Services,Leavers,2
Corporate Support Services,Estates and Facilities - SFT,Fire Safety 04003,Administrative and Clerical,Hires,2
Medical Services,Care of the Older Person DEPT,Care Of Elderly Med Stf 62000,Nursing and Midwifery Registered,Hires,2
Neighbourhood Services,Mass Vaccination Programme,Mass Vaccination - West 00034,Add Prof Scientific and Technic,Leavers,2
Corporate Support Services,Merger & Alliance DEPT,Mergers and Acquisitions 75329,Administrative and Clerical,Sickness,2
Medical Services,Care of the Older Person DEPT,FAU 76210,Nursing and Midwifery Registered,Hires,2
CYP & Families Services,Early Intervention & Spec Svs,CAMHS - Tier 2+ 40050,Nursing and Midwifery Registered,Sickness,2
Mental Health and Learning Disabilities,CMHS West,Adult Psychological Therapies Service Taunton 51130,Allied Health Professionals,Hires,2
Neighbourhood Services,Integrated Team South Som,Dist Nurs South Somerset 61400,Administrative and Clerical,Hires,2
Neighbourhood Services,Integrated Team Mendip,Mendip Older People 61204,Allied Health Professionals,Leavers,2
Neighbourhood Services,Integrated Team Mendip,Mendip Older People 61204,Nursing and Midwifery Registered,Hires,2
Neighbourhood Services,Int Team Taunton & West Som,Homeless / Rough Sleeper Team 00221,Additional Clinical Services,Leavers,2
Corporate Support Services,Director of Corporate Services DEPT,Trust Board 00401,Medical and Dental,Hires,2
Neighbourhood Services,Minehead Community Hospital,Minehead OPD 21406,Administrative and Clerical,Leavers,2
Mental Health and Learning Disabilities,Co-Production Service DEPT,Somerset Recovery 56701,Administrative and Clerical,Leavers,2
Neighbourhood Services,Minehead Community Hospital,Minehead OPD 21406,Administrative and Clerical,Hires,2
Corporate Support Services,Director of Corporate Services DEPT,Trust Board 00401,Medical and Dental,Leavers,2
Neighbourhood Services,Integrated Team Mendip,Mendip Older People CMH Team - East 61206,Administrative and Clerical,Hires,2
Neighbourhood Services,Complex Care DEPT,Complex Care 76010,Administrative and Clerical,Leavers,2
CYP & Families Services,Community & Urgent Services,CAMHS West Team 40020,Allied Health Professionals,Leavers,2
Corporate Support Services,MLT Central,Medical Central Team 00307,Medical and Dental,Hires,2
Corporate Support Services,Research and Development,RDS 00305,Administrative and Clerical,Leavers,2
Medical Services,Endocrinology,Conservators Ward 20202,Nursing and Midwifery Registered,Hires,2
Neighbourhood Services,Minehead Community Hospital,Minehead Administration 21620,Administrative and Clerical,Hires,2
Corporate Support Services,MLT Central,Medical Director 75337,Add Prof Scientific and Technic,Leavers,2
CYP & Families Services,Maternity DEPT,Antenatal YDH 75740,Nursing and Midwifery Registered,Leavers,2
Neighbourhood Services,Memory Assessment Service DEPT,Memory Assessment Service 68400,Nursing and Midwifery Registered,Hires,2
Surgical Services,Ophthalmology,Ophthalmology Med Staff MPH 14001,Nursing and Midwifery Registered,Hires,2
Corporate Support Services,Estates and Facilities - SFT,Bridgwater Catering 21501,Estates and Ancillary,Leavers,2
Corporate Support Services,MLT Central,Medical Director 75337,Medical and Dental,Hires,2
Medical Services,Dermatology,Dermatology Nurses 75854,Nursing and Midwifery Registered,Leavers,2
Neighbourhood Services,Medical DEPT,OPMH Resident Doctors 62020,Medical and Dental,Leavers,2
Neighbourhood Services,Medical DEPT,OPMH Resident Doctors 62020,Medical and Dental,Hires,2
CYP & Families Services,Early Intervention & Spec Svs,ND CAMHS 40100,Allied Health Professionals,Leavers,2
Corporate Support Services,Estates and Facilities - SFT,Catering - Retail 04281,Estates and Ancillary,Leavers,2
Neighbourhood Services,Medical DEPT,Med OPMH Comm South Som 62090,Medical and Dental,Leavers,2
Corporate Support Services,Ext Recharges,Trade Union Salary Recharge 00813,Administrative and Clerical,Hires,2
Surgical Services,Ophthalmology,Optical AHP 75828,Add Prof Scientific and Technic,Leavers,2
Surgical Services,Theatres & DSC,Theatre - Head And Neck 17016,Nursing and Midwifery Registered,Leavers,2
Corporate Support Services,Estates and Facilities - SFT,MFT/PCP 04250,Administrative and Clerical,Sickness,2
Mental Health and Learning Disabilities,CMHS West,Taunton CMHT 51110,Administrative and Clerical,Hires,2
Corporate Support Services,Estates and Facilities - SFT,West Mendip Catering 21681,Estates and Ancillary,Leavers,2
Neighbourhood Services,Int Team N Sedge & B'Water,DN North Sedgemoor 61300,Administrative and Clerical,Hires,2
Surgical Services,Orthodontics,Dental Lab 12007,Additional Clinical Services,Hires,2
Medical Services,Care of the Older Person DEPT,Care of The Elderly Snr 60031,Medical and Dental,Hires,2
Medical Services,Care of the Older Person DEPT,Care of The Elderly Snr 60031,Medical and Dental,Leavers,2
Surgical Services,Theatres & DSC,Theatre - Head And Neck 17016,Additional Clinical Services,Hires,2
Neighbourhood Services,Int Team N Sedge & B'Water,District Nursing Nights 60040,Additional Clinical Services,Leavers,2
Corporate Support Services,Experience & Learning,Learning And Development 02008,Additional Clinical Services,Leavers,2
Mental Health and Learning Disabilities,CMHS West,CMHS Minehead 51112,Additional Clinical Services,Leavers,2
Neighbourhood Services,Int Team N Sedge & B'Water,North Sedgemoor Integrated Rehabilitation Team 61301,Nursing and Midwifery Registered,Sickness,2
CYP & Families Services,Maternity DEPT,Antenatal Clinic MPH 45050,Nursing and Midwifery Registered,Leavers,2
Surgical Services,Theatres & DSC,Surgical Admission Lounge 17011,Nursing and Midwifery Registered,Leavers,2
Neighbourhood Services,Intermediate Care DEPT,D2A 00005,Allied Health Professionals,Leavers,2
CYP & Families Services,Community & Urgent Services,CAMHS East Team 40010,Nursing and Midwifery Registered,Hires,2
CYP & Families Services,Community & Urgent Services,Intensive Treatment Team 40045,Additional Clinical Services,Leavers,2
CYP & Families Services,Maternity DEPT,Antenatal YDH 75740,Additional Clinical Services,Leavers,2
Neighbourhood Services,Int Team N Sedge & B'Water,LARCH Team 76014,Allied Health Professionals,Leavers,2
Neighbourhood Services,Int Team N Sedge & B'Water,LARCH Team 76014,Nursing and Midwifery Registered,Hires,2
Medical Services,Emergency Care DEPT,A&E Medical Staff 76202,Add Prof Scientific and Technic,Leavers,2
Mental Health and Learning Disabilities,CMHS West,Connect 18 Taunton 51140,Additional Clinical Services,Hires,2
Neighbourhood Services,Int Team N Sedge & B'Water,North Sedgemoor Integrated Rehabilitation Team 61301,Additional Clinical Services,Leavers,2
Corporate Support Services,Experience & Learning,Inclusion 02052,Administrative and Clerical,Hires,2
Neighbourhood Services,Intermediate Care DEPT,Bed Hub 65802,Nursing and Midwifery Registered,Leavers,2
Neighbourhood Services,Int Team N Sedge & B'Water,North Sedgemoor Integrated Rehabilitation Team 61301,Additional Clinical Services,Hires,2
Corporate Support Services,Experience & Learning,Inclusion 02052,Administrative and Clerical,Leavers,2
CYP & Families Services,Community & Urgent Services,CAMHS East Team 40010,Nursing and Midwifery Registered,Leavers,2
Corporate Support Services,Experience & Learning,Leadership & OD 02061,Administrative and Clerical,Hires,2
Medical Services,Emergency Care DEPT,A&E Medical Staff 76202,Add Prof Scientific and Technic,Hires,2
CYP & Families Services,Community & Urgent Services,Intensive Treatment Team 40045,Add Prof Scientific and Technic,Leavers,2
Surgical Services,Other Surgery,Elective Management 75717,Administrative and Clerical,Leavers,2
CYP & Families Services,Community & Urgent Services,Intensive Treatment Team 40045,Nursing and Midwifery Registered,Hires,2
Surgical Services,Orthodontics,Dental Lab 12007,Add Prof Scientific and Technic,Hires,2
Neighbourhood Services,IRT Rehab Clinical Specialists,IRT Rehab Clinical Specialists 69100,Add Prof Scientific and Technic,Hires,2
Mental Health and Learning Disabilities,Directorate Management MH DEPT,Division Management MHICS 58000,Nursing and Midwifery Registered,Leavers,2
Surgical Services,Ophthalmology,Orthoptists 14003,Additional Clinical Services,Leavers,2
Surgical Services,Theatres & DSC,Theatre - Head And Neck 17016,Nursing and Midwifery Registered,Hires,2
Medical Services,Acute/General Medicine DEPT,Portman Ward 11 20901,Nursing and Midwifery Registered,Hires,2
CYP & Families Services,Maternity DEPT,Midwifery YDH 75738,Administrative and Clerical,Hires,2
Mental Health and Learning Disabilities,Inpatients DEPT,Pyrland Ward Team 68000,Allied Health Professionals,Hires,2
CYP & Families Services,Maternity DEPT,Antenatal Clinic MPH 45050,Nursing and Midwifery Registered,Hires,2
Corporate Support Services,Medical Examiner,Medical Examiners 00311,Medical and Dental,Leavers,2
Corporate Support Services,Experience & Learning,Patient Safety 02058,Nursing and Midwifery Registered,Leavers,2
Surgical Services,Ophthalmology,Orthoptists 14003,Administrative and Clerical,Leavers,2
Surgical Services,Restorative Dentistry,Restorative Dentistry Med Stf 12013,Add Prof Scientific and Technic,Hires,2
Surgical Services,Ophthalmology,Orthoptists 14003,Allied Health Professionals,Hires,2
Mental Health and Learning Disabilities,CMHS West,Eating Disorders Bridgwater 51151,Nursing and Midwifery Registered,Hires,2
Neighbourhood Services,Integrated Team South Som,South Somerset OPMH 61402,Administrative and Clerical,Leavers,2
Surgical Services,Theatres & DSC,Theatre - Head And Neck 17016,Allied Health Professionals,Leavers,2
Neighbourhood Services,Intermediate Care DEPT,Rapid Response 67000,Nursing and Midwifery Registered,Hires,2
Corporate Support Services,Estates and Facilities - SFT,Security Team - MPH 04251,Estates and Ancillary,Leavers,2
Mental Health and Learning Disabilities,CMHS West,Bridgwater CMH Team 51111,Add Prof Scientific and Technic,Hires,2
Corporate Support Services,Estates and Facilities - SFT,Shepton Mallet Hotel Services 21642,Estates and Ancillary,Hires,2
Neighbourhood Services,Intermediate Care DEPT,Rapid Response 67000,Administrative and Clerical,Leavers,2
Corporate Support Services,Medical Examiner,Medical Examiner 75459,Medical and Dental,Leavers,2
Surgical Services,Theatres & DSC,Main Theatres 75824,Add Prof Scientific and Technic,Hires,2
Corporate Support Services,Estates and Facilities - SFT,South Petherton Catering 20621,Estates and Ancillary,Leavers,2
Corporate Support Services,Estates and Facilities - SFT,Sustainability 04101,Administrative and Clerical,Leavers,2
Medical Services,Care of the Older Person DEPT,Care of The Elderly Snr 60031,Administrative and Clerical,Hires,2
Neighbourhood Services,Int Team N Sedge & B'Water,North Sedgemoor Older People Mental Health 61302,Administrative and Clerical,Leavers,2
Neighbourhood Services,Intermediate Care DEPT,Primary Link 29001,Allied Health Professionals,Sickness,2
Mental Health and Learning Disabilities,CMHS West,Eating Disorders Bridgwater 51151,Additional Clinical Services,Leavers,2
Corporate Support Services,Estates and Facilities - SFT,Transport - MPH 04260,Estates and Ancillary,Hires,2
Medical Services,Emergency Care DEPT,Emer Nurse Practitioners (ENP) 76218,Nursing and Midwifery Registered,Hires,2
Neighbourhood Services,Complex Care DEPT,Complex Care 76010,Additional Clinical Services,Leavers,2
Neighbourhood Services,Integrated Team South Som,DN S Somerset - SPQ 61100,Additional Clinical Services,Leavers,2
Corporate Support Services,Research and Development,Research Delivery 00136,Allied Health Professionals,Leavers,2
Corporate Support Services,Digital,Information Team 05013,Administrative and Clerical,Leavers,2
Medical Services,Endocrinology,Diabetes 21120,Administrative and Clerical,Hires,2
CYP & Families Services,Community Paediatrics,School Immunisations 42080,Nursing and Midwifery Registered,Hires,2
CYP & Families Services,Medical Paediatrics,SNICU Medical Staffing 43110,Medical and Dental,Leavers,2
CYP & Families Services,Directorate Management Fam,Divisional Management CAMHS 49010,Administrative and Clerical,Hires,2
Medical Services,Care of the Older Person DEPT,Acute Frailty Unit 20402,Nursing and Midwifery Registered,Hires,2
Mental Health and Learning Disabilities,CMHS East,Mendip CMHT 51210,Nursing and Midwifery Registered,Leavers,2
Neighbourhood Services,NHS at Home,NHS @ Home - Respiratory 60642,Additional Clinical Services,Hires,2
Neighbourhood Services,NHS at Home,NHS @ Home - Frailty 60641,Nursing and Midwifery Registered,Leavers,2
Corporate Support Services,Director of Communications,Communications 75302,Administrative and Clerical,Leavers,2
Medical Services,Endocrinology,Endocrinology Med Stf 21100,Add Prof Scientific and Technic,Hires,2
Neighbourhood Services,Int Team Taunton & West Som,Taunton Deane CMH Team For Older People 61503,Nursing and Midwifery Registered,Hires,2
Neighbourhood Services,NHS at Home,NHS @ Home - Frailty 60641,Additional Clinical Services,Leavers,2
Neighbourhood Services,Integrated Team Bridgwater DEPT,Bridgwater OPMH 61004,Nursing and Midwifery Registered,Hires,2
CYP & Families Services,Maternity DEPT,Speciality Midwives MPH 45040,Nursing and Midwifery Registered,Hires,2
Surgical Services,POAC,Pre-Assessment Clinic 75825,Additional Clinical Services,Leavers,2
CYP & Families Services,Early Intervention & Spec Svs,CAMHS Forensic 40090,Additional Clinical Services,Leavers,2
Corporate Support Services,GP Surgeries DEPT,Creech Medical Centre 63040,Medical and Dental,Leavers,2
Surgical Services,Theatres & DSC,General Theatres 17014,Allied Health Professionals,Hires,2
Mental Health and Learning Disabilities,Co-Production Service DEPT,Co-Production Services 56700,Additional Clinical Services,Hires,2
Neighbourhood Services,Minor Injury DEPT,West Mendip MIU 20027,Administrative and Clerical,Hires,2
CYP & Families Services,Early Intervention & Spec Svs,CAMHS PCN Team 40055,Nursing and Midwifery Registered,Hires,2
CYP & Families Services,Directorate Management Fam,Families Management 49010,Administrative and Clerical,Hires,2
Neighbourhood Services,Integrated Team Mendip,Mendip Integrated Rehabilitation Central & West 61602,Allied Health Professionals,Hires,2
Medical Services,Dermatology,Dermatology Med Stf 12002,Additional Clinical Services,Hires,2
Mental Health and Learning Disabilities,CMHS West,Taunton CMHT 51110,Administrative and Clerical,Leavers,2
Neighbourhood Services,Chard Community Hospital,Chard Administration 21540,Administrative and Clerical,Hires,2
Corporate Support Services,GP Surgeries DEPT,North Petherton Surgery 63050,Administrative and Clerical,Hires,2
Surgical Services,POAC,Pre-Assessment Clinic 75825,Additional Clinical Services,Hires,2
Neighbourhood Services,Integrated Team Mendip,DN Mendip - SPQ 61601,Additional Clinical Services,Leavers,2
Corporate Support Services,Digital,Senior Team 05005,Administrative and Clerical,Hires,2
Neighbourhood Services,Palliative Care DEPT,Palliative Care Medical Team 62010,Administrative and Clerical,Hires,2
Mental Health and Learning Disabilities,Inpatients DEPT,Rydon Ward 1 50180,Allied Health Professionals,Hires,2
CYP & Families Services,Early Intervention & Spec Svs,CAMHS SPA 40060,Nursing and Midwifery Registered,Leavers,2
Surgical Services,Outpatients,Outpatients Nursing 15002,Nursing and Midwifery Registered,Hires,2
CYP & Families Services,Community Paediatrics,School Immunisations 42080,Administrative and Clerical,Hires,2
Mental Health and Learning Disabilities,CMHS West,Transformation West OP 51190,Nursing and Midwifery Registered,Leavers,2
Neighbourhood Services,Pain Service PCN,Pain Service 60010,Administrative and Clerical,Leavers,2
Neighbourhood Services,Pain Service PCN,Pain Service 60010,Administrative and Clerical,Hires,2
Corporate Support Services,Digital,Technical Dev 05009,Administrative and Clerical,Leavers,2
Surgical Services,Theatres & DSC,West Mendip Surgical 17019,Additional Clinical Services,Leavers,2
Corporate Support Services,Digital,Testing Training 05011,Administrative and Clerical,Hires,2
Corporate Support Services,Resourcing,E Rota Admin 75416,Administrative and Clerical,Hires,2
Surgical Services,Ophthalmology,Diabetic Retinopathy 14006,Administrative and Clerical,Hires,2
Corporate Support Services,Dir of Quality & Involvement,Clinical Governance 75485,Nursing and Midwifery Registered,Leavers,2
Neighbourhood Services,Carer Budget,Carer Assessment Team 61202,Administrative and Clerical,Leavers,2
Surgical Services,Ophthalmology,Diabetic Retinopathy 14006,Administrative and Clerical,Leavers,2
Mental Health and Learning Disabilities,CMHS West,Transformation West 51170,Additional Clinical Services,Leavers,2
Surgical Services,Theatres & DSC,Ophthalmic Theatre Suite 17022,Additional Clinical Services,Leavers,2
Corporate Support Services,Digital,Management Information 75437,Administrative and Clerical,Hires,2
Surgical Services,T&O,Hestercombe South West 18007,Administrative and Clerical,Hires,2
Mental Health and Learning Disabilities,CMHS East,Mendip CMHT 51210,Allied Health Professionals,Hires,2
Neighbourhood Services,Minor Injury DEPT,West Mendip MIU 20027,Additional Clinical Services,Hires,2
Surgical Services,Outpatients,Main Outpatient 75769,Nursing and Midwifery Registered,Hires,2
Surgical Services,Ophthalmology,Ophthalmology Admin 14007,Administrative and Clerical,Leavers,2
Neighbourhood Services,Serv Grp Mngmnt Neighbourhoods,Dementia Team - YDH 75486,Additional Clinical Services,Leavers,2
Corporate Support Services,Director of Corporate Services DEPT,Liberty Protection Safeguards 00222,Add Prof Scientific and Technic,Hires,2
Surgical Services,Theatres & DSC,Minehead Surgical 21624,Nursing and Midwifery Registered,Leavers,2
Neighbourhood Services,Minor Injury DEPT,Chard MIU 20027,Additional Clinical Services,Hires,2
Surgical Services,POAC,Pre Op 17009,Additional Clinical Services,Leavers,2
CYP & Families Services,Maternity DEPT,Specialist Midwives YDH 75742,Nursing and Midwifery Registered,Leavers,2
Corporate Support Services,Director of Corporate Services DEPT,Management Office 75305,Administrative and Clerical,Hires,2
Surgical Services,Ophthalmology,Ophthalmology Med Staff MPH 14001,Add Prof Scientific and Technic,Hires,2
Surgical Services,POAC,Pre Op 17009,Additional Clinical Services,Hires,2
Surgical Services,Ophthalmology,Ophthalmology Med Staff MPH 14001,Add Prof Scientific and Technic,Leavers,2
CYP & Families Services,Early Intervention & Spec Svs,ND CAMHS 40100,Add Prof Scientific and Technic,Leavers,2
Mental Health and Learning Disabilities,CMHS East,South Somerset CMHT 51211,Allied Health Professionals,Hires,2
Neighbourhood Services,Integrated Team Mendip,Mendip Integrated Rehabilitation East 61201,Allied Health Professionals,Sickness,2
Corporate Support Services,Resourcing,Futures Workforce 75521,Nursing and Midwifery Registered,Hires,2
Surgical Services,POAC,Pre-Assessment Clinic 75825,Nursing and Midwifery Registered,Leavers,2
Corporate Support Services,Director of Corporate Services DEPT,Resilience Team 00407,Administrative and Clerical,Hires,2
Surgical Services,Ophthalmology,Ophthalmology Med Staff MPH 14001,Additional Clinical Services,Hires,2
Neighbourhood Services,Minor Injury DEPT,Bridgwater MIU 20027,Additional Clinical Services,Leavers,2
CYP & Families Services,Community & Urgent Services,CAMHS - Link LD/A 40065,Additional Clinical Services,Hires,2
Mental Health and Learning Disabilities,CMHS East,South Somerset CMHT 51211,Allied Health Professionals,Leavers,2
CYP & Families Services,Early Intervention & Spec Svs,CAMHS SPA 40060,Additional Clinical Services,Leavers,2
Neighbourhood Services,Complex Care DEPT,Complex Care 76010,Additional Clinical Services,Hires,2
Surgical Services,Upper GI,ESAC 10002,Additional Clinical Services,Hires,2
Surgical Services,Stoma,Stomacare YDH 75801,Nursing and Midwifery Registered,Hires,2
CYP & Families Services,Sexual Health Services,Somerset-Wide Integrated Sexual Health 42060,Additional Clinical Services,Hires,2
Neighbourhood Services,Int Team Taunton & West Som,Living Better Nurses - Recharge 00301,Nursing and Midwifery Registered,Leavers,2
Mental Health and Learning Disabilities,CMHS West,Transformation West 51170,Administrative and Clerical,Leavers,2
Neighbourhood Services,Burnham on Sea Comm Hospital,Burnham OPD 21401,Additional Clinical Services,Leavers,2
Neighbourhood Services,Chronic Fatigue Syndrome DEPT,Somerset Fatigue Service 67201,Medical and Dental,Leavers,2
CYP & Families Services,Early Intervention & Spec Svs,CAMHS SPA 40060,Add Prof Scientific and Technic,Leavers,2
Neighbourhood Services,Minor Injury DEPT,Minehead MIU 20027,Additional Clinical Services,Leavers,2
Neighbourhood Services,Minor Injury DEPT,Minehead MIU 20027,Additional Clinical Services,Hires,2
Neighbourhood Services,Chronic Fatigue Syndrome DEPT,Somerset Fatigue Service 67201,Additional Clinical Services,Leavers,2
Neighbourhood Services,Minor Injury DEPT,Minehead MIU 20027,Administrative and Clerical,Hires,2
Neighbourhood Services,Minor Injury DEPT,Minehead MIU 20027,Nursing and Midwifery Registered,Hires,2
Neighbourhood Services,Minor Injury DEPT,Minehead MIU 20027,Nursing and Midwifery Registered,Leavers,2
Neighbourhood Services,Palliative Care DEPT,Palliative Care Medical Team 62010,Nursing and Midwifery Registered,Sickness,2
Neighbourhood Services,Serv Grp Mngmnt Neighbourhoods,Dementia Team - YDH 75486,Additional Clinical Services,Hires,2
Surgical Services,Stoma,Stomacare YDH 75801,Nursing and Midwifery Registered,Leavers,2
Clinical Support and Cancer Services,Medical Imaging,Path & Rad Admin Support 76359,Administrative and Clerical,Leavers,1
CYP & Families Services,Early Intervention & Spec Svs,CAMHS - Tier 2+ 40050,Additional Clinical Services,Leavers,1
Surgical Services,POAC,Pre Op 17009,Add Prof Scientific and Technic,Sickness,1
Surgical Services,POAC,Peri-Op 11003,Administrative and Clerical,Hires,1
Surgical Services,POAC,Pre Op 17009,Allied Health Professionals,Leavers,1
Surgical Services,Theatres & DSC,Day Theatres 75701,Add Prof Scientific and Technic,Hires,1
CYP & Families Services,Acute Paediatrics,Paediatric Diabetes Team 43050,Additional Clinical Services,Leavers,1
CYP & Families Services,Early Intervention & Spec Svs,CAMHS SPA 40060,Administrative and Clerical,Leavers,1
Clinical Support and Cancer Services,Covid Screening,COVID Swabbing Clinic 75829,Nursing and Midwifery Registered,Leavers,1
CYP & Families Services,Community Paediatrics,Looked After Children Health Team 42100,Administrative and Clerical,Hires,1
CYP & Families Services,Early Intervention & Spec Svs,CAMHS SPA 40060,Nursing and Midwifery Registered,Hires,1
CYP & Families Services,Community Paediatrics,Neurodevelopmental P/ship CYP 42110,Medical and Dental,Hires,1
Clinical Support and Cancer Services,Covid Screening,COVID Swabbing Clinic 75829,Additional Clinical Services,Hires,1
CYP & Families Services,Acute Paediatrics,Childrens Day Surgery Unit 43030,Nursing and Midwifery Registered,Leavers,1
Clinical Support and Cancer Services,CSCS Management DEPT,CSCS Management 30000,Allied Health Professionals,Leavers,1
CYP & Families Services,Community Paediatrics,Homecare Central 42030,Administrative and Clerical,Leavers,1
Surgical Services,Colorectal,Colorectal Med Stf 10009,Nursing and Midwifery Registered,Leavers,1
Clinical Support and Cancer Services,CSCS Management DEPT,CSCS Management 30000,Nursing and Midwifery Registered,Leavers,1
Surgical Services,Other Surgery,Surgery Management 11001,Additional Clinical Services,Hires,1
CYP & Families Services,Community & Urgent Services,Intensive Treatment Team 40045,Add Prof Scientific and Technic,Hires,1
CYP & Families Services,Community & Urgent Services,CAMHS RAFT 40040,Add Prof Scientific and Technic,Leavers,1
CYP & Families Services,Community & Urgent Services,CAMHS RAFT 40040,Add Prof Scientific and Technic,Hires,1
Surgical Services,POAC,Peri-Op 11003,Allied Health Professionals,Hires,1
Clinical Support and Cancer Services,CSCS Management DEPT,CSCS Management 30000,Nursing and Midwifery Registered,Hires,1
Surgical Services,POAC,Peri-Op 11003,Allied Health Professionals,Leavers,1
CYP & Families Services,Maternity DEPT,Antenatal YDH 75740,Additional Clinical Services,Hires,1
Surgical Services,Vascular,Vascular Med Stf 10012,Allied Health Professionals,Leavers,1
Clinical Support and Cancer Services,Medical Imaging,Medical Physics 32100,Healthcare Scientists,Leavers,1
CYP & Families Services,Community Paediatrics,Community Childrens Psychology 42050,Add Prof Scientific and Technic,Hires,1
CYP & Families Services,Maternity DEPT,Antenatal Clinic MPH 45050,Administrative and Clerical,Hires,1
CYP & Families Services,Early Intervention & Spec Svs,ND CAMHS 40100,Nursing and Midwifery Registered,Sickness,1
Surgical Services,Critical Care,ICU YDH 75822,Administrative and Clerical,Hires,1
Surgical Services,Critical Care,ICU YDH 75822,Administrative and Clerical,Leavers,1
Surgical Services,Podiatry DEPT,Podiatric Surgery 16006,Allied Health Professionals,Leavers,1
CYP & Families Services,Early Intervention & Spec Svs,ND CAMHS 40100,Nursing and Midwifery Registered,Hires,1
CYP & Families Services,Early Intervention & Spec Svs,CAMHS Forensic 40090,Additional Clinical Services,Hires,1
Surgical Services,Theatres & DSC,Minehead Surgical 21624,Additional Clinical Services,Leavers,1
Surgical Services,POAC,Pre-Assessment Clinic 75825,Nursing and Midwifery Registered,Hires,1
CYP & Families Services,Community Paediatrics,Neurodevelopmental P/ship CYP 42110,Additional Clinical Services,Leavers,1
Surgical Services,Vascular,Vascular Med Stf 10012,Additional Clinical Services,Hires,1
Surgical Services,T&O,T&O Specialist Nurses 18003,Nursing and Midwifery Registered,Hires,1
Surgical Services,Critical Care,ITU Ward MPH 17007,Add Prof Scientific and Technic,Hires,1
CYP & Families Services,Early Intervention & Spec Svs,ND CAMHS 40100,Additional Clinical Services,Hires,1
CYP & Families Services,Community Paediatrics,Community Childrens Psychology 42050,Administrative and Clerical,Hires,1
Surgical Services,Theatres & DSC,Minehead Surgical 21624,Nursing and Midwifery Registered,Hires,1
CYP & Families Services,Early Intervention & Spec Svs,ND CAMHS 40100,Administrative and Clerical,Hires,1
CYP & Families Services,Community Paediatrics,Neurodevelopmental P/ship CYP 42110,Add Prof Scientific and Technic,Leavers,1
CYP & Families Services,Early Intervention & Spec Svs,CAMHS Forensic 40090,Add Prof Scientific and Technic,Leavers,1
Surgical Services,Theatres & DSC,Day Surgery Centre 17015,Estates and Ancillary,Hires,1
CYP & Families Services,Community & Urgent Services,CAMHS RAFT 40040,Nursing and Midwifery Registered,Leavers,1
CYP & Families Services,Early Intervention & Spec Svs,ND CAMHS 40100,Administrative and Clerical,Leavers,1
Surgical Services,Vascular,Tissue Viability 10016,Nursing and Midwifery Registered,Leavers,1
Surgical Services,Theatres & DSC,Ophthalmic Theatre Suite 17022,Nursing and Midwifery Registered,Leavers,1
Clinical Support and Cancer Services,Haematology,Haematology Med Staff 33000,Add Prof Scientific and Technic,Hires,1
CYP & Families Services,Early Intervention & Spec Svs,MH in Schools 40070,Administrative and Clerical,Leavers,1
Clinical Support and Cancer Services,Covid Screening,Covid Screening 00040,Additional Clinical Services,Hires,1
Surgical Services,Theatres & DSC,PACU 17013,Nursing and Midwifery Registered,Hires,1
Surgical Services,POAC,Pre Op 17009,Estates and Ancillary,Leavers,1
CYP & Families Services,Early Intervention & Spec Svs,MH in Schools 40070,Add Prof Scientific and Technic,Leavers,1
Surgical Services,Continence DEPT,Continence Services 16007,Nursing and Midwifery Registered,Leavers,1
CYP & Families Services,Acute Paediatrics,Childrens Inpatient Unit 43010,Administrative and Clerical,Leavers,1
CYP & Families Services,Community & Urgent Services,CAMHS RAFT 40040,Administrative and Clerical,Hires,1
Surgical Services,Critical Care,Clear Programme 17006,Healthcare Scientists,Leavers,1
Clinical Support and Cancer Services,Haematology,Ward 9 33100,Nursing and Midwifery Registered,Hires,1
CYP & Families Services,Community & Urgent Services,CAMHS RAFT 40040,Administrative and Clerical,Leavers,1
Surgical Services,Theatres & DSC,PACU 17013,Additional Clinical Services,Leavers,1
Surgical Services,Theatres & DSC,Day Surgery Ward 17023,Nursing and Midwifery Registered,Hires,1
CYP & Families Services,Maternity DEPT,Antenatal Clinic MPH 45050,Administrative and Clerical,Leavers,1
Clinical Support and Cancer Services,Haematology,Ward 9 33100,Additional Clinical Services,Hires,1
Surgical Services,T&O,T&O Specialist Nurses 18003,Nursing and Midwifery Registered,Leavers,1
Surgical Services,Theatres & DSC,Day Surgery Ward 17023,Administrative and Clerical,Hires,1
CYP & Families Services,Early Intervention & Spec Svs,MH in Schools 40070,Additional Clinical Services,Leavers,1
Surgical Services,Critical Care,PICC / Acute Pain Team 17012,Nursing and Midwifery Registered,Leavers,1
Surgical Services,Other Surgery,Surgery Management 11001,Nursing and Midwifery Registered,Hires,1
Surgical Services,Critical Care,PICC / Acute Pain Team 17012,Additional Clinical Services,Leavers,1
Surgical Services,Other Surgery,Surgery Management 11001,Nursing and Midwifery Registered,Leavers,1
Surgical Services,Other Surgery,Elective Management 75717,Nursing and Midwifery Registered,Leavers,1
CYP & Families Services,Sexual Health Services,Starling Clinic (HIV) 42090,Additional Clinical Services,Hires,1
CYP & Families Services,Acute Paediatrics,Paediatric Diabetes Team 43050,Nursing and Midwifery Registered,Hires,1
CYP & Families Services,Somerset,Dental Access Centre - Taunton 44010,Additional Clinical Services,Hires,1
CYP & Families Services,Maternity DEPT,Speciality Midwives MPH 45040,Additional Clinical Services,Hires,1
CYP & Families Services,Community & Urgent Services,CAMHS - Liaison 40035,Add Prof Scientific and Technic,Leavers,1
Surgical Services,Theatres & DSC,Theatre - Orthopaedic 17017,Estates and Ancillary,Hires,1
Surgical Services,Theatres & DSC,Theatre - Orthopaedic 17017,Estates and Ancillary,Leavers,1
CYP & Families Services,Community Paediatrics,CYP Therapy Service 42010,Additional Clinical Services,Leavers,1
Surgical Services,T&O,Orthopaedic Med Stf MPH 18002,Add Prof Scientific and Technic,Leavers,1
Surgical Services,T&O,Gould Ward 15 18004,Administrative and Clerical,Leavers,1
Surgical Services,Stoma,Stomacare YDH 75801,Administrative and Clerical,Leavers,1
Surgical Services,Ophthalmology,Ophthalmic OPD 14002,Nursing and Midwifery Registered,Hires,1
Surgical Services,T&O,Gould Ward 15 18004,Estates and Ancillary,Hires,1
CYP & Families Services,Community & Urgent Services,Therapeutic Education 40030,Allied Health Professionals,Hires,1
Surgical Services,T&O,Musculo-skeletal Interface OASIS 18009,Medical and Dental,Leavers,1
CYP & Families Services,Community & Urgent Services,Therapeutic Education 40030,Nursing and Midwifery Registered,Sickness,1
CYP & Families Services,Medical Acute,Gynae Oncology Medical Staff 43080,Additional Clinical Services,Leavers,1
Surgical Services,Theatres & DSC,Day Theatres 75701,Administrative and Clerical,Leavers,1
Surgical Services,Ophthalmology,Ophthalmology Admin 14007,Administrative and Clerical,Hires,1
CYP & Families Services,Somerset,Dental Team - East Somerset 44010,Administrative and Clerical,Leavers,1
Surgical Services,Ophthalmology,Ophthalmology Med Staff MPH 14001,Additional Clinical Services,Leavers,1
CYP & Families Services,Maternity DEPT,SCBU YDH 76248,Additional Clinical Services,Hires,1
Surgical Services,Ophthalmology,Ophthalmology Med Staff MPH 14001,Administrative and Clerical,Leavers,1
Surgical Services,T&O,Orthopaedic OPD YDH 75757,Additional Clinical Services,Hires,1
Surgical Services,T&O,Orthopaedic OPD YDH 75757,Add Prof Scientific and Technic,Leavers,1
CYP & Families Services,Maternity DEPT,SCBU YDH 76248,Additional Clinical Services,Leavers,1
CYP & Families Services,CAMHS Medical,Med - CAMHS - Eating Disorders 41010,Medical and Dental,Leavers,1
CYP & Families Services,Community & Urgent Services,CAMHS Community Eating Disorder Team 40080,Allied Health Professionals,Leavers,1
CYP & Families Services,Community Paediatrics,Paediatric Therapies Mendip 42010,Additional Clinical Services,Leavers,1
CYP & Families Services,CAMHS Medical,Med - CAMHS - South Somerset 41050,Medical and Dental,Leavers,1
Surgical Services,Gastro,Hestercombe North 13004,Administrative and Clerical,Leavers,1
CYP & Families Services,Maternity DEPT,Specialist Midwives YDH 75742,Additional Clinical Services,Leavers,1
Surgical Services,Gastro,Hestercombe North 13004,Nursing and Midwifery Registered,Hires,1
CYP & Families Services,Somerset,Dental Access Centre - Taunton 44010,Medical and Dental,Hires,1
Surgical Services,Head & Neck,Audiology 12011,Add Prof Scientific and Technic,Leavers,1
Surgical Services,Upper GI,GI Med Stf 10003,Add Prof Scientific and Technic,Hires,1
Surgical Services,T&O,Musculo-skeletal Interface OASIS 18009,Medical and Dental,Hires,1
Surgical Services,Head & Neck,Audiology YDH 75855,Healthcare Scientists,Hires,1
Surgical Services,Management & Admin CC/Theatres,Theatres & Critical Care MGT 17003,Allied Health Professionals,Leavers,1
Surgical Services,Management & Admin CC/Theatres,Theatres & Critical Care MGT 17003,Allied Health Professionals,Hires,1
CYP & Families Services,Community & Urgent Services,CAMHS - Link LD/A 40065,Allied Health Professionals,Hires,1
CYP & Families Services,Community Paediatrics,COMPASS Team 42050,Additional Clinical Services,Leavers,1
CYP & Families Services,Community Paediatrics,School Immunisations 42080,Additional Clinical Services,Leavers,1
Surgical Services,Upper GI,ESAC 10002,Add Prof Scientific and Technic,Hires,1
Surgical Services,Max Fax,Maxillo Facial Med Stf 12006,Nursing and Midwifery Registered,Hires,1
Surgical Services,T&O,Musculo-skeletal Interface OASIS 18009,Administrative and Clerical,Leavers,1
Surgical Services,Head & Neck,Audiology YDH 75855,Healthcare Scientists,Leavers,1
Surgical Services,Upper GI,ESAC 10002,Administrative and Clerical,Hires,1
CYP & Families Services,Community & Urgent Services,CAMHS - Liaison 40035,Nursing and Midwifery Registered,Leavers,1
Surgical Services,Management & Admin CC/Theatres,Theatres & Critical Care MGT 17003,Nursing and Midwifery Registered,Leavers,1
CYP & Families Services,Community Paediatrics,COMPASS Team 42050,Allied Health Professionals,Hires,1
CYP & Families Services,Community Paediatrics,COMPASS Team 42050,Administrative and Clerical,Hires,1
CYP & Families Services,Sexual Health Services,Starling Clinic (HIV) 42090,Additional Clinical Services,Leavers,1
Surgical Services,Management & Admin CC/Theatres,Theatres & Critical Care MGT 17003,Administrative and Clerical,Leavers,1
Surgical Services,Management & Admin CC/Theatres,Theatres & Critical Care MGT 17003,Add Prof Scientific and Technic,Leavers,1
Surgical Services,Theatres & DSC,General Theatres 17014,Add Prof Scientific and Technic,Leavers,1
CYP & Families Services,Sexual Health Services,Starling Clinic (HIV) 42090,Administrative and Clerical,Hires,1
Surgical Services,POAC,Peri-Op 11003,Nursing and Midwifery Registered,Hires,1
CYP & Families Services,Sexual Health Services,Starling Clinic (HIV) 42090,Administrative and Clerical,Leavers,1
Surgical Services,Theatres & DSC,West Mendip Surgical 17019,Nursing and Midwifery Registered,Hires,1
CYP & Families Services,Sexual Health Services,Starling Clinic (HIV) 42090,Nursing and Midwifery Registered,Hires,1
CYP & Families Services,Community & Urgent Services,CAMHS Community Eating Disorder Team 40080,Add Prof Scientific and Technic,Hires,1
CYP & Families Services,Sexual Health Services,Starling Clinic (HIV) 42090,Nursing and Midwifery Registered,Leavers,1
CYP & Families Services,Community & Urgent Services,CAMHS - Liaison 40035,Nursing and Midwifery Registered,Hires,1
Surgical Services,Ophthalmology,Diabetic Retinopathy 14006,Add Prof Scientific and Technic,Hires,1
CYP & Families Services,Oral Health Promotion,Oral Health Promotion Team 44020,Additional Clinical Services,Leavers,1
CYP & Families Services,Somerset,Dental Access Centre - Bridgwater 44010,Additional Clinical Services,Hires,1
Surgical Services,Head & Neck,Blake Ward 12010,Administrative and Clerical,Leavers,1
Surgical Services,Head & Neck,Blake Ward 12010,Administrative and Clerical,Hires,1
CYP & Families Services,Minor Oral Surgery,Minor Oral Surgery 44030,Medical and Dental,Leavers,1
CYP & Families Services,Somerset,Dental Team - East Somerset 44010,Administrative and Clerical,Hires,1
CYP & Families Services,Somerset,Dental Team - East Somerset 44010,Medical and Dental,Leavers,1
CYP & Families Services,Community Paediatrics,Neurodevelopmental P/ship CYP 42110,Medical and Dental,Leavers,1
CYP & Families Services,Maternity DEPT,Maternity Core MPH 45030,Estates and Ancillary,Leavers,1
CYP & Families Services,Maternity DEPT,Maternity Admin YDH 75744,Administrative and Clerical,Leavers,1
Surgical Services,Orthodontics,Dental Lab 12007,Add Prof Scientific and Technic,Leavers,1
CYP & Families Services,Community & Urgent Services,CAMHS East Team 40010,Administrative and Clerical,Hires,1
CYP & Families Services,Community Paediatrics,Neurodevelopmental P/ship CYP 42110,Medical and Dental,Sickness,1
CYP & Families Services,Women's Services,Gynae Specialist Services 75733,Additional Clinical Services,Leavers,1
Surgical Services,Private Patients,Parkside 00121,Nursing and Midwifery Registered,Hires,1
Surgical Services,Ophthalmology,Orthoptists 14003,Allied Health Professionals,Leavers,1
Surgical Services,Orthodontics,Orthodontics Med Stf 12008,Additional Clinical Services,Leavers,1
CYP & Families Services,Women's Services,Gynae Nurse OPD 75735,Nursing and Midwifery Registered,Hires,1
CYP & Families Services,Dorset,Dorset Dental Team - West 44040,Administrative and Clerical,Hires,1
CYP & Families Services,Maternity DEPT,Midwifery MPH 45010,Estates and Ancillary,Leavers,1
Surgical Services,Theatres & DSC,Theatre - Head And Neck 17016,Estates and Ancillary,Leavers,1
Surgical Services,Endoscopy,Endoscopy YDH 76265,Additional Clinical Services,Hires,1
Surgical Services,Restorative Dentistry,Restorative Dentistry Med Stf 12013,Add Prof Scientific and Technic,Leavers,1
Surgical Services,Theatres & DSC,Theatre - Head And Neck 17016,Additional Clinical Services,Leavers,1
Surgical Services,Endoscopy,Bowel Cancer Screening 13003,Nursing and Midwifery Registered,Hires,1
Surgical Services,Gastro,Gastro Nursing 13007,Add Prof Scientific and Technic,Leavers,1
Clinical Support and Cancer Services,CSCS Management DEPT,CSCS Management 30000,Add Prof Scientific and Technic,Hires,1
Clinical Support and Cancer Services,CSCS Management DEPT,CSCS Management 30000,Administrative and Clerical,Hires,1
Surgical Services,Other Surgery,Elective Management 75717,Administrative and Clerical,Hires,1
Surgical Services,ENT,ENT Outpatients 12009,Additional Clinical Services,Leavers,1
Clinical Support and Cancer Services,CSCS Management DEPT,CSCS Management 30000,Add Prof Scientific and Technic,Leavers,1
Surgical Services,T&O,Plaster Room 18006,Add Prof Scientific and Technic,Leavers,1
Surgical Services,ENT,ENT Outpatients 12009,Administrative and Clerical,Leavers,1
Surgical Services,Endoscopy,Bowel Cancer Screening 13003,Administrative and Clerical,Hires,1
CYP & Families Services,Dorset,Dorset Dental Team - West 44040,Medical and Dental,Hires,1
CYP & Families Services,Community & Urgent Services,Intensive Treatment Team 40045,Allied Health Professionals,Leavers,1
CYP & Families Services,Maternity DEPT,Maternity - Community 45020,Administrative and Clerical,Sickness,1
CYP & Families Services,Community & Urgent Services,CAMHS East Team 40010,Allied Health Professionals,Hires,1
Surgical Services,Theatres & DSC,Theatre - Head And Neck 17016,Add Prof Scientific and Technic,Hires,1
Surgical Services,Orthodontics,Orthodontics Med Stf 12008,Medical and Dental,Hires,1
CYP & Families Services,Acute Paediatrics,Paediatrics Nurse OPD 76244,Additional Clinical Services,Hires,1
Surgical Services,Upper GI,ESAC 10002,Additional Clinical Services,Leavers,1
CYP & Families Services,Women's Services,Enhanced Nurse Practitioners 43140,Nursing and Midwifery Registered,Leavers,1
Surgical Services,Ophthalmology,Orthoptists 14003,Additional Clinical Services,Hires,1
Surgical Services,Gastro,Gastro Nurse Endo & Cancer 76267,Administrative and Clerical,Hires,1
Surgical Services,Stoma,Stomacare MPH 10006,Nursing and Midwifery Registered,Leavers,1
CYP & Families Services,Maternity DEPT,Newborn Hearing MPH 45070,Healthcare Scientists,Hires,1
Surgical Services,Ophthalmology,Optical AHP 75828,Add Prof Scientific and Technic,Hires,1
CYP & Families Services,CAMHS - Management DEPT,CAMHS - Management 40130,Administrative and Clerical,Leavers,1
CYP & Families Services,Somerset,Primary Care Dental Service 44010,Administrative and Clerical,Hires,1
CYP & Families Services,Maternity DEPT,Newborn Hearing MPH 45070,Healthcare Scientists,Leavers,1
Surgical Services,Theatres & DSC,Day Theatres 75701,Administrative and Clerical,Hires,1
Surgical Services,SSD,Endoscopy Decontamination 17024,Estates and Ancillary,Hires,1
CYP & Families Services,Dorset,Dorset Dental Team - East 44040,Add Prof Scientific and Technic,Leavers,1
CYP & Families Services,CAMHS Medical,CAMHS PGME Team 41080,Medical and Dental,Hires,1
Surgical Services,Gastro,Gastro Nurse Endo & Cancer 76267,Nursing and Midwifery Registered,Hires,1
Surgical Services,Stoma,Stomacare YDH 75801,Additional Clinical Services,Leavers,1
CYP & Families Services,Maternity DEPT,Newborn Hearing MPH 45070,Nursing and Midwifery Registered,Leavers,1
CYP & Families Services,CAMHS Medical,CAMHS PGME Team 41080,Medical and Dental,Leavers,1
Surgical Services,Gastro,Gastro Med Staff MPH 13001,Nursing and Midwifery Registered,Leavers,1
CYP & Families Services,Acute Paediatrics,YDH Diabetes Team 76241,Nursing and Midwifery Registered,Hires,1
Surgical Services,Gastro,Gastro Med Staff MPH 13001,Nursing and Midwifery Registered,Hires,1
CYP & Families Services,Community & Urgent Services,Therapeutic Education 40030,Administrative and Clerical,Hires,1
Surgical Services,Stoma,Stomacare MPH 10006,Nursing and Midwifery Registered,Hires,1
Surgical Services,Ophthalmology,Optical Nursing 75800,Allied Health Professionals,Leavers,1
CYP & Families Services,Women's Services,EPAC/REPRO Med 45060,Additional Clinical Services,Leavers,1
Surgical Services,Gastro,Gastro Med Staff MPH 13001,Administrative and Clerical,Leavers,1
Surgical Services,Gastro,Gastro Med Staff MPH 13001,Administrative and Clerical,Hires,1
Surgical Services,Stoma,Stomacare MPH 10006,Administrative and Clerical,Leavers,1
Surgical Services,Stoma,Stomacare MPH 10006,Administrative and Clerical,Hires,1
Surgical Services,T&O,Orthopaedic Pathway Admin 75758,Administrative and Clerical,Hires,1
CYP & Families Services,Women's Services,EPAC/REPRO Med 45060,Nursing and Midwifery Registered,Leavers,1
Surgical Services,Gastro,Gastro Med Staff MPH 13001,Add Prof Scientific and Technic,Leavers,1
CYP & Families Services,Women's Services,Enhanced Nurse Practitioners 43140,Additional Clinical Services,Hires,1
Surgical Services,SSD,SSD Manager 17010,Administrative and Clerical,Hires,1
CYP & Families Services,Community & Urgent Services,Therapeutic Education 40030,Add Prof Scientific and Technic,Leavers,1
Surgical Services,POAC,Peri-Op 11003,Nursing and Midwifery Registered,Leavers,1
Medical Services,Respiratory,Respiratory Admin - SOM 20906,Administrative and Clerical,Hires,1
Surgical Services,Breast,Maple Unit 75791,Nursing and Midwifery Registered,Leavers,1
Mental Health and Learning Disabilities,Urgent Care & Forensic Servs,Forensic Team 54401,Additional Clinical Services,Hires,1
Corporate Support Services,WoE Imaging Network,WoE Imaging Network 00157,Allied Health Professionals,Hires,1
East Revenue - Level 2,Corporate,General Office (Patient Experience),Administrative and Clerical,Leavers,1
East Revenue - Level 2,Urgent Care,Gastro Nurse Pain & Substance Misuse,Nursing and Midwifery Registered,Leavers,1
Mental Health and Learning Disabilities,Urgent Care & Forensic Servs,Bridgwater Crisis Resolution Team 52100,Nursing and Midwifery Registered,Hires,1
Medical Services,Acute/General Medicine DEPT,AMU Med Staff 20200,Add Prof Scientific and Technic,Leavers,1
Medical Services,Acute/General Medicine DEPT,AMU Med Staff 20200,Allied Health Professionals,Hires,1
Mental Health and Learning Disabilities,Urgent Care & Forensic Servs,Ash Ward Team 50160,Allied Health Professionals,Leavers,1
Mental Health and Learning Disabilities,Urgent Care & Forensic Servs,Ash Ward Team 50160,Administrative and Clerical,Leavers,1
Mental Health and Learning Disabilities,Urgent Care & Forensic Servs,Ash Ward Team 50160,Administrative and Clerical,Hires,1
Mental Health and Learning Disabilities,Urgent Care & Forensic Servs,Ash Ward Team 50160,Add Prof Scientific and Technic,Leavers,1
Mental Health and Learning Disabilities,Talking Therapies,Talking Therapies Trainees 55306,Additional Clinical Services,Hires,1
Mental Health and Learning Disabilities,Talking Therapies,Talking Therapies Team 55304,Nursing and Midwifery Registered,Leavers,1
Medical Services,Acute/General Medicine DEPT,Acute Phys Medical Staff 76208,Add Prof Scientific and Technic,Sickness,1
Mental Health and Learning Disabilities,STEP (EIP),Somerset Team For Early Psychosis (STEP) 55303,Nursing and Midwifery Registered,Leavers,1
Mental Health and Learning Disabilities,STEP (EIP),Somerset Team For Early Psychosis (STEP) 55303,Allied Health Professionals,Hires,1
Mental Health and Learning Disabilities,STEP (EIP),Somerset Team For Early Psychosis (STEP) 55303,Add Prof Scientific and Technic,Leavers,1
Mental Health and Learning Disabilities,Named Patients,Placement Support Team 54403,Administrative and Clerical,Leavers,1
Mental Health and Learning Disabilities,Urgent Care & Forensic Servs,Forensic Team 54401,Add Prof Scientific and Technic,Leavers,1
Mental Health and Learning Disabilities,Urgent Care & Forensic Servs,Forensic Team 54401,Administrative and Clerical,Hires,1
Corporate Support Services,Safeguarding,Safeguarding Team 00217,Nursing and Midwifery Registered,Leavers,1
Mental Health and Learning Disabilities,Urgent Care & Forensic Servs,Forensic Team 54401,Nursing and Midwifery Registered,Hires,1
Mental Health and Learning Disabilities,Urgent Care & Forensic Servs,Specialist Community Forensic 54404,Additional Clinical Services,Leavers,1
Mental Health and Learning Disabilities,Urgent Care & Forensic Servs,Specialist Community Forensic 54404,Additional Clinical Services,Hires,1
Corporate Support Services,Student Support,NMET 02025,Additional Clinical Services,Hires,1
Corporate Support Services,Student Support,NMET 02025,Administrative and Clerical,Hires,1
Corporate Support Services,Student Support,NMET 02025,Administrative and Clerical,Leavers,1
Corporate Support Services,Student Support,NMET 02025,Allied Health Professionals,Leavers,1
Mental Health and Learning Disabilities,Urgent Care & Forensic Servs,Psychiatric Liaison Service - East 52250,Allied Health Professionals,Leavers,1
Mental Health and Learning Disabilities,Urgent Care & Forensic Servs,Psychiatric Liaison Service - East 52250,Allied Health Professionals,Hires,1
Corporate Support Services,Student Support,NMET Bids 02045,Additional Clinical Services,Leavers,1
Mental Health and Learning Disabilities,Urgent Care & Forensic Servs,OPD (A & W) 54402,Allied Health Professionals,Hires,1
Mental Health and Learning Disabilities,Urgent Care & Forensic Servs,OPD (A & W) 54402,Additional Clinical Services,Leavers,1
Corporate Support Services,Trustwide Schemes,Flu 02080,Nursing and Midwifery Registered,Leavers,1
Mental Health and Learning Disabilities,Urgent Care & Forensic Servs,Mendip Crisis Resolution Team 52200,Nursing and Midwifery Registered,Leavers,1
Corporate Support Services,Trustwide Schemes,Human Resources 02003,Administrative and Clerical,Leavers,1
Mental Health and Learning Disabilities,Urgent Care & Forensic Servs,Mendip Crisis Resolution Team 52200,Add Prof Scientific and Technic,Hires,1
Corporate Support Services,Trustwide Schemes,Training 02042,Administrative and Clerical,Hires,1
Mental Health and Learning Disabilities,Urgent Care & Forensic Servs,Inpatient & Home Treatment Team Psychologist Team 50101,Additional Clinical Services,Leavers,1
Medical Services,Acute/General Medicine DEPT,Med Staff - Acute Physicians 76208 DO NOT USE,Add Prof Scientific and Technic,Leavers,1
Mental Health and Learning Disabilities,Medical Specialist,Medical Spec Comm Rehab 57816,Medical and Dental,Leavers,1
Mental Health and Learning Disabilities,Medical Specialist,Medical Spec Comm Rehab 57816,Medical and Dental,Hires,1
Mental Health and Learning Disabilities,Medical Specialist,Medical Psychotherapy Day 57012,Medical and Dental,Hires,1
Medical Services,Cardiology,Cardiac Rehab 76273,Administrative and Clerical,Leavers,1
Mental Health and Learning Disabilities,MH Employment Service,Individual Placement Support 56501,Additional Clinical Services,Leavers,1
Mental Health and Learning Disabilities,MH Employment Service,Individual Placement Support 56501,Additional Clinical Services,Hires,1
Medical Services,Cardiology,Cardiac Rehab 76273,Nursing and Midwifery Registered,Hires,1
Medical Services,Cardiology,Cardiac Rehab 76273,Nursing and Midwifery Registered,Leavers,1
Mental Health and Learning Disabilities,Learning Difficulties,Rapid Intervention Team 53000,Nursing and Midwifery Registered,Hires,1
Medical Services,Cardiology,Cardiology 21003,Administrative and Clerical,Sickness,1
Mental Health and Learning Disabilities,Learning Difficulties,Learning Disabilities West 53100,Administrative and Clerical,Leavers,1
Medical Services,Cardiology,Cardiology 21003,Nursing and Midwifery Registered,Sickness,1
Medical Services,Cardiology,Cardiology Med Staff 21000,Add Prof Scientific and Technic,Hires,1
Medical Services,Cardiology,Cardiology Med Staff 21000,Additional Clinical Services,Hires,1
Mental Health and Learning Disabilities,Learning Difficulties,Learning Disabilities East 53200,Administrative and Clerical,Hires,1
Mental Health and Learning Disabilities,Learning Difficulties,Learning Disabilities East 53200,Add Prof Scientific and Technic,Leavers,1
Mental Health and Learning Disabilities,Inpatients DEPT,Willow Ward Team 50190,Nursing and Midwifery Registered,Hires,1
Mental Health and Learning Disabilities,Inpatients DEPT,Willow Ward Team 50190,Allied Health Professionals,Leavers,1
Mental Health and Learning Disabilities,Inpatients DEPT,Willow Ward Team 50190,Allied Health Professionals,Hires,1
Mental Health and Learning Disabilities,Inpatients DEPT,Wessex House Team 40110,Add Prof Scientific and Technic,Hires,1
Mental Health and Learning Disabilities,MH Employment Service,Individual Placement Support 56501,Allied Health Professionals,Hires,1
Mental Health and Learning Disabilities,MH Employment Service,Individual Placement Support 56501,Allied Health Professionals,Leavers,1
Mental Health and Learning Disabilities,MH Employment Service,Individual Placement Support 56501,Nursing and Midwifery Registered,Hires,1
Mental Health and Learning Disabilities,Medical Inpatients,Med Gen Ad Inp Rowan Ward 57213,Medical and Dental,Hires,1
Mental Health and Learning Disabilities,Medical Specialist,Med Gen Ad Comm Eating Dis 57212,Medical and Dental,Hires,1
Medical Services,Acute/General Medicine DEPT,Medicine Ward 7A 76282,Students,Leavers,1
Mental Health and Learning Disabilities,Medical LD,Learning Disabilities Medical Team 57014,Medical and Dental,Hires,1
Medical Services,Acute/General Medicine DEPT,Portman Ward 11 20901,Administrative and Clerical,Leavers,1
Mental Health and Learning Disabilities,Medical Inpatients,Med Gen Ad Inp Willow 57114,Medical and Dental,Leavers,1
Mental Health and Learning Disabilities,Medical Inpatients,Med Gen Ad Inp Willow 57114,Medical and Dental,Hires,1
Mental Health and Learning Disabilities,Medical Inpatients,Med Gen Ad Inp Rowan Ward 57213,Medical and Dental,Leavers,1
Medical Services,Acute/General Medicine DEPT,Ward 6A - Gen Med 75755,Nursing and Midwifery Registered,Hires,1
Mental Health and Learning Disabilities,MH Employment Service,Retention 56500,Additional Clinical Services,Leavers,1
Mental Health and Learning Disabilities,Medical CMHS,Med Gen Ad Comm CMHT Taunton 57112,Nursing and Midwifery Registered,Hires,1
Mental Health and Learning Disabilities,Medical CMHS,Med Gen Ad Comm CMHT Taunton 57112,Medical and Dental,Leavers,1
Medical Services,Cardiology,CCU 76277,Nursing and Midwifery Registered,Leavers,1
Mental Health and Learning Disabilities,Medical CMHS,Med Gen Ad Comm CMHT Mendip 57612,Medical and Dental,Leavers,1
Mental Health and Learning Disabilities,Medical CMHS,Med Gen Ad Comm CMHT Bwater 57412,Medical and Dental,Leavers,1
Medical Services,Cardiology,CCU Ward 21002,Additional Clinical Services,Leavers,1
Medical Services,Cardiology,CCU Ward 21002,Administrative and Clerical,Hires,1
Corporate Support Services,Strategic Projects,Art For Life 00125,Administrative and Clerical,Hires,1
Mental Health and Learning Disabilities,Urgent Care & Forensic Servs,Specialist Community Forensic 54404,Nursing and Midwifery Registered,Leavers,1
Mental Health and Learning Disabilities,Inpatients DEPT,Rydon Ward 2 50182,Allied Health Professionals,Hires,1
Neighbourhood Services,IRT Rehab Clinical Specialists,IRT Rehab Clinical Specialists 69100,Add Prof Scientific and Technic,Leavers,1
Neighbourhood Services,Frome Community Hospital,Med Comm Hosp Inp Frome 21604,Nursing and Midwifery Registered,Hires,1
Corporate Support Services,Merger & Alliance DEPT,Mergers and Acquisitions 75329,Nursing and Midwifery Registered,Hires,1
Neighbourhood Services,Frome Community Hospital,Frome Wards 21603,Administrative and Clerical,Hires,1
Corporate Support Services,Overseas DEPT,OSCE IR 75522,Administrative and Clerical,Hires,1
Corporate Support Services,Overseas DEPT,OSCE IR 75522,Administrative and Clerical,Leavers,1
Corporate Support Services,Overseas DEPT,Unfunded Trust IR 02031,Additional Clinical Services,Hires,1
Neighbourhood Services,Frome Community Hospital,Frome Outpatients 21405,Additional Clinical Services,Leavers,1
Neighbourhood Services,Frome Community Hospital,Frome Outpatients 21405,Additional Clinical Services,Hires,1
Corporate Support Services,Overseas DEPT,Yeovil IR 75424,Allied Health Professionals,Leavers,1
Neighbourhood Services,Crewkerne Community Hospital,Med Comm Hosp Inp Crewkerne 21564,Nursing and Midwifery Registered,Hires,1
Corporate Support Services,Overseas DEPT,Yeovil IR 75424,Allied Health Professionals,Sickness,1
Neighbourhood Services,Crewkerne Community Hospital,Med Comm Hosp Inp Crewkerne 21564,Medical and Dental,Hires,1
Corporate Support Services,PPI & Complaints,Patient and Public Involvement,Administrative and Clerical,Hires,1
Corporate Support Services,PPI & Complaints,Patient and Public Involvement,Administrative and Clerical,Leavers,1
Neighbourhood Services,Crewkerne Community Hospital,Crewkerne Administration 21560,Administrative and Clerical,Leavers,1
Neighbourhood Services,Complex Care DEPT,Complex Care 76010,Nursing and Midwifery Registered,Hires,1
Corporate Support Services,Research and Development,Graceful 00153,Administrative and Clerical,Leavers,1
Corporate Support Services,Merger & Alliance DEPT,Mergers and Acquisitions 75329,Administrative and Clerical,Leavers,1
Corporate Support Services,Merger & Alliance DEPT,Merger & Alliance 00147,Administrative and Clerical,Hires,1
Corporate Support Services,Safeguarding,Safeguarding PHN 00219,Administrative and Clerical,Leavers,1
Neighbourhood Services,Int Team N Sedge & B'Water,DN Bridgwater Bay 61001,Additional Clinical Services,Hires,1
Neighbourhood Services,Int Team N Sedge & B'Water,North Sedgemoor Older People Mental Health 61302,Add Prof Scientific and Technic,Leavers,1
Neighbourhood Services,Int Team N Sedge & B'Water,North Sedgemoor Older People Mental Health 61302,Add Prof Scientific and Technic,Hires,1
Corporate Support Services,Medical Education Director of People,Post Grad Med Education - YDH 75516,Administrative and Clerical,Hires,1
Neighbourhood Services,Int Team N Sedge & B'Water,North Sedgemoor Integrated Rehabilitation Team 61301,Allied Health Professionals,Leavers,1
Corporate Support Services,Medical Education Director of People,Post Grad Med Education - YDH 75516,Nursing and Midwifery Registered,Leavers,1
Neighbourhood Services,Int Team N Sedge & B'Water,LARCH Team 76014,Allied Health Professionals,Hires,1
Neighbourhood Services,Int Team N Sedge & B'Water,LARCH Project 60020,Nursing and Midwifery Registered,Leavers,1
Neighbourhood Services,Int Team N Sedge & B'Water,LARCH Project 60020,Administrative and Clerical,Leavers,1
Corporate Support Services,Medical Education Director of People,Post Grad Medical Centre - MPH 02018,Estates and Ancillary,Hires,1
Neighbourhood Services,Int Team N Sedge & B'Water,District Nursing Nights 60040,Administrative and Clerical,Hires,1
Corporate Support Services,Medical Education Director of People,Post Grad Medical Centre - MPH 02018,Estates and Ancillary,Leavers,1
Corporate Support Services,Medical Education Director of People,Somerset Academy 02015,Medical and Dental,Hires,1
Corporate Support Services,Medical Education Director of People,Somerset Academy 02015,Medical and Dental,Leavers,1
Neighbourhood Services,Int Team N Sedge & B'Water,DN North Sedgemoor 61300,Administrative and Clerical,Leavers,1
Corporate Support Services,Medical Examiner,Medical Examiner 75459,Medical and Dental,Hires,1
Neighbourhood Services,Int Team N Sedge & B'Water,DN Bridgwater Bay 61001,Administrative and Clerical,Hires,1
Neighbourhood Services,Int Team N Sedge & B'Water,DN Bridgwater Bay 61001,Additional Clinical Services,Leavers,1
Neighbourhood Services,Complex Care DEPT,Complex Care 76010,Administrative and Clerical,Hires,1
Corporate Support Services,Research and Development,Research & Development 75499,Additional Clinical Services,Leavers,1
Neighbourhood Services,Chronic Fatigue Syndrome DEPT,Somerset Fatigue Service 67201,Nursing and Midwifery Registered,Leavers,1
Neighbourhood Services,Chronic Fatigue Syndrome DEPT,Somerset Fatigue Service 67201,Nursing and Midwifery Registered,Hires,1
Corporate Support Services,Resourcing,Futures Workforce 75521,Allied Health Professionals,Hires,1
Corporate Support Services,Resourcing,Futures Workforce 75521,Allied Health Professionals,Leavers,1
Neighbourhood Services,Burnham on Sea Comm Hospital,Burnham Administration 21520,Nursing and Midwifery Registered,Leavers,1
Neighbourhood Services,Burnham on Sea Comm Hospital,Burnham Administration 21520,Nursing and Midwifery Registered,Hires,1
Neighbourhood Services,Bridgwater Community Hospital,Bridgwater Wards 21503,Allied Health Professionals,Leavers,1
Neighbourhood Services,Bridgwater Community Hospital,Bridgwater Wards 21503,Allied Health Professionals,Hires,1
Corporate Support Services,Resourcing,Recruitment 02007,Nursing and Midwifery Registered,Leavers,1
Neighbourhood Services,Bridgwater Community Hospital,Bridgwater Medical 21504,Medical and Dental,Leavers,1
Neighbourhood Services,Bridgwater Community Hospital,Bridgwater Administration 21500,Nursing and Midwifery Registered,Leavers,1
Neighbourhood Services,Bridgwater Community Hospital,Bridgwater Administration 21500,Nursing and Midwifery Registered,Hires,1
Mental Health and Learning Disabilities,Urgent Care & Forensic Servs,Yeovil Crisis Resolution Team 52201,Nursing and Midwifery Registered,Leavers,1
Mental Health and Learning Disabilities,Urgent Care & Forensic Servs,Urgent Care Hub 52102,Administrative and Clerical,Hires,1
Corporate Support Services,Safeguarding,Safeguarding 00207,Medical and Dental,Leavers,1
Mental Health and Learning Disabilities,Urgent Care & Forensic Servs,Urgent Care Hub 52102,Add Prof Scientific and Technic,Hires,1
Mental Health and Learning Disabilities,Urgent Care & Forensic Servs,Taunton Crisis Resolution Team 52101,Nursing and Midwifery Registered,Leavers,1
Mental Health and Learning Disabilities,Urgent Care & Forensic Servs,Taunton Crisis Resolution Team 52101,Nursing and Midwifery Registered,Hires,1
Corporate Support Services,Safeguarding,Safeguarding Children Team 00212,Administrative and Clerical,Hires,1
Neighbourhood Services,Burnham on Sea Comm Hospital,Burnham OPD 21401,Nursing and Midwifery Registered,Hires,1
Corporate Support Services,Resourcing,Futures Workforce 75521,Administrative and Clerical,Leavers,1
Corporate Support Services,Resourcing,Futures Workforce 75521,Add Prof Scientific and Technic,Hires,1
Neighbourhood Services,Chronic Fatigue Syndrome DEPT,Chronic Fatigue Syndrome 67200,Allied Health Professionals,Leavers,1
Neighbourhood Services,Chronic Fatigue Syndrome DEPT,Somerset Fatigue Service 67201,Allied Health Professionals,Leavers,1
Neighbourhood Services,Chronic Fatigue Syndrome DEPT,Somerset Fatigue Service 67201,Allied Health Professionals,Hires,1
Neighbourhood Services,Chronic Fatigue Syndrome DEPT,Somerset Fatigue Service 67201,Administrative and Clerical,Hires,1
Neighbourhood Services,Chronic Fatigue Syndrome DEPT,Somerset Fatigue Service 67201,Add Prof Scientific and Technic,Hires,1
Corporate Support Services,Research and Development,Research & Development 75499,Allied Health Professionals,Hires,1
Corporate Support Services,Research and Development,Research & Development 75499,Nursing and Midwifery Registered,Hires,1
Neighbourhood Services,Chronic Fatigue Syndrome DEPT,Chronic Fatigue Syndrome 67200,Medical and Dental,Hires,1
Neighbourhood Services,Chronic Fatigue Syndrome DEPT,Chronic Fatigue Syndrome 67200,Allied Health Professionals,Hires,1
Corporate Support Services,Resourcing,Flexible Workforce 02064,Administrative and Clerical,Hires,1
Neighbourhood Services,Chronic Fatigue Syndrome DEPT,Chronic Fatigue Syndrome 67200,Add Prof Scientific and Technic,Hires,1
Neighbourhood Services,Chard Community Hospital,Chard Outpatients 21402,Nursing and Midwifery Registered,Leavers,1
Neighbourhood Services,Chard Community Hospital,Chard Outpatients 21402,Additional Clinical Services,Leavers,1
Neighbourhood Services,Chard Community Hospital,Chard Administration 21540,Nursing and Midwifery Registered,Leavers,1
Neighbourhood Services,Chard Community Hospital,Chard Administration 21540,Administrative and Clerical,Leavers,1
Corporate Support Services,Research and Development,SIREN 75504,Additional Clinical Services,Leavers,1
Neighbourhood Services,Carer Budget,Carer Assessment - CAMHS 61203,Additional Clinical Services,Leavers,1
Mental Health and Learning Disabilities,Inpatients DEPT,Rydon Ward 2 50182,Allied Health Professionals,Leavers,1
Medical Services,Cardiology,Clinical Investigations 76275,Nursing and Midwifery Registered,Leavers,1
Surgical Services,Breast,Maple Unit 75791,Administrative and Clerical,Hires,1
Mental Health and Learning Disabilities,CMHS East,Appts Mendip 51230,Allied Health Professionals,Leavers,1
Medical Services,Medical DayCare DEPT,Queensway Day Hospital 76333,Students,Hires,1
Medical Services,Medical Services Management DEPT,MSG Medical Staffing 21020,Nursing and Midwifery Registered,Hires,1
Medical Services,Medical Services Management DEPT,MSG Medical Staffing 21020,Nursing and Midwifery Registered,Leavers,1
Medical Services,Medical Services Management DEPT,MSG Medical Staffing 21020,Nursing and Midwifery Registered,Sickness,1
Medical Services,Medical Services Management DEPT,Medical Service Grp Management 29000,Medical and Dental,Leavers,1
Medical Services,Medical Services Management DEPT,Medical Service Grp Management 29000,Nursing and Midwifery Registered,Leavers,1
Mental Health and Learning Disabilities,Autism Service,Autism Service 55300,Additional Clinical Services,Hires,1
Mental Health and Learning Disabilities,Autism Service,Autism Service 55300,Add Prof Scientific and Technic,Leavers,1
Mental Health and Learning Disabilities,Autism Service,Autism Service 55300,Add Prof Scientific and Technic,Hires,1
Medical Services,Medical Services Management DEPT,Urgent Care Management 76380,Administrative and Clerical,Hires,1
Mental Health and Learning Disabilities,AOT West,Taunton Assertive Outreach Team 51100,Nursing and Midwifery Registered,Hires,1
Medical Services,Medical Services Management DEPT,Urgent Care Management 76380,Allied Health Professionals,Hires,1
Mental Health and Learning Disabilities,AOT West,Taunton Assertive Outreach Team 51100,Additional Clinical Services,Hires,1
Mental Health and Learning Disabilities,AOT West,Taunton Assertive Outreach Team 51100,Add Prof Scientific and Technic,Hires,1
Medical Services,Medical Services Management DEPT,Urgent Care Management 76380,Allied Health Professionals,Leavers,1
Mental Health and Learning Disabilities,AOT West,Bridgwater Assertive Outreach Team 51101,Additional Clinical Services,Leavers,1
Medical Services,Medical Services Management DEPT,Urgent Care Management 76380,Nursing and Midwifery Registered,Leavers,1
Mental Health and Learning Disabilities,CMHS East,Appts Mendip 51230,Allied Health Professionals,Hires,1
Mental Health and Learning Disabilities,CMHS East,Appts Mendip 51230,Nursing and Midwifery Registered,Leavers,1
Mental Health and Learning Disabilities,CMHS East,South Somerset CMHT 51211,Add Prof Scientific and Technic,Leavers,1
Medical Services,Medical DayCare DEPT,Queensway Day Hospital 76333,Additional Clinical Services,Hires,1
Mental Health and Learning Disabilities,CMHS East,Personality Disorders South Somerset 51261,Nursing and Midwifery Registered,Leavers,1
Mental Health and Learning Disabilities,CMHS East,Personality Disorder Team Mendip 51260,Nursing and Midwifery Registered,Leavers,1
Mental Health and Learning Disabilities,CMHS East,Personality Disorder Team Mendip 51260,Administrative and Clerical,Leavers,1
Medical Services,Endocrinology,Diab & Endo Medical Staff 76297,Nursing and Midwifery Registered,Hires,1
Mental Health and Learning Disabilities,CMHS East,Personality Disorder Team Mendip 51260,Add Prof Scientific and Technic,Leavers,1
Medical Services,Endocrinology,Diabetes 21120,Additional Clinical Services,Hires,1
Mental Health and Learning Disabilities,CMHS East,Mendip CMHT 51210,Add Prof Scientific and Technic,Leavers,1
Medical Services,Endocrinology,Diabetes Nurses - Adult 76301,Nursing and Midwifery Registered,Hires,1
Medical Services,Endocrinology,Diabetes Nurses - Adult 76301,Nursing and Midwifery Registered,Leavers,1
Medical Services,Endocrinology,Endocrinology Med Stf 21100,Add Prof Scientific and Technic,Leavers,1
Mental Health and Learning Disabilities,CMHS East,Eating Disorders Team Mendip 51250,Nursing and Midwifery Registered,Leavers,1
Mental Health and Learning Disabilities,CMHS East,Eating Disorders Team Mendip 51250,Administrative and Clerical,Leavers,1
Mental Health and Learning Disabilities,CMHS East,Eating Disorders Team Mendip 51250,Administrative and Clerical,Hires,1
Mental Health and Learning Disabilities,CMHS East,Eating Disorders Team Mendip 51250,Add Prof Scientific and Technic,Hires,1
Medical Services,Endocrinology,Endocrinology Med Stf 21100,Additional Clinical Services,Leavers,1
Mental Health and Learning Disabilities,CMHS East,Connect18 Mendip 51240,Allied Health Professionals,Leavers,1
Medical Services,Medical DayCare DEPT,Medical Day Unit 20100,Administrative and Clerical,Hires,1
Mental Health and Learning Disabilities,AOT West,Bridgwater Assertive Outreach Team 51101,Add Prof Scientific and Technic,Hires,1
Medical Services,Nephrology DEPT,Nephrology Med Stf 21300,Allied Health Professionals,Hires,1
Medical Services,Nephrology DEPT,Nephrology Med Stf 21300,Allied Health Professionals,Leavers,1
Mental Health and Learning Disabilities,AOT East,Mendip Assertive Outreach Team 51200,Allied Health Professionals,Leavers,1
Medical Services,Respiratory,Coleridge Respiratory Unit 20903,Nursing and Midwifery Registered,Hires,1
Medical Services,Stroke,CLOSED Rehab Specialists 20640,Allied Health Professionals,Hires,1
Medical Services,Respiratory,Lung Function 20902,Healthcare Scientists,Hires,1
Medical Services,Rheumatology,Rheumatology Med Stf - SOM 21200,Nursing and Midwifery Registered,Leavers,1
Medical Services,Rheumatology,Rheumatology Med Stf - SOM 21200,Nursing and Midwifery Registered,Hires,1
Medical Services,Rheumatology,CLOSED - Rheumatology Nurses 76302,Nursing and Midwifery Registered,Hires,1
Medical Services,Rheumatology,CLOSED - Rheumatology Nurses 76302,Administrative and Clerical,Leavers,1
Medical Services,Rheumatology,CLOSED - Rheumatology Nurses 76302,Administrative and Clerical,Hires,1
Medical Services,Respiratory,Sleep Nurses 76271,Nursing and Midwifery Registered,Leavers,1
Medical Services,Respiratory,Sleep Nurses 76271,Nursing and Midwifery Registered,Hires,1
Medical Services,Respiratory,Resp Commercial Research Fund 20950,Administrative and Clerical,Hires,1
Medical Services,Respiratory,Resp Thoracic Med Stf 20900,Administrative and Clerical,Leavers,1
Medical Services,Respiratory,Respiratory Nurses 76270,Additional Clinical Services,Leavers,1
Medical Services,Respiratory,Respiratory Nurses 76270,Additional Clinical Services,Hires,1
Medical Services,Respiratory,Resp Thoracic Med Stf 20900,Nursing and Midwifery Registered,Hires,1
Medical Services,Respiratory,Respiratory Medical Staff 76263,Medical and Dental,Leavers,1
Medical Services,Respiratory,Resp Thoracic Med Stf 20900,Nursing and Midwifery Registered,Leavers,1
Medical Services,Respiratory,Coleridge Respiratory Unit 20903,Administrative and Clerical,Leavers,1
Medical Services,Respiratory,Coleridge Respiratory Unit 20903,Administrative and Clerical,Hires,1
Medical Services,Neurology,Neurophysiology 20702,Healthcare Scientists,Leavers,1
Medical Services,Stroke,Ward 8B Stroke and Gen Med 76330,Nursing and Midwifery Registered,Hires,1
Medical Services,Nephrology DEPT,Nephrology Med Stf 21300,Nursing and Midwifery Registered,Hires,1
Mental Health and Learning Disabilities,AOT East,Mendip Assertive Outreach Team 51200,Add Prof Scientific and Technic,Hires,1
Mental Health and Learning Disabilities,AOT East,AOT South Somerset 51201,Nursing and Midwifery Registered,Leavers,1
Medical Services,Neuro Rehab,Lydeard Ward - SNRC 20801,Administrative and Clerical,Hires,1
Medical Services,Neuro Rehab,Lydeard Ward - SNRC 20801,Administrative and Clerical,Leavers,1
Medical Services,Neurology,Neurology Admin 20706,Administrative and Clerical,Hires,1
Medical Services,Neurology,Neurology Med Stf 20700,Additional Clinical Services,Hires,1
Medical Services,Neurology,Neurology Med Stf 20700,Additional Clinical Services,Leavers,1
Medical Services,Stroke,Stroke Care Med Staff 20600,Administrative and Clerical,Hires,1
Medical Services,Neurology,Neurology Med Stf 20700,Nursing and Midwifery Registered,Hires,1
Medical Services,Stroke,Stroke Team 76272,Nursing and Midwifery Registered,Leavers,1
Medical Services,Neurology,Neurophysio Med Stf 20701,Medical and Dental,Hires,1
Medical Services,Neurology,Neurophysio Med Stf 20701,Medical and Dental,Leavers,1
Medical Services,Stroke,Stroke Care Med Staff 20600,Nursing and Midwifery Registered,Leavers,1
Medical Services,Stroke,Stroke Care Med Staff 20600,Nursing and Midwifery Registered,Hires,1
Medical Services,Stroke,Stroke Care Med Staff 20600,Administrative and Clerical,Leavers,1
Mental Health and Learning Disabilities,CMHS East,South Somerset CMHT 51211,Add Prof Scientific and Technic,Hires,1
Medical Services,Endocrinology,Diab & Endo Medical Staff 76297,Add Prof Scientific and Technic,Hires,1
Mental Health and Learning Disabilities,Inpatients DEPT,Rydon Ward 1 50180,Estates and Ancillary,Hires,1
Medical Services,Care of the Older Person DEPT,Care of The Elderly Snr 60031,Nursing and Midwifery Registered,Hires,1
Mental Health and Learning Disabilities,Inpatients DEPT,Holford Ward Team 50170,Allied Health Professionals,Hires,1
Medical Services,Care of the Older Person DEPT,Eliot Ward 20403,Administrative and Clerical,Hires,1
Mental Health and Learning Disabilities,Inpatients DEPT,Holford Ward Team 50170,Administrative and Clerical,Leavers,1
Mental Health and Learning Disabilities,Inpatients DEPT,Holford Ward Team 50170,Administrative and Clerical,Hires,1
Medical Services,Care of the Older Person DEPT,Eliot Ward 20403,Administrative and Clerical,Leavers,1
Medical Services,Care of the Older Person DEPT,FAU 76210,Administrative and Clerical,Hires,1
Medical Services,Care of the Older Person DEPT,FAU 76210,Administrative and Clerical,Leavers,1
Mental Health and Learning Disabilities,Directorate Management MH DEPT,Division Management MHICS 58000,Allied Health Professionals,Leavers,1
Mental Health and Learning Disabilities,Community Rehab DEPT,Open Mental Health Rehab 55307,Nursing and Midwifery Registered,Leavers,1
Medical Services,Care of the Older Person DEPT,Triscombe CO Older Persons Unit 20401,Administrative and Clerical,Hires,1
Mental Health and Learning Disabilities,Co-Production Service DEPT,Somerset Recovery 56701,Administrative and Clerical,Hires,1
Medical Services,Care of the Older Person DEPT,Triscombe CO Older Persons Unit 20401,Administrative and Clerical,Leavers,1
Mental Health and Learning Disabilities,Co-Production Service DEPT,Somerset Recovery 56701,Additional Clinical Services,Hires,1
Mental Health and Learning Disabilities,Co-Production Service DEPT,Co-Production Services 56700,Administrative and Clerical,Leavers,1
Mental Health and Learning Disabilities,CMHS West,Transformation West OP 51190,Additional Clinical Services,Hires,1
Medical Services,Dermatology,Dermatology Med Stf 12002,Medical and Dental,Hires,1
Medical Services,Dermatology,Dermatology Med Stf 12002,Medical and Dental,Leavers,1
Medical Services,Care of the Older Person DEPT,Care of The Elderly Snr 60031,Nursing and Midwifery Registered,Leavers,1
Mental Health and Learning Disabilities,Inpatients DEPT,Pyrland Ward Team 68000,Add Prof Scientific and Technic,Hires,1
Medical Services,Endocrinology,Conservators Ward 20202,Administrative and Clerical,Leavers,1
Medical Services,Care of the Older Person DEPT,Care of The Elderly Snr 60031,Administrative and Clerical,Leavers,1
Medical Services,Cardiology,Fielding Ward 21004,Administrative and Clerical,Leavers,1
Medical Services,Cardiology,Medicine Ward 8A 76280,Students,Leavers,1
Medical Services,Care of the Older Person DEPT,Acute Frailty Unit 20402,Medical and Dental,Hires,1
Medical Services,Care of the Older Person DEPT,Acute Frailty Unit 20402,Medical and Dental,Leavers,1
Mental Health and Learning Disabilities,Inpatients DEPT,Rowan Ward 2 50281,Allied Health Professionals,Leavers,1
Mental Health and Learning Disabilities,Inpatients DEPT,Rowan Ward 2 50281,Administrative and Clerical,Leavers,1
Mental Health and Learning Disabilities,Inpatients DEPT,Rowan Ward 2 50281,Administrative and Clerical,Hires,1
Medical Services,Care of the Older Person DEPT,CLOSED - Wordsworth Ward 20400,Administrative and Clerical,Hires,1
Mental Health and Learning Disabilities,Inpatients DEPT,Rowan Ward 1 50280,Allied Health Professionals,Hires,1
Medical Services,Care of the Older Person DEPT,COE Medical Staff 76296,Medical and Dental,Leavers,1
Mental Health and Learning Disabilities,Inpatients DEPT,Rowan SAs 50283,Estates and Ancillary,Sickness,1
Medical Services,Care of the Older Person DEPT,Care Of Elderly Med Stf 62000,Add Prof Scientific and Technic,Hires,1
Medical Services,Care of the Older Person DEPT,Care Of Elderly Med Stf 62000,Administrative and Clerical,Leavers,1
Mental Health and Learning Disabilities,Inpatients DEPT,Pyrland Ward Team 68000,Estates and Ancillary,Leavers,1
Mental Health and Learning Disabilities,Inpatients DEPT,Pyrland Ward Team 68000,Allied Health Professionals,Leavers,1
Mental Health and Learning Disabilities,Inpatients DEPT,Pyrland Ward Team 68000,Administrative and Clerical,Leavers,1
Mental Health and Learning Disabilities,Inpatients DEPT,Pyrland Ward Team 68000,Administrative and Clerical,Hires,1
Mental Health and Learning Disabilities,CMHS West,Transformation West 51170,Administrative and Clerical,Hires,1
Medical Services,Dermatology,Dermatology Nurses 12014,Additional Clinical Services,Hires,1
Medical Services,Dermatology,Dermatology Nurses 12014,Nursing and Midwifery Registered,Hires,1
Medical Services,Dermatology,Dermatology Nurses 75854,Nursing and Midwifery Registered,Hires,1
Medical Services,Emergency Care DEPT,CYP - Childrens and young pers 76219,Add Prof Scientific and Technic,Leavers,1
Mental Health and Learning Disabilities,CMHS West,Bridgwater CMH Team 51111,Allied Health Professionals,Leavers,1
Medical Services,Emergency Care DEPT,CYP - Childrens and young pers 76219,Students,Hires,1
Medical Services,Emergency Care DEPT,Emergency Care Medical Staff 20000,Administrative and Clerical,Leavers,1
Mental Health and Learning Disabilities,CMHS West,Adult Psychological Therapies Service Taunton 51130,Nursing and Midwifery Registered,Leavers,1
Mental Health and Learning Disabilities,CMHS West,Adult Psychological Therapies Service Taunton 51130,Nursing and Midwifery Registered,Hires,1
Medical Services,Emergency Care DEPT,Emergency Care Medical Staff 20000,Nursing and Midwifery Registered,Leavers,1
Mental Health and Learning Disabilities,CMHS West,Adult Psychological Therapies Service Taunton 51130,Allied Health Professionals,Leavers,1
Medical Services,Emergency Care DEPT,SDEC - Same Day Emergency Care 20105,Allied Health Professionals,Leavers,1
Medical Services,Emergency Care DEPT,SDEC Y - Same Day Emergency Care 76205,Allied Health Professionals,Hires,1
Mental Health and Learning Disabilities,CMHS West,Adult Psychological Therapies Service Bridgwater 51131,Allied Health Professionals,Hires,1
Medical Services,Endocrinology,CLOSED Diabetes Specialist NR 21101,Allied Health Professionals,Leavers,1
Mental Health and Learning Disabilities,CMHS East,Transformation East OP 51290,Nursing and Midwifery Registered,Leavers,1
Mental Health and Learning Disabilities,CMHS East,Transformation East 51270,Nursing and Midwifery Registered,Hires,1
Mental Health and Learning Disabilities,CMHS East,Transformation East 51270,Allied Health Professionals,Leavers,1
Mental Health and Learning Disabilities,CMHS East,Transformation East 51270,Allied Health Professionals,Hires,1
Mental Health and Learning Disabilities,CMHS East,Transformation East 51270,Administrative and Clerical,Hires,1
Mental Health and Learning Disabilities,CMHS West,CMHS Minehead 51112,Add Prof Scientific and Technic,Hires,1
Mental Health and Learning Disabilities,CMHS West,CMHS Minehead 51112,Additional Clinical Services,Hires,1
Mental Health and Learning Disabilities,CMHS West,CMHS Minehead 51112,Administrative and Clerical,Hires,1
Mental Health and Learning Disabilities,CMHS West,Eating Disorders Bridgwater 51151,Additional Clinical Services,Hires,1
Medical Services,Dermatology,PUVA Clinic 12003,Additional Clinical Services,Leavers,1
Medical Services,Dermatology,PUVA Clinic 12003,Estates and Ancillary,Sickness,1
Medical Services,Dermatology,PUVA Clinic 12003,Nursing and Midwifery Registered,Hires,1
Mental Health and Learning Disabilities,CMHS West,Eating Disorders Bridgwater CLOSED,Nursing and Midwifery Registered,Leavers,1
Medical Services,Dermatology,PUVA Clinic 12003,Nursing and Midwifery Registered,Leavers,1
Mental Health and Learning Disabilities,CMHS West,Eating Disorders Bridgwater 51151,Nursing and Midwifery Registered,Leavers,1
Mental Health and Learning Disabilities,CMHS West,Eating Disorders Bridgwater 51151,Allied Health Professionals,Hires,1
Mental Health and Learning Disabilities,CMHS West,Eating Disorders Bridgwater 51151,Add Prof Scientific and Technic,Leavers,1
Mental Health and Learning Disabilities,CMHS West,CMHS Minehead 51112,Administrative and Clerical,Leavers,1
Mental Health and Learning Disabilities,CMHS West,Eating Disorders Bridgwater 51151,Add Prof Scientific and Technic,Hires,1
Mental Health and Learning Disabilities,CMHS West,Connect 18 Taunton 51140,Nursing and Midwifery Registered,Hires,1
Mental Health and Learning Disabilities,CMHS West,Connect 18 Taunton 51140,Additional Clinical Services,Leavers,1
Mental Health and Learning Disabilities,CMHS West,CMHS Minehead 51112,Nursing and Midwifery Registered,Leavers,1
Mental Health and Learning Disabilities,CMHS West,CMHS Minehead 51112,Nursing and Midwifery Registered,Hires,1
Medical Services,Emergency Care DEPT,A&E Medical Staff 76202,Allied Health Professionals,Hires,1
Medical Services,Emergency Care DEPT,Accident & Emergency 76204,Estates and Ancillary,Leavers,1
Corporate Support Services,Medical Education Director of People,Plymouth Undergraduate 00601,Medical and Dental,Hires,1
Corporate Support Services,Medical Education Director of People,Plymouth Undergraduate 00601,Administrative and Clerical,Hires,1
Corporate Support Services,Medical Education Director of People,Plymouth Undergraduate 00601,Additional Clinical Services,Hires,1
Operational Management,Admin - Cancer Services,Cancer Alliance 00023,Medical and Dental,Hires,1
Clinical Support and Cancer Services,Therapies DEPT,Surgical Orthotics 38000,Additional Clinical Services,Leavers,1
Clinical Support and Cancer Services,Therapies DEPT,Surgical Orthotics 38000,Administrative and Clerical,Hires,1
Neighbourhood Services,Wincanton Community Hospital,Wincanton Nursing 20502,Additional Clinical Services,Leavers,1
Neighbourhood Services,Wincanton Community Hospital,Wincanton Hadspen Ward 20502,Nursing and Midwifery Registered,Leavers,1
Neighbourhood Services,Wincanton Community Hospital,Wincanton Hadspen Ward 20502,Nursing and Midwifery Registered,Hires,1
Clinical Support and Cancer Services,Therapies DEPT,Surgical Orthotics 38000,Allied Health Professionals,Leavers,1
Clinical Support and Cancer Services,Therapies DEPT,Therapy Shop 75842,Administrative and Clerical,Leavers,1
Corporate Support Services,CPD,CPD - Top Slice 00230,Nursing and Midwifery Registered,Leavers,1
Corporate Support Services,Capital Projects DEPT,Digital EHR PDC 97127,Administrative and Clerical,Hires,1
Corporate Support Services,Central DEPT,Central Cost 75330,Nursing and Midwifery Registered,Leavers,1
Corporate Support Services,Central DEPT,Mat Pay- MPH 00512,Nursing and Midwifery Registered,Leavers,1
Corporate Support Services,Commercial,Somerset Cancer Register 00145,Nursing and Midwifery Registered,Leavers,1
Neighbourhood Services,West Mendip Community Hospital,West Mendip OPD 21410,Nursing and Midwifery Registered,Sickness,1
Corporate Support Services,Community Diagnostic Centres DEPT,CDC Management 00161,Administrative and Clerical,Hires,1
Neighbourhood Services,West Mendip Community Hospital,West Mendip OPD 21410,Additional Clinical Services,Leavers,1
Neighbourhood Services,West Mendip Community Hospital,West Mendip OPD 21410,Additional Clinical Services,Hires,1
Corporate Support Services,Community Diagnostic Centres DEPT,CDC Management 00161,Administrative and Clerical,Leavers,1
Operational Management,Admin - Cancer Services,Cancer Alliance 00023,Additional Clinical Services,Hires,1
Operational Management,Admin - Cancer Services,Cancer Alliance 00023,Medical and Dental,Leavers,1
Clinical Support and Cancer Services,Therapies DEPT,Enteral Feeding 20261,Allied Health Professionals,Hires,1
Operational Management,Admin - Cancer Services,Cancer Alliance 00023,Nursing and Midwifery Registered,Hires,1
Operational Management,Discharge Team,Discharge Lounge 00022,Administrative and Clerical,Hires,1
Clinical Support and Cancer Services,Therapies DEPT,Homefirst Therapists 75843,Allied Health Professionals,Leavers,1
Operational Management,Director of Elective Care DEPT,Elective Ops Management 00021,Nursing and Midwifery Registered,Hires,1
Operational Management,Covid-19,Covid19 00030,Administrative and Clerical,Leavers,1
Operational Management,Covid-19,CoViD-19 00030,Administrative and Clerical,Hires,1
Clinical Support and Cancer Services,Therapies DEPT,JETT 38300,Additional Clinical Services,Leavers,1
Operational Management,Clinical Site Managers,Clinical Site Managers YDH 76327,Nursing and Midwifery Registered,Hires,1
Clinical Support and Cancer Services,Therapies DEPT,Orthotics 75840,Administrative and Clerical,Hires,1
Operational Management,Clinical Site Managers,Clinical Site Managers YDH 76327,Additional Clinical Services,Leavers,1
Operational Management,Clinical Site Managers,Clinical Site Managers 00008,Nursing and Midwifery Registered,Leavers,1
Operational Management,Clinical Site Managers,Clinical Site Managers 00008,Estates and Ancillary,Leavers,1
Operational Management,Clinical Site Managers,Clinical Site Managers 00008,Administrative and Clerical,Hires,1
Operational Management,Clinical Site Managers,Clinical Site Managers 00008,Additional Clinical Services,Leavers,1
Operational Management,Call Handlers DEPT,Call Handlers 00070,Administrative and Clerical,Leavers,1
Operational Management,Ambulance Service DEPT,Patient Transport 76332,Administrative and Clerical,Hires,1
Operational Management,Admin - Cancer Services,Cancer Front Door 00027,Nursing and Midwifery Registered,Hires,1
Operational Management,Admin - Cancer Services,Cancer Front Door 00027,Administrative and Clerical,Hires,1
Corporate Support Services,Community Diagnostic Centres DEPT,Ophthalmology Diagnostic Hub 00159,Additional Clinical Services,Leavers,1
Corporate Support Services,Community Diagnostic Centres DEPT,West Somerset CDC 00160,Add Prof Scientific and Technic,Leavers,1
Corporate Support Services,Deputy CPO,HR Management 75417,Administrative and Clerical,Hires,1
Neighbourhood Services,West Mendip Community Hospital,West Mendip Cathedral Ward 20501,Additional Clinical Services,Leavers,1
Neighbourhood Services,Serv Grp Mngmnt Neighbourhoods,Secondments within PCN 69003,Nursing and Midwifery Registered,Leavers,1
Neighbourhood Services,Serv Grp Mngmnt Neighbourhoods,Secondments within PCN 69003,Administrative and Clerical,Hires,1
Corporate Support Services,Digital,Data Engineering 05008,Administrative and Clerical,Leavers,1
Neighbourhood Services,Serv Grp Mngmnt Neighbourhoods,Priory House 04540,Administrative and Clerical,Hires,1
Neighbourhood Services,Serv Grp Mngmnt Neighbourhoods,Neighbourhood Development Managers 69000,Nursing and Midwifery Registered,Hires,1
Neighbourhood Services,Serv Grp Mngmnt Neighbourhoods,Neighbourhood Development Managers 69000,Allied Health Professionals,Leavers,1
Corporate Support Services,Digital,Digital Delivery 05015,Additional Clinical Services,Leavers,1
Neighbourhood Services,Serv Grp Mngmnt Neighbourhoods,Division Management ES 69000,Allied Health Professionals,Hires,1
Neighbourhood Services,Serv Grp Mngmnt Neighbourhoods,Dementia Team 60151,Nursing and Midwifery Registered,Hires,1
Neighbourhood Services,Serv Grp Mngmnt Neighbourhoods,Dementia Team 60151,Administrative and Clerical,Leavers,1
Neighbourhood Services,Serv Grp Mngmnt Neighbourhoods,Dementia Team 60151,Administrative and Clerical,Hires,1
Corporate Support Services,Digital,Digital Maternity Project 05019,Nursing and Midwifery Registered,Hires,1
Neighbourhood Services,Serv Grp Mngmnt Neighbourhoods,Dementia Team 60151,Additional Clinical Services,Leavers,1
Neighbourhood Services,Serv Grp Mngmnt Neighbourhoods,Dementia Team 60151,Additional Clinical Services,Hires,1
Corporate Support Services,Digital,Digital Programme 05003,Add Prof Scientific and Technic,Leavers,1
Neighbourhood Services,Serv Grp Mngmnt Neighbourhoods,Dementia Team - YDH 75486,Nursing and Midwifery Registered,Leavers,1
Neighbourhood Services,Serv Grp Mngmnt Neighbourhoods,Dementia Team - YDH 75486,Nursing and Midwifery Registered,Hires,1
Neighbourhood Services,Shepton Mallet Comm Hospital,Shepton Mallet Wards 21643,Nursing and Midwifery Registered,Hires,1
Neighbourhood Services,Shepton Mallet Comm Hospital,Shepton Mallet Wards 21643,Nursing and Midwifery Registered,Leavers,1
Corporate Support Services,Digital,Clinical 05006,Nursing and Midwifery Registered,Leavers,1
Corporate Support Services,Deputy Director of Nursing,AHP Professional Lead Posts 00218,Administrative and Clerical,Leavers,1
Neighbourhood Services,West Mendip Community Hospital,West Mendip Administration 21680,Nursing and Midwifery Registered,Hires,1
Neighbourhood Services,West Mendip Community Hospital,West Mendip Abbey Ward 20501,Nursing and Midwifery Registered,Leavers,1
Corporate Support Services,Deputy CPO,Human Resources Team 02041,Administrative and Clerical,Leavers,1
Neighbourhood Services,West Mendip Community Hospital,Med Comm Hosp Inp W Mendip 21684,Medical and Dental,Hires,1
Corporate Support Services,Deputy CPO,Information & Insight 02043,Administrative and Clerical,Hires,1
Corporate Support Services,Deputy CPO,Library 75514,Administrative and Clerical,Hires,1
Corporate Support Services,Deputy CPO,Library 75514,Administrative and Clerical,Leavers,1
Corporate Support Services,Deputy Director of Nursing,Dir Of Nurs Mgt Team 00202,Add Prof Scientific and Technic,Leavers,1
Neighbourhood Services,South Petherton Comm Hospital,Med Comm Hosp Inp South Petherton 20624,Medical and Dental,Leavers,1
Corporate Support Services,Deputy Director of Nursing,Dir Of Nurs Mgt Team 00202,Nursing and Midwifery Registered,Hires,1
Corporate Support Services,Deputy Director of Nursing,Director Of Nursing Cip 00208,Administrative and Clerical,Hires,1
Neighbourhood Services,South Petherton Comm Hospital,South Petherton Outpatients Department 21408,Nursing and Midwifery Registered,Hires,1
Neighbourhood Services,South Petherton Comm Hospital,South Petherton Administration 20620,Nursing and Midwifery Registered,Leavers,1
Corporate Support Services,Deputy Director of Nursing,Tobacco Reduction Programme 00205,Nursing and Midwifery Registered,Leavers,1
Corporate Support Services,Digital,Clinical 05006,Administrative and Clerical,Leavers,1
Neighbourhood Services,South Petherton Comm Hospital,Med Comm Hosp Inp South Petherton 20624,Nursing and Midwifery Registered,Leavers,1
Operational Management,Discharge Team,Discharge Team - YDH 76329,Additional Clinical Services,Hires,1
Clinical Support and Cancer Services,Therapies DEPT,Enteral Feeding 20261,Administrative and Clerical,Hires,1
Corporate Support Services,Medical Education Director of People,Medical Undergraduates 75515,Medical and Dental,Leavers,1
Clinical Support and Cancer Services,Oncology,Beacon Physicists 34300,Administrative and Clerical,Hires,1
Clinical Support and Cancer Services,Oncology,Clinical Oncology 34000,Add Prof Scientific and Technic,Hires,1
Clinical Support and Cancer Services,Oncology,Clinical Oncology 34000,Allied Health Professionals,Hires,1
Clinical Support and Cancer Services,Oncology,Clinical Oncology 34000,Allied Health Professionals,Leavers,1
Surgical Services,Acute Surgery,Montacute North 00004,Administrative and Clerical,Leavers,1
Clinical Support and Cancer Services,Oncology,Clinical Oncology 34000,Estates and Ancillary,Leavers,1
Clinical Support and Cancer Services,Oncology,Radiotherapy ODN 34210,Administrative and Clerical,Hires,1
Somerset Partnership NHS Foundation Trust,Head of Division West Somerset Community Services,Minehead Medical,Medical and Dental,Hires,1
Clinical Support and Cancer Services,Oncology,Radiotherapy ODN 34210,Administrative and Clerical,Leavers,1
Clinical Support and Cancer Services,Other HOPE and Palliative Care,Bereavement / M. E. Os 35630,Administrative and Clerical,Hires,1
Clinical Support and Cancer Services,Other HOPE and Palliative Care,Chaplain Service 35600,Add Prof Scientific and Technic,Leavers,1
Clinical Support and Cancer Services,Other HOPE and Palliative Care,Chaplain Service 35600,Administrative and Clerical,Leavers,1
Clinical Support and Cancer Services,Other HOPE and Palliative Care,Chaplains Team 35650,Add Prof Scientific and Technic,Hires,1
Clinical Support and Cancer Services,Other HOPE and Palliative Care,Chaplains Team 35650,Add Prof Scientific and Technic,Leavers,1
Clinical Support and Cancer Services,Other HOPE and Palliative Care,End Of Life - HOPE 35100,Administrative and Clerical,Hires,1
Clinical Support and Cancer Services,Other HOPE and Palliative Care,End Of Life - HOPE 35100,Administrative and Clerical,Leavers,1
Clinical Support and Cancer Services,Other HOPE and Palliative Care,End Of Life - HOPE 35100,Nursing and Midwifery Registered,Hires,1
Clinical Support and Cancer Services,Other HOPE and Palliative Care,End Of Life - HOPE 35100,Nursing and Midwifery Registered,Leavers,1
Clinical Support and Cancer Services,Oncology,Chemotherapy Nurse 76224,Allied Health Professionals,Leavers,1
Surgical Services,Anaesthetics,Anaesthetic Pain Team 75810,Nursing and Midwifery Registered,Leavers,1
Operational Management,Discharge Team,Discharge Team - YDH 76329,Nursing and Midwifery Registered,Hires,1
Surgical Services,Anaesthetics,Anaesthetics Med Staff MPH 17002,Administrative and Clerical,Leavers,1
Surgical Services,Breast,Breast Care Nursing 16010,Nursing and Midwifery Registered,Leavers,1
Surgical Services,Breast,Breast Care Nursing 16010,Nursing and Midwifery Registered,Hires,1
Surgical Services,Breast,Breast Care Nursing 16010,Additional Clinical Services,Leavers,1
Clinical Support and Cancer Services,Medical Imaging,Radiology Nurses 76365,Nursing and Midwifery Registered,Hires,1
Clinical Support and Cancer Services,Medical Imaging,Radiology Nurses 76365,Nursing and Midwifery Registered,Leavers,1
Surgical Services,Breast,Breast Care Centre 16001,Additional Clinical Services,Hires,1
Clinical Support and Cancer Services,Medical Imaging,Radiology Radiographers 76366,Healthcare Scientists,Hires,1
Surgical Services,Breast,Breast Care 75792,Nursing and Midwifery Registered,Leavers,1
Surgical Services,Breast,Breast Care 75792,Nursing and Midwifery Registered,Hires,1
Clinical Support and Cancer Services,Medical Imaging,Taunton Diagnostic Centre 32050,Additional Clinical Services,Hires,1
Clinical Support and Cancer Services,Medical Imaging,Taunton Diagnostic Centre 32050,Administrative and Clerical,Hires,1
Surgical Services,Bariatrics,Bariatric Surgery Med Stf 10004,Nursing and Midwifery Registered,Leavers,1
Surgical Services,Bariatrics,Bariatric Surgery Med Stf 10004,Nursing and Midwifery Registered,Hires,1
Clinical Support and Cancer Services,Medical Imaging,Taunton Diagnostic Centre 32050,Allied Health Professionals,Hires,1
Surgical Services,Bariatrics,Bariatric Surgery Med Stf 10004,Add Prof Scientific and Technic,Hires,1
Clinical Support and Cancer Services,Oncology,Beacon Inpatient Ward 34100,Additional Clinical Services,Hires,1
Clinical Support and Cancer Services,Oncology,Beacon Inpatient Ward 34100,Additional Clinical Services,Leavers,1
Clinical Support and Cancer Services,Pathology,Histology Medical Staff 76312,Medical and Dental,Hires,1
SSL Corporate,SSL Facilities Soft FM Level 5,SSL General Security 75386,Administrative and Clerical,Leavers,1
Clinical Support and Cancer Services,Pathology,Mortuary 31200,Administrative and Clerical,Leavers,1
Clinical Support and Cancer Services,Pathology,Mortuary YDH 76331,Additional Clinical Services,Leavers,1
Clinical Support and Cancer Services,Therapies DEPT,Dietetics 38500,Additional Clinical Services,Leavers,1
SSL Corporate,SSL Central Management Level 5,SSL Covid-19 75310,Estates and Ancillary,Hires,1
SSL Corporate,SSL Central Management Level 5,Covid-19 S75310,Administrative and Clerical,Leavers,1
SSL Corporate,Capital Programme,SSL Capital S97801,Administrative and Clerical,Leavers,1
SSL Corporate,Capital Programme,SSL Capital S97801,Administrative and Clerical,Hires,1
Clinical Support and Cancer Services,Therapies DEPT,Dietetics 38500,Nursing and Midwifery Registered,Leavers,1
Clinical Support and Cancer Services,Therapies DEPT,Dieticians 75837,Additional Clinical Services,Leavers,1
Operational Management,Learning Disabilities Liaison DEPT,Learning Disabilities Liaison 75488,Nursing and Midwifery Registered,Hires,1
Operational Management,Learning Disabilities Liaison DEPT,Learning Disabilities Liaison 75488,Add Prof Scientific and Technic,Leavers,1
Clinical Support and Cancer Services,Therapies DEPT,Enhanced Primary Care 76002,Allied Health Professionals,Hires,1
Operational Management,Learning Disabilities Liaison DEPT,LD Liaison 52350,Nursing and Midwifery Registered,Leavers,1
Operational Management,Learning Disabilities Liaison DEPT,LD Liaison 52350,Medical and Dental,Hires,1
Clinical Support and Cancer Services,Therapies DEPT,Enhanced Primary Care 76002,Allied Health Professionals,Leavers,1
Operational Management,Discharge Team,Discharge Team 00010,Nursing and Midwifery Registered,Leavers,1
Operational Management,Discharge Team,Discharge Team 00010,Nursing and Midwifery Registered,Hires,1
Clinical Support and Cancer Services,Therapies DEPT,Enteral Feeding 20261,Additional Clinical Services,Hires,1
Clinical Support and Cancer Services,Therapies DEPT,Enteral Feeding 20261,Additional Clinical Services,Leavers,1
SSL Corporate,SSL Corporate Level 5,SSL Central Costs S75330,Healthcare Scientists,Leavers,1
SSL Corporate,SSL Facilities EME Level 5,SSL EME S75360,Additional Clinical Services,Hires,1
SSL Corporate,SSL Facilities EME Level 5,SSL EME S75360,Administrative and Clerical,Sickness,1
SSL Corporate,SSL Facilities Hard FM Level 5,SSL SomPar Mental Health Prop S75373,Estates and Ancillary,Leavers,1
Clinical Support and Cancer Services,Pathology,Pathology - MPH 31000,Add Prof Scientific and Technic,Hires,1
Clinical Support and Cancer Services,Pathology,Pathology - MPH 31000,Add Prof Scientific and Technic,Sickness,1
Clinical Support and Cancer Services,Pathology,Pathology - MPH 31000,Administrative and Clerical,Leavers,1
SSL Corporate,SSL Facilities Management Level 5,SSL Facilities S75348,Administrative and Clerical,Leavers,1
SSL Corporate,SSL Facilities Management Level 5,SSL EFM Administrators S75383,Administrative and Clerical,Hires,1
SSL Corporate,SSL Facilities Management Level 5,Health & Safety S75349,Estates and Ancillary,Hires,1
SSL Corporate,SSL Facilities Management Level 5,Health & Safety S75349,Administrative and Clerical,Leavers,1
Clinical Support and Cancer Services,Pharmacy DEPT,Pharmacy Som Part 76349,Add Prof Scientific and Technic,Hires,1
SSL Corporate,SSL Facilities Hard FM Level 5,SSL Com Health Part Maint S75363,Estates and Ancillary,Leavers,1
SSL Corporate,SSL Facilities Hard FM Level 5,SSL SSD Maintenance 75374,Estates and Ancillary,Leavers,1
SSL Corporate,SSL Facilities Hard FM Level 5,SSL SHS Maintenance S75372,Estates and Ancillary,Hires,1
Clinical Support and Cancer Services,Pharmacy DEPT,Pharmacy Staff 37000,Nursing and Midwifery Registered,Hires,1
SSL Corporate,SSL Facilities Hard FM Level 5,SSL Minor New Works S75370,Estates and Ancillary,Leavers,1
SSL Corporate,SSL Facilities Hard FM Level 5,SSL Minor New Works S75370,Estates and Ancillary,Hires,1
Clinical Support and Cancer Services,Pharmacy DEPT,Pharmacy Team 37500,Add Prof Scientific and Technic,Hires,1
Clinical Support and Cancer Services,Pharmacy DEPT,Pharmacy Team 37500,Additional Clinical Services,Leavers,1
Neighbourhood Services,Serv Grp Mngmnt Neighbourhoods,Dementia Team - YDH 75486,Allied Health Professionals,Leavers,1
Corporate Support Services,Digital,Digital Programme 05003,Additional Clinical Services,Hires,1
Neighbourhood Services,Serv Grp Mngmnt Neighbourhoods,Dementia Team - YDH 75486,Administrative and Clerical,Hires,1
Neighbourhood Services,Integrated Team South Som,Chard Integrated Rehabilitation Team 61101,Allied Health Professionals,Hires,1
Neighbourhood Services,Integrated Team Mendip,Mendip OPMH Team - West 61603,Nursing and Midwifery Registered,Leavers,1
Corporate Support Services,GP Surgeries DEPT,Creech Medical Centre 63040,Additional Clinical Services,Leavers,1
Neighbourhood Services,Integrated Team Mendip,Mendip OPMH Team - West 61603,Allied Health Professionals,Hires,1
Corporate Support Services,GP Surgeries DEPT,Creech Medical Centre 63040,Administrative and Clerical,Hires,1
Neighbourhood Services,Integrated Team Mendip,Mendip OPMH Team - West 61603,Additional Clinical Services,Leavers,1
Neighbourhood Services,Integrated Team Mendip,Mendip Integrated Rehabilitation East 61201,Allied Health Professionals,Leavers,1
Neighbourhood Services,Integrated Team Mendip,Mendip Integrated Rehabilitation East 61201,Allied Health Professionals,Hires,1
Corporate Support Services,GP Surgeries DEPT,Creech Medical Centre 63040,Administrative and Clerical,Leavers,1
Corporate Support Services,GP Surgeries DEPT,Creech Medical Centre 63040,Allied Health Professionals,Leavers,1
Neighbourhood Services,Integrated Team Mendip,Mendip Integrated Rehabilitation Central & West 61602,Administrative and Clerical,Leavers,1
Neighbourhood Services,Integrated Team Mendip,Mendip Integrated Rehabilitation Central & West 61602,Administrative and Clerical,Hires,1
Corporate Support Services,GP Surgeries DEPT,Creech Medical Centre 63040,Nursing and Midwifery Registered,Leavers,1
Corporate Support Services,GP Surgeries DEPT,Lister House Surgery 63060,Add Prof Scientific and Technic,Leavers,1
Corporate Support Services,GP Surgeries DEPT,Lister House Surgery 63060,Additional Clinical Services,Leavers,1
Corporate Support Services,GP Surgeries DEPT,Lister House Surgery 63060,Administrative and Clerical,Hires,1
Neighbourhood Services,Integrated Team Mendip,DN Mendip - SPQ 61601,Administrative and Clerical,Hires,1
Corporate Support Services,GP Surgeries DEPT,Lister House Surgery 63060,Medical and Dental,Leavers,1
Neighbourhood Services,Integrated Team Mendip,Mendip Older People 61204,Additional Clinical Services,Hires,1
Corporate Support Services,Finance,Financial Management 03009,Administrative and Clerical,Leavers,1
Neighbourhood Services,Psychology Older People DEPT,Older People Psychology Team 66000,Add Prof Scientific and Technic,Hires,1
Neighbourhood Services,Integrated Team South Som,Dist Nurs South Somerset 61400,Administrative and Clerical,Leavers,1
Neighbourhood Services,Intensive Dementia DEPT,Intensive Dementia Support Service - West 67100,Nursing and Midwifery Registered,Leavers,1
Neighbourhood Services,Intensive Dementia DEPT,Intensive Dementia Support Service - West 67100,Nursing and Midwifery Registered,Hires,1
Neighbourhood Services,Intensive Dementia DEPT,Intensive Dementia Support Service - West 67100,Allied Health Professionals,Leavers,1
Corporate Support Services,Experience & Learning,Leadership & OD 02061,Nursing and Midwifery Registered,Leavers,1
Neighbourhood Services,Intensive Dementia DEPT,Intensive Dementia Support Service - East 67110,Estates and Ancillary,Hires,1
Neighbourhood Services,Intensive Dementia DEPT,Intensive Dementia Support Service - East 67110,Allied Health Professionals,Leavers,1
Neighbourhood Services,Intensive Dementia DEPT,Intensive Dementia Support Service - East 67110,Allied Health Professionals,Hires,1
Neighbourhood Services,Intensive Dementia DEPT,Intensive Dementia Support Service - East 67110,Add Prof Scientific and Technic,Leavers,1
Neighbourhood Services,Integrated Team South Som,South Somerset OPMH 61402,Allied Health Professionals,Leavers,1
Corporate Support Services,Experience & Learning,Learning And Development 02008,Nursing and Midwifery Registered,Leavers,1
Corporate Support Services,Experience & Learning,Patient Safety 02058,Administrative and Clerical,Leavers,1
Neighbourhood Services,Integrated Team South Som,South Somerset OPMH 61402,Add Prof Scientific and Technic,Leavers,1
Corporate Support Services,Experience & Learning,Resuscitation Team 02001,Allied Health Professionals,Hires,1
Corporate Support Services,Experience & Learning,Resuscitation Team 02001,Allied Health Professionals,Leavers,1
Corporate Support Services,Experience & Learning,Resuscitation Team 02001,Nursing and Midwifery Registered,Hires,1
Corporate Support Services,Experience & Learning,Simulation 02070,Add Prof Scientific and Technic,Hires,1
Corporate Support Services,Experience & Learning,Simulation 02070,Additional Clinical Services,Hires,1
Corporate Support Services,GP Surgeries DEPT,Lister House Surgery 63060,Nursing and Midwifery Registered,Leavers,1
Corporate Support Services,GP Surgeries DEPT,North Petherton Surgery 63050,Add Prof Scientific and Technic,Leavers,1
Corporate Support Services,GP Surgeries DEPT,North Petherton Surgery 63050,Additional Clinical Services,Leavers,1
Neighbourhood Services,Integrated Team Mendip,DN East Mendip 61200,Administrative and Clerical,Hires,1
Corporate Support Services,Improvement,PMO Team 76007,Administrative and Clerical,Hires,1
Neighbourhood Services,Int Team Taunton & West Som,Taunton Deane CMH Team For Older People 61503,Add Prof Scientific and Technic,Leavers,1
Neighbourhood Services,Int Team Taunton & West Som,Taunton Deane CMH Team For Older People 61503,Add Prof Scientific and Technic,Hires,1
Corporate Support Services,Improvement,PMO Team 76007,Nursing and Midwifery Registered,Leavers,1
Corporate Support Services,Infection Control,Control of Infection 00203,Administrative and Clerical,Hires,1
Neighbourhood Services,Int Team Taunton & West Som,Taunton Area Wellbeing Service 61500,Administrative and Clerical,Leavers,1
Corporate Support Services,Infection Control,Control of Infection 00203,Administrative and Clerical,Leavers,1
Corporate Support Services,Infection Control,Infection Control 75487,Nursing and Midwifery Registered,Hires,1
Neighbourhood Services,Int Team Taunton & West Som,Living Better Nurses - Recharge 00301,Administrative and Clerical,Leavers,1
Neighbourhood Services,Int Team Taunton & West Som,Homeless / Rough Sleeper Team 00221,Nursing and Midwifery Registered,Leavers,1
Corporate Support Services,MLT Central,Medical Central Team 00307,Administrative and Clerical,Leavers,1
Corporate Support Services,MLT Central,Medical Central Team 00307,Healthcare Scientists,Hires,1
Corporate Support Services,MLT Central,Medical Director 75337,Medical and Dental,Leavers,1
Neighbourhood Services,Int Team Taunton & West Som,DN Taunton 61501,Administrative and Clerical,Leavers,1
Neighbourhood Services,Int Team Taunton & West Som,DN Taunton 61501,Administrative and Clerical,Hires,1
Neighbourhood Services,Int Team Taunton & West Som,DN Taunton - SPQ 61700,Nursing and Midwifery Registered,Leavers,1
Neighbourhood Services,Int Team N Sedge & B'Water,North Sedgemoor Older People Mental Health 61302,Nursing and Midwifery Registered,Hires,1
Neighbourhood Services,Int Team Taunton & West Som,Taunton Deane CMH Team For Older People 61503,Administrative and Clerical,Leavers,1
Corporate Support Services,GP Surgeries DEPT,Warwick House Medical Centre 63010,Nursing and Midwifery Registered,Leavers,1
Neighbourhood Services,Int Team Taunton & West Som,Taunton Deane CMH Team For Older People 61503,Allied Health Professionals,Hires,1
Corporate Support Services,GP Surgeries DEPT,North Petherton Surgery 63050,Medical and Dental,Leavers,1
Neighbourhood Services,Integrated Team Bridgwater DEPT,Bridgwater OPMH 61004,Nursing and Midwifery Registered,Leavers,1
Neighbourhood Services,Integrated Team Bridgwater DEPT,Bridgwater OPMH 61004,Additional Clinical Services,Hires,1
Neighbourhood Services,Integrated Team Bridgwater DEPT,Bridgwater Integrated Rehabilitation Team 61002,Allied Health Professionals,Hires,1
Neighbourhood Services,Int Team Taunton & West Som,West Somerset OPMH 62100,Nursing and Midwifery Registered,Hires,1
Neighbourhood Services,Int Team Taunton & West Som,West Somerset OPMH 62100,Add Prof Scientific and Technic,Hires,1
Neighbourhood Services,Int Team Taunton & West Som,West Somerset Integrated Rehabilitation Team 61701,Administrative and Clerical,Leavers,1
Neighbourhood Services,Int Team Taunton & West Som,West Somerset Integrated Rehabilitation Team 61701,Administrative and Clerical,Hires,1
Neighbourhood Services,Int Team Taunton & West Som,West Somerset Integrated Rehabilitation Team 61701,Additional Clinical Services,Leavers,1
Neighbourhood Services,Int Team Taunton & West Som,Taunton Deane CMH Team For Older People 61503,Allied Health Professionals,Leavers,1
Neighbourhood Services,Int Team Taunton & West Som,West Somerset Integrated Rehabilitation Team 61701,Additional Clinical Services,Hires,1
Corporate Support Services,GP Surgeries DEPT,North Petherton Surgery 63050,Nursing and Midwifery Registered,Leavers,1
Corporate Support Services,GP Surgeries DEPT,Warwick House Medical Centre 63010,Add Prof Scientific and Technic,Leavers,1
Corporate Support Services,GP Surgeries DEPT,Warwick House Medical Centre 63010,Additional Clinical Services,Leavers,1
Corporate Support Services,GP Surgeries DEPT,Warwick House Medical Centre 63010,Administrative and Clerical,Hires,1
Corporate Support Services,GP Surgeries DEPT,Warwick House Medical Centre 63010,Administrative and Clerical,Leavers,1
Corporate Support Services,GP Surgeries DEPT,Warwick House Medical Centre 63010,Medical and Dental,Leavers,1
Neighbourhood Services,Intermediate Care DEPT,Bed Hub 65802,Nursing and Midwifery Registered,Hires,1
Corporate Support Services,Experience & Learning,Freedom to Speak Up 02059,Administrative and Clerical,Leavers,1
Corporate Support Services,Experience & Learning,Freedom to Speak Up 02059,Administrative and Clerical,Hires,1
Neighbourhood Services,Minehead Community Hospital,Minehead OPD 21406,Nursing and Midwifery Registered,Leavers,1
Corporate Support Services,Director of Communications,Comms & Pat/Public Involvement 00417,Administrative and Clerical,Leavers,1
Neighbourhood Services,NHS at Home,NHS @ Home - Respiratory 60642,Additional Clinical Services,Leavers,1
Neighbourhood Services,NHS at Home,NHS @ Home - Frailty 60641,Nursing and Midwifery Registered,Hires,1
Neighbourhood Services,NHS at Home,NHS @ Home - Frailty 60641,Administrative and Clerical,Leavers,1
Corporate Support Services,Director of Communications,Medical Photography 00150,Add Prof Scientific and Technic,Leavers,1
Neighbourhood Services,NHS at Home,NHS @ Home - Frailty 60641,Additional Clinical Services,Hires,1
Corporate Support Services,Director of Corporate Services DEPT,Chairman & Non Exec Directors 75300,Administrative and Clerical,Leavers,1
Neighbourhood Services,Minor Injury DEPT,West Mendip MIU 20027,Additional Clinical Services,Leavers,1
Corporate Support Services,Director of Corporate Services DEPT,Chief Executive 75301,Nursing and Midwifery Registered,Leavers,1
Corporate Support Services,Director of Corporate Services DEPT,Liberty Protection Safeguards 00222,Add Prof Scientific and Technic,Leavers,1
Corporate Support Services,Director of Corporate Services DEPT,Liberty Protection Safeguards 00222,Administrative and Clerical,Hires,1
Corporate Support Services,Director of Corporate Services DEPT,Liberty Protection Safeguards 00222,Nursing and Midwifery Registered,Hires,1
Neighbourhood Services,Minor Injury DEPT,Bridgwater MIU 20027,Medical and Dental,Leavers,1
Neighbourhood Services,Minor Injury DEPT,Bridgwater MIU 20027,Medical and Dental,Hires,1
Neighbourhood Services,Minor Injury DEPT,Bridgwater MIU 20027,Allied Health Professionals,Leavers,1
Corporate Support Services,Director of Corporate Services DEPT,Resilience Team 00407,Administrative and Clerical,Leavers,1
Corporate Support Services,Director of Corporate Services DEPT,Secretarial Servs MPH 00400,Administrative and Clerical,Hires,1
Corporate Support Services,Dir of Quality & Involvement,Patient Experience 75461,Administrative and Clerical,Leavers,1
Neighbourhood Services,NHS at Home,NHS @ Home - Respiratory 60642,Allied Health Professionals,Leavers,1
Corporate Support Services,Dir of Quality & Involvement,Patient & Family Centred Care 00201,Nursing and Midwifery Registered,Leavers,1
Neighbourhood Services,Palliative Care DEPT,Palliative Care Medical Team 62010,Administrative and Clerical,Leavers,1
Corporate Support Services,Digital,Digital Programme 05003,Nursing and Midwifery Registered,Hires,1
Corporate Support Services,Digital,Digital Programme 05003,Nursing and Midwifery Registered,Leavers,1
Corporate Support Services,Digital,IT Developments 75434,Administrative and Clerical,Hires,1
Neighbourhood Services,Palliative Care DEPT,Supportive & Palliative Care 35620,Administrative and Clerical,Leavers,1
Neighbourhood Services,Palliative Care DEPT,Palliative Care Nurses 76227,Nursing and Midwifery Registered,Leavers,1
Neighbourhood Services,Palliative Care DEPT,Palliative Care Medical Team 62010,Nursing and Midwifery Registered,Hires,1
Corporate Support Services,Digital,PMO 05012,Administrative and Clerical,Hires,1
Corporate Support Services,Digital,PMO 05012,Administrative and Clerical,Leavers,1
Corporate Support Services,Dir of Quality & Involvement,Complaints & PALS 00220,Administrative and Clerical,Leavers,1
Neighbourhood Services,Palliative Care DEPT,End of Life Care Education 62011,Allied Health Professionals,Hires,1
Corporate Support Services,Digital,Senior Team 05005,Administrative and Clerical,Leavers,1
Neighbourhood Services,Pain Service PCN,Pain Service 60010,Nursing and Midwifery Registered,Leavers,1
Neighbourhood Services,Pain Service PCN,Pain Service 60010,Nursing and Midwifery Registered,Hires,1
Neighbourhood Services,Pain Service PCN,Pain Service 60010,Additional Clinical Services,Hires,1
Neighbourhood Services,PCN Care of the Elderly,Parkinsons Nurses & Admin 76212,Nursing and Midwifery Registered,Leavers,1
Corporate Support Services,Dir of Quality & Involvement,Clinical Governance 75485,Nursing and Midwifery Registered,Hires,1
Medical Services,Respiratory,Respiratory Admin - SOM 20906,Administrative and Clerical,Leavers,1
Neighbourhood Services,Minehead Community Hospital,Minehead OPD 21406,Nursing and Midwifery Registered,Hires,1
Corporate Support Services,Experience & Learning,Colleague Support 02066,Add Prof Scientific and Technic,Leavers,1
Neighbourhood Services,Minehead Community Hospital,Minehead OPD 21406,Additional Clinical Services,Leavers,1
Neighbourhood Services,Mass Vaccination Programme,Mass Vac - School Imms 00068,Nursing and Midwifery Registered,Hires,1
Corporate Support Services,Estates and Facilities - SFT,Minehead Catering 21621,Estates and Ancillary,Leavers,1
Neighbourhood Services,Intermediate Care DEPT,Winter Task Force 65804,Additional Clinical Services,Hires,1
Corporate Support Services,Estates and Facilities - SFT,Post Room 04270,Estates and Ancillary,Leavers,1
Corporate Support Services,Estates and Facilities - SFT,Sustainability 04101,Administrative and Clerical,Hires,1
Neighbourhood Services,Intermediate Care DEPT,Rapid Response 67000,Add Prof Scientific and Technic,Hires,1
Corporate Support Services,Estates and Facilities - SFT,Wellington Hotel Services 21662,Estates and Ancillary,Hires,1
Corporate Support Services,Estates and Facilities - SFT,Wellington Hotel Services 21662,Estates and Ancillary,Leavers,1
Corporate Support Services,Estates and Facilities - SFT,West Mendip Hotel Services 21682,Administrative and Clerical,Hires,1
Corporate Support Services,Estates and Facilities - SFT,West Mendip Hotel Services 21682,Administrative and Clerical,Leavers,1
Neighbourhood Services,Intermediate Care DEPT,Palliative Care Co-Ordination 68200,Nursing and Midwifery Registered,Leavers,1
Corporate Support Services,Estates and Facilities - SFT,Williton Catering 20631,Estates and Ancillary,Hires,1
Corporate Support Services,Estates and Facilities - SFT,Williton Catering 20631,Estates and Ancillary,Leavers,1
Neighbourhood Services,Intermediate Care DEPT,Home First 76325,Nursing and Midwifery Registered,Leavers,1
Neighbourhood Services,Intermediate Care DEPT,Home First 76325,Nursing and Midwifery Registered,Hires,1
Neighbourhood Services,Intermediate Care DEPT,Home First 76325,Administrative and Clerical,Leavers,1
Corporate Support Services,Experience & Learning,Colleague Support 02066,Add Prof Scientific and Technic,Hires,1
Neighbourhood Services,Mass Vaccination Programme,Mass Vaccination - East 00035,Administrative and Clerical,Hires,1
Corporate Support Services,Estates and Facilities - SFT,Fire Safety 04003,Administrative and Clerical,Leavers,1
Corporate Support Services,Estates and Facilities - SFT,Facilities & Estate Management Team 04002,Administrative and Clerical,Leavers,1
Neighbourhood Services,Medical DEPT,Med OPMH Comm Sedgemoor 62050,Medical and Dental,Leavers,1
Neighbourhood Services,Minehead Community Hospital,Minehead Administration 21620,Nursing and Midwifery Registered,Leavers,1
Neighbourhood Services,Minehead Community Hospital,Minehead Administration 21620,Administrative and Clerical,Leavers,1
Corporate Support Services,Estates and Facilities - SFT,Bridgwater Catering 21501,Estates and Ancillary,Hires,1
Corporate Support Services,Estates and Facilities - SFT,Burnham Catering 21521,Estates and Ancillary,Leavers,1
Neighbourhood Services,Medical DEPT,Med OPMH Comm South Som 62090,Medical and Dental,Hires,1
Corporate Support Services,Estates and Facilities - SFT,Chard Hotel Services 21542,Estates and Ancillary,Hires,1
Corporate Support Services,Estates and Facilities - SFT,Chard Hotel Services 21542,Estates and Ancillary,Leavers,1
Corporate Support Services,Estates and Facilities - SFT,Crewkerne Catering 21561,Estates and Ancillary,Hires,1
Corporate Support Services,Estates and Facilities - SFT,Estates - NE Somerset 04420,Estates and Ancillary,Hires,1
Neighbourhood Services,Medical DEPT,Med OPMH Comm Mendip 2 62060,Medical and Dental,Leavers,1
Neighbourhood Services,Mass Vaccination Programme,Mass Vaccination Yeovil 00036,Nursing and Midwifery Registered,Hires,1
Neighbourhood Services,Mass Vaccination Programme,Mass Vaccination Yeovil 00036,Administrative and Clerical,Leavers,1
Neighbourhood Services,Mass Vaccination Programme,Mass Vaccination Yeovil 00036,Additional Clinical Services,Leavers,1
Neighbourhood Services,Mass Vaccination Programme,Mass Vaccination Musgrove 00033,Allied Health Professionals,Hires,1
Neighbourhood Services,Mass Vaccination Programme,Mass Vaccination 75311,Administrative and Clerical,Hires,1
Corporate Support Services,Estates and Facilities - SFT,Estates - Community 04410,Estates and Ancillary,Leavers,1
CYP & Families Services,Acute Paediatrics,Childrens Day Surgery Unit 43030,Additional Clinical Services,Leavers,1
