unique_id,ds,leavers_count,hires_count,sickness_pct
A&EAdminTeam76200_MedicalServices_AdministrativeandClerical_EmergencyCareDEPT,01/07/2021,0,2,
A&EAdminTeam76200_MedicalServices_AdministrativeandClerical_EmergencyCareDEPT,01/08/2021,0,1,
A&EAdminTeam76200_MedicalServices_AdministrativeandClerical_EmergencyCareDEPT,01/09/2021,0,3,
A&EAdminTeam76200_MedicalServices_AdministrativeandClerical_EmergencyCareDEPT,01/05/2022,0,1,
A&EAdminTeam76200_MedicalServices_AdministrativeandClerical_EmergencyCareDEPT,01/11/2022,0,2,
A&EAdminTeam76200_MedicalServices_AdministrativeandClerical_EmergencyCareDEPT,01/06/2023,0,2,
A&EAdminTeam76200_MedicalServices_AdministrativeandClerical_EmergencyCareDEPT,01/09/2023,0,2,
A&EAdminTeam76200_MedicalServices_AdministrativeandClerical_EmergencyCareDEPT,01/10/2023,0,1,
A&EAdminTeam76200_MedicalServices_AdministrativeandClerical_EmergencyCareDEPT,01/11/2023,0,2,
A&EAdminTeam76200_MedicalServices_AdministrativeandClerical_EmergencyCareDEPT,01/04/2024,2,0,
A&EAdminTeam76200_MedicalServices_AdministrativeandClerical_EmergencyCareDEPT,01/06/2024,1,1,
A&EAdminTeam76200_MedicalServices_AdministrativeandClerical_EmergencyCareDEPT,01/07/2024,2,1,
A&EAdminTeam76200_MedicalServices_AdministrativeandClerical_EmergencyCareDEPT,01/09/2024,1,0,
A&EAdminTeam76200_MedicalServices_AdministrativeandClerical_EmergencyCareDEPT,01/11/2024,1,0,
A&EAdminTeam76200_MedicalServices_AdministrativeandClerical_EmergencyCareDEPT,01/01/2025,1,1,
A&EAdminTeam76200_MedicalServices_AdministrativeandClerical_EmergencyCareDEPT,01/02/2025,5,1,
A&EMedicalStaff76202_MedicalServices_AddProfScientificandTechnic_EmergencyCareDEPT,01/09/2021,0,1,
A&EMedicalStaff76202_MedicalServices_AddProfScientificandTechnic_EmergencyCareDEPT,01/11/2021,0,1,
A&EMedicalStaff76202_MedicalServices_AlliedHealthProfessionals_EmergencyCareDEPT,01/05/2023,0,1,
A&EMedicalStaff76202_MedicalServices_MedicalandDental_EmergencyCareDEPT,01/06/2021,0,1,
A&EMedicalStaff76202_MedicalServices_MedicalandDental_EmergencyCareDEPT,01/07/2021,0,3,
A&EMedicalStaff76202_MedicalServices_MedicalandDental_EmergencyCareDEPT,01/08/2021,0,4,
A&EMedicalStaff76202_MedicalServices_MedicalandDental_EmergencyCareDEPT,01/09/2021,0,1,
A&EMedicalStaff76202_MedicalServices_MedicalandDental_EmergencyCareDEPT,01/10/2021,0,3,
A&EMedicalStaff76202_MedicalServices_MedicalandDental_EmergencyCareDEPT,01/11/2021,0,2,
A&EMedicalStaff76202_MedicalServices_MedicalandDental_EmergencyCareDEPT,01/02/2022,0,4,
A&EMedicalStaff76202_MedicalServices_MedicalandDental_EmergencyCareDEPT,01/03/2022,0,2,
A&EMedicalStaff76202_MedicalServices_MedicalandDental_EmergencyCareDEPT,01/05/2022,0,1,
A&EMedicalStaff76202_MedicalServices_MedicalandDental_EmergencyCareDEPT,01/07/2022,0,2,
A&EMedicalStaff76202_MedicalServices_MedicalandDental_EmergencyCareDEPT,01/08/2022,0,5,
A&EMedicalStaff76202_MedicalServices_MedicalandDental_EmergencyCareDEPT,01/09/2022,0,9,
A&EMedicalStaff76202_MedicalServices_MedicalandDental_EmergencyCareDEPT,01/10/2022,0,2,
A&EMedicalStaff76202_MedicalServices_MedicalandDental_EmergencyCareDEPT,01/11/2022,0,1,
A&EMedicalStaff76202_MedicalServices_MedicalandDental_EmergencyCareDEPT,01/12/2022,0,1,
A&EMedicalStaff76202_MedicalServices_MedicalandDental_EmergencyCareDEPT,01/01/2023,0,2,
A&EMedicalStaff76202_MedicalServices_MedicalandDental_EmergencyCareDEPT,01/05/2023,0,2,
A&EMedicalStaff76202_MedicalServices_MedicalandDental_EmergencyCareDEPT,01/06/2023,0,1,
A&EMedicalStaff76202_MedicalServices_MedicalandDental_EmergencyCareDEPT,01/07/2023,0,3,
A&EMedicalStaff76202_MedicalServices_MedicalandDental_EmergencyCareDEPT,01/08/2023,0,12,
A&EMedicalStaff76202_MedicalServices_MedicalandDental_EmergencyCareDEPT,01/09/2023,0,2,
A&EMedicalStaff76202_MedicalServices_MedicalandDental_EmergencyCareDEPT,01/10/2023,0,1,
A&EMedicalStaff76202_MedicalServices_MedicalandDental_EmergencyCareDEPT,01/11/2023,0,2,
A&EMedicalStaff76202_MedicalServices_MedicalandDental_EmergencyCareDEPT,01/02/2024,0,1,
A&EMedicalStaff76202_MedicalServices_MedicalandDental_EmergencyCareDEPT,01/03/2024,0,1,
A&EMedicalStaff76202_MedicalServices_MedicalandDental_EmergencyCareDEPT,01/04/2024,1,2,
A&EMedicalStaff76202_MedicalServices_MedicalandDental_EmergencyCareDEPT,01/05/2024,1,0,
A&EMedicalStaff76202_MedicalServices_MedicalandDental_EmergencyCareDEPT,01/07/2024,3,3,
A&EMedicalStaff76202_MedicalServices_MedicalandDental_EmergencyCareDEPT,01/08/2024,0,3,
A&EMedicalStaff76202_MedicalServices_MedicalandDental_EmergencyCareDEPT,01/09/2024,1,3,
A&EMedicalStaff76202_MedicalServices_MedicalandDental_EmergencyCareDEPT,01/11/2024,0,2,
A&EMedicalStaff76202_MedicalServices_MedicalandDental_EmergencyCareDEPT,01/12/2024,1,0,
A&EMedicalStaff76202_MedicalServices_MedicalandDental_EmergencyCareDEPT,01/01/2025,1,1,
A&EMedicalStaff76202_MedicalServices_MedicalandDental_EmergencyCareDEPT,01/02/2025,0,1,
A&EMedicalStaff76202_MedicalServices_MedicalandDental_EmergencyCareDEPT,01/03/2025,1,2,
A&EMedicalStaff76202_MedicalServices_MedicalandDental_EmergencyCareDEPT,01/04/2025,1,0,
AAAScreening10014_SurgicalServices_AdditionalClinicalServices_Vascular,01/02/2023,0,1,
AAAScreening10014_SurgicalServices_AdditionalClinicalServices_Vascular,01/03/2023,0,1,
AAAScreening10014_SurgicalServices_AdditionalClinicalServices_Vascular,01/11/2023,0,2,
AAAScreening10014_SurgicalServices_AdditionalClinicalServices_Vascular,01/04/2024,0,1,
AAndEDepartment20002_MedicalServices_AdditionalClinicalServices_EmergencyCareDEPT,01/05/2021,0,2,
AAndEDepartment20002_MedicalServices_AdditionalClinicalServices_EmergencyCareDEPT,01/08/2021,0,3,
AAndEDepartment20002_MedicalServices_AdditionalClinicalServices_EmergencyCareDEPT,01/09/2021,0,1,
AAndEDepartment20002_MedicalServices_AdditionalClinicalServices_EmergencyCareDEPT,01/02/2022,0,1,
AAndEDepartment20002_MedicalServices_AdditionalClinicalServices_EmergencyCareDEPT,01/03/2022,0,3,
AAndEDepartment20002_MedicalServices_AdditionalClinicalServices_EmergencyCareDEPT,01/05/2022,0,1,
AAndEDepartment20002_MedicalServices_AdditionalClinicalServices_EmergencyCareDEPT,01/07/2022,0,1,
AAndEDepartment20002_MedicalServices_AdditionalClinicalServices_EmergencyCareDEPT,01/08/2022,0,1,
AAndEDepartment20002_MedicalServices_AdditionalClinicalServices_EmergencyCareDEPT,01/09/2022,0,1,
AAndEDepartment20002_MedicalServices_AdditionalClinicalServices_EmergencyCareDEPT,01/12/2022,0,2,
AAndEDepartment20002_MedicalServices_AdditionalClinicalServices_EmergencyCareDEPT,01/01/2023,0,1,
AAndEDepartment20002_MedicalServices_AdditionalClinicalServices_EmergencyCareDEPT,01/02/2023,0,1,
AAndEDepartment20002_MedicalServices_AdditionalClinicalServices_EmergencyCareDEPT,01/03/2023,0,1,
AAndEDepartment20002_MedicalServices_AdditionalClinicalServices_EmergencyCareDEPT,01/04/2023,0,2,
AAndEDepartment20002_MedicalServices_AdditionalClinicalServices_EmergencyCareDEPT,01/05/2023,0,1,
AAndEDepartment20002_MedicalServices_AdditionalClinicalServices_EmergencyCareDEPT,01/06/2023,0,4,
AAndEDepartment20002_MedicalServices_AdditionalClinicalServices_EmergencyCareDEPT,01/07/2023,0,1,
AAndEDepartment20002_MedicalServices_AdditionalClinicalServices_EmergencyCareDEPT,01/08/2023,0,1,
AAndEDepartment20002_MedicalServices_AdditionalClinicalServices_EmergencyCareDEPT,01/10/2023,0,2,
AAndEDepartment20002_MedicalServices_AdditionalClinicalServices_EmergencyCareDEPT,01/01/2024,0,3,
AAndEDepartment20002_MedicalServices_AdditionalClinicalServices_EmergencyCareDEPT,01/02/2024,0,3,
AAndEDepartment20002_MedicalServices_AdditionalClinicalServices_EmergencyCareDEPT,01/03/2024,0,2,
AAndEDepartment20002_MedicalServices_AdditionalClinicalServices_EmergencyCareDEPT,01/05/2024,0,1,
AAndEDepartment20002_MedicalServices_AdditionalClinicalServices_EmergencyCareDEPT,01/08/2024,1,0,
AAndEDepartment20002_MedicalServices_AdditionalClinicalServices_EmergencyCareDEPT,01/09/2024,1,0,
AAndEDepartment20002_MedicalServices_AdditionalClinicalServices_EmergencyCareDEPT,01/12/2024,2,0,
AAndEDepartment20002_MedicalServices_AdditionalClinicalServices_EmergencyCareDEPT,01/01/2025,1,0,
AAndEDepartment20002_MedicalServices_AdditionalClinicalServices_EmergencyCareDEPT,01/04/2025,2,2,
AAndEDepartment20002_MedicalServices_NursingandMidwiferyRegistered_EmergencyCareDEPT,01/06/2021,0,1,
AAndEDepartment20002_MedicalServices_NursingandMidwiferyRegistered_EmergencyCareDEPT,01/09/2021,0,1,
AAndEDepartment20002_MedicalServices_NursingandMidwiferyRegistered_EmergencyCareDEPT,01/10/2021,0,1,
AAndEDepartment20002_MedicalServices_NursingandMidwiferyRegistered_EmergencyCareDEPT,01/11/2021,0,2,
AAndEDepartment20002_MedicalServices_NursingandMidwiferyRegistered_EmergencyCareDEPT,01/05/2022,0,1,
AAndEDepartment20002_MedicalServices_NursingandMidwiferyRegistered_EmergencyCareDEPT,01/07/2022,0,1,
AAndEDepartment20002_MedicalServices_NursingandMidwiferyRegistered_EmergencyCareDEPT,01/10/2022,0,3,
AAndEDepartment20002_MedicalServices_NursingandMidwiferyRegistered_EmergencyCareDEPT,01/09/2023,0,1,
AAndEDepartment20002_MedicalServices_NursingandMidwiferyRegistered_EmergencyCareDEPT,01/11/2023,0,1,
AAndEDepartment20002_MedicalServices_NursingandMidwiferyRegistered_EmergencyCareDEPT,01/02/2024,0,1,
AAndEDepartment20002_MedicalServices_NursingandMidwiferyRegistered_EmergencyCareDEPT,01/06/2024,2,0,
AAndEDepartment20002_MedicalServices_NursingandMidwiferyRegistered_EmergencyCareDEPT,01/08/2024,1,0,
AAndEDepartment20002_MedicalServices_NursingandMidwiferyRegistered_EmergencyCareDEPT,01/09/2024,2,0,
AAndEDepartment20002_MedicalServices_NursingandMidwiferyRegistered_EmergencyCareDEPT,01/10/2024,1,0,
AAndEDepartment20002_MedicalServices_NursingandMidwiferyRegistered_EmergencyCareDEPT,01/12/2024,2,0,
AAndEDepartment20002_MedicalServices_NursingandMidwiferyRegistered_EmergencyCareDEPT,01/02/2025,2,0,
AAndEDepartment20002_MedicalServices_NursingandMidwiferyRegistered_EmergencyCareDEPT,01/04/2025,1,0,
AAndEReceptionists20001_MedicalServices_AdministrativeandClerical_EmergencyCareDEPT,01/01/2023,0,1,
AAndEReceptionists20001_MedicalServices_AdministrativeandClerical_EmergencyCareDEPT,01/08/2023,0,1,
AAndEReceptionists20001_MedicalServices_AdministrativeandClerical_EmergencyCareDEPT,01/02/2024,0,1,
AAndEReceptionists20001_MedicalServices_AdministrativeandClerical_EmergencyCareDEPT,01/08/2024,2,2,
AAndEReceptionists20001_MedicalServices_AdministrativeandClerical_EmergencyCareDEPT,01/10/2024,2,1,
AAndEReceptionists20001_MedicalServices_AdministrativeandClerical_EmergencyCareDEPT,01/12/2024,1,0,
AAndEReceptionists20001_MedicalServices_AdministrativeandClerical_EmergencyCareDEPT,01/01/2025,0,2,
AAndEReceptionists20001_MedicalServices_AdministrativeandClerical_EmergencyCareDEPT,01/03/2025,1,0,
AAndEReceptionists20001_MedicalServices_AdministrativeandClerical_EmergencyCareDEPT,01/04/2025,1,0,
AAndEReceptionists20001_MedicalServices_EstatesandAncillary_EmergencyCareDEPT,01/02/2023,0,2,
AAndEReceptionists20001_MedicalServices_EstatesandAncillary_EmergencyCareDEPT,01/12/2023,0,2,
AAndEReceptionists20001_MedicalServices_EstatesandAncillary_EmergencyCareDEPT,01/01/2024,0,1,
AAndEReceptionists20001_MedicalServices_EstatesandAncillary_EmergencyCareDEPT,01/02/2024,0,1,
AAndEReceptionists20001_MedicalServices_EstatesandAncillary_EmergencyCareDEPT,01/08/2024,1,0,
AAndEReceptionists20001_MedicalServices_EstatesandAncillary_EmergencyCareDEPT,01/12/2024,1,0,
AAndEReceptionists20001_MedicalServices_EstatesandAncillary_EmergencyCareDEPT,01/01/2025,1,1,
ADHD59400_MentalHealthandLearningDisabilities_AdministrativeandClerical_ADHD,01/06/2022,0,1,
ADHD59400_MentalHealthandLearningDisabilities_AdministrativeandClerical_ADHD,01/02/2024,0,1,
ADHD59400_MentalHealthandLearningDisabilities_AdministrativeandClerical_ADHD,01/07/2024,1,0,
ADHD59400_MentalHealthandLearningDisabilities_AdministrativeandClerical_ADHD,01/08/2024,1,0,
ADHD59400_MentalHealthandLearningDisabilities_AdministrativeandClerical_ADHD,01/10/2024,1,0,
ADHD59400_MentalHealthandLearningDisabilities_AdministrativeandClerical_ADHD,01/12/2024,0,1,
ADHD59400_MentalHealthandLearningDisabilities_NursingandMidwiferyRegistered_ADHD,01/12/2021,0,1,
ADHD59400_MentalHealthandLearningDisabilities_NursingandMidwiferyRegistered_ADHD,01/01/2022,0,1,
ADHD59400_MentalHealthandLearningDisabilities_NursingandMidwiferyRegistered_ADHD,01/06/2023,0,1,
ADHD59400_MentalHealthandLearningDisabilities_NursingandMidwiferyRegistered_ADHD,01/08/2024,2,0,
ADHD59400_MentalHealthandLearningDisabilities_NursingandMidwiferyRegistered_ADHD,01/09/2024,1,0,
AHPProfessionalLeadPosts00218_CorporateSupportServices_AdministrativeandClerical_DeputyDirectorofNursing,01/03/2025,1,0,
AHPProfessionalLeadPosts00218_CorporateSupportServices_AlliedHealthProfessionals_DeputyDirectorofNursing,01/09/2024,1,0,
AHPProfessionalLeadPosts00218_CorporateSupportServices_AlliedHealthProfessionals_DeputyDirectorofNursing,01/01/2025,1,0,
AHPProfessionalLeadPosts00218_CorporateSupportServices_AlliedHealthProfessionals_DeputyDirectorofNursing,01/03/2025,1,0,
AMU-6B76209_MedicalServices_AdditionalClinicalServices_Acute/GeneralMedicineDEPT,01/05/2021,0,1,
AMU-6B76209_MedicalServices_AdditionalClinicalServices_Acute/GeneralMedicineDEPT,01/09/2021,0,3,
AMU-6B76209_MedicalServices_AdditionalClinicalServices_Acute/GeneralMedicineDEPT,01/10/2021,0,1,
AMU-6B76209_MedicalServices_AdditionalClinicalServices_Acute/GeneralMedicineDEPT,01/11/2021,0,1,
AMU-6B76209_MedicalServices_AdditionalClinicalServices_Acute/GeneralMedicineDEPT,01/02/2022,0,1,
AMU-6B76209_MedicalServices_AdditionalClinicalServices_Acute/GeneralMedicineDEPT,01/03/2022,0,1,
AMU-6B76209_MedicalServices_AdditionalClinicalServices_Acute/GeneralMedicineDEPT,01/07/2022,0,1,
AMU-6B76209_MedicalServices_AdditionalClinicalServices_Acute/GeneralMedicineDEPT,01/10/2022,0,1,
AMU-6B76209_MedicalServices_AdditionalClinicalServices_Acute/GeneralMedicineDEPT,01/11/2022,0,2,
AMU-6B76209_MedicalServices_AdditionalClinicalServices_Acute/GeneralMedicineDEPT,01/12/2022,0,1,
AMU-6B76209_MedicalServices_AdditionalClinicalServices_Acute/GeneralMedicineDEPT,01/01/2023,0,1,
AMU-6B76209_MedicalServices_AdditionalClinicalServices_Acute/GeneralMedicineDEPT,01/03/2023,0,2,
AMU-6B76209_MedicalServices_AdditionalClinicalServices_Acute/GeneralMedicineDEPT,01/01/2024,0,1,
AMU-6B76209_MedicalServices_AdditionalClinicalServices_Acute/GeneralMedicineDEPT,01/02/2024,0,1,
AMU-6B76209_MedicalServices_AdditionalClinicalServices_Acute/GeneralMedicineDEPT,01/05/2024,0,2,
AMU-6B76209_MedicalServices_AdditionalClinicalServices_Acute/GeneralMedicineDEPT,01/12/2024,0,2,
AMU-6B76209_MedicalServices_AdditionalClinicalServices_Acute/GeneralMedicineDEPT,01/01/2025,0,2,
AMU-6B76209_MedicalServices_AdditionalClinicalServices_Acute/GeneralMedicineDEPT,01/02/2025,0,3,
AMU-6B76209_MedicalServices_AdditionalClinicalServices_Acute/GeneralMedicineDEPT,01/03/2025,0,2,
AMU-6B76209_MedicalServices_NursingandMidwiferyRegistered_Acute/GeneralMedicineDEPT,01/09/2021,0,1,
AMU-6B76209_MedicalServices_NursingandMidwiferyRegistered_Acute/GeneralMedicineDEPT,01/09/2024,1,0,
AMU-6B76209_MedicalServices_NursingandMidwiferyRegistered_Acute/GeneralMedicineDEPT,01/12/2024,0,1,
AMU-6B76209_MedicalServices_NursingandMidwiferyRegistered_Acute/GeneralMedicineDEPT,01/04/2025,2,1,
AMU-6B76209_MedicalServices_Students_Acute/GeneralMedicineDEPT,01/07/2021,0,1,
AMU-6B76209_MedicalServices_Students_Acute/GeneralMedicineDEPT,01/08/2021,0,1,
AMU-6B76209_MedicalServices_Students_Acute/GeneralMedicineDEPT,01/11/2021,0,3,
AMU-6B76209_MedicalServices_Students_Acute/GeneralMedicineDEPT,01/01/2022,0,3,
AMU-6B76209_MedicalServices_Students_Acute/GeneralMedicineDEPT,01/02/2022,0,1,
AMU-6B76209_MedicalServices_Students_Acute/GeneralMedicineDEPT,01/03/2022,0,1,
AMU-6B76209_MedicalServices_Students_Acute/GeneralMedicineDEPT,01/04/2022,0,1,
AMU-6B76209_MedicalServices_Students_Acute/GeneralMedicineDEPT,01/03/2023,0,1,
AMU-6B76209_MedicalServices_Students_Acute/GeneralMedicineDEPT,01/04/2023,0,1,
AMU-6B76209_MedicalServices_Students_Acute/GeneralMedicineDEPT,01/07/2023,0,2,
AMU-6B76209_MedicalServices_Students_Acute/GeneralMedicineDEPT,01/08/2023,0,2,
AMU-6B76209_MedicalServices_Students_Acute/GeneralMedicineDEPT,01/01/2024,0,1,
AMU-6B76209_MedicalServices_Students_Acute/GeneralMedicineDEPT,01/04/2024,0,1,
AMUMedStaff20200_MedicalServices_AddProfScientificandTechnic_Acute/GeneralMedicineDEPT,01/11/2022,0,1,
AMUMedStaff20200_MedicalServices_AddProfScientificandTechnic_Acute/GeneralMedicineDEPT,01/11/2023,0,1,
AMUMedStaff20200_MedicalServices_AddProfScientificandTechnic_Acute/GeneralMedicineDEPT,01/03/2025,0,2,
AMUMedStaff20200_MedicalServices_AlliedHealthProfessionals_Acute/GeneralMedicineDEPT,01/08/2022,0,1,
AMUMedStaff20200_MedicalServices_MedicalandDental_Acute/GeneralMedicineDEPT,01/07/2021,0,7,
AMUMedStaff20200_MedicalServices_MedicalandDental_Acute/GeneralMedicineDEPT,01/08/2021,0,10,
AMUMedStaff20200_MedicalServices_MedicalandDental_Acute/GeneralMedicineDEPT,01/09/2021,0,1,
AMUMedStaff20200_MedicalServices_MedicalandDental_Acute/GeneralMedicineDEPT,01/11/2021,0,1,
AMUMedStaff20200_MedicalServices_MedicalandDental_Acute/GeneralMedicineDEPT,01/01/2022,0,1,
AMUMedStaff20200_MedicalServices_MedicalandDental_Acute/GeneralMedicineDEPT,01/07/2022,0,7,
AMUMedStaff20200_MedicalServices_MedicalandDental_Acute/GeneralMedicineDEPT,01/08/2022,0,11,
AMUMedStaff20200_MedicalServices_MedicalandDental_Acute/GeneralMedicineDEPT,01/10/2022,0,1,
AMUMedStaff20200_MedicalServices_MedicalandDental_Acute/GeneralMedicineDEPT,01/11/2022,0,1,
AMUMedStaff20200_MedicalServices_MedicalandDental_Acute/GeneralMedicineDEPT,01/07/2023,0,8,
AMUMedStaff20200_MedicalServices_MedicalandDental_Acute/GeneralMedicineDEPT,01/08/2023,0,7,
AMUMedStaff20200_MedicalServices_MedicalandDental_Acute/GeneralMedicineDEPT,01/10/2023,0,1,
AMUMedStaff20200_MedicalServices_MedicalandDental_Acute/GeneralMedicineDEPT,01/12/2023,0,1,
AMUMedStaff20200_MedicalServices_MedicalandDental_Acute/GeneralMedicineDEPT,01/01/2024,0,2,
AMUMedStaff20200_MedicalServices_MedicalandDental_Acute/GeneralMedicineDEPT,01/02/2024,0,3,
AMUMedStaff20200_MedicalServices_MedicalandDental_Acute/GeneralMedicineDEPT,01/03/2024,0,2,
AMUMedStaff20200_MedicalServices_MedicalandDental_Acute/GeneralMedicineDEPT,01/04/2024,0,2,
AMUMedStaff20200_MedicalServices_MedicalandDental_Acute/GeneralMedicineDEPT,01/07/2024,0,9,
AMUMedStaff20200_MedicalServices_MedicalandDental_Acute/GeneralMedicineDEPT,01/08/2024,0,4,
AMUMedStaff20200_MedicalServices_MedicalandDental_Acute/GeneralMedicineDEPT,01/09/2024,0,1,
AMUMedStaff20200_MedicalServices_MedicalandDental_Acute/GeneralMedicineDEPT,01/12/2024,0,1,
AMUMedStaff20200_MedicalServices_MedicalandDental_Acute/GeneralMedicineDEPT,01/01/2025,0,1,
AMUMedStaff20200_MedicalServices_MedicalandDental_Acute/GeneralMedicineDEPT,01/02/2025,0,2,
AOTSouthSomerset51201_MentalHealthandLearningDisabilities_AdditionalClinicalServices_AOTEast,01/12/2024,1,0,
AOTSouthSomerset51201_MentalHealthandLearningDisabilities_NursingandMidwiferyRegistered_AOTEast,01/09/2022,0,1,
AOTSouthSomerset51201_MentalHealthandLearningDisabilities_NursingandMidwiferyRegistered_AOTEast,01/08/2024,1,1,
APPTSSouthSomerset51231_MentalHealthandLearningDisabilities_AddProfScientificandTechnic_CMHSEast,01/10/2021,0,2,
APPTSSouthSomerset51231_MentalHealthandLearningDisabilities_AddProfScientificandTechnic_CMHSEast,01/03/2025,1,0,
APPTSSouthSomerset51231_MentalHealthandLearningDisabilities_AddProfScientificandTechnic_CMHSEast,01/04/2025,0,1,
Accident&Emergency76204_MedicalServices_AdditionalClinicalServices_EmergencyCareDEPT,01/08/2021,0,1,
Accident&Emergency76204_MedicalServices_AdditionalClinicalServices_EmergencyCareDEPT,01/09/2021,0,1,
Accident&Emergency76204_MedicalServices_AdditionalClinicalServices_EmergencyCareDEPT,01/03/2022,0,2,
Accident&Emergency76204_MedicalServices_AdditionalClinicalServices_EmergencyCareDEPT,01/05/2022,0,1,
Accident&Emergency76204_MedicalServices_AdditionalClinicalServices_EmergencyCareDEPT,01/07/2022,0,1,
Accident&Emergency76204_MedicalServices_AdditionalClinicalServices_EmergencyCareDEPT,01/11/2022,0,1,
Accident&Emergency76204_MedicalServices_AdditionalClinicalServices_EmergencyCareDEPT,01/03/2023,0,1,
Accident&Emergency76204_MedicalServices_AdditionalClinicalServices_EmergencyCareDEPT,01/05/2023,0,2,
Accident&Emergency76204_MedicalServices_AdditionalClinicalServices_EmergencyCareDEPT,01/10/2023,0,1,
Accident&Emergency76204_MedicalServices_AdditionalClinicalServices_EmergencyCareDEPT,01/11/2023,0,3,
Accident&Emergency76204_MedicalServices_AdditionalClinicalServices_EmergencyCareDEPT,01/12/2023,0,1,
Accident&Emergency76204_MedicalServices_AdditionalClinicalServices_EmergencyCareDEPT,01/01/2024,0,1,
Accident&Emergency76204_MedicalServices_AdditionalClinicalServices_EmergencyCareDEPT,01/07/2024,1,0,
Accident&Emergency76204_MedicalServices_AdditionalClinicalServices_EmergencyCareDEPT,01/10/2024,0,1,
Accident&Emergency76204_MedicalServices_AdditionalClinicalServices_EmergencyCareDEPT,01/12/2024,0,1,
Accident&Emergency76204_MedicalServices_AdditionalClinicalServices_EmergencyCareDEPT,01/02/2025,1,1,
Accident&Emergency76204_MedicalServices_EstatesandAncillary_EmergencyCareDEPT,01/11/2024,1,0,
Accident&Emergency76204_MedicalServices_NursingandMidwiferyRegistered_EmergencyCareDEPT,01/09/2021,0,1,
Accident&Emergency76204_MedicalServices_NursingandMidwiferyRegistered_EmergencyCareDEPT,01/06/2022,0,1,
Accident&Emergency76204_MedicalServices_NursingandMidwiferyRegistered_EmergencyCareDEPT,01/02/2023,0,1,
Accident&Emergency76204_MedicalServices_NursingandMidwiferyRegistered_EmergencyCareDEPT,01/09/2023,0,1,
Accident&Emergency76204_MedicalServices_NursingandMidwiferyRegistered_EmergencyCareDEPT,01/11/2023,0,1,
Accident&Emergency76204_MedicalServices_NursingandMidwiferyRegistered_EmergencyCareDEPT,01/01/2024,0,1,
Accident&Emergency76204_MedicalServices_NursingandMidwiferyRegistered_EmergencyCareDEPT,01/05/2024,2,0,
Accident&Emergency76204_MedicalServices_NursingandMidwiferyRegistered_EmergencyCareDEPT,01/07/2024,2,0,
Accident&Emergency76204_MedicalServices_NursingandMidwiferyRegistered_EmergencyCareDEPT,01/08/2024,1,0,
Accident&Emergency76204_MedicalServices_NursingandMidwiferyRegistered_EmergencyCareDEPT,01/03/2025,1,1,
Accident&Emergency76204_MedicalServices_Students_EmergencyCareDEPT,01/06/2021,0,1,
Accident&Emergency76204_MedicalServices_Students_EmergencyCareDEPT,01/08/2021,0,1,
Accident&Emergency76204_MedicalServices_Students_EmergencyCareDEPT,01/10/2021,0,1,
Accident&Emergency76204_MedicalServices_Students_EmergencyCareDEPT,01/02/2023,0,1,
Accident&Emergency76204_MedicalServices_Students_EmergencyCareDEPT,01/03/2023,0,1,
Accident&Emergency76204_MedicalServices_Students_EmergencyCareDEPT,01/08/2023,0,1,
Accident&Emergency76204_MedicalServices_Students_EmergencyCareDEPT,01/10/2023,0,1,
Accident&Emergency76204_MedicalServices_Students_EmergencyCareDEPT,01/11/2023,0,2,
AcuteFrailtyUnit20402_MedicalServices_AdditionalClinicalServices_CareoftheOlderPersonDEPT,01/09/2021,0,1,
AcuteFrailtyUnit20402_MedicalServices_AdditionalClinicalServices_CareoftheOlderPersonDEPT,01/11/2021,0,2,
AcuteFrailtyUnit20402_MedicalServices_AdditionalClinicalServices_CareoftheOlderPersonDEPT,01/12/2021,0,1,
AcuteFrailtyUnit20402_MedicalServices_AdditionalClinicalServices_CareoftheOlderPersonDEPT,01/02/2022,0,1,
AcuteFrailtyUnit20402_MedicalServices_AdditionalClinicalServices_CareoftheOlderPersonDEPT,01/04/2022,0,1,
AcuteFrailtyUnit20402_MedicalServices_AdditionalClinicalServices_CareoftheOlderPersonDEPT,01/05/2022,0,1,
AcuteFrailtyUnit20402_MedicalServices_AdditionalClinicalServices_CareoftheOlderPersonDEPT,01/06/2022,0,1,
AcuteFrailtyUnit20402_MedicalServices_AdditionalClinicalServices_CareoftheOlderPersonDEPT,01/08/2022,0,1,
AcuteFrailtyUnit20402_MedicalServices_AdditionalClinicalServices_CareoftheOlderPersonDEPT,01/09/2022,0,2,
AcuteFrailtyUnit20402_MedicalServices_AdditionalClinicalServices_CareoftheOlderPersonDEPT,01/11/2022,0,1,
AcuteFrailtyUnit20402_MedicalServices_AdditionalClinicalServices_CareoftheOlderPersonDEPT,01/03/2023,0,1,
AcuteFrailtyUnit20402_MedicalServices_AdditionalClinicalServices_CareoftheOlderPersonDEPT,01/04/2023,0,1,
AcuteFrailtyUnit20402_MedicalServices_AdditionalClinicalServices_CareoftheOlderPersonDEPT,01/05/2023,0,1,
AcuteFrailtyUnit20402_MedicalServices_AdditionalClinicalServices_CareoftheOlderPersonDEPT,01/07/2023,0,3,
AcuteFrailtyUnit20402_MedicalServices_AdditionalClinicalServices_CareoftheOlderPersonDEPT,01/08/2023,0,1,
AcuteFrailtyUnit20402_MedicalServices_AdditionalClinicalServices_CareoftheOlderPersonDEPT,01/11/2023,0,1,
AcuteFrailtyUnit20402_MedicalServices_AdditionalClinicalServices_CareoftheOlderPersonDEPT,01/12/2023,0,1,
AcuteFrailtyUnit20402_MedicalServices_AdditionalClinicalServices_CareoftheOlderPersonDEPT,01/01/2024,0,1,
AcuteFrailtyUnit20402_MedicalServices_AdditionalClinicalServices_CareoftheOlderPersonDEPT,01/03/2024,0,1,
AcuteFrailtyUnit20402_MedicalServices_AdditionalClinicalServices_CareoftheOlderPersonDEPT,01/05/2024,1,0,
AcuteFrailtyUnit20402_MedicalServices_AdditionalClinicalServices_CareoftheOlderPersonDEPT,01/07/2024,0,1,
AcuteFrailtyUnit20402_MedicalServices_AdditionalClinicalServices_CareoftheOlderPersonDEPT,01/02/2025,1,0,
AcuteFrailtyUnit20402_MedicalServices_MedicalandDental_CareoftheOlderPersonDEPT,01/03/2023,0,1,
AcuteFrailtyUnit20402_MedicalServices_NursingandMidwiferyRegistered_CareoftheOlderPersonDEPT,01/06/2024,0,1,
AcuteFrailtyUnit20402_MedicalServices_NursingandMidwiferyRegistered_CareoftheOlderPersonDEPT,01/10/2024,0,1,
AcuteFrailtyUnit20402_MedicalServices_NursingandMidwiferyRegistered_CareoftheOlderPersonDEPT,01/12/2024,1,0,
AcuteMaintenanceService04120_CorporateSupportServices_EstatesandAncillary_EstatesandFacilities-SFT,01/06/2021,0,1,
AcuteMaintenanceService04120_CorporateSupportServices_EstatesandAncillary_EstatesandFacilities-SFT,01/12/2021,0,1,
AcuteMaintenanceService04120_CorporateSupportServices_EstatesandAncillary_EstatesandFacilities-SFT,01/02/2022,0,2,
AcuteMaintenanceService04120_CorporateSupportServices_EstatesandAncillary_EstatesandFacilities-SFT,01/07/2022,0,1,
AcuteMaintenanceService04120_CorporateSupportServices_EstatesandAncillary_EstatesandFacilities-SFT,01/01/2023,0,2,
AcuteMaintenanceService04120_CorporateSupportServices_EstatesandAncillary_EstatesandFacilities-SFT,01/07/2023,0,1,
AcuteMaintenanceService04120_CorporateSupportServices_EstatesandAncillary_EstatesandFacilities-SFT,01/04/2024,0,1,
AcuteMaintenanceService04120_CorporateSupportServices_EstatesandAncillary_EstatesandFacilities-SFT,01/05/2024,1,0,
AcuteMaintenanceService04120_CorporateSupportServices_EstatesandAncillary_EstatesandFacilities-SFT,01/07/2024,1,0,
AcuteMaintenanceService04120_CorporateSupportServices_EstatesandAncillary_EstatesandFacilities-SFT,01/11/2024,0,2,
AcuteMaintenanceService04120_CorporateSupportServices_EstatesandAncillary_EstatesandFacilities-SFT,01/12/2024,0,1,
AcuteMaintenanceService04120_CorporateSupportServices_EstatesandAncillary_EstatesandFacilities-SFT,01/01/2025,0,1,
AcuteMaintenanceService04120_CorporateSupportServices_EstatesandAncillary_EstatesandFacilities-SFT,01/02/2025,0,2,
AcuteMaintenanceService04120_CorporateSupportServices_EstatesandAncillary_EstatesandFacilities-SFT,01/03/2025,1,1,
AcuteMedicalUnit20201_MedicalServices_AdditionalClinicalServices_Acute/GeneralMedicineDEPT,01/05/2021,0,1,
AcuteMedicalUnit20201_MedicalServices_AdditionalClinicalServices_Acute/GeneralMedicineDEPT,01/06/2021,0,1,
AcuteMedicalUnit20201_MedicalServices_AdditionalClinicalServices_Acute/GeneralMedicineDEPT,01/08/2021,0,1,
AcuteMedicalUnit20201_MedicalServices_AdditionalClinicalServices_Acute/GeneralMedicineDEPT,01/09/2021,0,3,
AcuteMedicalUnit20201_MedicalServices_AdditionalClinicalServices_Acute/GeneralMedicineDEPT,01/10/2021,0,1,
AcuteMedicalUnit20201_MedicalServices_AdditionalClinicalServices_Acute/GeneralMedicineDEPT,01/11/2021,0,2,
AcuteMedicalUnit20201_MedicalServices_AdditionalClinicalServices_Acute/GeneralMedicineDEPT,01/01/2022,0,6,
AcuteMedicalUnit20201_MedicalServices_AdditionalClinicalServices_Acute/GeneralMedicineDEPT,01/02/2022,0,2,
AcuteMedicalUnit20201_MedicalServices_AdditionalClinicalServices_Acute/GeneralMedicineDEPT,01/03/2022,0,2,
AcuteMedicalUnit20201_MedicalServices_AdditionalClinicalServices_Acute/GeneralMedicineDEPT,01/04/2022,0,1,
AcuteMedicalUnit20201_MedicalServices_AdditionalClinicalServices_Acute/GeneralMedicineDEPT,01/06/2022,0,2,
AcuteMedicalUnit20201_MedicalServices_AdditionalClinicalServices_Acute/GeneralMedicineDEPT,01/08/2022,0,4,
AcuteMedicalUnit20201_MedicalServices_AdditionalClinicalServices_Acute/GeneralMedicineDEPT,01/09/2022,0,1,
AcuteMedicalUnit20201_MedicalServices_AdditionalClinicalServices_Acute/GeneralMedicineDEPT,01/10/2022,0,1,
AcuteMedicalUnit20201_MedicalServices_AdditionalClinicalServices_Acute/GeneralMedicineDEPT,01/11/2022,0,1,
AcuteMedicalUnit20201_MedicalServices_AdditionalClinicalServices_Acute/GeneralMedicineDEPT,01/12/2022,0,3,
AcuteMedicalUnit20201_MedicalServices_AdditionalClinicalServices_Acute/GeneralMedicineDEPT,01/01/2023,0,3,
AcuteMedicalUnit20201_MedicalServices_AdditionalClinicalServices_Acute/GeneralMedicineDEPT,01/02/2023,0,1,
AcuteMedicalUnit20201_MedicalServices_AdditionalClinicalServices_Acute/GeneralMedicineDEPT,01/03/2023,0,6,
AcuteMedicalUnit20201_MedicalServices_AdditionalClinicalServices_Acute/GeneralMedicineDEPT,01/04/2023,0,4,
AcuteMedicalUnit20201_MedicalServices_AdditionalClinicalServices_Acute/GeneralMedicineDEPT,01/05/2023,0,4,
AcuteMedicalUnit20201_MedicalServices_AdditionalClinicalServices_Acute/GeneralMedicineDEPT,01/06/2023,0,1,
AcuteMedicalUnit20201_MedicalServices_AdditionalClinicalServices_Acute/GeneralMedicineDEPT,01/07/2023,0,1,
AcuteMedicalUnit20201_MedicalServices_AdditionalClinicalServices_Acute/GeneralMedicineDEPT,01/08/2023,0,1,
AcuteMedicalUnit20201_MedicalServices_AdditionalClinicalServices_Acute/GeneralMedicineDEPT,01/11/2023,0,2,
AcuteMedicalUnit20201_MedicalServices_AdditionalClinicalServices_Acute/GeneralMedicineDEPT,01/01/2024,0,3,
AcuteMedicalUnit20201_MedicalServices_AdditionalClinicalServices_Acute/GeneralMedicineDEPT,01/02/2024,0,1,
AcuteMedicalUnit20201_MedicalServices_AdditionalClinicalServices_Acute/GeneralMedicineDEPT,01/04/2024,1,1,
AcuteMedicalUnit20201_MedicalServices_AdditionalClinicalServices_Acute/GeneralMedicineDEPT,01/05/2024,1,1,
AcuteMedicalUnit20201_MedicalServices_AdditionalClinicalServices_Acute/GeneralMedicineDEPT,01/06/2024,0,1,
AcuteMedicalUnit20201_MedicalServices_AdditionalClinicalServices_Acute/GeneralMedicineDEPT,01/07/2024,1,0,
AcuteMedicalUnit20201_MedicalServices_AdditionalClinicalServices_Acute/GeneralMedicineDEPT,01/09/2024,4,0,
AcuteMedicalUnit20201_MedicalServices_AdditionalClinicalServices_Acute/GeneralMedicineDEPT,01/10/2024,1,1,
AcuteMedicalUnit20201_MedicalServices_AdditionalClinicalServices_Acute/GeneralMedicineDEPT,01/11/2024,1,0,
AcuteMedicalUnit20201_MedicalServices_AdditionalClinicalServices_Acute/GeneralMedicineDEPT,01/12/2024,2,0,
AcuteMedicalUnit20201_MedicalServices_AdditionalClinicalServices_Acute/GeneralMedicineDEPT,01/01/2025,2,2,
AcuteMedicalUnit20201_MedicalServices_AdditionalClinicalServices_Acute/GeneralMedicineDEPT,01/02/2025,0,1,
AcuteMedicalUnit20201_MedicalServices_AdditionalClinicalServices_Acute/GeneralMedicineDEPT,01/03/2025,0,2,
AcuteMedicalUnit20201_MedicalServices_AdditionalClinicalServices_Acute/GeneralMedicineDEPT,01/04/2025,0,1,
AcuteMedicalUnit20201_MedicalServices_AdministrativeandClerical_Acute/GeneralMedicineDEPT,01/09/2021,0,1,
AcuteMedicalUnit20201_MedicalServices_AdministrativeandClerical_Acute/GeneralMedicineDEPT,01/12/2021,0,1,
AcuteMedicalUnit20201_MedicalServices_AdministrativeandClerical_Acute/GeneralMedicineDEPT,01/01/2022,0,1,
AcuteMedicalUnit20201_MedicalServices_AdministrativeandClerical_Acute/GeneralMedicineDEPT,01/02/2022,0,1,
AcuteMedicalUnit20201_MedicalServices_AdministrativeandClerical_Acute/GeneralMedicineDEPT,01/08/2022,0,1,
AcuteMedicalUnit20201_MedicalServices_AdministrativeandClerical_Acute/GeneralMedicineDEPT,01/10/2022,0,1,
AcuteMedicalUnit20201_MedicalServices_AdministrativeandClerical_Acute/GeneralMedicineDEPT,01/11/2022,0,1,
AcuteMedicalUnit20201_MedicalServices_AdministrativeandClerical_Acute/GeneralMedicineDEPT,01/02/2023,0,1,
AcuteMedicalUnit20201_MedicalServices_AdministrativeandClerical_Acute/GeneralMedicineDEPT,01/09/2023,0,1,
AcuteMedicalUnit20201_MedicalServices_EstatesandAncillary_Acute/GeneralMedicineDEPT,01/04/2024,0,1,
AcuteMedicalUnit20201_MedicalServices_EstatesandAncillary_Acute/GeneralMedicineDEPT,01/12/2024,1,0,
AcuteMedicalUnit20201_MedicalServices_EstatesandAncillary_Acute/GeneralMedicineDEPT,01/04/2025,0,1,
AcuteMedicalUnit20201_MedicalServices_NursingandMidwiferyRegistered_Acute/GeneralMedicineDEPT,01/12/2021,0,1,
AcuteMedicalUnit20201_MedicalServices_NursingandMidwiferyRegistered_Acute/GeneralMedicineDEPT,01/09/2022,0,1,
AcuteMedicalUnit20201_MedicalServices_NursingandMidwiferyRegistered_Acute/GeneralMedicineDEPT,01/08/2023,0,1,
AcuteMedicalUnit20201_MedicalServices_NursingandMidwiferyRegistered_Acute/GeneralMedicineDEPT,01/09/2023,0,3,
AcuteMedicalUnit20201_MedicalServices_NursingandMidwiferyRegistered_Acute/GeneralMedicineDEPT,01/12/2023,0,1,
AcuteMedicalUnit20201_MedicalServices_NursingandMidwiferyRegistered_Acute/GeneralMedicineDEPT,01/04/2024,0,1,
AcuteMedicalUnit20201_MedicalServices_NursingandMidwiferyRegistered_Acute/GeneralMedicineDEPT,01/09/2024,1,1,
AcuteMedicalUnit20201_MedicalServices_NursingandMidwiferyRegistered_Acute/GeneralMedicineDEPT,01/12/2024,1,0,
AcutePhysMedicalStaff76208_MedicalServices_MedicalandDental_Acute/GeneralMedicineDEPT,01/08/2021,0,1,
AcutePhysMedicalStaff76208_MedicalServices_MedicalandDental_Acute/GeneralMedicineDEPT,01/08/2022,0,1,
AcutePhysMedicalStaff76208_MedicalServices_MedicalandDental_Acute/GeneralMedicineDEPT,01/07/2023,0,1,
AcutePhysMedicalStaff76208_MedicalServices_MedicalandDental_Acute/GeneralMedicineDEPT,01/09/2023,0,1,
AcutePhysMedicalStaff76208_MedicalServices_MedicalandDental_Acute/GeneralMedicineDEPT,01/10/2023,0,1,
AcutePhysMedicalStaff76208_MedicalServices_MedicalandDental_Acute/GeneralMedicineDEPT,01/07/2024,0,3,
AcutePhysMedicalStaff76208_MedicalServices_MedicalandDental_Acute/GeneralMedicineDEPT,01/12/2024,0,1,
AcutePhysMedicalStaff76208_MedicalServices_MedicalandDental_Acute/GeneralMedicineDEPT,01/01/2025,0,2,
AcutePhysMedicalStaff76208_MedicalServices_MedicalandDental_Acute/GeneralMedicineDEPT,01/02/2025,0,2,
AcuteSurgerySecretaries10001_SurgicalServices_AdministrativeandClerical_AcuteSurgery,01/02/2022,0,1,
AcuteSurgerySecretaries10001_SurgicalServices_AdministrativeandClerical_AcuteSurgery,01/03/2022,0,1,
AcuteSurgerySecretaries10001_SurgicalServices_AdministrativeandClerical_AcuteSurgery,01/06/2022,0,1,
AcuteSurgerySecretaries10001_SurgicalServices_AdministrativeandClerical_AcuteSurgery,01/07/2022,0,3,
AcuteSurgerySecretaries10001_SurgicalServices_AdministrativeandClerical_AcuteSurgery,01/09/2022,0,1,
AcuteSurgerySecretaries10001_SurgicalServices_AdministrativeandClerical_AcuteSurgery,01/10/2022,0,1,
AcuteSurgerySecretaries10001_SurgicalServices_AdministrativeandClerical_AcuteSurgery,01/03/2023,0,1,
AcuteSurgerySecretaries10001_SurgicalServices_AdministrativeandClerical_AcuteSurgery,01/04/2023,0,1,
AcuteSurgerySecretaries10001_SurgicalServices_AdministrativeandClerical_AcuteSurgery,01/05/2023,0,1,
AcuteSurgerySecretaries10001_SurgicalServices_AdministrativeandClerical_AcuteSurgery,01/06/2023,0,1,
AcuteSurgerySecretaries10001_SurgicalServices_AdministrativeandClerical_AcuteSurgery,01/08/2023,0,1,
AcuteSurgerySecretaries10001_SurgicalServices_AdministrativeandClerical_AcuteSurgery,01/10/2023,0,1,
AcuteSurgerySecretaries10001_SurgicalServices_AdministrativeandClerical_AcuteSurgery,01/01/2024,0,1,
AcuteSurgerySecretaries10001_SurgicalServices_AdministrativeandClerical_AcuteSurgery,01/02/2024,0,1,
AcuteSurgerySecretaries10001_SurgicalServices_AdministrativeandClerical_AcuteSurgery,01/05/2024,1,0,
AcuteSurgerySecretaries10001_SurgicalServices_AdministrativeandClerical_AcuteSurgery,01/09/2024,1,0,
AcuteSurgerySecretaries10001_SurgicalServices_AdministrativeandClerical_AcuteSurgery,01/10/2024,1,1,
AcuteSurgerySecretaries10001_SurgicalServices_AdministrativeandClerical_AcuteSurgery,01/12/2024,1,0,
AcuteSurgerySecretaries10001_SurgicalServices_AdministrativeandClerical_AcuteSurgery,01/03/2025,0,1,
AcuteSurgerySecretaries10001_SurgicalServices_AdministrativeandClerical_AcuteSurgery,01/04/2025,0,1,
Admin&ClericalBank75449_CorporateSupportServices_AdministrativeandClerical_TrustwideSchemes,01/11/2021,0,1,
Admin&ClericalBank75449_CorporateSupportServices_AdministrativeandClerical_TrustwideSchemes,01/02/2022,0,1,
Admin&ClericalBank75449_CorporateSupportServices_AdministrativeandClerical_TrustwideSchemes,01/03/2022,0,2,
Admin&ClericalBank75449_CorporateSupportServices_AdministrativeandClerical_TrustwideSchemes,01/04/2022,0,2,
Admin&ClericalBank75449_CorporateSupportServices_AdministrativeandClerical_TrustwideSchemes,01/07/2022,0,1,
Admin&ClericalBank75449_CorporateSupportServices_AdministrativeandClerical_TrustwideSchemes,01/05/2023,0,1,
Admin&ClericalBank75449_CorporateSupportServices_AdministrativeandClerical_TrustwideSchemes,01/06/2023,0,1,
Admin&ClericalBank75449_CorporateSupportServices_AdministrativeandClerical_TrustwideSchemes,01/07/2023,0,1,
Admin&ClericalBank75449_CorporateSupportServices_AdministrativeandClerical_TrustwideSchemes,01/05/2024,1,0,
Admin&ClericalBank75449_CorporateSupportServices_AdministrativeandClerical_TrustwideSchemes,01/10/2024,1,0,
Admin&ClericalBank75449_CorporateSupportServices_AdministrativeandClerical_TrustwideSchemes,01/12/2024,1,0,
Admin&ClericalBank75449_CorporateSupportServices_AdministrativeandClerical_TrustwideSchemes,01/04/2025,1,1,
Admin-CancerServices00006_OperationalManagement_AdministrativeandClerical_Admin-CancerServices,01/05/2021,0,1,
Admin-CancerServices00006_OperationalManagement_AdministrativeandClerical_Admin-CancerServices,01/06/2021,0,1,
Admin-CancerServices00006_OperationalManagement_AdministrativeandClerical_Admin-CancerServices,01/08/2022,0,1,
Admin-CancerServices00006_OperationalManagement_AdministrativeandClerical_Admin-CancerServices,01/05/2023,0,1,
Admin-CancerServices00006_OperationalManagement_AdministrativeandClerical_Admin-CancerServices,01/07/2023,0,1,
Admin-CancerServices00006_OperationalManagement_AdministrativeandClerical_Admin-CancerServices,01/10/2023,0,2,
Admin-CancerServices00006_OperationalManagement_AdministrativeandClerical_Admin-CancerServices,01/01/2024,0,1,
Admin-CancerServices00006_OperationalManagement_AdministrativeandClerical_Admin-CancerServices,01/04/2024,2,0,
Admin-CancerServices00006_OperationalManagement_AdministrativeandClerical_Admin-CancerServices,01/06/2024,1,0,
Admin-CancerServices00006_OperationalManagement_AdministrativeandClerical_Admin-CancerServices,01/08/2024,1,0,
Admin-CancerServices00006_OperationalManagement_AdministrativeandClerical_Admin-CancerServices,01/09/2024,0,2,
Admin-CancerServices00006_OperationalManagement_AdministrativeandClerical_Admin-CancerServices,01/10/2024,0,1,
Admin-CancerServices00006_OperationalManagement_AdministrativeandClerical_Admin-CancerServices,01/01/2025,2,0,
Admin-CancerServices00006_OperationalManagement_AdministrativeandClerical_Admin-CancerServices,01/04/2025,0,1,
Admissions17018_SurgicalServices_AdministrativeandClerical_Outpatients,01/06/2021,0,1,
Admissions17018_SurgicalServices_AdministrativeandClerical_Outpatients,01/12/2021,0,2,
Admissions17018_SurgicalServices_AdministrativeandClerical_Outpatients,01/04/2022,0,1,
Admissions17018_SurgicalServices_AdministrativeandClerical_Outpatients,01/06/2022,0,1,
Admissions17018_SurgicalServices_AdministrativeandClerical_Outpatients,01/07/2022,0,2,
Admissions17018_SurgicalServices_AdministrativeandClerical_Outpatients,01/08/2022,0,1,
Admissions17018_SurgicalServices_AdministrativeandClerical_Outpatients,01/12/2022,0,1,
Admissions17018_SurgicalServices_AdministrativeandClerical_Outpatients,01/01/2023,0,1,
Admissions17018_SurgicalServices_AdministrativeandClerical_Outpatients,01/05/2023,0,2,
Admissions17018_SurgicalServices_AdministrativeandClerical_Outpatients,01/06/2023,0,1,
Admissions17018_SurgicalServices_AdministrativeandClerical_Outpatients,01/09/2023,0,5,
Admissions17018_SurgicalServices_AdministrativeandClerical_Outpatients,01/10/2023,0,1,
Admissions17018_SurgicalServices_AdministrativeandClerical_Outpatients,01/11/2023,0,1,
Admissions17018_SurgicalServices_AdministrativeandClerical_Outpatients,01/01/2024,0,1,
Admissions17018_SurgicalServices_AdministrativeandClerical_Outpatients,01/09/2024,0,1,
Admissions17018_SurgicalServices_AdministrativeandClerical_Outpatients,01/12/2024,1,1,
Admissions17018_SurgicalServices_AdministrativeandClerical_Outpatients,01/02/2025,1,2,
Admissions17018_SurgicalServices_AdministrativeandClerical_Outpatients,01/04/2025,0,1,
AdultPsychologicalTherapiesServiceBridgwater51131_MentalHealthandLearningDisabilities_AddProfScientificandTechnic_CMHSWest,01/04/2022,0,1,
AdultPsychologicalTherapiesServiceBridgwater51131_MentalHealthandLearningDisabilities_AddProfScientificandTechnic_CMHSWest,01/06/2022,0,1,
AdultPsychologicalTherapiesServiceBridgwater51131_MentalHealthandLearningDisabilities_AddProfScientificandTechnic_CMHSWest,01/08/2023,0,1,
AdultPsychologicalTherapiesServiceBridgwater51131_MentalHealthandLearningDisabilities_AlliedHealthProfessionals_CMHSWest,01/02/2022,0,1,
AdultPsychologicalTherapiesServiceTaunton51130_MentalHealthandLearningDisabilities_AlliedHealthProfessionals_CMHSWest,01/09/2022,0,1,
AdultPsychologicalTherapiesServiceTaunton51130_MentalHealthandLearningDisabilities_AlliedHealthProfessionals_CMHSWest,01/06/2023,0,1,
AdultPsychologicalTherapiesServiceTaunton51130_MentalHealthandLearningDisabilities_NursingandMidwiferyRegistered_CMHSWest,01/12/2024,1,0,
AdultPsychologicalTherapiesServiceTaunton51130_MentalHealthandLearningDisabilities_NursingandMidwiferyRegistered_CMHSWest,01/03/2025,0,1,
AdultSpeechandLanguageTherapy38600_ClinicalSupportandCancerServices_AdditionalClinicalServices_TherapiesDEPT,01/07/2021,0,1,
AdultSpeechandLanguageTherapy38600_ClinicalSupportandCancerServices_AdditionalClinicalServices_TherapiesDEPT,01/08/2021,0,1,
AdultSpeechandLanguageTherapy38600_ClinicalSupportandCancerServices_AdditionalClinicalServices_TherapiesDEPT,01/09/2021,0,1,
AdultSpeechandLanguageTherapy38600_ClinicalSupportandCancerServices_AdditionalClinicalServices_TherapiesDEPT,01/10/2021,0,2,
AdultSpeechandLanguageTherapy38600_ClinicalSupportandCancerServices_AdditionalClinicalServices_TherapiesDEPT,01/12/2021,0,1,
AdultSpeechandLanguageTherapy38600_ClinicalSupportandCancerServices_AdditionalClinicalServices_TherapiesDEPT,01/01/2023,0,1,
AdultSpeechandLanguageTherapy38600_ClinicalSupportandCancerServices_AdditionalClinicalServices_TherapiesDEPT,01/02/2023,0,1,
AdultSpeechandLanguageTherapy38600_ClinicalSupportandCancerServices_AdditionalClinicalServices_TherapiesDEPT,01/01/2024,0,2,
AdultSpeechandLanguageTherapy38600_ClinicalSupportandCancerServices_AdditionalClinicalServices_TherapiesDEPT,01/07/2024,0,1,
AdultSpeechandLanguageTherapy38600_ClinicalSupportandCancerServices_AdditionalClinicalServices_TherapiesDEPT,01/12/2024,0,1,
AdultSpeechandLanguageTherapy38600_ClinicalSupportandCancerServices_AdministrativeandClerical_TherapiesDEPT,01/08/2021,0,1,
AdultSpeechandLanguageTherapy38600_ClinicalSupportandCancerServices_AdministrativeandClerical_TherapiesDEPT,01/05/2022,0,1,
AdultSpeechandLanguageTherapy38600_ClinicalSupportandCancerServices_AlliedHealthProfessionals_TherapiesDEPT,01/09/2021,0,1,
AdultSpeechandLanguageTherapy38600_ClinicalSupportandCancerServices_AlliedHealthProfessionals_TherapiesDEPT,01/11/2021,0,1,
AdultSpeechandLanguageTherapy38600_ClinicalSupportandCancerServices_AlliedHealthProfessionals_TherapiesDEPT,01/01/2022,0,1,
AdultSpeechandLanguageTherapy38600_ClinicalSupportandCancerServices_AlliedHealthProfessionals_TherapiesDEPT,01/02/2022,0,1,
AdultSpeechandLanguageTherapy38600_ClinicalSupportandCancerServices_AlliedHealthProfessionals_TherapiesDEPT,01/04/2022,0,1,
AdultSpeechandLanguageTherapy38600_ClinicalSupportandCancerServices_AlliedHealthProfessionals_TherapiesDEPT,01/09/2022,0,1,
AdultSpeechandLanguageTherapy38600_ClinicalSupportandCancerServices_AlliedHealthProfessionals_TherapiesDEPT,01/11/2022,0,1,
AdultSpeechandLanguageTherapy38600_ClinicalSupportandCancerServices_AlliedHealthProfessionals_TherapiesDEPT,01/07/2023,0,1,
AdultSpeechandLanguageTherapy38600_ClinicalSupportandCancerServices_AlliedHealthProfessionals_TherapiesDEPT,01/08/2023,0,1,
AdultSpeechandLanguageTherapy38600_ClinicalSupportandCancerServices_AlliedHealthProfessionals_TherapiesDEPT,01/02/2024,0,2,
AdultSpeechandLanguageTherapy38600_ClinicalSupportandCancerServices_AlliedHealthProfessionals_TherapiesDEPT,01/04/2024,0,2,
AdultSpeechandLanguageTherapy38600_ClinicalSupportandCancerServices_AlliedHealthProfessionals_TherapiesDEPT,01/05/2024,2,0,
AdultSpeechandLanguageTherapy38600_ClinicalSupportandCancerServices_AlliedHealthProfessionals_TherapiesDEPT,01/06/2024,1,1,
AdultSpeechandLanguageTherapy38600_ClinicalSupportandCancerServices_AlliedHealthProfessionals_TherapiesDEPT,01/09/2024,1,1,
AdultSpeechandLanguageTherapy38600_ClinicalSupportandCancerServices_AlliedHealthProfessionals_TherapiesDEPT,01/10/2024,0,2,
AdultSpeechandLanguageTherapy38600_ClinicalSupportandCancerServices_AlliedHealthProfessionals_TherapiesDEPT,01/11/2024,0,1,
AdultSpeechandLanguageTherapy38600_ClinicalSupportandCancerServices_AlliedHealthProfessionals_TherapiesDEPT,01/12/2024,3,2,
AdultSpeechandLanguageTherapy38600_ClinicalSupportandCancerServices_AlliedHealthProfessionals_TherapiesDEPT,01/02/2025,0,1,
AdultSpeechandLanguageTherapy38600_ClinicalSupportandCancerServices_AlliedHealthProfessionals_TherapiesDEPT,01/03/2025,0,1,
AnaestheticMedicalStaffYDH75820_SurgicalServices_MedicalandDental_Anaesthetics,01/05/2021,0,1,
AnaestheticMedicalStaffYDH75820_SurgicalServices_MedicalandDental_Anaesthetics,01/06/2021,0,1,
AnaestheticMedicalStaffYDH75820_SurgicalServices_MedicalandDental_Anaesthetics,01/07/2021,0,1,
AnaestheticMedicalStaffYDH75820_SurgicalServices_MedicalandDental_Anaesthetics,01/08/2021,0,7,
AnaestheticMedicalStaffYDH75820_SurgicalServices_MedicalandDental_Anaesthetics,01/09/2021,0,3,
AnaestheticMedicalStaffYDH75820_SurgicalServices_MedicalandDental_Anaesthetics,01/10/2021,0,1,
AnaestheticMedicalStaffYDH75820_SurgicalServices_MedicalandDental_Anaesthetics,01/11/2021,0,1,
AnaestheticMedicalStaffYDH75820_SurgicalServices_MedicalandDental_Anaesthetics,01/12/2021,0,3,
AnaestheticMedicalStaffYDH75820_SurgicalServices_MedicalandDental_Anaesthetics,01/01/2022,0,3,
AnaestheticMedicalStaffYDH75820_SurgicalServices_MedicalandDental_Anaesthetics,01/02/2022,0,4,
AnaestheticMedicalStaffYDH75820_SurgicalServices_MedicalandDental_Anaesthetics,01/04/2022,0,1,
AnaestheticMedicalStaffYDH75820_SurgicalServices_MedicalandDental_Anaesthetics,01/07/2022,0,1,
AnaestheticMedicalStaffYDH75820_SurgicalServices_MedicalandDental_Anaesthetics,01/08/2022,0,8,
AnaestheticMedicalStaffYDH75820_SurgicalServices_MedicalandDental_Anaesthetics,01/09/2022,0,1,
AnaestheticMedicalStaffYDH75820_SurgicalServices_MedicalandDental_Anaesthetics,01/10/2022,0,1,
AnaestheticMedicalStaffYDH75820_SurgicalServices_MedicalandDental_Anaesthetics,01/11/2022,0,3,
AnaestheticMedicalStaffYDH75820_SurgicalServices_MedicalandDental_Anaesthetics,01/02/2023,0,3,
AnaestheticMedicalStaffYDH75820_SurgicalServices_MedicalandDental_Anaesthetics,01/03/2023,0,1,
AnaestheticMedicalStaffYDH75820_SurgicalServices_MedicalandDental_Anaesthetics,01/04/2023,0,1,
AnaestheticMedicalStaffYDH75820_SurgicalServices_MedicalandDental_Anaesthetics,01/06/2023,0,2,
AnaestheticMedicalStaffYDH75820_SurgicalServices_MedicalandDental_Anaesthetics,01/07/2023,0,2,
AnaestheticMedicalStaffYDH75820_SurgicalServices_MedicalandDental_Anaesthetics,01/08/2023,0,9,
AnaestheticMedicalStaffYDH75820_SurgicalServices_MedicalandDental_Anaesthetics,01/09/2023,0,1,
AnaestheticMedicalStaffYDH75820_SurgicalServices_MedicalandDental_Anaesthetics,01/10/2023,0,1,
AnaestheticMedicalStaffYDH75820_SurgicalServices_MedicalandDental_Anaesthetics,01/11/2023,0,1,
AnaestheticMedicalStaffYDH75820_SurgicalServices_MedicalandDental_Anaesthetics,01/02/2024,0,5,
AnaestheticMedicalStaffYDH75820_SurgicalServices_MedicalandDental_Anaesthetics,01/03/2024,0,1,
AnaestheticMedicalStaffYDH75820_SurgicalServices_MedicalandDental_Anaesthetics,01/04/2024,0,2,
AnaestheticMedicalStaffYDH75820_SurgicalServices_MedicalandDental_Anaesthetics,01/05/2024,2,0,
AnaestheticMedicalStaffYDH75820_SurgicalServices_MedicalandDental_Anaesthetics,01/06/2024,0,1,
AnaestheticMedicalStaffYDH75820_SurgicalServices_MedicalandDental_Anaesthetics,01/07/2024,1,0,
AnaestheticMedicalStaffYDH75820_SurgicalServices_MedicalandDental_Anaesthetics,01/08/2024,1,6,
AnaestheticMedicalStaffYDH75820_SurgicalServices_MedicalandDental_Anaesthetics,01/09/2024,3,0,
AnaestheticMedicalStaffYDH75820_SurgicalServices_MedicalandDental_Anaesthetics,01/10/2024,0,3,
AnaestheticMedicalStaffYDH75820_SurgicalServices_MedicalandDental_Anaesthetics,01/11/2024,0,1,
AnaestheticMedicalStaffYDH75820_SurgicalServices_MedicalandDental_Anaesthetics,01/01/2025,0,2,
AnaestheticMedicalStaffYDH75820_SurgicalServices_MedicalandDental_Anaesthetics,01/02/2025,0,4,
AnaestheticMedicalStaffYDH75820_SurgicalServices_MedicalandDental_Anaesthetics,01/04/2025,1,0,
AnaestheticsMedStaffMPH17002_SurgicalServices_AdministrativeandClerical_Anaesthetics,01/03/2025,1,0,
AnaestheticsMedStaffMPH17002_SurgicalServices_MedicalandDental_Anaesthetics,01/05/2021,0,1,
AnaestheticsMedStaffMPH17002_SurgicalServices_MedicalandDental_Anaesthetics,01/06/2021,0,1,
AnaestheticsMedStaffMPH17002_SurgicalServices_MedicalandDental_Anaesthetics,01/07/2021,0,1,
AnaestheticsMedStaffMPH17002_SurgicalServices_MedicalandDental_Anaesthetics,01/08/2021,0,15,
AnaestheticsMedStaffMPH17002_SurgicalServices_MedicalandDental_Anaesthetics,01/02/2022,0,5,
AnaestheticsMedStaffMPH17002_SurgicalServices_MedicalandDental_Anaesthetics,01/05/2022,0,1,
AnaestheticsMedStaffMPH17002_SurgicalServices_MedicalandDental_Anaesthetics,01/06/2022,0,1,
AnaestheticsMedStaffMPH17002_SurgicalServices_MedicalandDental_Anaesthetics,01/07/2022,0,1,
AnaestheticsMedStaffMPH17002_SurgicalServices_MedicalandDental_Anaesthetics,01/08/2022,0,11,
AnaestheticsMedStaffMPH17002_SurgicalServices_MedicalandDental_Anaesthetics,01/09/2022,0,1,
AnaestheticsMedStaffMPH17002_SurgicalServices_MedicalandDental_Anaesthetics,01/11/2022,0,1,
AnaestheticsMedStaffMPH17002_SurgicalServices_MedicalandDental_Anaesthetics,01/02/2023,0,6,
AnaestheticsMedStaffMPH17002_SurgicalServices_MedicalandDental_Anaesthetics,01/03/2023,0,1,
AnaestheticsMedStaffMPH17002_SurgicalServices_MedicalandDental_Anaesthetics,01/07/2023,0,2,
AnaestheticsMedStaffMPH17002_SurgicalServices_MedicalandDental_Anaesthetics,01/08/2023,0,13,
AnaestheticsMedStaffMPH17002_SurgicalServices_MedicalandDental_Anaesthetics,01/09/2023,0,1,
AnaestheticsMedStaffMPH17002_SurgicalServices_MedicalandDental_Anaesthetics,01/10/2023,0,1,
AnaestheticsMedStaffMPH17002_SurgicalServices_MedicalandDental_Anaesthetics,01/11/2023,0,1,
AnaestheticsMedStaffMPH17002_SurgicalServices_MedicalandDental_Anaesthetics,01/02/2024,0,6,
AnaestheticsMedStaffMPH17002_SurgicalServices_MedicalandDental_Anaesthetics,01/04/2024,1,2,
AnaestheticsMedStaffMPH17002_SurgicalServices_MedicalandDental_Anaesthetics,01/06/2024,0,3,
AnaestheticsMedStaffMPH17002_SurgicalServices_MedicalandDental_Anaesthetics,01/07/2024,0,2,
AnaestheticsMedStaffMPH17002_SurgicalServices_MedicalandDental_Anaesthetics,01/08/2024,0,19,
AnaestheticsMedStaffMPH17002_SurgicalServices_MedicalandDental_Anaesthetics,01/09/2024,0,1,
AnaestheticsMedStaffMPH17002_SurgicalServices_MedicalandDental_Anaesthetics,01/10/2024,0,1,
AnaestheticsMedStaffMPH17002_SurgicalServices_MedicalandDental_Anaesthetics,01/12/2024,1,2,
AnaestheticsMedStaffMPH17002_SurgicalServices_MedicalandDental_Anaesthetics,01/01/2025,0,1,
AnaestheticsMedStaffMPH17002_SurgicalServices_MedicalandDental_Anaesthetics,01/02/2025,1,5,
AnaestheticsMedStaffMPH17002_SurgicalServices_MedicalandDental_Anaesthetics,01/03/2025,1,0,
AnaestheticsMedStaffMPH17002_SurgicalServices_MedicalandDental_Anaesthetics,01/04/2025,1,1,
AntenatalClinicMPH45050_CYP&FamiliesServices_AdministrativeandClerical_MaternityDEPT,01/05/2022,0,1,
AntenatalClinicMPH45050_CYP&FamiliesServices_NursingandMidwiferyRegistered_MaternityDEPT,01/09/2023,0,1,
AntenatalClinicMPH45050_CYP&FamiliesServices_NursingandMidwiferyRegistered_MaternityDEPT,01/02/2025,1,1,
AntenatalYDH75740_CYP&FamiliesServices_AdditionalClinicalServices_MaternityDEPT,01/10/2024,1,0,
AntenatalYDH75740_CYP&FamiliesServices_AdditionalClinicalServices_MaternityDEPT,01/11/2024,0,1,
AntenatalYDH75740_CYP&FamiliesServices_AdditionalClinicalServices_MaternityDEPT,01/01/2025,1,0,
AntenatalYDH75740_CYP&FamiliesServices_NursingandMidwiferyRegistered_MaternityDEPT,01/07/2024,1,0,
ApptsMendip51230_MentalHealthandLearningDisabilities_AddProfScientificandTechnic_CMHSEast,01/09/2021,0,1,
ApptsMendip51230_MentalHealthandLearningDisabilities_AddProfScientificandTechnic_CMHSEast,01/01/2022,0,1,
ApptsMendip51230_MentalHealthandLearningDisabilities_AddProfScientificandTechnic_CMHSEast,01/08/2024,0,1,
ApptsMendip51230_MentalHealthandLearningDisabilities_AdministrativeandClerical_CMHSEast,01/06/2021,0,1,
ApptsMendip51230_MentalHealthandLearningDisabilities_AdministrativeandClerical_CMHSEast,01/10/2022,0,1,
ApptsMendip51230_MentalHealthandLearningDisabilities_AlliedHealthProfessionals_CMHSEast,01/06/2024,0,1,
ArtForLife00125_CorporateSupportServices_AdministrativeandClerical_StrategicProjects,01/04/2022,0,1,
AshWardTeam50160_MentalHealthandLearningDisabilities_AdditionalClinicalServices_UrgentCare&ForensicServs,01/10/2021,0,1,
AshWardTeam50160_MentalHealthandLearningDisabilities_AdditionalClinicalServices_UrgentCare&ForensicServs,01/01/2022,0,2,
AshWardTeam50160_MentalHealthandLearningDisabilities_AdditionalClinicalServices_UrgentCare&ForensicServs,01/11/2022,0,1,
AshWardTeam50160_MentalHealthandLearningDisabilities_AdditionalClinicalServices_UrgentCare&ForensicServs,01/01/2023,0,1,
AshWardTeam50160_MentalHealthandLearningDisabilities_AdditionalClinicalServices_UrgentCare&ForensicServs,01/01/2024,0,1,
AshWardTeam50160_MentalHealthandLearningDisabilities_AdditionalClinicalServices_UrgentCare&ForensicServs,01/04/2024,0,1,
AshWardTeam50160_MentalHealthandLearningDisabilities_AdditionalClinicalServices_UrgentCare&ForensicServs,01/05/2024,0,1,
AshWardTeam50160_MentalHealthandLearningDisabilities_AdditionalClinicalServices_UrgentCare&ForensicServs,01/09/2024,1,0,
AshWardTeam50160_MentalHealthandLearningDisabilities_AdditionalClinicalServices_UrgentCare&ForensicServs,01/10/2024,1,0,
AshWardTeam50160_MentalHealthandLearningDisabilities_AdministrativeandClerical_UrgentCare&ForensicServs,01/10/2021,0,1,
AshWardTeam50160_MentalHealthandLearningDisabilities_NursingandMidwiferyRegistered_UrgentCare&ForensicServs,01/05/2021,0,1,
AshWardTeam50160_MentalHealthandLearningDisabilities_NursingandMidwiferyRegistered_UrgentCare&ForensicServs,01/09/2022,0,1,
AshWardTeam50160_MentalHealthandLearningDisabilities_NursingandMidwiferyRegistered_UrgentCare&ForensicServs,01/11/2024,1,0,
AshWardTeam50160_MentalHealthandLearningDisabilities_NursingandMidwiferyRegistered_UrgentCare&ForensicServs,01/12/2024,1,1,
AshWardTeam50160_MentalHealthandLearningDisabilities_NursingandMidwiferyRegistered_UrgentCare&ForensicServs,01/04/2025,1,1,
Audiology12011_SurgicalServices_AdditionalClinicalServices_Head&Neck,01/01/2022,0,2,
Audiology12011_SurgicalServices_AdditionalClinicalServices_Head&Neck,01/07/2023,0,1,
Audiology12011_SurgicalServices_AdditionalClinicalServices_Head&Neck,01/09/2023,0,1,
Audiology12011_SurgicalServices_AdditionalClinicalServices_Head&Neck,01/11/2023,0,1,
Audiology12011_SurgicalServices_AdditionalClinicalServices_Head&Neck,01/05/2024,1,0,
Audiology12011_SurgicalServices_AdditionalClinicalServices_Head&Neck,01/10/2024,0,2,
Audiology12011_SurgicalServices_AdministrativeandClerical_Head&Neck,01/11/2021,0,1,
Audiology12011_SurgicalServices_AdministrativeandClerical_Head&Neck,01/01/2023,0,1,
Audiology12011_SurgicalServices_AdministrativeandClerical_Head&Neck,01/10/2023,0,1,
Audiology12011_SurgicalServices_AdministrativeandClerical_Head&Neck,01/11/2023,0,1,
Audiology12011_SurgicalServices_AdministrativeandClerical_Head&Neck,01/01/2025,0,1,
Audiology12011_SurgicalServices_HealthcareScientists_Head&Neck,01/11/2021,0,1,
Audiology12011_SurgicalServices_HealthcareScientists_Head&Neck,01/04/2022,0,1,
Audiology12011_SurgicalServices_HealthcareScientists_Head&Neck,01/06/2022,0,1,
Audiology12011_SurgicalServices_HealthcareScientists_Head&Neck,01/08/2022,0,1,
Audiology12011_SurgicalServices_HealthcareScientists_Head&Neck,01/11/2022,0,1,
Audiology12011_SurgicalServices_HealthcareScientists_Head&Neck,01/09/2023,0,1,
Audiology12011_SurgicalServices_HealthcareScientists_Head&Neck,01/10/2023,0,3,
Audiology12011_SurgicalServices_HealthcareScientists_Head&Neck,01/11/2023,0,1,
Audiology12011_SurgicalServices_HealthcareScientists_Head&Neck,01/06/2024,0,1,
Audiology12011_SurgicalServices_HealthcareScientists_Head&Neck,01/07/2024,0,1,
Audiology12011_SurgicalServices_HealthcareScientists_Head&Neck,01/08/2024,0,1,
Audiology12011_SurgicalServices_HealthcareScientists_Head&Neck,01/03/2025,1,0,
Audiology12011_SurgicalServices_HealthcareScientists_Head&Neck,01/04/2025,0,1,
AudiologyYDH75855_SurgicalServices_AdministrativeandClerical_Head&Neck,01/01/2023,0,1,
AudiologyYDH75855_SurgicalServices_AdministrativeandClerical_Head&Neck,01/08/2023,0,1,
AudiologyYDH75855_SurgicalServices_HealthcareScientists_Head&Neck,01/01/2025,0,1,
AutismService55300_MentalHealthandLearningDisabilities_AddProfScientificandTechnic_AutismService,01/05/2022,0,1,
AutismService55300_MentalHealthandLearningDisabilities_AdditionalClinicalServices_AutismService,01/04/2023,0,2,
AutismService55300_MentalHealthandLearningDisabilities_AlliedHealthProfessionals_AutismService,01/02/2024,0,1,
AutismService55300_MentalHealthandLearningDisabilities_AlliedHealthProfessionals_AutismService,01/11/2024,2,0,
AutismService55300_MentalHealthandLearningDisabilities_AlliedHealthProfessionals_AutismService,01/02/2025,0,1,
Bank(Acute)02002_CorporateSupportServices_AddProfScientificandTechnic_TrustwideSchemes,01/05/2021,0,1,
Bank(Acute)02002_CorporateSupportServices_AddProfScientificandTechnic_TrustwideSchemes,01/07/2021,0,2,
Bank(Acute)02002_CorporateSupportServices_AddProfScientificandTechnic_TrustwideSchemes,01/08/2021,0,1,
Bank(Acute)02002_CorporateSupportServices_AddProfScientificandTechnic_TrustwideSchemes,01/09/2021,0,3,
Bank(Acute)02002_CorporateSupportServices_AddProfScientificandTechnic_TrustwideSchemes,01/11/2021,0,1,
Bank(Acute)02002_CorporateSupportServices_AddProfScientificandTechnic_TrustwideSchemes,01/01/2022,0,3,
Bank(Acute)02002_CorporateSupportServices_AddProfScientificandTechnic_TrustwideSchemes,01/06/2022,0,1,
Bank(Acute)02002_CorporateSupportServices_AddProfScientificandTechnic_TrustwideSchemes,01/10/2022,0,3,
Bank(Acute)02002_CorporateSupportServices_AddProfScientificandTechnic_TrustwideSchemes,01/02/2023,0,1,
Bank(Acute)02002_CorporateSupportServices_AddProfScientificandTechnic_TrustwideSchemes,01/09/2023,0,1,
Bank(Acute)02002_CorporateSupportServices_AddProfScientificandTechnic_TrustwideSchemes,01/10/2023,0,1,
Bank(Acute)02002_CorporateSupportServices_AddProfScientificandTechnic_TrustwideSchemes,01/04/2024,0,1,
Bank(Acute)02002_CorporateSupportServices_AddProfScientificandTechnic_TrustwideSchemes,01/07/2024,2,0,
Bank(Acute)02002_CorporateSupportServices_AddProfScientificandTechnic_TrustwideSchemes,01/08/2024,1,0,
Bank(Acute)02002_CorporateSupportServices_AddProfScientificandTechnic_TrustwideSchemes,01/10/2024,0,1,
Bank(Acute)02002_CorporateSupportServices_AddProfScientificandTechnic_TrustwideSchemes,01/11/2024,0,1,
Bank(Acute)02002_CorporateSupportServices_AddProfScientificandTechnic_TrustwideSchemes,01/12/2024,1,0,
Bank(Acute)02002_CorporateSupportServices_AdditionalClinicalServices_TrustwideSchemes,01/05/2021,0,9,
Bank(Acute)02002_CorporateSupportServices_AdditionalClinicalServices_TrustwideSchemes,01/06/2021,0,8,
Bank(Acute)02002_CorporateSupportServices_AdditionalClinicalServices_TrustwideSchemes,01/07/2021,0,7,
Bank(Acute)02002_CorporateSupportServices_AdditionalClinicalServices_TrustwideSchemes,01/08/2021,0,6,
Bank(Acute)02002_CorporateSupportServices_AdditionalClinicalServices_TrustwideSchemes,01/09/2021,0,11,
Bank(Acute)02002_CorporateSupportServices_AdditionalClinicalServices_TrustwideSchemes,01/10/2021,0,8,
Bank(Acute)02002_CorporateSupportServices_AdditionalClinicalServices_TrustwideSchemes,01/11/2021,0,15,
Bank(Acute)02002_CorporateSupportServices_AdditionalClinicalServices_TrustwideSchemes,01/12/2021,0,14,
Bank(Acute)02002_CorporateSupportServices_AdditionalClinicalServices_TrustwideSchemes,01/01/2022,0,11,
Bank(Acute)02002_CorporateSupportServices_AdditionalClinicalServices_TrustwideSchemes,01/02/2022,0,7,
Bank(Acute)02002_CorporateSupportServices_AdditionalClinicalServices_TrustwideSchemes,01/03/2022,0,7,
Bank(Acute)02002_CorporateSupportServices_AdditionalClinicalServices_TrustwideSchemes,01/04/2022,0,10,
Bank(Acute)02002_CorporateSupportServices_AdditionalClinicalServices_TrustwideSchemes,01/05/2022,0,12,
Bank(Acute)02002_CorporateSupportServices_AdditionalClinicalServices_TrustwideSchemes,01/06/2022,0,10,
Bank(Acute)02002_CorporateSupportServices_AdditionalClinicalServices_TrustwideSchemes,01/07/2022,0,15,
Bank(Acute)02002_CorporateSupportServices_AdditionalClinicalServices_TrustwideSchemes,01/08/2022,0,8,
Bank(Acute)02002_CorporateSupportServices_AdditionalClinicalServices_TrustwideSchemes,01/09/2022,0,13,
Bank(Acute)02002_CorporateSupportServices_AdditionalClinicalServices_TrustwideSchemes,01/10/2022,0,18,
Bank(Acute)02002_CorporateSupportServices_AdditionalClinicalServices_TrustwideSchemes,01/11/2022,0,9,
Bank(Acute)02002_CorporateSupportServices_AdditionalClinicalServices_TrustwideSchemes,01/12/2022,0,9,
Bank(Acute)02002_CorporateSupportServices_AdditionalClinicalServices_TrustwideSchemes,01/01/2023,0,10,
Bank(Acute)02002_CorporateSupportServices_AdditionalClinicalServices_TrustwideSchemes,01/02/2023,0,8,
Bank(Acute)02002_CorporateSupportServices_AdditionalClinicalServices_TrustwideSchemes,01/03/2023,0,9,
Bank(Acute)02002_CorporateSupportServices_AdditionalClinicalServices_TrustwideSchemes,01/04/2023,0,11,
Bank(Acute)02002_CorporateSupportServices_AdditionalClinicalServices_TrustwideSchemes,01/05/2023,0,7,
Bank(Acute)02002_CorporateSupportServices_AdditionalClinicalServices_TrustwideSchemes,01/06/2023,0,7,
Bank(Acute)02002_CorporateSupportServices_AdditionalClinicalServices_TrustwideSchemes,01/07/2023,0,9,
Bank(Acute)02002_CorporateSupportServices_AdditionalClinicalServices_TrustwideSchemes,01/08/2023,0,11,
Bank(Acute)02002_CorporateSupportServices_AdditionalClinicalServices_TrustwideSchemes,01/09/2023,0,10,
Bank(Acute)02002_CorporateSupportServices_AdditionalClinicalServices_TrustwideSchemes,01/10/2023,0,17,
Bank(Acute)02002_CorporateSupportServices_AdditionalClinicalServices_TrustwideSchemes,01/11/2023,0,15,
Bank(Acute)02002_CorporateSupportServices_AdditionalClinicalServices_TrustwideSchemes,01/12/2023,0,10,
Bank(Acute)02002_CorporateSupportServices_AdditionalClinicalServices_TrustwideSchemes,01/01/2024,0,13,
Bank(Acute)02002_CorporateSupportServices_AdditionalClinicalServices_TrustwideSchemes,01/02/2024,0,6,
Bank(Acute)02002_CorporateSupportServices_AdditionalClinicalServices_TrustwideSchemes,01/03/2024,0,7,
Bank(Acute)02002_CorporateSupportServices_AdditionalClinicalServices_TrustwideSchemes,01/04/2024,8,6,
Bank(Acute)02002_CorporateSupportServices_AdditionalClinicalServices_TrustwideSchemes,01/05/2024,7,5,
Bank(Acute)02002_CorporateSupportServices_AdditionalClinicalServices_TrustwideSchemes,01/06/2024,7,5,
Bank(Acute)02002_CorporateSupportServices_AdditionalClinicalServices_TrustwideSchemes,01/07/2024,12,4,
Bank(Acute)02002_CorporateSupportServices_AdditionalClinicalServices_TrustwideSchemes,01/08/2024,16,7,
Bank(Acute)02002_CorporateSupportServices_AdditionalClinicalServices_TrustwideSchemes,01/09/2024,18,8,
Bank(Acute)02002_CorporateSupportServices_AdditionalClinicalServices_TrustwideSchemes,01/10/2024,14,12,
Bank(Acute)02002_CorporateSupportServices_AdditionalClinicalServices_TrustwideSchemes,01/11/2024,6,6,
Bank(Acute)02002_CorporateSupportServices_AdditionalClinicalServices_TrustwideSchemes,01/12/2024,13,3,
Bank(Acute)02002_CorporateSupportServices_AdditionalClinicalServices_TrustwideSchemes,01/01/2025,8,1,
Bank(Acute)02002_CorporateSupportServices_AdditionalClinicalServices_TrustwideSchemes,01/02/2025,11,3,
Bank(Acute)02002_CorporateSupportServices_AdditionalClinicalServices_TrustwideSchemes,01/03/2025,7,1,
Bank(Acute)02002_CorporateSupportServices_AdditionalClinicalServices_TrustwideSchemes,01/04/2025,12,4,
Bank(Acute)02002_CorporateSupportServices_AdministrativeandClerical_TrustwideSchemes,01/05/2021,0,3,
Bank(Acute)02002_CorporateSupportServices_AdministrativeandClerical_TrustwideSchemes,01/06/2021,0,1,
Bank(Acute)02002_CorporateSupportServices_AdministrativeandClerical_TrustwideSchemes,01/07/2021,0,2,
Bank(Acute)02002_CorporateSupportServices_AdministrativeandClerical_TrustwideSchemes,01/08/2021,0,4,
Bank(Acute)02002_CorporateSupportServices_AdministrativeandClerical_TrustwideSchemes,01/09/2021,0,1,
Bank(Acute)02002_CorporateSupportServices_AdministrativeandClerical_TrustwideSchemes,01/10/2021,0,2,
Bank(Acute)02002_CorporateSupportServices_AdministrativeandClerical_TrustwideSchemes,01/12/2021,0,1,
Bank(Acute)02002_CorporateSupportServices_AdministrativeandClerical_TrustwideSchemes,01/01/2022,0,1,
Bank(Acute)02002_CorporateSupportServices_AdministrativeandClerical_TrustwideSchemes,01/07/2022,0,2,
Bank(Acute)02002_CorporateSupportServices_AdministrativeandClerical_TrustwideSchemes,01/08/2022,0,1,
Bank(Acute)02002_CorporateSupportServices_AdministrativeandClerical_TrustwideSchemes,01/09/2022,0,1,
Bank(Acute)02002_CorporateSupportServices_AdministrativeandClerical_TrustwideSchemes,01/10/2022,0,1,
Bank(Acute)02002_CorporateSupportServices_AdministrativeandClerical_TrustwideSchemes,01/11/2022,0,3,
Bank(Acute)02002_CorporateSupportServices_AdministrativeandClerical_TrustwideSchemes,01/12/2022,0,1,
Bank(Acute)02002_CorporateSupportServices_AdministrativeandClerical_TrustwideSchemes,01/01/2023,0,1,
Bank(Acute)02002_CorporateSupportServices_AdministrativeandClerical_TrustwideSchemes,01/02/2023,0,2,
Bank(Acute)02002_CorporateSupportServices_AdministrativeandClerical_TrustwideSchemes,01/04/2023,0,1,
Bank(Acute)02002_CorporateSupportServices_AdministrativeandClerical_TrustwideSchemes,01/05/2023,0,2,
Bank(Acute)02002_CorporateSupportServices_AdministrativeandClerical_TrustwideSchemes,01/09/2023,0,1,
Bank(Acute)02002_CorporateSupportServices_AdministrativeandClerical_TrustwideSchemes,01/01/2024,0,4,
Bank(Acute)02002_CorporateSupportServices_AdministrativeandClerical_TrustwideSchemes,01/03/2024,0,1,
Bank(Acute)02002_CorporateSupportServices_AdministrativeandClerical_TrustwideSchemes,01/04/2024,2,1,
Bank(Acute)02002_CorporateSupportServices_AdministrativeandClerical_TrustwideSchemes,01/05/2024,4,1,
Bank(Acute)02002_CorporateSupportServices_AdministrativeandClerical_TrustwideSchemes,01/06/2024,3,0,
Bank(Acute)02002_CorporateSupportServices_AdministrativeandClerical_TrustwideSchemes,01/07/2024,5,1,
Bank(Acute)02002_CorporateSupportServices_AdministrativeandClerical_TrustwideSchemes,01/08/2024,6,1,
Bank(Acute)02002_CorporateSupportServices_AdministrativeandClerical_TrustwideSchemes,01/09/2024,6,2,
Bank(Acute)02002_CorporateSupportServices_AdministrativeandClerical_TrustwideSchemes,01/10/2024,2,0,
Bank(Acute)02002_CorporateSupportServices_AdministrativeandClerical_TrustwideSchemes,01/11/2024,3,0,
Bank(Acute)02002_CorporateSupportServices_AdministrativeandClerical_TrustwideSchemes,01/12/2024,5,1,
Bank(Acute)02002_CorporateSupportServices_AdministrativeandClerical_TrustwideSchemes,01/01/2025,1,1,
Bank(Acute)02002_CorporateSupportServices_AdministrativeandClerical_TrustwideSchemes,01/02/2025,4,2,
Bank(Acute)02002_CorporateSupportServices_AdministrativeandClerical_TrustwideSchemes,01/03/2025,4,0,
Bank(Acute)02002_CorporateSupportServices_AdministrativeandClerical_TrustwideSchemes,01/04/2025,3,1,
Bank(Acute)02002_CorporateSupportServices_AlliedHealthProfessionals_TrustwideSchemes,01/05/2021,0,1,
Bank(Acute)02002_CorporateSupportServices_AlliedHealthProfessionals_TrustwideSchemes,01/06/2021,0,2,
Bank(Acute)02002_CorporateSupportServices_AlliedHealthProfessionals_TrustwideSchemes,01/07/2021,0,2,
Bank(Acute)02002_CorporateSupportServices_AlliedHealthProfessionals_TrustwideSchemes,01/08/2021,0,1,
Bank(Acute)02002_CorporateSupportServices_AlliedHealthProfessionals_TrustwideSchemes,01/12/2021,0,1,
Bank(Acute)02002_CorporateSupportServices_AlliedHealthProfessionals_TrustwideSchemes,01/01/2022,0,1,
Bank(Acute)02002_CorporateSupportServices_AlliedHealthProfessionals_TrustwideSchemes,01/03/2022,0,1,
Bank(Acute)02002_CorporateSupportServices_AlliedHealthProfessionals_TrustwideSchemes,01/05/2022,0,2,
Bank(Acute)02002_CorporateSupportServices_AlliedHealthProfessionals_TrustwideSchemes,01/07/2022,0,2,
Bank(Acute)02002_CorporateSupportServices_AlliedHealthProfessionals_TrustwideSchemes,01/08/2022,0,2,
Bank(Acute)02002_CorporateSupportServices_AlliedHealthProfessionals_TrustwideSchemes,01/09/2022,0,1,
Bank(Acute)02002_CorporateSupportServices_AlliedHealthProfessionals_TrustwideSchemes,01/10/2022,0,1,
Bank(Acute)02002_CorporateSupportServices_AlliedHealthProfessionals_TrustwideSchemes,01/11/2022,0,2,
Bank(Acute)02002_CorporateSupportServices_AlliedHealthProfessionals_TrustwideSchemes,01/01/2023,0,2,
Bank(Acute)02002_CorporateSupportServices_AlliedHealthProfessionals_TrustwideSchemes,01/03/2023,0,1,
Bank(Acute)02002_CorporateSupportServices_AlliedHealthProfessionals_TrustwideSchemes,01/04/2023,0,2,
Bank(Acute)02002_CorporateSupportServices_AlliedHealthProfessionals_TrustwideSchemes,01/05/2023,0,2,
Bank(Acute)02002_CorporateSupportServices_AlliedHealthProfessionals_TrustwideSchemes,01/07/2023,0,3,
Bank(Acute)02002_CorporateSupportServices_AlliedHealthProfessionals_TrustwideSchemes,01/12/2023,0,2,
Bank(Acute)02002_CorporateSupportServices_AlliedHealthProfessionals_TrustwideSchemes,01/01/2024,0,1,
Bank(Acute)02002_CorporateSupportServices_AlliedHealthProfessionals_TrustwideSchemes,01/04/2024,0,4,
Bank(Acute)02002_CorporateSupportServices_AlliedHealthProfessionals_TrustwideSchemes,01/05/2024,7,1,
Bank(Acute)02002_CorporateSupportServices_AlliedHealthProfessionals_TrustwideSchemes,01/06/2024,2,1,
Bank(Acute)02002_CorporateSupportServices_AlliedHealthProfessionals_TrustwideSchemes,01/07/2024,0,1,
Bank(Acute)02002_CorporateSupportServices_AlliedHealthProfessionals_TrustwideSchemes,01/08/2024,1,3,
Bank(Acute)02002_CorporateSupportServices_AlliedHealthProfessionals_TrustwideSchemes,01/09/2024,3,0,
Bank(Acute)02002_CorporateSupportServices_AlliedHealthProfessionals_TrustwideSchemes,01/10/2024,1,3,
Bank(Acute)02002_CorporateSupportServices_AlliedHealthProfessionals_TrustwideSchemes,01/12/2024,1,0,
Bank(Acute)02002_CorporateSupportServices_AlliedHealthProfessionals_TrustwideSchemes,01/01/2025,2,3,
Bank(Acute)02002_CorporateSupportServices_AlliedHealthProfessionals_TrustwideSchemes,01/02/2025,1,5,
Bank(Acute)02002_CorporateSupportServices_AlliedHealthProfessionals_TrustwideSchemes,01/03/2025,3,3,
Bank(Acute)02002_CorporateSupportServices_AlliedHealthProfessionals_TrustwideSchemes,01/04/2025,4,2,
Bank(Acute)02002_CorporateSupportServices_EstatesandAncillary_TrustwideSchemes,01/07/2021,0,2,
Bank(Acute)02002_CorporateSupportServices_EstatesandAncillary_TrustwideSchemes,01/01/2022,0,1,
Bank(Acute)02002_CorporateSupportServices_EstatesandAncillary_TrustwideSchemes,01/02/2022,0,2,
Bank(Acute)02002_CorporateSupportServices_EstatesandAncillary_TrustwideSchemes,01/05/2022,0,3,
Bank(Acute)02002_CorporateSupportServices_EstatesandAncillary_TrustwideSchemes,01/06/2022,0,1,
Bank(Acute)02002_CorporateSupportServices_EstatesandAncillary_TrustwideSchemes,01/07/2022,0,1,
Bank(Acute)02002_CorporateSupportServices_EstatesandAncillary_TrustwideSchemes,01/10/2022,0,1,
Bank(Acute)02002_CorporateSupportServices_EstatesandAncillary_TrustwideSchemes,01/11/2022,0,1,
Bank(Acute)02002_CorporateSupportServices_EstatesandAncillary_TrustwideSchemes,01/12/2022,0,1,
Bank(Acute)02002_CorporateSupportServices_EstatesandAncillary_TrustwideSchemes,01/02/2023,0,2,
Bank(Acute)02002_CorporateSupportServices_EstatesandAncillary_TrustwideSchemes,01/04/2023,0,1,
Bank(Acute)02002_CorporateSupportServices_EstatesandAncillary_TrustwideSchemes,01/06/2023,0,1,
Bank(Acute)02002_CorporateSupportServices_EstatesandAncillary_TrustwideSchemes,01/07/2023,0,1,
Bank(Acute)02002_CorporateSupportServices_EstatesandAncillary_TrustwideSchemes,01/10/2023,0,1,
Bank(Acute)02002_CorporateSupportServices_EstatesandAncillary_TrustwideSchemes,01/11/2023,0,2,
Bank(Acute)02002_CorporateSupportServices_EstatesandAncillary_TrustwideSchemes,01/12/2023,0,2,
Bank(Acute)02002_CorporateSupportServices_EstatesandAncillary_TrustwideSchemes,01/01/2024,0,3,
Bank(Acute)02002_CorporateSupportServices_EstatesandAncillary_TrustwideSchemes,01/04/2024,1,0,
Bank(Acute)02002_CorporateSupportServices_EstatesandAncillary_TrustwideSchemes,01/05/2024,3,2,
Bank(Acute)02002_CorporateSupportServices_EstatesandAncillary_TrustwideSchemes,01/07/2024,2,1,
Bank(Acute)02002_CorporateSupportServices_EstatesandAncillary_TrustwideSchemes,01/08/2024,4,0,
Bank(Acute)02002_CorporateSupportServices_EstatesandAncillary_TrustwideSchemes,01/09/2024,0,1,
Bank(Acute)02002_CorporateSupportServices_EstatesandAncillary_TrustwideSchemes,01/11/2024,1,3,
Bank(Acute)02002_CorporateSupportServices_EstatesandAncillary_TrustwideSchemes,01/12/2024,6,1,
Bank(Acute)02002_CorporateSupportServices_EstatesandAncillary_TrustwideSchemes,01/01/2025,4,1,
Bank(Acute)02002_CorporateSupportServices_EstatesandAncillary_TrustwideSchemes,01/02/2025,4,2,
Bank(Acute)02002_CorporateSupportServices_EstatesandAncillary_TrustwideSchemes,01/03/2025,4,2,
Bank(Acute)02002_CorporateSupportServices_EstatesandAncillary_TrustwideSchemes,01/04/2025,3,1,
Bank(Acute)02002_CorporateSupportServices_HealthcareScientists_TrustwideSchemes,01/12/2022,0,1,
Bank(Acute)02002_CorporateSupportServices_HealthcareScientists_TrustwideSchemes,01/09/2024,1,1,
Bank(Acute)02002_CorporateSupportServices_HealthcareScientists_TrustwideSchemes,01/12/2024,1,0,
Bank(Acute)02002_CorporateSupportServices_HealthcareScientists_TrustwideSchemes,01/01/2025,0,2,
Bank(Acute)02002_CorporateSupportServices_HealthcareScientists_TrustwideSchemes,01/03/2025,0,1,
Bank(Acute)02002_CorporateSupportServices_NursingandMidwiferyRegistered_TrustwideSchemes,01/05/2021,0,4,
Bank(Acute)02002_CorporateSupportServices_NursingandMidwiferyRegistered_TrustwideSchemes,01/06/2021,0,1,
Bank(Acute)02002_CorporateSupportServices_NursingandMidwiferyRegistered_TrustwideSchemes,01/07/2021,0,1,
Bank(Acute)02002_CorporateSupportServices_NursingandMidwiferyRegistered_TrustwideSchemes,01/08/2021,0,3,
Bank(Acute)02002_CorporateSupportServices_NursingandMidwiferyRegistered_TrustwideSchemes,01/09/2021,0,1,
Bank(Acute)02002_CorporateSupportServices_NursingandMidwiferyRegistered_TrustwideSchemes,01/10/2021,0,3,
Bank(Acute)02002_CorporateSupportServices_NursingandMidwiferyRegistered_TrustwideSchemes,01/11/2021,0,5,
Bank(Acute)02002_CorporateSupportServices_NursingandMidwiferyRegistered_TrustwideSchemes,01/12/2021,0,3,
Bank(Acute)02002_CorporateSupportServices_NursingandMidwiferyRegistered_TrustwideSchemes,01/01/2022,0,2,
Bank(Acute)02002_CorporateSupportServices_NursingandMidwiferyRegistered_TrustwideSchemes,01/02/2022,0,4,
Bank(Acute)02002_CorporateSupportServices_NursingandMidwiferyRegistered_TrustwideSchemes,01/03/2022,0,2,
Bank(Acute)02002_CorporateSupportServices_NursingandMidwiferyRegistered_TrustwideSchemes,01/04/2022,0,2,
Bank(Acute)02002_CorporateSupportServices_NursingandMidwiferyRegistered_TrustwideSchemes,01/05/2022,0,4,
Bank(Acute)02002_CorporateSupportServices_NursingandMidwiferyRegistered_TrustwideSchemes,01/06/2022,0,4,
Bank(Acute)02002_CorporateSupportServices_NursingandMidwiferyRegistered_TrustwideSchemes,01/07/2022,0,1,
Bank(Acute)02002_CorporateSupportServices_NursingandMidwiferyRegistered_TrustwideSchemes,01/08/2022,0,3,
Bank(Acute)02002_CorporateSupportServices_NursingandMidwiferyRegistered_TrustwideSchemes,01/09/2022,0,3,
Bank(Acute)02002_CorporateSupportServices_NursingandMidwiferyRegistered_TrustwideSchemes,01/11/2022,0,2,
Bank(Acute)02002_CorporateSupportServices_NursingandMidwiferyRegistered_TrustwideSchemes,01/12/2022,0,2,
Bank(Acute)02002_CorporateSupportServices_NursingandMidwiferyRegistered_TrustwideSchemes,01/01/2023,0,3,
Bank(Acute)02002_CorporateSupportServices_NursingandMidwiferyRegistered_TrustwideSchemes,01/02/2023,0,2,
Bank(Acute)02002_CorporateSupportServices_NursingandMidwiferyRegistered_TrustwideSchemes,01/03/2023,0,1,
Bank(Acute)02002_CorporateSupportServices_NursingandMidwiferyRegistered_TrustwideSchemes,01/04/2023,0,2,
Bank(Acute)02002_CorporateSupportServices_NursingandMidwiferyRegistered_TrustwideSchemes,01/05/2023,0,2,
Bank(Acute)02002_CorporateSupportServices_NursingandMidwiferyRegistered_TrustwideSchemes,01/06/2023,0,1,
Bank(Acute)02002_CorporateSupportServices_NursingandMidwiferyRegistered_TrustwideSchemes,01/07/2023,0,2,
Bank(Acute)02002_CorporateSupportServices_NursingandMidwiferyRegistered_TrustwideSchemes,01/09/2023,0,6,
Bank(Acute)02002_CorporateSupportServices_NursingandMidwiferyRegistered_TrustwideSchemes,01/10/2023,0,2,
Bank(Acute)02002_CorporateSupportServices_NursingandMidwiferyRegistered_TrustwideSchemes,01/11/2023,0,8,
Bank(Acute)02002_CorporateSupportServices_NursingandMidwiferyRegistered_TrustwideSchemes,01/12/2023,0,5,
Bank(Acute)02002_CorporateSupportServices_NursingandMidwiferyRegistered_TrustwideSchemes,01/01/2024,0,3,
Bank(Acute)02002_CorporateSupportServices_NursingandMidwiferyRegistered_TrustwideSchemes,01/03/2024,0,4,
Bank(Acute)02002_CorporateSupportServices_NursingandMidwiferyRegistered_TrustwideSchemes,01/04/2024,9,2,
Bank(Acute)02002_CorporateSupportServices_NursingandMidwiferyRegistered_TrustwideSchemes,01/05/2024,9,3,
Bank(Acute)02002_CorporateSupportServices_NursingandMidwiferyRegistered_TrustwideSchemes,01/06/2024,14,3,
Bank(Acute)02002_CorporateSupportServices_NursingandMidwiferyRegistered_TrustwideSchemes,01/07/2024,17,7,
Bank(Acute)02002_CorporateSupportServices_NursingandMidwiferyRegistered_TrustwideSchemes,01/08/2024,18,6,
Bank(Acute)02002_CorporateSupportServices_NursingandMidwiferyRegistered_TrustwideSchemes,01/09/2024,27,5,
Bank(Acute)02002_CorporateSupportServices_NursingandMidwiferyRegistered_TrustwideSchemes,01/10/2024,12,5,
Bank(Acute)02002_CorporateSupportServices_NursingandMidwiferyRegistered_TrustwideSchemes,01/11/2024,8,7,
Bank(Acute)02002_CorporateSupportServices_NursingandMidwiferyRegistered_TrustwideSchemes,01/12/2024,9,3,
Bank(Acute)02002_CorporateSupportServices_NursingandMidwiferyRegistered_TrustwideSchemes,01/01/2025,10,12,
Bank(Acute)02002_CorporateSupportServices_NursingandMidwiferyRegistered_TrustwideSchemes,01/02/2025,6,8,
Bank(Acute)02002_CorporateSupportServices_NursingandMidwiferyRegistered_TrustwideSchemes,01/03/2025,16,7,
Bank(Acute)02002_CorporateSupportServices_NursingandMidwiferyRegistered_TrustwideSchemes,01/04/2025,13,5,
Bank00014_CorporateSupportServices_AddProfScientificandTechnic_TrustwideSchemes,01/07/2021,0,1,
Bank00014_CorporateSupportServices_AddProfScientificandTechnic_TrustwideSchemes,01/12/2021,0,2,
Bank00014_CorporateSupportServices_AddProfScientificandTechnic_TrustwideSchemes,01/03/2022,0,1,
Bank00014_CorporateSupportServices_AddProfScientificandTechnic_TrustwideSchemes,01/09/2022,0,4,
Bank00014_CorporateSupportServices_AddProfScientificandTechnic_TrustwideSchemes,01/10/2022,0,1,
Bank00014_CorporateSupportServices_AddProfScientificandTechnic_TrustwideSchemes,01/01/2023,0,1,
Bank00014_CorporateSupportServices_AddProfScientificandTechnic_TrustwideSchemes,01/02/2023,0,1,
Bank00014_CorporateSupportServices_AddProfScientificandTechnic_TrustwideSchemes,01/04/2023,0,1,
Bank00014_CorporateSupportServices_AddProfScientificandTechnic_TrustwideSchemes,01/07/2023,0,1,
Bank00014_CorporateSupportServices_AddProfScientificandTechnic_TrustwideSchemes,01/12/2023,0,3,
Bank00014_CorporateSupportServices_AddProfScientificandTechnic_TrustwideSchemes,01/02/2024,0,1,
Bank00014_CorporateSupportServices_AddProfScientificandTechnic_TrustwideSchemes,01/03/2024,0,1,
Bank00014_CorporateSupportServices_AddProfScientificandTechnic_TrustwideSchemes,01/06/2024,2,0,
Bank00014_CorporateSupportServices_AddProfScientificandTechnic_TrustwideSchemes,01/09/2024,1,0,
Bank00014_CorporateSupportServices_AddProfScientificandTechnic_TrustwideSchemes,01/11/2024,3,1,
Bank00014_CorporateSupportServices_AddProfScientificandTechnic_TrustwideSchemes,01/03/2025,1,0,
Bank00014_CorporateSupportServices_AddProfScientificandTechnic_TrustwideSchemes,01/04/2025,2,0,
Bank00014_CorporateSupportServices_AdditionalClinicalServices_TrustwideSchemes,01/05/2021,0,10,
Bank00014_CorporateSupportServices_AdditionalClinicalServices_TrustwideSchemes,01/06/2021,0,9,
Bank00014_CorporateSupportServices_AdditionalClinicalServices_TrustwideSchemes,01/07/2021,0,9,
Bank00014_CorporateSupportServices_AdditionalClinicalServices_TrustwideSchemes,01/08/2021,0,7,
Bank00014_CorporateSupportServices_AdditionalClinicalServices_TrustwideSchemes,01/09/2021,0,4,
Bank00014_CorporateSupportServices_AdditionalClinicalServices_TrustwideSchemes,01/10/2021,0,9,
Bank00014_CorporateSupportServices_AdditionalClinicalServices_TrustwideSchemes,01/11/2021,0,11,
Bank00014_CorporateSupportServices_AdditionalClinicalServices_TrustwideSchemes,01/12/2021,0,4,
Bank00014_CorporateSupportServices_AdditionalClinicalServices_TrustwideSchemes,01/01/2022,0,10,
Bank00014_CorporateSupportServices_AdditionalClinicalServices_TrustwideSchemes,01/02/2022,0,2,
Bank00014_CorporateSupportServices_AdditionalClinicalServices_TrustwideSchemes,01/03/2022,0,2,
Bank00014_CorporateSupportServices_AdditionalClinicalServices_TrustwideSchemes,01/04/2022,0,10,
Bank00014_CorporateSupportServices_AdditionalClinicalServices_TrustwideSchemes,01/05/2022,0,7,
Bank00014_CorporateSupportServices_AdditionalClinicalServices_TrustwideSchemes,01/06/2022,0,13,
Bank00014_CorporateSupportServices_AdditionalClinicalServices_TrustwideSchemes,01/07/2022,0,6,
Bank00014_CorporateSupportServices_AdditionalClinicalServices_TrustwideSchemes,01/08/2022,0,8,
Bank00014_CorporateSupportServices_AdditionalClinicalServices_TrustwideSchemes,01/09/2022,0,5,
Bank00014_CorporateSupportServices_AdditionalClinicalServices_TrustwideSchemes,01/10/2022,0,6,
Bank00014_CorporateSupportServices_AdditionalClinicalServices_TrustwideSchemes,01/11/2022,0,5,
Bank00014_CorporateSupportServices_AdditionalClinicalServices_TrustwideSchemes,01/12/2022,0,5,
Bank00014_CorporateSupportServices_AdditionalClinicalServices_TrustwideSchemes,01/01/2023,0,3,
Bank00014_CorporateSupportServices_AdditionalClinicalServices_TrustwideSchemes,01/02/2023,0,6,
Bank00014_CorporateSupportServices_AdditionalClinicalServices_TrustwideSchemes,01/03/2023,0,6,
Bank00014_CorporateSupportServices_AdditionalClinicalServices_TrustwideSchemes,01/04/2023,0,5,
Bank00014_CorporateSupportServices_AdditionalClinicalServices_TrustwideSchemes,01/05/2023,0,2,
Bank00014_CorporateSupportServices_AdditionalClinicalServices_TrustwideSchemes,01/06/2023,0,9,
Bank00014_CorporateSupportServices_AdditionalClinicalServices_TrustwideSchemes,01/07/2023,0,3,
Bank00014_CorporateSupportServices_AdditionalClinicalServices_TrustwideSchemes,01/08/2023,0,11,
Bank00014_CorporateSupportServices_AdditionalClinicalServices_TrustwideSchemes,01/09/2023,0,5,
Bank00014_CorporateSupportServices_AdditionalClinicalServices_TrustwideSchemes,01/10/2023,0,6,
Bank00014_CorporateSupportServices_AdditionalClinicalServices_TrustwideSchemes,01/11/2023,0,10,
Bank00014_CorporateSupportServices_AdditionalClinicalServices_TrustwideSchemes,01/12/2023,0,10,
Bank00014_CorporateSupportServices_AdditionalClinicalServices_TrustwideSchemes,01/01/2024,0,1,
Bank00014_CorporateSupportServices_AdditionalClinicalServices_TrustwideSchemes,01/02/2024,0,9,
Bank00014_CorporateSupportServices_AdditionalClinicalServices_TrustwideSchemes,01/03/2024,0,7,
Bank00014_CorporateSupportServices_AdditionalClinicalServices_TrustwideSchemes,01/04/2024,12,11,
Bank00014_CorporateSupportServices_AdditionalClinicalServices_TrustwideSchemes,01/05/2024,5,10,
Bank00014_CorporateSupportServices_AdditionalClinicalServices_TrustwideSchemes,01/06/2024,10,9,
Bank00014_CorporateSupportServices_AdditionalClinicalServices_TrustwideSchemes,01/07/2024,6,14,
Bank00014_CorporateSupportServices_AdditionalClinicalServices_TrustwideSchemes,01/08/2024,13,11,
Bank00014_CorporateSupportServices_AdditionalClinicalServices_TrustwideSchemes,01/09/2024,12,10,
Bank00014_CorporateSupportServices_AdditionalClinicalServices_TrustwideSchemes,01/10/2024,12,12,
Bank00014_CorporateSupportServices_AdditionalClinicalServices_TrustwideSchemes,01/11/2024,10,4,
Bank00014_CorporateSupportServices_AdditionalClinicalServices_TrustwideSchemes,01/12/2024,10,7,
Bank00014_CorporateSupportServices_AdditionalClinicalServices_TrustwideSchemes,01/01/2025,5,12,
Bank00014_CorporateSupportServices_AdditionalClinicalServices_TrustwideSchemes,01/02/2025,6,3,
Bank00014_CorporateSupportServices_AdditionalClinicalServices_TrustwideSchemes,01/03/2025,9,10,
Bank00014_CorporateSupportServices_AdditionalClinicalServices_TrustwideSchemes,01/04/2025,16,4,
Bank00014_CorporateSupportServices_AdministrativeandClerical_TrustwideSchemes,01/05/2021,0,2,
Bank00014_CorporateSupportServices_AdministrativeandClerical_TrustwideSchemes,01/06/2021,0,3,
Bank00014_CorporateSupportServices_AdministrativeandClerical_TrustwideSchemes,01/07/2021,0,1,
Bank00014_CorporateSupportServices_AdministrativeandClerical_TrustwideSchemes,01/08/2021,0,4,
Bank00014_CorporateSupportServices_AdministrativeandClerical_TrustwideSchemes,01/09/2021,0,1,
Bank00014_CorporateSupportServices_AdministrativeandClerical_TrustwideSchemes,01/10/2021,0,5,
Bank00014_CorporateSupportServices_AdministrativeandClerical_TrustwideSchemes,01/11/2021,0,4,
Bank00014_CorporateSupportServices_AdministrativeandClerical_TrustwideSchemes,01/12/2021,0,5,
Bank00014_CorporateSupportServices_AdministrativeandClerical_TrustwideSchemes,01/01/2022,0,2,
Bank00014_CorporateSupportServices_AdministrativeandClerical_TrustwideSchemes,01/02/2022,0,1,
Bank00014_CorporateSupportServices_AdministrativeandClerical_TrustwideSchemes,01/03/2022,0,16,
Bank00014_CorporateSupportServices_AdministrativeandClerical_TrustwideSchemes,01/04/2022,0,5,
Bank00014_CorporateSupportServices_AdministrativeandClerical_TrustwideSchemes,01/06/2022,0,5,
Bank00014_CorporateSupportServices_AdministrativeandClerical_TrustwideSchemes,01/07/2022,0,5,
Bank00014_CorporateSupportServices_AdministrativeandClerical_TrustwideSchemes,01/08/2022,0,3,
Bank00014_CorporateSupportServices_AdministrativeandClerical_TrustwideSchemes,01/09/2022,0,3,
Bank00014_CorporateSupportServices_AdministrativeandClerical_TrustwideSchemes,01/10/2022,0,2,
Bank00014_CorporateSupportServices_AdministrativeandClerical_TrustwideSchemes,01/11/2022,0,2,
Bank00014_CorporateSupportServices_AdministrativeandClerical_TrustwideSchemes,01/12/2022,0,4,
Bank00014_CorporateSupportServices_AdministrativeandClerical_TrustwideSchemes,01/01/2023,0,5,
Bank00014_CorporateSupportServices_AdministrativeandClerical_TrustwideSchemes,01/03/2023,0,3,
Bank00014_CorporateSupportServices_AdministrativeandClerical_TrustwideSchemes,01/04/2023,0,1,
Bank00014_CorporateSupportServices_AdministrativeandClerical_TrustwideSchemes,01/05/2023,0,3,
Bank00014_CorporateSupportServices_AdministrativeandClerical_TrustwideSchemes,01/06/2023,0,1,
Bank00014_CorporateSupportServices_AdministrativeandClerical_TrustwideSchemes,01/07/2023,0,4,
Bank00014_CorporateSupportServices_AdministrativeandClerical_TrustwideSchemes,01/09/2023,0,6,
Bank00014_CorporateSupportServices_AdministrativeandClerical_TrustwideSchemes,01/10/2023,0,3,
Bank00014_CorporateSupportServices_AdministrativeandClerical_TrustwideSchemes,01/11/2023,0,4,
Bank00014_CorporateSupportServices_AdministrativeandClerical_TrustwideSchemes,01/12/2023,0,7,
Bank00014_CorporateSupportServices_AdministrativeandClerical_TrustwideSchemes,01/01/2024,0,7,
Bank00014_CorporateSupportServices_AdministrativeandClerical_TrustwideSchemes,01/02/2024,0,6,
Bank00014_CorporateSupportServices_AdministrativeandClerical_TrustwideSchemes,01/03/2024,0,5,
Bank00014_CorporateSupportServices_AdministrativeandClerical_TrustwideSchemes,01/04/2024,3,4,
Bank00014_CorporateSupportServices_AdministrativeandClerical_TrustwideSchemes,01/05/2024,10,3,
Bank00014_CorporateSupportServices_AdministrativeandClerical_TrustwideSchemes,01/06/2024,7,8,
Bank00014_CorporateSupportServices_AdministrativeandClerical_TrustwideSchemes,01/07/2024,9,9,
Bank00014_CorporateSupportServices_AdministrativeandClerical_TrustwideSchemes,01/08/2024,13,6,
Bank00014_CorporateSupportServices_AdministrativeandClerical_TrustwideSchemes,01/09/2024,13,7,
Bank00014_CorporateSupportServices_AdministrativeandClerical_TrustwideSchemes,01/10/2024,8,13,
Bank00014_CorporateSupportServices_AdministrativeandClerical_TrustwideSchemes,01/11/2024,8,16,
Bank00014_CorporateSupportServices_AdministrativeandClerical_TrustwideSchemes,01/12/2024,9,11,
Bank00014_CorporateSupportServices_AdministrativeandClerical_TrustwideSchemes,01/01/2025,1,9,
Bank00014_CorporateSupportServices_AdministrativeandClerical_TrustwideSchemes,01/02/2025,11,4,
Bank00014_CorporateSupportServices_AdministrativeandClerical_TrustwideSchemes,01/03/2025,6,3,
Bank00014_CorporateSupportServices_AdministrativeandClerical_TrustwideSchemes,01/04/2025,7,6,
Bank00014_CorporateSupportServices_AlliedHealthProfessionals_TrustwideSchemes,01/06/2021,0,1,
Bank00014_CorporateSupportServices_AlliedHealthProfessionals_TrustwideSchemes,01/07/2021,0,1,
Bank00014_CorporateSupportServices_AlliedHealthProfessionals_TrustwideSchemes,01/08/2021,0,1,
Bank00014_CorporateSupportServices_AlliedHealthProfessionals_TrustwideSchemes,01/10/2021,0,2,
Bank00014_CorporateSupportServices_AlliedHealthProfessionals_TrustwideSchemes,01/12/2021,0,1,
Bank00014_CorporateSupportServices_AlliedHealthProfessionals_TrustwideSchemes,01/01/2022,0,2,
Bank00014_CorporateSupportServices_AlliedHealthProfessionals_TrustwideSchemes,01/02/2022,0,1,
Bank00014_CorporateSupportServices_AlliedHealthProfessionals_TrustwideSchemes,01/09/2022,0,2,
Bank00014_CorporateSupportServices_AlliedHealthProfessionals_TrustwideSchemes,01/10/2022,0,1,
Bank00014_CorporateSupportServices_AlliedHealthProfessionals_TrustwideSchemes,01/11/2022,0,2,
Bank00014_CorporateSupportServices_AlliedHealthProfessionals_TrustwideSchemes,01/12/2022,0,1,
Bank00014_CorporateSupportServices_AlliedHealthProfessionals_TrustwideSchemes,01/01/2023,0,1,
Bank00014_CorporateSupportServices_AlliedHealthProfessionals_TrustwideSchemes,01/03/2023,0,1,
Bank00014_CorporateSupportServices_AlliedHealthProfessionals_TrustwideSchemes,01/04/2023,0,1,
Bank00014_CorporateSupportServices_AlliedHealthProfessionals_TrustwideSchemes,01/09/2023,0,1,
Bank00014_CorporateSupportServices_AlliedHealthProfessionals_TrustwideSchemes,01/12/2023,0,2,
Bank00014_CorporateSupportServices_AlliedHealthProfessionals_TrustwideSchemes,01/01/2024,0,1,
Bank00014_CorporateSupportServices_AlliedHealthProfessionals_TrustwideSchemes,01/02/2024,0,1,
Bank00014_CorporateSupportServices_AlliedHealthProfessionals_TrustwideSchemes,01/03/2024,0,1,
Bank00014_CorporateSupportServices_AlliedHealthProfessionals_TrustwideSchemes,01/04/2024,1,3,
Bank00014_CorporateSupportServices_AlliedHealthProfessionals_TrustwideSchemes,01/05/2024,2,1,
Bank00014_CorporateSupportServices_AlliedHealthProfessionals_TrustwideSchemes,01/06/2024,1,5,
Bank00014_CorporateSupportServices_AlliedHealthProfessionals_TrustwideSchemes,01/07/2024,2,1,
Bank00014_CorporateSupportServices_AlliedHealthProfessionals_TrustwideSchemes,01/08/2024,2,4,
Bank00014_CorporateSupportServices_AlliedHealthProfessionals_TrustwideSchemes,01/09/2024,3,1,
Bank00014_CorporateSupportServices_AlliedHealthProfessionals_TrustwideSchemes,01/10/2024,2,1,
Bank00014_CorporateSupportServices_AlliedHealthProfessionals_TrustwideSchemes,01/11/2024,2,1,
Bank00014_CorporateSupportServices_AlliedHealthProfessionals_TrustwideSchemes,01/12/2024,0,1,
Bank00014_CorporateSupportServices_AlliedHealthProfessionals_TrustwideSchemes,01/01/2025,0,1,
Bank00014_CorporateSupportServices_AlliedHealthProfessionals_TrustwideSchemes,01/02/2025,1,0,
Bank00014_CorporateSupportServices_AlliedHealthProfessionals_TrustwideSchemes,01/03/2025,5,1,
Bank00014_CorporateSupportServices_AlliedHealthProfessionals_TrustwideSchemes,01/04/2025,2,1,
Bank00014_CorporateSupportServices_EstatesandAncillary_TrustwideSchemes,01/05/2021,0,2,
Bank00014_CorporateSupportServices_EstatesandAncillary_TrustwideSchemes,01/07/2021,0,3,
Bank00014_CorporateSupportServices_EstatesandAncillary_TrustwideSchemes,01/08/2021,0,1,
Bank00014_CorporateSupportServices_EstatesandAncillary_TrustwideSchemes,01/10/2021,0,1,
Bank00014_CorporateSupportServices_EstatesandAncillary_TrustwideSchemes,01/11/2021,0,5,
Bank00014_CorporateSupportServices_EstatesandAncillary_TrustwideSchemes,01/12/2021,0,2,
Bank00014_CorporateSupportServices_EstatesandAncillary_TrustwideSchemes,01/01/2022,0,6,
Bank00014_CorporateSupportServices_EstatesandAncillary_TrustwideSchemes,01/02/2022,0,2,
Bank00014_CorporateSupportServices_EstatesandAncillary_TrustwideSchemes,01/03/2022,0,4,
Bank00014_CorporateSupportServices_EstatesandAncillary_TrustwideSchemes,01/04/2022,0,3,
Bank00014_CorporateSupportServices_EstatesandAncillary_TrustwideSchemes,01/05/2022,0,3,
Bank00014_CorporateSupportServices_EstatesandAncillary_TrustwideSchemes,01/06/2022,0,4,
Bank00014_CorporateSupportServices_EstatesandAncillary_TrustwideSchemes,01/07/2022,0,2,
Bank00014_CorporateSupportServices_EstatesandAncillary_TrustwideSchemes,01/08/2022,0,2,
Bank00014_CorporateSupportServices_EstatesandAncillary_TrustwideSchemes,01/09/2022,0,3,
Bank00014_CorporateSupportServices_EstatesandAncillary_TrustwideSchemes,01/10/2022,0,3,
Bank00014_CorporateSupportServices_EstatesandAncillary_TrustwideSchemes,01/11/2022,0,3,
Bank00014_CorporateSupportServices_EstatesandAncillary_TrustwideSchemes,01/12/2022,0,2,
Bank00014_CorporateSupportServices_EstatesandAncillary_TrustwideSchemes,01/01/2023,0,1,
Bank00014_CorporateSupportServices_EstatesandAncillary_TrustwideSchemes,01/02/2023,0,1,
Bank00014_CorporateSupportServices_EstatesandAncillary_TrustwideSchemes,01/03/2023,0,1,
Bank00014_CorporateSupportServices_EstatesandAncillary_TrustwideSchemes,01/04/2023,0,3,
Bank00014_CorporateSupportServices_EstatesandAncillary_TrustwideSchemes,01/05/2023,0,1,
Bank00014_CorporateSupportServices_EstatesandAncillary_TrustwideSchemes,01/06/2023,0,2,
Bank00014_CorporateSupportServices_EstatesandAncillary_TrustwideSchemes,01/07/2023,0,4,
Bank00014_CorporateSupportServices_EstatesandAncillary_TrustwideSchemes,01/09/2023,0,1,
Bank00014_CorporateSupportServices_EstatesandAncillary_TrustwideSchemes,01/10/2023,0,2,
Bank00014_CorporateSupportServices_EstatesandAncillary_TrustwideSchemes,01/11/2023,0,4,
Bank00014_CorporateSupportServices_EstatesandAncillary_TrustwideSchemes,01/12/2023,0,4,
Bank00014_CorporateSupportServices_EstatesandAncillary_TrustwideSchemes,01/01/2024,0,3,
Bank00014_CorporateSupportServices_EstatesandAncillary_TrustwideSchemes,01/02/2024,0,3,
Bank00014_CorporateSupportServices_EstatesandAncillary_TrustwideSchemes,01/03/2024,0,1,
Bank00014_CorporateSupportServices_EstatesandAncillary_TrustwideSchemes,01/04/2024,3,6,
Bank00014_CorporateSupportServices_EstatesandAncillary_TrustwideSchemes,01/05/2024,2,1,
Bank00014_CorporateSupportServices_EstatesandAncillary_TrustwideSchemes,01/06/2024,5,0,
Bank00014_CorporateSupportServices_EstatesandAncillary_TrustwideSchemes,01/07/2024,2,1,
Bank00014_CorporateSupportServices_EstatesandAncillary_TrustwideSchemes,01/08/2024,2,0,
Bank00014_CorporateSupportServices_EstatesandAncillary_TrustwideSchemes,01/09/2024,3,1,
Bank00014_CorporateSupportServices_EstatesandAncillary_TrustwideSchemes,01/10/2024,3,3,
Bank00014_CorporateSupportServices_EstatesandAncillary_TrustwideSchemes,01/11/2024,1,2,
Bank00014_CorporateSupportServices_EstatesandAncillary_TrustwideSchemes,01/12/2024,2,6,
Bank00014_CorporateSupportServices_EstatesandAncillary_TrustwideSchemes,01/01/2025,2,1,
Bank00014_CorporateSupportServices_EstatesandAncillary_TrustwideSchemes,01/02/2025,2,2,
Bank00014_CorporateSupportServices_EstatesandAncillary_TrustwideSchemes,01/03/2025,4,1,
Bank00014_CorporateSupportServices_EstatesandAncillary_TrustwideSchemes,01/04/2025,2,1,
Bank00014_CorporateSupportServices_MedicalandDental_TrustwideSchemes,01/05/2021,0,1,
Bank00014_CorporateSupportServices_MedicalandDental_TrustwideSchemes,01/01/2024,0,1,
Bank00014_CorporateSupportServices_MedicalandDental_TrustwideSchemes,01/02/2024,0,1,
Bank00014_CorporateSupportServices_MedicalandDental_TrustwideSchemes,01/08/2024,0,2,
Bank00014_CorporateSupportServices_MedicalandDental_TrustwideSchemes,01/09/2024,2,3,
Bank00014_CorporateSupportServices_MedicalandDental_TrustwideSchemes,01/11/2024,0,1,
Bank00014_CorporateSupportServices_MedicalandDental_TrustwideSchemes,01/12/2024,1,1,
Bank00014_CorporateSupportServices_MedicalandDental_TrustwideSchemes,01/01/2025,1,0,
Bank00014_CorporateSupportServices_MedicalandDental_TrustwideSchemes,01/02/2025,3,0,
Bank00014_CorporateSupportServices_MedicalandDental_TrustwideSchemes,01/03/2025,0,1,
Bank00014_CorporateSupportServices_NursingandMidwiferyRegistered_TrustwideSchemes,01/05/2021,0,1,
Bank00014_CorporateSupportServices_NursingandMidwiferyRegistered_TrustwideSchemes,01/06/2021,0,4,
Bank00014_CorporateSupportServices_NursingandMidwiferyRegistered_TrustwideSchemes,01/07/2021,0,4,
Bank00014_CorporateSupportServices_NursingandMidwiferyRegistered_TrustwideSchemes,01/08/2021,0,4,
Bank00014_CorporateSupportServices_NursingandMidwiferyRegistered_TrustwideSchemes,01/09/2021,0,2,
Bank00014_CorporateSupportServices_NursingandMidwiferyRegistered_TrustwideSchemes,01/10/2021,0,1,
Bank00014_CorporateSupportServices_NursingandMidwiferyRegistered_TrustwideSchemes,01/11/2021,0,4,
Bank00014_CorporateSupportServices_NursingandMidwiferyRegistered_TrustwideSchemes,01/01/2022,0,7,
Bank00014_CorporateSupportServices_NursingandMidwiferyRegistered_TrustwideSchemes,01/02/2022,0,7,
Bank00014_CorporateSupportServices_NursingandMidwiferyRegistered_TrustwideSchemes,01/03/2022,0,1,
Bank00014_CorporateSupportServices_NursingandMidwiferyRegistered_TrustwideSchemes,01/04/2022,0,2,
Bank00014_CorporateSupportServices_NursingandMidwiferyRegistered_TrustwideSchemes,01/05/2022,0,5,
Bank00014_CorporateSupportServices_NursingandMidwiferyRegistered_TrustwideSchemes,01/06/2022,0,3,
Bank00014_CorporateSupportServices_NursingandMidwiferyRegistered_TrustwideSchemes,01/08/2022,0,3,
Bank00014_CorporateSupportServices_NursingandMidwiferyRegistered_TrustwideSchemes,01/09/2022,0,3,
Bank00014_CorporateSupportServices_NursingandMidwiferyRegistered_TrustwideSchemes,01/10/2022,0,4,
Bank00014_CorporateSupportServices_NursingandMidwiferyRegistered_TrustwideSchemes,01/12/2022,0,2,
Bank00014_CorporateSupportServices_NursingandMidwiferyRegistered_TrustwideSchemes,01/01/2023,0,2,
Bank00014_CorporateSupportServices_NursingandMidwiferyRegistered_TrustwideSchemes,01/02/2023,0,3,
Bank00014_CorporateSupportServices_NursingandMidwiferyRegistered_TrustwideSchemes,01/03/2023,0,2,
Bank00014_CorporateSupportServices_NursingandMidwiferyRegistered_TrustwideSchemes,01/04/2023,0,5,
Bank00014_CorporateSupportServices_NursingandMidwiferyRegistered_TrustwideSchemes,01/05/2023,0,1,
Bank00014_CorporateSupportServices_NursingandMidwiferyRegistered_TrustwideSchemes,01/06/2023,0,3,
Bank00014_CorporateSupportServices_NursingandMidwiferyRegistered_TrustwideSchemes,01/07/2023,0,1,
Bank00014_CorporateSupportServices_NursingandMidwiferyRegistered_TrustwideSchemes,01/08/2023,0,2,
Bank00014_CorporateSupportServices_NursingandMidwiferyRegistered_TrustwideSchemes,01/09/2023,0,4,
Bank00014_CorporateSupportServices_NursingandMidwiferyRegistered_TrustwideSchemes,01/10/2023,0,3,
Bank00014_CorporateSupportServices_NursingandMidwiferyRegistered_TrustwideSchemes,01/11/2023,0,8,
Bank00014_CorporateSupportServices_NursingandMidwiferyRegistered_TrustwideSchemes,01/12/2023,0,9,
Bank00014_CorporateSupportServices_NursingandMidwiferyRegistered_TrustwideSchemes,01/01/2024,0,4,
Bank00014_CorporateSupportServices_NursingandMidwiferyRegistered_TrustwideSchemes,01/02/2024,0,2,
Bank00014_CorporateSupportServices_NursingandMidwiferyRegistered_TrustwideSchemes,01/03/2024,0,7,
Bank00014_CorporateSupportServices_NursingandMidwiferyRegistered_TrustwideSchemes,01/04/2024,17,9,
Bank00014_CorporateSupportServices_NursingandMidwiferyRegistered_TrustwideSchemes,01/05/2024,25,5,
Bank00014_CorporateSupportServices_NursingandMidwiferyRegistered_TrustwideSchemes,01/06/2024,10,4,
Bank00014_CorporateSupportServices_NursingandMidwiferyRegistered_TrustwideSchemes,01/07/2024,13,4,
Bank00014_CorporateSupportServices_NursingandMidwiferyRegistered_TrustwideSchemes,01/08/2024,10,7,
Bank00014_CorporateSupportServices_NursingandMidwiferyRegistered_TrustwideSchemes,01/09/2024,12,5,
Bank00014_CorporateSupportServices_NursingandMidwiferyRegistered_TrustwideSchemes,01/10/2024,21,6,
Bank00014_CorporateSupportServices_NursingandMidwiferyRegistered_TrustwideSchemes,01/11/2024,6,3,
Bank00014_CorporateSupportServices_NursingandMidwiferyRegistered_TrustwideSchemes,01/12/2024,15,4,
Bank00014_CorporateSupportServices_NursingandMidwiferyRegistered_TrustwideSchemes,01/01/2025,10,4,
Bank00014_CorporateSupportServices_NursingandMidwiferyRegistered_TrustwideSchemes,01/02/2025,8,0,
Bank00014_CorporateSupportServices_NursingandMidwiferyRegistered_TrustwideSchemes,01/03/2025,16,0,
Bank00014_CorporateSupportServices_NursingandMidwiferyRegistered_TrustwideSchemes,01/04/2025,36,1,
BankNurses75450_CorporateSupportServices_AddProfScientificandTechnic_TrustwideSchemes,01/11/2021,0,1,
BankNurses75450_CorporateSupportServices_AddProfScientificandTechnic_TrustwideSchemes,01/01/2022,0,1,
BankNurses75450_CorporateSupportServices_AddProfScientificandTechnic_TrustwideSchemes,01/02/2022,0,1,
BankNurses75450_CorporateSupportServices_AddProfScientificandTechnic_TrustwideSchemes,01/07/2022,0,1,
BankNurses75450_CorporateSupportServices_AddProfScientificandTechnic_TrustwideSchemes,01/09/2022,0,1,
BankNurses75450_CorporateSupportServices_AddProfScientificandTechnic_TrustwideSchemes,01/10/2022,0,1,
BankNurses75450_CorporateSupportServices_AddProfScientificandTechnic_TrustwideSchemes,01/01/2023,0,1,
BankNurses75450_CorporateSupportServices_AddProfScientificandTechnic_TrustwideSchemes,01/10/2023,0,1,
BankNurses75450_CorporateSupportServices_AddProfScientificandTechnic_TrustwideSchemes,01/04/2024,4,0,
BankNurses75450_CorporateSupportServices_AddProfScientificandTechnic_TrustwideSchemes,01/06/2024,1,0,
BankNurses75450_CorporateSupportServices_AddProfScientificandTechnic_TrustwideSchemes,01/07/2024,1,1,
BankNurses75450_CorporateSupportServices_AddProfScientificandTechnic_TrustwideSchemes,01/08/2024,0,1,
BankNurses75450_CorporateSupportServices_AddProfScientificandTechnic_TrustwideSchemes,01/12/2024,1,0,
BankNurses75450_CorporateSupportServices_AdditionalClinicalServices_TrustwideSchemes,01/05/2021,0,6,
BankNurses75450_CorporateSupportServices_AdditionalClinicalServices_TrustwideSchemes,01/06/2021,0,4,
BankNurses75450_CorporateSupportServices_AdditionalClinicalServices_TrustwideSchemes,01/07/2021,0,6,
BankNurses75450_CorporateSupportServices_AdditionalClinicalServices_TrustwideSchemes,01/08/2021,0,9,
BankNurses75450_CorporateSupportServices_AdditionalClinicalServices_TrustwideSchemes,01/09/2021,0,19,
BankNurses75450_CorporateSupportServices_AdditionalClinicalServices_TrustwideSchemes,01/10/2021,0,7,
BankNurses75450_CorporateSupportServices_AdditionalClinicalServices_TrustwideSchemes,01/11/2021,0,11,
BankNurses75450_CorporateSupportServices_AdditionalClinicalServices_TrustwideSchemes,01/12/2021,0,3,
BankNurses75450_CorporateSupportServices_AdditionalClinicalServices_TrustwideSchemes,01/01/2022,0,7,
BankNurses75450_CorporateSupportServices_AdditionalClinicalServices_TrustwideSchemes,01/02/2022,0,19,
BankNurses75450_CorporateSupportServices_AdditionalClinicalServices_TrustwideSchemes,01/03/2022,0,20,
BankNurses75450_CorporateSupportServices_AdditionalClinicalServices_TrustwideSchemes,01/04/2022,0,11,
BankNurses75450_CorporateSupportServices_AdditionalClinicalServices_TrustwideSchemes,01/05/2022,0,23,
BankNurses75450_CorporateSupportServices_AdditionalClinicalServices_TrustwideSchemes,01/06/2022,0,12,
BankNurses75450_CorporateSupportServices_AdditionalClinicalServices_TrustwideSchemes,01/07/2022,0,18,
BankNurses75450_CorporateSupportServices_AdditionalClinicalServices_TrustwideSchemes,01/08/2022,0,8,
BankNurses75450_CorporateSupportServices_AdditionalClinicalServices_TrustwideSchemes,01/09/2022,0,6,
BankNurses75450_CorporateSupportServices_AdditionalClinicalServices_TrustwideSchemes,01/10/2022,0,6,
BankNurses75450_CorporateSupportServices_AdditionalClinicalServices_TrustwideSchemes,01/11/2022,0,14,
BankNurses75450_CorporateSupportServices_AdditionalClinicalServices_TrustwideSchemes,01/12/2022,0,13,
BankNurses75450_CorporateSupportServices_AdditionalClinicalServices_TrustwideSchemes,01/01/2023,0,5,
BankNurses75450_CorporateSupportServices_AdditionalClinicalServices_TrustwideSchemes,01/02/2023,0,7,
BankNurses75450_CorporateSupportServices_AdditionalClinicalServices_TrustwideSchemes,01/03/2023,0,8,
BankNurses75450_CorporateSupportServices_AdditionalClinicalServices_TrustwideSchemes,01/04/2023,0,18,
BankNurses75450_CorporateSupportServices_AdditionalClinicalServices_TrustwideSchemes,01/05/2023,0,7,
BankNurses75450_CorporateSupportServices_AdditionalClinicalServices_TrustwideSchemes,01/06/2023,0,3,
BankNurses75450_CorporateSupportServices_AdditionalClinicalServices_TrustwideSchemes,01/07/2023,0,3,
BankNurses75450_CorporateSupportServices_AdditionalClinicalServices_TrustwideSchemes,01/08/2023,0,4,
BankNurses75450_CorporateSupportServices_AdditionalClinicalServices_TrustwideSchemes,01/09/2023,0,8,
BankNurses75450_CorporateSupportServices_AdditionalClinicalServices_TrustwideSchemes,01/10/2023,0,4,
BankNurses75450_CorporateSupportServices_AdditionalClinicalServices_TrustwideSchemes,01/11/2023,0,3,
BankNurses75450_CorporateSupportServices_AdditionalClinicalServices_TrustwideSchemes,01/12/2023,0,8,
BankNurses75450_CorporateSupportServices_AdditionalClinicalServices_TrustwideSchemes,01/01/2024,0,2,
BankNurses75450_CorporateSupportServices_AdditionalClinicalServices_TrustwideSchemes,01/02/2024,0,3,
BankNurses75450_CorporateSupportServices_AdditionalClinicalServices_TrustwideSchemes,01/03/2024,0,3,
BankNurses75450_CorporateSupportServices_AdditionalClinicalServices_TrustwideSchemes,01/04/2024,3,0,
BankNurses75450_CorporateSupportServices_AdditionalClinicalServices_TrustwideSchemes,01/05/2024,19,1,
BankNurses75450_CorporateSupportServices_AdditionalClinicalServices_TrustwideSchemes,01/06/2024,4,0,
BankNurses75450_CorporateSupportServices_AdditionalClinicalServices_TrustwideSchemes,01/07/2024,7,1,
BankNurses75450_CorporateSupportServices_AdditionalClinicalServices_TrustwideSchemes,01/08/2024,9,0,
BankNurses75450_CorporateSupportServices_AdditionalClinicalServices_TrustwideSchemes,01/09/2024,8,3,
BankNurses75450_CorporateSupportServices_AdditionalClinicalServices_TrustwideSchemes,01/10/2024,6,3,
BankNurses75450_CorporateSupportServices_AdditionalClinicalServices_TrustwideSchemes,01/11/2024,3,0,
BankNurses75450_CorporateSupportServices_AdditionalClinicalServices_TrustwideSchemes,01/12/2024,6,3,
BankNurses75450_CorporateSupportServices_AdditionalClinicalServices_TrustwideSchemes,01/01/2025,10,0,
BankNurses75450_CorporateSupportServices_AdditionalClinicalServices_TrustwideSchemes,01/02/2025,3,0,
BankNurses75450_CorporateSupportServices_AdditionalClinicalServices_TrustwideSchemes,01/03/2025,5,0,
BankNurses75450_CorporateSupportServices_AdditionalClinicalServices_TrustwideSchemes,01/04/2025,8,2,
BankNurses75450_CorporateSupportServices_AdministrativeandClerical_TrustwideSchemes,01/02/2022,0,2,
BankNurses75450_CorporateSupportServices_AdministrativeandClerical_TrustwideSchemes,01/03/2022,0,1,
BankNurses75450_CorporateSupportServices_AdministrativeandClerical_TrustwideSchemes,01/07/2022,0,3,
BankNurses75450_CorporateSupportServices_AdministrativeandClerical_TrustwideSchemes,01/08/2022,0,3,
BankNurses75450_CorporateSupportServices_AdministrativeandClerical_TrustwideSchemes,01/09/2022,0,1,
BankNurses75450_CorporateSupportServices_AdministrativeandClerical_TrustwideSchemes,01/01/2023,0,1,
BankNurses75450_CorporateSupportServices_AdministrativeandClerical_TrustwideSchemes,01/03/2023,0,1,
BankNurses75450_CorporateSupportServices_AdministrativeandClerical_TrustwideSchemes,01/04/2023,0,1,
BankNurses75450_CorporateSupportServices_AdministrativeandClerical_TrustwideSchemes,01/11/2023,0,1,
BankNurses75450_CorporateSupportServices_AdministrativeandClerical_TrustwideSchemes,01/03/2024,0,2,
BankNurses75450_CorporateSupportServices_AdministrativeandClerical_TrustwideSchemes,01/05/2024,2,1,
BankNurses75450_CorporateSupportServices_AdministrativeandClerical_TrustwideSchemes,01/07/2024,1,0,
BankNurses75450_CorporateSupportServices_AdministrativeandClerical_TrustwideSchemes,01/08/2024,1,0,
BankNurses75450_CorporateSupportServices_AdministrativeandClerical_TrustwideSchemes,01/09/2024,0,1,
BankNurses75450_CorporateSupportServices_AdministrativeandClerical_TrustwideSchemes,01/10/2024,1,1,
BankNurses75450_CorporateSupportServices_AdministrativeandClerical_TrustwideSchemes,01/11/2024,1,0,
BankNurses75450_CorporateSupportServices_AdministrativeandClerical_TrustwideSchemes,01/12/2024,1,0,
BankNurses75450_CorporateSupportServices_AdministrativeandClerical_TrustwideSchemes,01/02/2025,0,1,
BankNurses75450_CorporateSupportServices_AdministrativeandClerical_TrustwideSchemes,01/04/2025,1,0,
BankNurses75450_CorporateSupportServices_AlliedHealthProfessionals_TrustwideSchemes,01/08/2021,0,1,
BankNurses75450_CorporateSupportServices_AlliedHealthProfessionals_TrustwideSchemes,01/02/2022,0,1,
BankNurses75450_CorporateSupportServices_AlliedHealthProfessionals_TrustwideSchemes,01/11/2023,0,1,
BankNurses75450_CorporateSupportServices_AlliedHealthProfessionals_TrustwideSchemes,01/11/2024,1,0,
BankNurses75450_CorporateSupportServices_AlliedHealthProfessionals_TrustwideSchemes,01/12/2024,0,1,
BankNurses75450_CorporateSupportServices_NursingandMidwiferyRegistered_TrustwideSchemes,01/05/2021,0,8,
BankNurses75450_CorporateSupportServices_NursingandMidwiferyRegistered_TrustwideSchemes,01/06/2021,0,8,
BankNurses75450_CorporateSupportServices_NursingandMidwiferyRegistered_TrustwideSchemes,01/07/2021,0,6,
BankNurses75450_CorporateSupportServices_NursingandMidwiferyRegistered_TrustwideSchemes,01/08/2021,0,6,
BankNurses75450_CorporateSupportServices_NursingandMidwiferyRegistered_TrustwideSchemes,01/09/2021,0,9,
BankNurses75450_CorporateSupportServices_NursingandMidwiferyRegistered_TrustwideSchemes,01/10/2021,0,3,
BankNurses75450_CorporateSupportServices_NursingandMidwiferyRegistered_TrustwideSchemes,01/11/2021,0,7,
BankNurses75450_CorporateSupportServices_NursingandMidwiferyRegistered_TrustwideSchemes,01/12/2021,0,2,
BankNurses75450_CorporateSupportServices_NursingandMidwiferyRegistered_TrustwideSchemes,01/01/2022,0,8,
BankNurses75450_CorporateSupportServices_NursingandMidwiferyRegistered_TrustwideSchemes,01/02/2022,0,2,
BankNurses75450_CorporateSupportServices_NursingandMidwiferyRegistered_TrustwideSchemes,01/03/2022,0,4,
BankNurses75450_CorporateSupportServices_NursingandMidwiferyRegistered_TrustwideSchemes,01/04/2022,0,7,
BankNurses75450_CorporateSupportServices_NursingandMidwiferyRegistered_TrustwideSchemes,01/05/2022,0,3,
BankNurses75450_CorporateSupportServices_NursingandMidwiferyRegistered_TrustwideSchemes,01/07/2022,0,4,
BankNurses75450_CorporateSupportServices_NursingandMidwiferyRegistered_TrustwideSchemes,01/08/2022,0,3,
BankNurses75450_CorporateSupportServices_NursingandMidwiferyRegistered_TrustwideSchemes,01/09/2022,0,5,
BankNurses75450_CorporateSupportServices_NursingandMidwiferyRegistered_TrustwideSchemes,01/10/2022,0,1,
BankNurses75450_CorporateSupportServices_NursingandMidwiferyRegistered_TrustwideSchemes,01/11/2022,0,5,
BankNurses75450_CorporateSupportServices_NursingandMidwiferyRegistered_TrustwideSchemes,01/12/2022,0,2,
BankNurses75450_CorporateSupportServices_NursingandMidwiferyRegistered_TrustwideSchemes,01/01/2023,0,7,
BankNurses75450_CorporateSupportServices_NursingandMidwiferyRegistered_TrustwideSchemes,01/02/2023,0,3,
BankNurses75450_CorporateSupportServices_NursingandMidwiferyRegistered_TrustwideSchemes,01/03/2023,0,6,
BankNurses75450_CorporateSupportServices_NursingandMidwiferyRegistered_TrustwideSchemes,01/04/2023,0,8,
BankNurses75450_CorporateSupportServices_NursingandMidwiferyRegistered_TrustwideSchemes,01/05/2023,0,6,
BankNurses75450_CorporateSupportServices_NursingandMidwiferyRegistered_TrustwideSchemes,01/06/2023,0,1,
BankNurses75450_CorporateSupportServices_NursingandMidwiferyRegistered_TrustwideSchemes,01/07/2023,0,5,
BankNurses75450_CorporateSupportServices_NursingandMidwiferyRegistered_TrustwideSchemes,01/08/2023,0,4,
BankNurses75450_CorporateSupportServices_NursingandMidwiferyRegistered_TrustwideSchemes,01/09/2023,0,1,
BankNurses75450_CorporateSupportServices_NursingandMidwiferyRegistered_TrustwideSchemes,01/10/2023,0,1,
BankNurses75450_CorporateSupportServices_NursingandMidwiferyRegistered_TrustwideSchemes,01/11/2023,0,3,
BankNurses75450_CorporateSupportServices_NursingandMidwiferyRegistered_TrustwideSchemes,01/01/2024,0,2,
BankNurses75450_CorporateSupportServices_NursingandMidwiferyRegistered_TrustwideSchemes,01/03/2024,0,2,
BankNurses75450_CorporateSupportServices_NursingandMidwiferyRegistered_TrustwideSchemes,01/04/2024,10,3,
BankNurses75450_CorporateSupportServices_NursingandMidwiferyRegistered_TrustwideSchemes,01/05/2024,10,0,
BankNurses75450_CorporateSupportServices_NursingandMidwiferyRegistered_TrustwideSchemes,01/06/2024,5,2,
BankNurses75450_CorporateSupportServices_NursingandMidwiferyRegistered_TrustwideSchemes,01/07/2024,11,1,
BankNurses75450_CorporateSupportServices_NursingandMidwiferyRegistered_TrustwideSchemes,01/08/2024,3,2,
BankNurses75450_CorporateSupportServices_NursingandMidwiferyRegistered_TrustwideSchemes,01/09/2024,9,4,
BankNurses75450_CorporateSupportServices_NursingandMidwiferyRegistered_TrustwideSchemes,01/10/2024,7,2,
BankNurses75450_CorporateSupportServices_NursingandMidwiferyRegistered_TrustwideSchemes,01/11/2024,6,0,
BankNurses75450_CorporateSupportServices_NursingandMidwiferyRegistered_TrustwideSchemes,01/12/2024,6,1,
BankNurses75450_CorporateSupportServices_NursingandMidwiferyRegistered_TrustwideSchemes,01/01/2025,3,0,
BankNurses75450_CorporateSupportServices_NursingandMidwiferyRegistered_TrustwideSchemes,01/02/2025,5,0,
BankNurses75450_CorporateSupportServices_NursingandMidwiferyRegistered_TrustwideSchemes,01/03/2025,8,0,
BankNurses75450_CorporateSupportServices_NursingandMidwiferyRegistered_TrustwideSchemes,01/04/2025,29,0,
BankNurses75450_CorporateSupportServices_Students_TrustwideSchemes,01/03/2025,1,0,
BariatricSurgeryMedStf10004_SurgicalServices_AddProfScientificandTechnic_Bariatrics,01/04/2023,0,1,
BariatricSurgeryMedStf10004_SurgicalServices_AlliedHealthProfessionals_Bariatrics,01/07/2021,0,1,
BariatricSurgeryMedStf10004_SurgicalServices_AlliedHealthProfessionals_Bariatrics,01/09/2023,0,1,
BariatricSurgeryMedStf10004_SurgicalServices_AlliedHealthProfessionals_Bariatrics,01/09/2024,1,0,
BariatricSurgeryMedStf10004_SurgicalServices_AlliedHealthProfessionals_Bariatrics,01/11/2024,0,1,
BariatricSurgeryMedStf10004_SurgicalServices_MedicalandDental_Bariatrics,01/10/2021,0,1,
BariatricSurgeryMedStf10004_SurgicalServices_MedicalandDental_Bariatrics,01/08/2023,0,1,
BariatricSurgeryMedStf10004_SurgicalServices_MedicalandDental_Bariatrics,01/10/2024,0,1,
BariatricSurgeryMedStf10004_SurgicalServices_NursingandMidwiferyRegistered_Bariatrics,01/12/2024,1,0,
BariatricSurgeryMedStf10004_SurgicalServices_NursingandMidwiferyRegistered_Bariatrics,01/03/2025,0,1,
BeaconDayWard33200_ClinicalSupportandCancerServices_AdditionalClinicalServices_Haematology,01/12/2021,0,1,
BeaconDayWard33200_ClinicalSupportandCancerServices_AdditionalClinicalServices_Haematology,01/03/2022,0,1,
BeaconDayWard33200_ClinicalSupportandCancerServices_AdditionalClinicalServices_Haematology,01/05/2022,0,1,
BeaconDayWard33200_ClinicalSupportandCancerServices_AdditionalClinicalServices_Haematology,01/07/2022,0,1,
BeaconDayWard33200_ClinicalSupportandCancerServices_AdditionalClinicalServices_Haematology,01/11/2022,0,1,
BeaconDayWard33200_ClinicalSupportandCancerServices_AdditionalClinicalServices_Haematology,01/12/2022,0,1,
BeaconDayWard33200_ClinicalSupportandCancerServices_AdditionalClinicalServices_Haematology,01/02/2023,0,1,
BeaconDayWard33200_ClinicalSupportandCancerServices_AdditionalClinicalServices_Haematology,01/06/2023,0,1,
BeaconDayWard33200_ClinicalSupportandCancerServices_AdditionalClinicalServices_Haematology,01/08/2024,2,0,
BeaconDayWard33200_ClinicalSupportandCancerServices_AdditionalClinicalServices_Haematology,01/09/2024,0,1,
BeaconDayWard33200_ClinicalSupportandCancerServices_AdditionalClinicalServices_Haematology,01/02/2025,1,0,
BeaconDayWard33200_ClinicalSupportandCancerServices_AdditionalClinicalServices_Haematology,01/04/2025,0,1,
BeaconDayWard33200_ClinicalSupportandCancerServices_NursingandMidwiferyRegistered_Haematology,01/08/2021,0,1,
BeaconDayWard33200_ClinicalSupportandCancerServices_NursingandMidwiferyRegistered_Haematology,01/01/2023,0,1,
BeaconDayWard33200_ClinicalSupportandCancerServices_NursingandMidwiferyRegistered_Haematology,01/03/2023,0,1,
BeaconDayWard33200_ClinicalSupportandCancerServices_NursingandMidwiferyRegistered_Haematology,01/05/2023,0,1,
BeaconDayWard33200_ClinicalSupportandCancerServices_NursingandMidwiferyRegistered_Haematology,01/04/2024,0,1,
BeaconInpatientWard34100_ClinicalSupportandCancerServices_AdditionalClinicalServices_Oncology,01/07/2023,0,1,
BeaconInpatientWard34100_ClinicalSupportandCancerServices_AdditionalClinicalServices_Oncology,01/03/2025,1,0,
BeaconInpatientWard34100_ClinicalSupportandCancerServices_AdministrativeandClerical_Oncology,01/11/2021,0,1,
BeaconInpatientWard34100_ClinicalSupportandCancerServices_AdministrativeandClerical_Oncology,01/01/2024,0,1,
BeaconInpatientWard34100_ClinicalSupportandCancerServices_NursingandMidwiferyRegistered_Oncology,01/07/2021,0,1,
BeaconInpatientWard34100_ClinicalSupportandCancerServices_NursingandMidwiferyRegistered_Oncology,01/10/2024,1,0,
BeaconInpatientWard34100_ClinicalSupportandCancerServices_NursingandMidwiferyRegistered_Oncology,01/02/2025,0,1,
BeaconPhysicists34300_ClinicalSupportandCancerServices_AdministrativeandClerical_Oncology,01/12/2024,0,1,
BeaconPhysicists34300_ClinicalSupportandCancerServices_HealthcareScientists_Oncology,01/09/2022,0,1,
BeaconPhysicists34300_ClinicalSupportandCancerServices_HealthcareScientists_Oncology,01/09/2023,0,1,
BeaconPhysicists34300_ClinicalSupportandCancerServices_HealthcareScientists_Oncology,01/10/2023,0,1,
BeaconPhysicists34300_ClinicalSupportandCancerServices_HealthcareScientists_Oncology,01/04/2024,0,2,
BeaconPhysicists34300_ClinicalSupportandCancerServices_HealthcareScientists_Oncology,01/09/2024,0,2,
BeaconPhysicists34300_ClinicalSupportandCancerServices_HealthcareScientists_Oncology,01/03/2025,1,0,
BeaconRadiotherapy34200_ClinicalSupportandCancerServices_AdditionalClinicalServices_Oncology,01/08/2021,0,2,
BeaconRadiotherapy34200_ClinicalSupportandCancerServices_AdditionalClinicalServices_Oncology,01/03/2022,0,2,
BeaconRadiotherapy34200_ClinicalSupportandCancerServices_AdditionalClinicalServices_Oncology,01/07/2023,0,3,
BeaconRadiotherapy34200_ClinicalSupportandCancerServices_AdditionalClinicalServices_Oncology,01/10/2023,0,1,
BeaconRadiotherapy34200_ClinicalSupportandCancerServices_AdditionalClinicalServices_Oncology,01/02/2024,0,1,
BeaconRadiotherapy34200_ClinicalSupportandCancerServices_AdditionalClinicalServices_Oncology,01/05/2024,0,1,
BeaconRadiotherapy34200_ClinicalSupportandCancerServices_AdditionalClinicalServices_Oncology,01/06/2024,1,1,
BeaconRadiotherapy34200_ClinicalSupportandCancerServices_AdditionalClinicalServices_Oncology,01/09/2024,1,0,
BeaconRadiotherapy34200_ClinicalSupportandCancerServices_AdditionalClinicalServices_Oncology,01/03/2025,1,2,
BeaconRadiotherapy34200_ClinicalSupportandCancerServices_AlliedHealthProfessionals_Oncology,01/08/2022,0,2,
BeaconRadiotherapy34200_ClinicalSupportandCancerServices_AlliedHealthProfessionals_Oncology,01/01/2023,0,1,
BeaconRadiotherapy34200_ClinicalSupportandCancerServices_AlliedHealthProfessionals_Oncology,01/05/2023,0,3,
BeaconRadiotherapy34200_ClinicalSupportandCancerServices_AlliedHealthProfessionals_Oncology,01/09/2023,0,2,
BeaconRadiotherapy34200_ClinicalSupportandCancerServices_AlliedHealthProfessionals_Oncology,01/10/2023,0,3,
BeaconRadiotherapy34200_ClinicalSupportandCancerServices_AlliedHealthProfessionals_Oncology,01/01/2024,0,1,
BeaconRadiotherapy34200_ClinicalSupportandCancerServices_AlliedHealthProfessionals_Oncology,01/03/2024,0,1,
BeaconRadiotherapy34200_ClinicalSupportandCancerServices_AlliedHealthProfessionals_Oncology,01/09/2024,1,0,
BeaconRadiotherapy34200_ClinicalSupportandCancerServices_AlliedHealthProfessionals_Oncology,01/11/2024,0,1,
BedHub65802_NeighbourhoodServices_NursingandMidwiferyRegistered_IntermediateCareDEPT,01/07/2022,0,1,
Bereavement/M.E.Os35630_ClinicalSupportandCancerServices_AdministrativeandClerical_OtherHOPEandPalliativeCare,01/01/2022,0,1,
BlakeWard12010_SurgicalServices_AdditionalClinicalServices_Head&Neck,01/12/2021,0,1,
BlakeWard12010_SurgicalServices_AdditionalClinicalServices_Head&Neck,01/02/2022,0,1,
BlakeWard12010_SurgicalServices_AdditionalClinicalServices_Head&Neck,01/06/2022,0,1,
BlakeWard12010_SurgicalServices_AdditionalClinicalServices_Head&Neck,01/09/2023,0,1,
BlakeWard12010_SurgicalServices_AdministrativeandClerical_Head&Neck,01/04/2024,1,1,
BowelCancerScreening13003_SurgicalServices_AdministrativeandClerical_Endoscopy,01/02/2024,0,1,
BowelCancerScreening13003_SurgicalServices_AdministrativeandClerical_Endoscopy,01/09/2024,1,0,
BowelCancerScreening13003_SurgicalServices_NursingandMidwiferyRegistered_Endoscopy,01/07/2023,0,1,
BowelCancerScreening13003_SurgicalServices_NursingandMidwiferyRegistered_Endoscopy,01/06/2024,1,0,
BrackenOlderPeopleTeam61102_NeighbourhoodServices_AdditionalClinicalServices_IntegratedTeamSouthSom,01/11/2021,0,1,
BrackenOlderPeopleTeam61102_NeighbourhoodServices_AdditionalClinicalServices_IntegratedTeamSouthSom,01/01/2022,0,1,
BrackenOlderPeopleTeam61102_NeighbourhoodServices_AdditionalClinicalServices_IntegratedTeamSouthSom,01/05/2022,0,1,
BreastCare75792_SurgicalServices_NursingandMidwiferyRegistered_Breast,01/09/2022,0,1,
BreastCareCentre16001_SurgicalServices_AdditionalClinicalServices_Breast,01/09/2023,0,1,
BreastCareCentre16001_SurgicalServices_AdditionalClinicalServices_Breast,01/06/2024,1,0,
BreastCareCentre16001_SurgicalServices_AdministrativeandClerical_Breast,01/06/2022,0,1,
BreastCareCentre16001_SurgicalServices_AdministrativeandClerical_Breast,01/01/2023,0,1,
BreastCareCentre16001_SurgicalServices_AlliedHealthProfessionals_Breast,01/09/2021,0,3,
BreastCareCentre16001_SurgicalServices_AlliedHealthProfessionals_Breast,01/10/2021,0,1,
BreastCareCentre16001_SurgicalServices_AlliedHealthProfessionals_Breast,01/12/2021,0,1,
BreastCareCentre16001_SurgicalServices_AlliedHealthProfessionals_Breast,01/01/2023,0,1,
BreastCareCentre16001_SurgicalServices_MedicalandDental_Breast,01/08/2021,0,1,
BreastCareCentre16001_SurgicalServices_MedicalandDental_Breast,01/08/2022,0,1,
BreastCareCentre16001_SurgicalServices_MedicalandDental_Breast,01/09/2022,0,1,
BreastCareCentre16001_SurgicalServices_MedicalandDental_Breast,01/08/2023,0,2,
BreastCareCentre16001_SurgicalServices_MedicalandDental_Breast,01/08/2024,0,1,
BreastCareCentre16001_SurgicalServices_NursingandMidwiferyRegistered_Breast,01/07/2021,0,1,
BreastCareCentre16001_SurgicalServices_NursingandMidwiferyRegistered_Breast,01/04/2023,0,1,
BreastCareCentre16001_SurgicalServices_NursingandMidwiferyRegistered_Breast,01/07/2023,0,1,
BreastCareCentre16001_SurgicalServices_NursingandMidwiferyRegistered_Breast,01/01/2024,0,1,
BreastCareNursing16010_SurgicalServices_AdditionalClinicalServices_Breast,01/04/2025,1,0,
BreastCareNursing16010_SurgicalServices_NursingandMidwiferyRegistered_Breast,01/08/2024,0,1,
BreastCareNursing16010_SurgicalServices_NursingandMidwiferyRegistered_Breast,01/04/2025,1,0,
BridgeReception51280_MentalHealthandLearningDisabilities_AdministrativeandClerical_CMHSEast,01/01/2022,0,1,
BridgeReception51280_MentalHealthandLearningDisabilities_AdministrativeandClerical_CMHSEast,01/04/2022,0,1,
BridgeReception51280_MentalHealthandLearningDisabilities_AdministrativeandClerical_CMHSEast,01/05/2022,0,1,
BridgeReception51280_MentalHealthandLearningDisabilities_AdministrativeandClerical_CMHSEast,01/07/2022,0,2,
BridgeReception51280_MentalHealthandLearningDisabilities_AdministrativeandClerical_CMHSEast,01/09/2022,0,2,
BridgeReception51280_MentalHealthandLearningDisabilities_AdministrativeandClerical_CMHSEast,01/10/2022,0,1,
BridgeReception51280_MentalHealthandLearningDisabilities_AdministrativeandClerical_CMHSEast,01/01/2023,0,1,
BridgeReception51280_MentalHealthandLearningDisabilities_AdministrativeandClerical_CMHSEast,01/03/2023,0,2,
BridgeReception51280_MentalHealthandLearningDisabilities_AdministrativeandClerical_CMHSEast,01/07/2023,0,1,
BridgeReception51280_MentalHealthandLearningDisabilities_AdministrativeandClerical_CMHSEast,01/09/2023,0,2,
BridgeReception51280_MentalHealthandLearningDisabilities_AdministrativeandClerical_CMHSEast,01/11/2023,0,1,
BridgeReception51280_MentalHealthandLearningDisabilities_AdministrativeandClerical_CMHSEast,01/02/2024,0,1,
BridgeReception51280_MentalHealthandLearningDisabilities_AdministrativeandClerical_CMHSEast,01/05/2024,1,0,
BridgeReception51280_MentalHealthandLearningDisabilities_AdministrativeandClerical_CMHSEast,01/07/2024,0,1,
BridgeReception51280_MentalHealthandLearningDisabilities_AdministrativeandClerical_CMHSEast,01/08/2024,1,0,
BridgeReception51280_MentalHealthandLearningDisabilities_AdministrativeandClerical_CMHSEast,01/03/2025,1,0,
BridgwaterAdministration21500_NeighbourhoodServices_AdministrativeandClerical_BridgwaterCommunityHospital,01/06/2023,0,2,
BridgwaterAdministration21500_NeighbourhoodServices_AdministrativeandClerical_BridgwaterCommunityHospital,01/07/2023,0,2,
BridgwaterAdministration21500_NeighbourhoodServices_AdministrativeandClerical_BridgwaterCommunityHospital,01/09/2023,0,1,
BridgwaterAdministration21500_NeighbourhoodServices_AdministrativeandClerical_BridgwaterCommunityHospital,01/10/2023,0,1,
BridgwaterAdministration21500_NeighbourhoodServices_AdministrativeandClerical_BridgwaterCommunityHospital,01/03/2025,1,0,
BridgwaterAdministration21500_NeighbourhoodServices_NursingandMidwiferyRegistered_BridgwaterCommunityHospital,01/07/2023,0,1,
BridgwaterAssertiveOutreachTeam51101_MentalHealthandLearningDisabilities_AddProfScientificandTechnic_AOTWest,01/11/2022,0,1,
BridgwaterAssertiveOutreachTeam51101_MentalHealthandLearningDisabilities_AdditionalClinicalServices_AOTWest,01/07/2021,0,1,
BridgwaterAssertiveOutreachTeam51101_MentalHealthandLearningDisabilities_AdditionalClinicalServices_AOTWest,01/03/2025,0,1,
BridgwaterCMHTeam51111_MentalHealthandLearningDisabilities_AddProfScientificandTechnic_CMHSWest,01/08/2022,0,2,
BridgwaterCMHTeam51111_MentalHealthandLearningDisabilities_AddProfScientificandTechnic_CMHSWest,01/08/2023,0,1,
BridgwaterCMHTeam51111_MentalHealthandLearningDisabilities_AdditionalClinicalServices_CMHSWest,01/08/2022,0,1,
BridgwaterCMHTeam51111_MentalHealthandLearningDisabilities_AdditionalClinicalServices_CMHSWest,01/09/2022,0,2,
BridgwaterCMHTeam51111_MentalHealthandLearningDisabilities_AdditionalClinicalServices_CMHSWest,01/10/2022,0,1,
BridgwaterCMHTeam51111_MentalHealthandLearningDisabilities_AdditionalClinicalServices_CMHSWest,01/02/2023,0,1,
BridgwaterCMHTeam51111_MentalHealthandLearningDisabilities_AdditionalClinicalServices_CMHSWest,01/02/2024,0,2,
BridgwaterCMHTeam51111_MentalHealthandLearningDisabilities_AdditionalClinicalServices_CMHSWest,01/08/2024,1,0,
BridgwaterCMHTeam51111_MentalHealthandLearningDisabilities_AdditionalClinicalServices_CMHSWest,01/11/2024,1,0,
BridgwaterCMHTeam51111_MentalHealthandLearningDisabilities_AdditionalClinicalServices_CMHSWest,01/01/2025,1,0,
BridgwaterCMHTeam51111_MentalHealthandLearningDisabilities_AdministrativeandClerical_CMHSWest,01/06/2022,0,1,
BridgwaterCMHTeam51111_MentalHealthandLearningDisabilities_AdministrativeandClerical_CMHSWest,01/10/2022,0,1,
BridgwaterCMHTeam51111_MentalHealthandLearningDisabilities_AdministrativeandClerical_CMHSWest,01/03/2024,0,1,
BridgwaterCMHTeam51111_MentalHealthandLearningDisabilities_AdministrativeandClerical_CMHSWest,01/04/2024,0,1,
BridgwaterCMHTeam51111_MentalHealthandLearningDisabilities_AdministrativeandClerical_CMHSWest,01/08/2024,1,1,
BridgwaterCMHTeam51111_MentalHealthandLearningDisabilities_AdministrativeandClerical_CMHSWest,01/11/2024,1,0,
BridgwaterCMHTeam51111_MentalHealthandLearningDisabilities_AdministrativeandClerical_CMHSWest,01/01/2025,1,1,
BridgwaterCMHTeam51111_MentalHealthandLearningDisabilities_AdministrativeandClerical_CMHSWest,01/03/2025,1,0,
BridgwaterCMHTeam51111_MentalHealthandLearningDisabilities_NursingandMidwiferyRegistered_CMHSWest,01/06/2022,0,1,
BridgwaterCMHTeam51111_MentalHealthandLearningDisabilities_NursingandMidwiferyRegistered_CMHSWest,01/04/2023,0,1,
BridgwaterCMHTeam51111_MentalHealthandLearningDisabilities_NursingandMidwiferyRegistered_CMHSWest,01/05/2023,0,1,
BridgwaterCMHTeam51111_MentalHealthandLearningDisabilities_NursingandMidwiferyRegistered_CMHSWest,01/09/2024,1,0,
BridgwaterCMHTeam51111_MentalHealthandLearningDisabilities_NursingandMidwiferyRegistered_CMHSWest,01/12/2024,1,0,
BridgwaterCMHTeam51111_MentalHealthandLearningDisabilities_NursingandMidwiferyRegistered_CMHSWest,01/04/2025,1,0,
BridgwaterCatering21501_CorporateSupportServices_EstatesandAncillary_EstatesandFacilities-SFT,01/01/2024,0,1,
BridgwaterCatering21501_CorporateSupportServices_EstatesandAncillary_EstatesandFacilities-SFT,01/03/2025,2,0,
BridgwaterCrisisResolutionTeam52100_MentalHealthandLearningDisabilities_AdditionalClinicalServices_UrgentCare&ForensicServs,01/11/2021,0,1,
BridgwaterCrisisResolutionTeam52100_MentalHealthandLearningDisabilities_AdditionalClinicalServices_UrgentCare&ForensicServs,01/12/2022,0,1,
BridgwaterCrisisResolutionTeam52100_MentalHealthandLearningDisabilities_AdditionalClinicalServices_UrgentCare&ForensicServs,01/02/2023,0,1,
BridgwaterCrisisResolutionTeam52100_MentalHealthandLearningDisabilities_NursingandMidwiferyRegistered_UrgentCare&ForensicServs,01/11/2022,0,1,
BridgwaterCrisisResolutionTeam52100_MentalHealthandLearningDisabilities_NursingandMidwiferyRegistered_UrgentCare&ForensicServs,01/04/2024,1,0,
BridgwaterCrisisResolutionTeam52100_MentalHealthandLearningDisabilities_NursingandMidwiferyRegistered_UrgentCare&ForensicServs,01/06/2024,2,0,
BridgwaterHotelServices21502_CorporateSupportServices_EstatesandAncillary_EstatesandFacilities-SFT,01/08/2021,0,3,
BridgwaterHotelServices21502_CorporateSupportServices_EstatesandAncillary_EstatesandFacilities-SFT,01/09/2021,0,1,
BridgwaterHotelServices21502_CorporateSupportServices_EstatesandAncillary_EstatesandFacilities-SFT,01/11/2021,0,1,
BridgwaterHotelServices21502_CorporateSupportServices_EstatesandAncillary_EstatesandFacilities-SFT,01/05/2022,0,1,
BridgwaterHotelServices21502_CorporateSupportServices_EstatesandAncillary_EstatesandFacilities-SFT,01/03/2023,0,1,
BridgwaterHotelServices21502_CorporateSupportServices_EstatesandAncillary_EstatesandFacilities-SFT,01/04/2023,0,3,
BridgwaterHotelServices21502_CorporateSupportServices_EstatesandAncillary_EstatesandFacilities-SFT,01/06/2023,0,1,
BridgwaterHotelServices21502_CorporateSupportServices_EstatesandAncillary_EstatesandFacilities-SFT,01/08/2023,0,1,
BridgwaterHotelServices21502_CorporateSupportServices_EstatesandAncillary_EstatesandFacilities-SFT,01/10/2023,0,2,
BridgwaterHotelServices21502_CorporateSupportServices_EstatesandAncillary_EstatesandFacilities-SFT,01/04/2024,0,1,
BridgwaterHotelServices21502_CorporateSupportServices_EstatesandAncillary_EstatesandFacilities-SFT,01/05/2024,1,0,
BridgwaterHotelServices21502_CorporateSupportServices_EstatesandAncillary_EstatesandFacilities-SFT,01/07/2024,2,0,
BridgwaterHotelServices21502_CorporateSupportServices_EstatesandAncillary_EstatesandFacilities-SFT,01/08/2024,0,1,
BridgwaterHotelServices21502_CorporateSupportServices_EstatesandAncillary_EstatesandFacilities-SFT,01/09/2024,0,1,
BridgwaterHotelServices21502_CorporateSupportServices_EstatesandAncillary_EstatesandFacilities-SFT,01/10/2024,2,1,
BridgwaterHotelServices21502_CorporateSupportServices_EstatesandAncillary_EstatesandFacilities-SFT,01/11/2024,2,1,
BridgwaterHotelServices21502_CorporateSupportServices_EstatesandAncillary_EstatesandFacilities-SFT,01/12/2024,0,1,
BridgwaterHotelServices21502_CorporateSupportServices_EstatesandAncillary_EstatesandFacilities-SFT,01/01/2025,1,0,
BridgwaterHotelServices21502_CorporateSupportServices_EstatesandAncillary_EstatesandFacilities-SFT,01/02/2025,1,0,
BridgwaterHotelServices21502_CorporateSupportServices_EstatesandAncillary_EstatesandFacilities-SFT,01/04/2025,1,1,
BridgwaterIntegratedRehabilitationTeam61002_NeighbourhoodServices_AlliedHealthProfessionals_IntegratedTeamBridgwaterDEPT,01/09/2021,0,1,
BridgwaterMIU20027_NeighbourhoodServices_AlliedHealthProfessionals_MinorInjuryDEPT,01/04/2025,1,0,
BridgwaterMIU20027_NeighbourhoodServices_MedicalandDental_MinorInjuryDEPT,01/01/2025,1,0,
BridgwaterMIU20027_NeighbourhoodServices_MedicalandDental_MinorInjuryDEPT,01/02/2025,0,1,
BridgwaterMIU20027_NeighbourhoodServices_NursingandMidwiferyRegistered_MinorInjuryDEPT,01/07/2021,0,2,
BridgwaterMIU20027_NeighbourhoodServices_NursingandMidwiferyRegistered_MinorInjuryDEPT,01/05/2022,0,1,
BridgwaterMIU20027_NeighbourhoodServices_NursingandMidwiferyRegistered_MinorInjuryDEPT,01/08/2022,0,1,
BridgwaterMIU20027_NeighbourhoodServices_NursingandMidwiferyRegistered_MinorInjuryDEPT,01/02/2023,0,1,
BridgwaterMIU20027_NeighbourhoodServices_NursingandMidwiferyRegistered_MinorInjuryDEPT,01/06/2023,0,1,
BridgwaterMIU20027_NeighbourhoodServices_NursingandMidwiferyRegistered_MinorInjuryDEPT,01/08/2023,0,1,
BridgwaterMIU20027_NeighbourhoodServices_NursingandMidwiferyRegistered_MinorInjuryDEPT,01/09/2023,0,2,
BridgwaterMIU20027_NeighbourhoodServices_NursingandMidwiferyRegistered_MinorInjuryDEPT,01/10/2023,0,1,
BridgwaterMIU20027_NeighbourhoodServices_NursingandMidwiferyRegistered_MinorInjuryDEPT,01/01/2024,0,1,
BridgwaterMIU20027_NeighbourhoodServices_NursingandMidwiferyRegistered_MinorInjuryDEPT,01/02/2024,0,1,
BridgwaterMIU20027_NeighbourhoodServices_NursingandMidwiferyRegistered_MinorInjuryDEPT,01/04/2024,1,1,
BridgwaterMIU20027_NeighbourhoodServices_NursingandMidwiferyRegistered_MinorInjuryDEPT,01/05/2024,0,1,
BridgwaterMIU20027_NeighbourhoodServices_NursingandMidwiferyRegistered_MinorInjuryDEPT,01/09/2024,1,0,
BridgwaterMIU20027_NeighbourhoodServices_NursingandMidwiferyRegistered_MinorInjuryDEPT,01/10/2024,1,0,
BridgwaterMIU20027_NeighbourhoodServices_NursingandMidwiferyRegistered_MinorInjuryDEPT,01/12/2024,1,0,
BridgwaterMIU20027_NeighbourhoodServices_NursingandMidwiferyRegistered_MinorInjuryDEPT,01/03/2025,1,0,
BridgwaterMedical21504_NeighbourhoodServices_MedicalandDental_BridgwaterCommunityHospital,01/09/2023,0,2,
BridgwaterMedical21504_NeighbourhoodServices_MedicalandDental_BridgwaterCommunityHospital,01/08/2024,0,1,
BridgwaterMedical21504_NeighbourhoodServices_MedicalandDental_BridgwaterCommunityHospital,01/09/2024,0,1,
BridgwaterOPD21400_NeighbourhoodServices_AdditionalClinicalServices_BridgwaterCommunityHospital,01/10/2021,0,1,
BridgwaterOPD21400_NeighbourhoodServices_AdditionalClinicalServices_BridgwaterCommunityHospital,01/04/2022,0,1,
BridgwaterOPD21400_NeighbourhoodServices_AdditionalClinicalServices_BridgwaterCommunityHospital,01/10/2022,0,1,
BridgwaterOPD21400_NeighbourhoodServices_AdditionalClinicalServices_BridgwaterCommunityHospital,01/01/2023,0,1,
BridgwaterOPD21400_NeighbourhoodServices_AdditionalClinicalServices_BridgwaterCommunityHospital,01/02/2024,0,1,
BridgwaterOPD21400_NeighbourhoodServices_AdditionalClinicalServices_BridgwaterCommunityHospital,01/04/2024,1,0,
BridgwaterOPD21400_NeighbourhoodServices_AdditionalClinicalServices_BridgwaterCommunityHospital,01/08/2024,0,1,
BridgwaterOPD21400_NeighbourhoodServices_AdditionalClinicalServices_BridgwaterCommunityHospital,01/09/2024,1,0,
BridgwaterOPD21400_NeighbourhoodServices_AdditionalClinicalServices_BridgwaterCommunityHospital,01/10/2024,1,0,
BridgwaterOPD21400_NeighbourhoodServices_AdditionalClinicalServices_BridgwaterCommunityHospital,01/02/2025,1,0,
BridgwaterOPD21400_NeighbourhoodServices_AdministrativeandClerical_BridgwaterCommunityHospital,01/09/2022,0,2,
BridgwaterOPD21400_NeighbourhoodServices_AdministrativeandClerical_BridgwaterCommunityHospital,01/12/2022,0,2,
BridgwaterOPD21400_NeighbourhoodServices_AdministrativeandClerical_BridgwaterCommunityHospital,01/04/2023,0,1,
BridgwaterOPD21400_NeighbourhoodServices_AdministrativeandClerical_BridgwaterCommunityHospital,01/07/2023,0,3,
BridgwaterOPD21400_NeighbourhoodServices_AdministrativeandClerical_BridgwaterCommunityHospital,01/06/2024,1,0,
BridgwaterOPD21400_NeighbourhoodServices_AdministrativeandClerical_BridgwaterCommunityHospital,01/08/2024,1,0,
BridgwaterOPMH61004_NeighbourhoodServices_AdditionalClinicalServices_IntegratedTeamBridgwaterDEPT,01/09/2021,0,1,
BridgwaterOPMH61004_NeighbourhoodServices_NursingandMidwiferyRegistered_IntegratedTeamBridgwaterDEPT,01/08/2021,0,1,
BridgwaterOPMH61004_NeighbourhoodServices_NursingandMidwiferyRegistered_IntegratedTeamBridgwaterDEPT,01/03/2022,0,1,
BridgwaterWards21503_NeighbourhoodServices_AdditionalClinicalServices_BridgwaterCommunityHospital,01/05/2021,0,2,
BridgwaterWards21503_NeighbourhoodServices_AdditionalClinicalServices_BridgwaterCommunityHospital,01/06/2021,0,1,
BridgwaterWards21503_NeighbourhoodServices_AdditionalClinicalServices_BridgwaterCommunityHospital,01/07/2021,0,4,
BridgwaterWards21503_NeighbourhoodServices_AdditionalClinicalServices_BridgwaterCommunityHospital,01/08/2021,0,1,
BridgwaterWards21503_NeighbourhoodServices_AdditionalClinicalServices_BridgwaterCommunityHospital,01/01/2022,0,2,
BridgwaterWards21503_NeighbourhoodServices_AdditionalClinicalServices_BridgwaterCommunityHospital,01/02/2022,0,2,
BridgwaterWards21503_NeighbourhoodServices_AdditionalClinicalServices_BridgwaterCommunityHospital,01/03/2022,0,2,
BridgwaterWards21503_NeighbourhoodServices_AdditionalClinicalServices_BridgwaterCommunityHospital,01/04/2022,0,1,
BridgwaterWards21503_NeighbourhoodServices_AdditionalClinicalServices_BridgwaterCommunityHospital,01/05/2022,0,1,
BridgwaterWards21503_NeighbourhoodServices_AdditionalClinicalServices_BridgwaterCommunityHospital,01/06/2022,0,1,
BridgwaterWards21503_NeighbourhoodServices_AdditionalClinicalServices_BridgwaterCommunityHospital,01/07/2022,0,1,
BridgwaterWards21503_NeighbourhoodServices_AdditionalClinicalServices_BridgwaterCommunityHospital,01/10/2022,0,2,
BridgwaterWards21503_NeighbourhoodServices_AdditionalClinicalServices_BridgwaterCommunityHospital,01/12/2022,0,2,
BridgwaterWards21503_NeighbourhoodServices_AdditionalClinicalServices_BridgwaterCommunityHospital,01/01/2023,0,1,
BridgwaterWards21503_NeighbourhoodServices_AdditionalClinicalServices_BridgwaterCommunityHospital,01/03/2023,0,1,
BridgwaterWards21503_NeighbourhoodServices_AdditionalClinicalServices_BridgwaterCommunityHospital,01/06/2023,0,1,
BridgwaterWards21503_NeighbourhoodServices_AdditionalClinicalServices_BridgwaterCommunityHospital,01/02/2024,0,2,
BridgwaterWards21503_NeighbourhoodServices_AdditionalClinicalServices_BridgwaterCommunityHospital,01/03/2024,0,1,
BridgwaterWards21503_NeighbourhoodServices_AdditionalClinicalServices_BridgwaterCommunityHospital,01/04/2024,0,1,
BridgwaterWards21503_NeighbourhoodServices_AdditionalClinicalServices_BridgwaterCommunityHospital,01/05/2024,1,1,
BridgwaterWards21503_NeighbourhoodServices_AdditionalClinicalServices_BridgwaterCommunityHospital,01/08/2024,1,0,
BridgwaterWards21503_NeighbourhoodServices_AdditionalClinicalServices_BridgwaterCommunityHospital,01/10/2024,0,2,
BridgwaterWards21503_NeighbourhoodServices_AdditionalClinicalServices_BridgwaterCommunityHospital,01/11/2024,0,2,
BridgwaterWards21503_NeighbourhoodServices_AdditionalClinicalServices_BridgwaterCommunityHospital,01/02/2025,1,0,
BridgwaterWards21503_NeighbourhoodServices_AdditionalClinicalServices_BridgwaterCommunityHospital,01/04/2025,0,1,
BridgwaterWards21503_NeighbourhoodServices_AlliedHealthProfessionals_BridgwaterCommunityHospital,01/01/2023,0,1,
BridgwaterWards21503_NeighbourhoodServices_NursingandMidwiferyRegistered_BridgwaterCommunityHospital,01/02/2022,0,1,
BridgwaterWards21503_NeighbourhoodServices_NursingandMidwiferyRegistered_BridgwaterCommunityHospital,01/05/2023,0,2,
BridgwaterWards21503_NeighbourhoodServices_NursingandMidwiferyRegistered_BridgwaterCommunityHospital,01/04/2024,0,1,
BridgwaterWards21503_NeighbourhoodServices_NursingandMidwiferyRegistered_BridgwaterCommunityHospital,01/05/2024,1,0,
BridgwaterWards21503_NeighbourhoodServices_NursingandMidwiferyRegistered_BridgwaterCommunityHospital,01/06/2024,1,0,
BridgwaterWards21503_NeighbourhoodServices_NursingandMidwiferyRegistered_BridgwaterCommunityHospital,01/07/2024,1,0,
BridgwaterWards21503_NeighbourhoodServices_NursingandMidwiferyRegistered_BridgwaterCommunityHospital,01/01/2025,1,0,
BridgwaterWards21503_NeighbourhoodServices_NursingandMidwiferyRegistered_BridgwaterCommunityHospital,01/03/2025,1,0,
BroadwayCentral50102_MentalHealthandLearningDisabilities_EstatesandAncillary_InpatientsDEPT,01/08/2021,0,1,
BroadwayCentral50102_MentalHealthandLearningDisabilities_EstatesandAncillary_InpatientsDEPT,01/05/2022,0,1,
BroadwayCentral50102_MentalHealthandLearningDisabilities_EstatesandAncillary_InpatientsDEPT,01/09/2022,0,1,
BroadwayCentral50102_MentalHealthandLearningDisabilities_EstatesandAncillary_InpatientsDEPT,01/01/2023,0,1,
BroadwayCentral50102_MentalHealthandLearningDisabilities_EstatesandAncillary_InpatientsDEPT,01/03/2023,0,1,
BroadwayCentral50102_MentalHealthandLearningDisabilities_EstatesandAncillary_InpatientsDEPT,01/08/2023,0,1,
BroadwayCentral50102_MentalHealthandLearningDisabilities_EstatesandAncillary_InpatientsDEPT,01/12/2024,1,0,
BroadwayCentral50102_MentalHealthandLearningDisabilities_EstatesandAncillary_InpatientsDEPT,01/01/2025,1,1,
BurnhamAdministration21520_NeighbourhoodServices_AdministrativeandClerical_BurnhamonSeaCommHospital,01/06/2021,0,1,
BurnhamAdministration21520_NeighbourhoodServices_AdministrativeandClerical_BurnhamonSeaCommHospital,01/08/2021,0,1,
BurnhamAdministration21520_NeighbourhoodServices_AdministrativeandClerical_BurnhamonSeaCommHospital,01/04/2024,0,1,
BurnhamAdministration21520_NeighbourhoodServices_AdministrativeandClerical_BurnhamonSeaCommHospital,01/11/2024,1,0,
BurnhamAdministration21520_NeighbourhoodServices_NursingandMidwiferyRegistered_BurnhamonSeaCommHospital,01/05/2022,0,1,
BurnhamAdministration21520_NeighbourhoodServices_NursingandMidwiferyRegistered_BurnhamonSeaCommHospital,01/09/2024,1,0,
BurnhamHotelServices21522_CorporateSupportServices_EstatesandAncillary_EstatesandFacilities-SFT,01/06/2021,0,1,
BurnhamHotelServices21522_CorporateSupportServices_EstatesandAncillary_EstatesandFacilities-SFT,01/12/2021,0,2,
BurnhamHotelServices21522_CorporateSupportServices_EstatesandAncillary_EstatesandFacilities-SFT,01/02/2023,0,1,
BurnhamHotelServices21522_CorporateSupportServices_EstatesandAncillary_EstatesandFacilities-SFT,01/03/2023,0,2,
BurnhamHotelServices21522_CorporateSupportServices_EstatesandAncillary_EstatesandFacilities-SFT,01/04/2023,0,1,
BurnhamHotelServices21522_CorporateSupportServices_EstatesandAncillary_EstatesandFacilities-SFT,01/06/2023,0,2,
BurnhamHotelServices21522_CorporateSupportServices_EstatesandAncillary_EstatesandFacilities-SFT,01/07/2023,0,1,
BurnhamHotelServices21522_CorporateSupportServices_EstatesandAncillary_EstatesandFacilities-SFT,01/09/2023,0,1,
BurnhamHotelServices21522_CorporateSupportServices_EstatesandAncillary_EstatesandFacilities-SFT,01/11/2023,0,1,
BurnhamHotelServices21522_CorporateSupportServices_EstatesandAncillary_EstatesandFacilities-SFT,01/03/2024,0,1,
BurnhamHotelServices21522_CorporateSupportServices_EstatesandAncillary_EstatesandFacilities-SFT,01/07/2024,2,0,
BurnhamHotelServices21522_CorporateSupportServices_EstatesandAncillary_EstatesandFacilities-SFT,01/08/2024,0,1,
BurnhamHotelServices21522_CorporateSupportServices_EstatesandAncillary_EstatesandFacilities-SFT,01/09/2024,1,0,
BurnhamHotelServices21522_CorporateSupportServices_EstatesandAncillary_EstatesandFacilities-SFT,01/10/2024,1,1,
BurnhamHotelServices21522_CorporateSupportServices_EstatesandAncillary_EstatesandFacilities-SFT,01/01/2025,1,1,
BurnhamHotelServices21522_CorporateSupportServices_EstatesandAncillary_EstatesandFacilities-SFT,01/02/2025,1,0,
BurnhamHotelServices21522_CorporateSupportServices_EstatesandAncillary_EstatesandFacilities-SFT,01/03/2025,1,1,
BurnhamOPD21401_NeighbourhoodServices_AdditionalClinicalServices_BurnhamonSeaCommHospital,01/03/2022,0,1,
BurnhamOPD21401_NeighbourhoodServices_AdditionalClinicalServices_BurnhamonSeaCommHospital,01/04/2022,0,1,
BurnhamOPD21401_NeighbourhoodServices_AdditionalClinicalServices_BurnhamonSeaCommHospital,01/04/2023,0,1,
BurnhamOPD21401_NeighbourhoodServices_AdditionalClinicalServices_BurnhamonSeaCommHospital,01/12/2023,0,1,
BurnhamOPD21401_NeighbourhoodServices_AdditionalClinicalServices_BurnhamonSeaCommHospital,01/06/2024,1,0,
BurnhamOPD21401_NeighbourhoodServices_NursingandMidwiferyRegistered_BurnhamonSeaCommHospital,01/02/2024,0,1,
BurnhamWards21523_NeighbourhoodServices_AdditionalClinicalServices_BurnhamonSeaCommHospital,01/10/2021,0,1,
BurnhamWards21523_NeighbourhoodServices_AdditionalClinicalServices_BurnhamonSeaCommHospital,01/12/2021,0,1,
BurnhamWards21523_NeighbourhoodServices_AdditionalClinicalServices_BurnhamonSeaCommHospital,01/01/2022,0,1,
BurnhamWards21523_NeighbourhoodServices_AdditionalClinicalServices_BurnhamonSeaCommHospital,01/08/2022,0,1,
BurnhamWards21523_NeighbourhoodServices_AdditionalClinicalServices_BurnhamonSeaCommHospital,01/10/2022,0,3,
BurnhamWards21523_NeighbourhoodServices_AdditionalClinicalServices_BurnhamonSeaCommHospital,01/05/2024,1,0,
BurnhamWards21523_NeighbourhoodServices_AdditionalClinicalServices_BurnhamonSeaCommHospital,01/07/2024,0,1,
BurnhamWards21523_NeighbourhoodServices_AdditionalClinicalServices_BurnhamonSeaCommHospital,01/11/2024,1,1,
BurnhamWards21523_NeighbourhoodServices_AdditionalClinicalServices_BurnhamonSeaCommHospital,01/03/2025,0,1,
BurnhamWards21523_NeighbourhoodServices_AdditionalClinicalServices_BurnhamonSeaCommHospital,01/04/2025,1,1,
BurnhamWards21523_NeighbourhoodServices_NursingandMidwiferyRegistered_BurnhamonSeaCommHospital,01/11/2021,0,1,
BurnhamWards21523_NeighbourhoodServices_NursingandMidwiferyRegistered_BurnhamonSeaCommHospital,01/08/2022,0,1,
BurnhamWards21523_NeighbourhoodServices_NursingandMidwiferyRegistered_BurnhamonSeaCommHospital,01/12/2022,0,1,
BurnhamWards21523_NeighbourhoodServices_NursingandMidwiferyRegistered_BurnhamonSeaCommHospital,01/02/2023,0,1,
BurnhamWards21523_NeighbourhoodServices_NursingandMidwiferyRegistered_BurnhamonSeaCommHospital,01/12/2023,0,1,
BurnhamWards21523_NeighbourhoodServices_NursingandMidwiferyRegistered_BurnhamonSeaCommHospital,01/04/2024,1,0,
BurnhamWards21523_NeighbourhoodServices_NursingandMidwiferyRegistered_BurnhamonSeaCommHospital,01/05/2024,0,1,
BurnhamWards21523_NeighbourhoodServices_NursingandMidwiferyRegistered_BurnhamonSeaCommHospital,01/10/2024,1,0,
BurnhamWards21523_NeighbourhoodServices_NursingandMidwiferyRegistered_BurnhamonSeaCommHospital,01/02/2025,1,0,
CAMHS-Liaison40035_CYP&FamiliesServices_AddProfScientificandTechnic_Community&UrgentServices,01/03/2022,0,1,
CAMHS-Liaison40035_CYP&FamiliesServices_AddProfScientificandTechnic_Community&UrgentServices,01/11/2024,1,1,
CAMHS-Liaison40035_CYP&FamiliesServices_NursingandMidwiferyRegistered_Community&UrgentServices,01/08/2022,0,1,
CAMHS-LinkLD/A40065_CYP&FamiliesServices_AdditionalClinicalServices_Community&UrgentServices,01/08/2022,0,1,
CAMHS-LinkLD/A40065_CYP&FamiliesServices_AdditionalClinicalServices_Community&UrgentServices,01/11/2023,0,2,
CAMHS-LinkLD/A40065_CYP&FamiliesServices_AlliedHealthProfessionals_Community&UrgentServices,01/09/2024,0,1,
CAMHS-Tier2+40050_CYP&FamiliesServices_AddProfScientificandTechnic_EarlyIntervention&SpecSvs,01/06/2021,0,1,
CAMHS-Tier2+40050_CYP&FamiliesServices_AddProfScientificandTechnic_EarlyIntervention&SpecSvs,01/09/2021,0,1,
CAMHS-Tier2+40050_CYP&FamiliesServices_AddProfScientificandTechnic_EarlyIntervention&SpecSvs,01/04/2022,0,1,
CAMHS-Tier2+40050_CYP&FamiliesServices_AddProfScientificandTechnic_EarlyIntervention&SpecSvs,01/07/2022,0,1,
CAMHS-Tier2+40050_CYP&FamiliesServices_AddProfScientificandTechnic_EarlyIntervention&SpecSvs,01/09/2023,0,1,
CAMHSCommunityEatingDisorderTeam40080_CYP&FamiliesServices_AddProfScientificandTechnic_Community&UrgentServices,01/06/2023,0,1,
CAMHSCommunityEatingDisorderTeam40080_CYP&FamiliesServices_AddProfScientificandTechnic_Community&UrgentServices,01/05/2024,1,0,
CAMHSCommunityEatingDisorderTeam40080_CYP&FamiliesServices_AddProfScientificandTechnic_Community&UrgentServices,01/07/2024,1,0,
CAMHSCommunityEatingDisorderTeam40080_CYP&FamiliesServices_AddProfScientificandTechnic_Community&UrgentServices,01/08/2024,1,0,
CAMHSCommunityEatingDisorderTeam40080_CYP&FamiliesServices_AdditionalClinicalServices_Community&UrgentServices,01/03/2022,0,1,
CAMHSCommunityEatingDisorderTeam40080_CYP&FamiliesServices_AdditionalClinicalServices_Community&UrgentServices,01/02/2023,0,2,
CAMHSCommunityEatingDisorderTeam40080_CYP&FamiliesServices_AdditionalClinicalServices_Community&UrgentServices,01/05/2024,0,1,
CAMHSCommunityEatingDisorderTeam40080_CYP&FamiliesServices_AdditionalClinicalServices_Community&UrgentServices,01/11/2024,1,0,
CAMHSCommunityEatingDisorderTeam40080_CYP&FamiliesServices_AlliedHealthProfessionals_Community&UrgentServices,01/04/2025,1,0,
CAMHSEastTeam40010_CYP&FamiliesServices_AddProfScientificandTechnic_Community&UrgentServices,01/05/2021,0,1,
CAMHSEastTeam40010_CYP&FamiliesServices_AddProfScientificandTechnic_Community&UrgentServices,01/08/2021,0,1,
CAMHSEastTeam40010_CYP&FamiliesServices_AddProfScientificandTechnic_Community&UrgentServices,01/12/2022,0,1,
CAMHSEastTeam40010_CYP&FamiliesServices_AddProfScientificandTechnic_Community&UrgentServices,01/03/2023,0,1,
CAMHSEastTeam40010_CYP&FamiliesServices_AddProfScientificandTechnic_Community&UrgentServices,01/01/2024,0,1,
CAMHSEastTeam40010_CYP&FamiliesServices_AddProfScientificandTechnic_Community&UrgentServices,01/11/2024,0,1,
CAMHSEastTeam40010_CYP&FamiliesServices_AddProfScientificandTechnic_Community&UrgentServices,01/02/2025,1,0,
CAMHSEastTeam40010_CYP&FamiliesServices_AdditionalClinicalServices_Community&UrgentServices,01/10/2021,0,1,
CAMHSEastTeam40010_CYP&FamiliesServices_AdditionalClinicalServices_Community&UrgentServices,01/05/2022,0,1,
CAMHSEastTeam40010_CYP&FamiliesServices_AdditionalClinicalServices_Community&UrgentServices,01/08/2022,0,1,
CAMHSEastTeam40010_CYP&FamiliesServices_AdditionalClinicalServices_Community&UrgentServices,01/09/2023,0,1,
CAMHSEastTeam40010_CYP&FamiliesServices_AdditionalClinicalServices_Community&UrgentServices,01/10/2023,0,4,
CAMHSEastTeam40010_CYP&FamiliesServices_AdditionalClinicalServices_Community&UrgentServices,01/08/2024,1,0,
CAMHSEastTeam40010_CYP&FamiliesServices_AdministrativeandClerical_Community&UrgentServices,01/11/2023,0,1,
CAMHSEastTeam40010_CYP&FamiliesServices_AlliedHealthProfessionals_Community&UrgentServices,01/05/2024,0,1,
CAMHSEastTeam40010_CYP&FamiliesServices_NursingandMidwiferyRegistered_Community&UrgentServices,01/09/2021,0,1,
CAMHSEastTeam40010_CYP&FamiliesServices_NursingandMidwiferyRegistered_Community&UrgentServices,01/10/2023,0,3,
CAMHSForensic40090_CYP&FamiliesServices_AddProfScientificandTechnic_EarlyIntervention&SpecSvs,01/05/2021,0,1,
CAMHSForensic40090_CYP&FamiliesServices_AddProfScientificandTechnic_EarlyIntervention&SpecSvs,01/07/2022,0,2,
CAMHSForensic40090_CYP&FamiliesServices_AddProfScientificandTechnic_EarlyIntervention&SpecSvs,01/09/2023,0,1,
CAMHSForensic40090_CYP&FamiliesServices_AddProfScientificandTechnic_EarlyIntervention&SpecSvs,01/07/2024,0,1,
CAMHSForensic40090_CYP&FamiliesServices_AddProfScientificandTechnic_EarlyIntervention&SpecSvs,01/10/2024,1,0,
CAMHSForensic40090_CYP&FamiliesServices_AddProfScientificandTechnic_EarlyIntervention&SpecSvs,01/02/2025,0,3,
CAMHSForensic40090_CYP&FamiliesServices_AdditionalClinicalServices_EarlyIntervention&SpecSvs,01/11/2021,0,1,
CAMHSPCNTeam40055_CYP&FamiliesServices_NursingandMidwiferyRegistered_EarlyIntervention&SpecSvs,01/07/2022,0,1,
CAMHSPCNTeam40055_CYP&FamiliesServices_NursingandMidwiferyRegistered_EarlyIntervention&SpecSvs,01/06/2024,0,1,
CAMHSPGMETeam41080_CYP&FamiliesServices_MedicalandDental_CAMHSMedical,01/08/2021,0,2,
CAMHSRAFT40040_CYP&FamiliesServices_AddProfScientificandTechnic_Community&UrgentServices,01/09/2021,0,1,
CAMHSRAFT40040_CYP&FamiliesServices_AdditionalClinicalServices_Community&UrgentServices,01/11/2021,0,2,
CAMHSRAFT40040_CYP&FamiliesServices_AdditionalClinicalServices_Community&UrgentServices,01/07/2022,0,1,
CAMHSRAFT40040_CYP&FamiliesServices_AdditionalClinicalServices_Community&UrgentServices,01/11/2022,0,1,
CAMHSRAFT40040_CYP&FamiliesServices_AdditionalClinicalServices_Community&UrgentServices,01/01/2023,0,1,
CAMHSRAFT40040_CYP&FamiliesServices_AdditionalClinicalServices_Community&UrgentServices,01/02/2023,0,1,
CAMHSRAFT40040_CYP&FamiliesServices_AdditionalClinicalServices_Community&UrgentServices,01/04/2023,0,1,
CAMHSRAFT40040_CYP&FamiliesServices_AdditionalClinicalServices_Community&UrgentServices,01/01/2024,0,2,
CAMHSRAFT40040_CYP&FamiliesServices_AdditionalClinicalServices_Community&UrgentServices,01/07/2024,0,1,
CAMHSRAFT40040_CYP&FamiliesServices_AdditionalClinicalServices_Community&UrgentServices,01/09/2024,0,1,
CAMHSRAFT40040_CYP&FamiliesServices_AdministrativeandClerical_Community&UrgentServices,01/10/2023,0,1,
CAMHSRAFT40040_CYP&FamiliesServices_NursingandMidwiferyRegistered_Community&UrgentServices,01/10/2021,0,1,
CAMHSRAFT40040_CYP&FamiliesServices_NursingandMidwiferyRegistered_Community&UrgentServices,01/12/2021,0,1,
CAMHSRAFT40040_CYP&FamiliesServices_NursingandMidwiferyRegistered_Community&UrgentServices,01/01/2022,0,1,
CAMHSSPA40060_CYP&FamiliesServices_AddProfScientificandTechnic_EarlyIntervention&SpecSvs,01/09/2021,0,1,
CAMHSSPA40060_CYP&FamiliesServices_AddProfScientificandTechnic_EarlyIntervention&SpecSvs,01/10/2021,0,1,
CAMHSSPA40060_CYP&FamiliesServices_AddProfScientificandTechnic_EarlyIntervention&SpecSvs,01/09/2023,0,1,
CAMHSSPA40060_CYP&FamiliesServices_AddProfScientificandTechnic_EarlyIntervention&SpecSvs,01/03/2024,0,1,
CAMHSSPA40060_CYP&FamiliesServices_AddProfScientificandTechnic_EarlyIntervention&SpecSvs,01/06/2024,1,0,
CAMHSSPA40060_CYP&FamiliesServices_AdditionalClinicalServices_EarlyIntervention&SpecSvs,01/04/2022,0,1,
CAMHSSPA40060_CYP&FamiliesServices_AdditionalClinicalServices_EarlyIntervention&SpecSvs,01/06/2022,0,1,
CAMHSSPA40060_CYP&FamiliesServices_AdditionalClinicalServices_EarlyIntervention&SpecSvs,01/08/2022,0,1,
CAMHSSPA40060_CYP&FamiliesServices_AdditionalClinicalServices_EarlyIntervention&SpecSvs,01/01/2024,0,1,
CAMHSSPA40060_CYP&FamiliesServices_AdditionalClinicalServices_EarlyIntervention&SpecSvs,01/08/2024,1,0,
CAMHSSPA40060_CYP&FamiliesServices_AdditionalClinicalServices_EarlyIntervention&SpecSvs,01/10/2024,0,1,
CAMHSSPA40060_CYP&FamiliesServices_AdministrativeandClerical_EarlyIntervention&SpecSvs,01/08/2021,0,1,
CAMHSSPA40060_CYP&FamiliesServices_AdministrativeandClerical_EarlyIntervention&SpecSvs,01/04/2022,0,2,
CAMHSSPA40060_CYP&FamiliesServices_AdministrativeandClerical_EarlyIntervention&SpecSvs,01/02/2023,0,1,
CAMHSSPA40060_CYP&FamiliesServices_AdministrativeandClerical_EarlyIntervention&SpecSvs,01/07/2024,0,1,
CAMHSSPA40060_CYP&FamiliesServices_AdministrativeandClerical_EarlyIntervention&SpecSvs,01/08/2024,0,1,
CAMHSSPA40060_CYP&FamiliesServices_NursingandMidwiferyRegistered_EarlyIntervention&SpecSvs,01/09/2024,1,0,
CAMHSSPA40060_CYP&FamiliesServices_NursingandMidwiferyRegistered_EarlyIntervention&SpecSvs,01/01/2025,1,2,
CAMHSWestTeam40020_CYP&FamiliesServices_AddProfScientificandTechnic_Community&UrgentServices,01/08/2022,0,1,
CAMHSWestTeam40020_CYP&FamiliesServices_AddProfScientificandTechnic_Community&UrgentServices,01/10/2022,0,1,
CAMHSWestTeam40020_CYP&FamiliesServices_AddProfScientificandTechnic_Community&UrgentServices,01/11/2022,0,1,
CAMHSWestTeam40020_CYP&FamiliesServices_AddProfScientificandTechnic_Community&UrgentServices,01/01/2023,0,1,
CAMHSWestTeam40020_CYP&FamiliesServices_AddProfScientificandTechnic_Community&UrgentServices,01/02/2023,0,2,
CAMHSWestTeam40020_CYP&FamiliesServices_AddProfScientificandTechnic_Community&UrgentServices,01/04/2023,0,1,
CAMHSWestTeam40020_CYP&FamiliesServices_AddProfScientificandTechnic_Community&UrgentServices,01/10/2023,0,1,
CAMHSWestTeam40020_CYP&FamiliesServices_AddProfScientificandTechnic_Community&UrgentServices,01/01/2024,0,1,
CAMHSWestTeam40020_CYP&FamiliesServices_AddProfScientificandTechnic_Community&UrgentServices,01/05/2024,0,1,
CAMHSWestTeam40020_CYP&FamiliesServices_AddProfScientificandTechnic_Community&UrgentServices,01/11/2024,0,1,
CAMHSWestTeam40020_CYP&FamiliesServices_AddProfScientificandTechnic_Community&UrgentServices,01/12/2024,1,0,
CAMHSWestTeam40020_CYP&FamiliesServices_AddProfScientificandTechnic_Community&UrgentServices,01/01/2025,0,1,
CAMHSWestTeam40020_CYP&FamiliesServices_AdditionalClinicalServices_Community&UrgentServices,01/09/2021,0,2,
CAMHSWestTeam40020_CYP&FamiliesServices_AdditionalClinicalServices_Community&UrgentServices,01/10/2021,0,1,
CAMHSWestTeam40020_CYP&FamiliesServices_AdditionalClinicalServices_Community&UrgentServices,01/01/2022,0,1,
CAMHSWestTeam40020_CYP&FamiliesServices_AdditionalClinicalServices_Community&UrgentServices,01/02/2023,0,1,
CAMHSWestTeam40020_CYP&FamiliesServices_AdditionalClinicalServices_Community&UrgentServices,01/05/2023,0,1,
CAMHSWestTeam40020_CYP&FamiliesServices_AdditionalClinicalServices_Community&UrgentServices,01/09/2023,0,3,
CAMHSWestTeam40020_CYP&FamiliesServices_AdditionalClinicalServices_Community&UrgentServices,01/05/2024,1,0,
CAMHSWestTeam40020_CYP&FamiliesServices_AdditionalClinicalServices_Community&UrgentServices,01/08/2024,1,0,
CAMHSWestTeam40020_CYP&FamiliesServices_AdditionalClinicalServices_Community&UrgentServices,01/09/2024,0,1,
CAMHSWestTeam40020_CYP&FamiliesServices_AdministrativeandClerical_Community&UrgentServices,01/03/2022,0,1,
CAMHSWestTeam40020_CYP&FamiliesServices_AdministrativeandClerical_Community&UrgentServices,01/04/2022,0,1,
CAMHSWestTeam40020_CYP&FamiliesServices_AdministrativeandClerical_Community&UrgentServices,01/08/2022,0,1,
CAMHSWestTeam40020_CYP&FamiliesServices_AdministrativeandClerical_Community&UrgentServices,01/09/2022,0,1,
CAMHSWestTeam40020_CYP&FamiliesServices_AdministrativeandClerical_Community&UrgentServices,01/11/2022,0,1,
CAMHSWestTeam40020_CYP&FamiliesServices_AdministrativeandClerical_Community&UrgentServices,01/09/2023,0,2,
CAMHSWestTeam40020_CYP&FamiliesServices_AdministrativeandClerical_Community&UrgentServices,01/11/2023,0,1,
CAMHSWestTeam40020_CYP&FamiliesServices_AdministrativeandClerical_Community&UrgentServices,01/01/2024,0,1,
CAMHSWestTeam40020_CYP&FamiliesServices_AdministrativeandClerical_Community&UrgentServices,01/02/2024,0,1,
CAMHSWestTeam40020_CYP&FamiliesServices_AdministrativeandClerical_Community&UrgentServices,01/05/2024,1,0,
CAMHSWestTeam40020_CYP&FamiliesServices_AdministrativeandClerical_Community&UrgentServices,01/06/2024,1,0,
CAMHSWestTeam40020_CYP&FamiliesServices_AdministrativeandClerical_Community&UrgentServices,01/09/2024,0,1,
CAMHSWestTeam40020_CYP&FamiliesServices_AdministrativeandClerical_Community&UrgentServices,01/10/2024,1,1,
CAMHSWestTeam40020_CYP&FamiliesServices_AdministrativeandClerical_Community&UrgentServices,01/11/2024,1,0,
CAMHSWestTeam40020_CYP&FamiliesServices_AdministrativeandClerical_Community&UrgentServices,01/12/2024,1,2,
CAMHSWestTeam40020_CYP&FamiliesServices_AdministrativeandClerical_Community&UrgentServices,01/01/2025,1,0,
CAMHSWestTeam40020_CYP&FamiliesServices_AdministrativeandClerical_Community&UrgentServices,01/03/2025,1,0,
CAMHSWestTeam40020_CYP&FamiliesServices_AlliedHealthProfessionals_Community&UrgentServices,01/01/2022,0,2,
CAMHSWestTeam40020_CYP&FamiliesServices_AlliedHealthProfessionals_Community&UrgentServices,01/02/2022,0,1,
CAMHSWestTeam40020_CYP&FamiliesServices_AlliedHealthProfessionals_Community&UrgentServices,01/08/2023,0,1,
CAMHSWestTeam40020_CYP&FamiliesServices_AlliedHealthProfessionals_Community&UrgentServices,01/11/2024,1,0,
CAMHSWestTeam40020_CYP&FamiliesServices_NursingandMidwiferyRegistered_Community&UrgentServices,01/05/2023,0,1,
CAMHSWestTeam40020_CYP&FamiliesServices_NursingandMidwiferyRegistered_Community&UrgentServices,01/09/2023,0,1,
CAMHSWestTeam40020_CYP&FamiliesServices_NursingandMidwiferyRegistered_Community&UrgentServices,01/05/2024,1,0,
CAMHSWestTeam40020_CYP&FamiliesServices_NursingandMidwiferyRegistered_Community&UrgentServices,01/02/2025,1,0,
CAMHSWestTeam40020_CYP&FamiliesServices_NursingandMidwiferyRegistered_Community&UrgentServices,01/03/2025,0,1,
CCU76277_MedicalServices_Students_Cardiology,01/11/2021,0,1,
CCU76277_MedicalServices_Students_Cardiology,01/10/2022,0,1,
CCU76277_MedicalServices_Students_Cardiology,01/10/2023,0,1,
CCUWard21002_MedicalServices_AdditionalClinicalServices_Cardiology,01/04/2022,0,1,
CCUWard21002_MedicalServices_AdditionalClinicalServices_Cardiology,01/06/2022,0,1,
CCUWard21002_MedicalServices_AdditionalClinicalServices_Cardiology,01/10/2022,0,1,
CCUWard21002_MedicalServices_AdditionalClinicalServices_Cardiology,01/01/2024,0,1,
CCUWard21002_MedicalServices_AdministrativeandClerical_Cardiology,01/04/2024,0,1,
CCUWard21002_MedicalServices_AdministrativeandClerical_Cardiology,01/03/2025,1,0,
CCUWard21002_MedicalServices_NursingandMidwiferyRegistered_Cardiology,01/08/2022,0,1,
CCUWard21002_MedicalServices_NursingandMidwiferyRegistered_Cardiology,01/03/2024,0,1,
CCUWard21002_MedicalServices_NursingandMidwiferyRegistered_Cardiology,01/06/2024,0,1,
CDCManagement00161_CorporateSupportServices_AdministrativeandClerical_CommunityDiagnosticCentresDEPT,01/06/2023,0,1,
CLOSED-Barrington10007_MedicalServices_AdditionalClinicalServices_Respiratory,01/05/2021,0,2,
CLOSED-Barrington10007_MedicalServices_AdditionalClinicalServices_Respiratory,01/07/2021,0,1,
CLOSED-Barrington10007_MedicalServices_AdditionalClinicalServices_Respiratory,01/09/2021,0,3,
CLOSED-Barrington10007_MedicalServices_AdditionalClinicalServices_Respiratory,01/10/2021,0,2,
CLOSED-Barrington10007_MedicalServices_AdditionalClinicalServices_Respiratory,01/11/2021,0,1,
CLOSED-Barrington10007_MedicalServices_AdditionalClinicalServices_Respiratory,01/12/2021,0,1,
CLOSED-Barrington10007_MedicalServices_AdditionalClinicalServices_Respiratory,01/01/2022,0,6,
CLOSED-Barrington10007_MedicalServices_AdditionalClinicalServices_Respiratory,01/02/2022,0,4,
CLOSED-Barrington10007_MedicalServices_AdditionalClinicalServices_Respiratory,01/03/2022,0,2,
CLOSED-Barrington10007_MedicalServices_AdditionalClinicalServices_Respiratory,01/04/2022,0,2,
CLOSED-Barrington10007_MedicalServices_AdditionalClinicalServices_Respiratory,01/05/2022,0,6,
CLOSED-Barrington10007_MedicalServices_AdditionalClinicalServices_Respiratory,01/07/2022,0,1,
CLOSED-Barrington10007_MedicalServices_AdditionalClinicalServices_Respiratory,01/09/2022,0,2,
CLOSED-Barrington10007_MedicalServices_AdditionalClinicalServices_Respiratory,01/10/2022,0,3,
CLOSED-Barrington10007_MedicalServices_AdditionalClinicalServices_Respiratory,01/11/2022,0,3,
CLOSED-Barrington10007_MedicalServices_AdditionalClinicalServices_Respiratory,01/12/2022,0,1,
CLOSED-Barrington10007_MedicalServices_AdditionalClinicalServices_Respiratory,01/01/2023,0,2,
CLOSED-Barrington10007_MedicalServices_AdditionalClinicalServices_Respiratory,01/02/2023,0,3,
CLOSED-Barrington10007_MedicalServices_AdditionalClinicalServices_Respiratory,01/03/2023,0,4,
CLOSED-Barrington10007_MedicalServices_AdditionalClinicalServices_Respiratory,01/04/2023,0,1,
CLOSED-Barrington10007_MedicalServices_AdditionalClinicalServices_Respiratory,01/05/2023,0,3,
CLOSED-Barrington10007_MedicalServices_AdditionalClinicalServices_Respiratory,01/06/2023,0,4,
CLOSED-Barrington10007_MedicalServices_AdditionalClinicalServices_Respiratory,01/07/2023,0,2,
CLOSED-Barrington10007_MedicalServices_AdditionalClinicalServices_Respiratory,01/08/2023,0,3,
CLOSED-Barrington10007_MedicalServices_AdditionalClinicalServices_Respiratory,01/03/2024,0,1,
CLOSED-Barrington10007_MedicalServices_AdministrativeandClerical_Respiratory,01/02/2022,0,1,
CLOSED-Barrington10007_MedicalServices_AdministrativeandClerical_Respiratory,01/05/2022,0,1,
CLOSED-Barrington10007_MedicalServices_AdministrativeandClerical_Respiratory,01/05/2023,0,1,
CLOSED-Barrington10007_MedicalServices_AdministrativeandClerical_Respiratory,01/01/2024,0,1,
CLOSED-InternalMedicineMedicalStaff76262_MedicalServices_MedicalandDental_Acute/GeneralMedicineDEPT,01/07/2021,0,8,
CLOSED-InternalMedicineMedicalStaff76262_MedicalServices_MedicalandDental_Acute/GeneralMedicineDEPT,01/08/2021,0,3,
CLOSED-InternalMedicineMedicalStaff76262_MedicalServices_MedicalandDental_Acute/GeneralMedicineDEPT,01/09/2021,0,7,
CLOSED-InternalMedicineMedicalStaff76262_MedicalServices_MedicalandDental_Acute/GeneralMedicineDEPT,01/10/2021,0,4,
CLOSED-InternalMedicineMedicalStaff76262_MedicalServices_MedicalandDental_Acute/GeneralMedicineDEPT,01/11/2021,0,2,
CLOSED-InternalMedicineMedicalStaff76262_MedicalServices_MedicalandDental_Acute/GeneralMedicineDEPT,01/12/2021,0,2,
CLOSED-InternalMedicineMedicalStaff76262_MedicalServices_MedicalandDental_Acute/GeneralMedicineDEPT,01/01/2022,0,2,
CLOSED-InternalMedicineMedicalStaff76262_MedicalServices_MedicalandDental_Acute/GeneralMedicineDEPT,01/02/2022,0,4,
CLOSED-InternalMedicineMedicalStaff76262_MedicalServices_MedicalandDental_Acute/GeneralMedicineDEPT,01/05/2022,0,2,
CLOSED-InternalMedicineMedicalStaff76262_MedicalServices_MedicalandDental_Acute/GeneralMedicineDEPT,01/06/2022,0,1,
CLOSED-InternalMedicineMedicalStaff76262_MedicalServices_MedicalandDental_Acute/GeneralMedicineDEPT,01/07/2022,0,14,
CLOSED-InternalMedicineMedicalStaff76262_MedicalServices_MedicalandDental_Acute/GeneralMedicineDEPT,01/08/2022,0,8,
CLOSED-InternalMedicineMedicalStaff76262_MedicalServices_MedicalandDental_Acute/GeneralMedicineDEPT,01/09/2022,0,2,
CLOSED-InternalMedicineMedicalStaff76262_MedicalServices_MedicalandDental_Acute/GeneralMedicineDEPT,01/10/2022,0,1,
CLOSED-InternalMedicineMedicalStaff76262_MedicalServices_MedicalandDental_Acute/GeneralMedicineDEPT,01/04/2023,0,2,
CLOSED-InternalMedicineMedicalStaff76262_MedicalServices_MedicalandDental_Acute/GeneralMedicineDEPT,01/07/2023,0,11,
CLOSED-InternalMedicineMedicalStaff76262_MedicalServices_MedicalandDental_Acute/GeneralMedicineDEPT,01/08/2023,0,22,
CLOSED-InternalMedicineMedicalStaff76262_MedicalServices_MedicalandDental_Acute/GeneralMedicineDEPT,01/09/2023,0,2,
CLOSED-InternalMedicineMedicalStaff76262_MedicalServices_MedicalandDental_Acute/GeneralMedicineDEPT,01/10/2023,0,2,
CLOSED-InternalMedicineMedicalStaff76262_MedicalServices_MedicalandDental_Acute/GeneralMedicineDEPT,01/11/2023,0,2,
CLOSED-InternalMedicineMedicalStaff76262_MedicalServices_MedicalandDental_Acute/GeneralMedicineDEPT,01/12/2023,0,1,
CLOSED-InternalMedicineMedicalStaff76262_MedicalServices_MedicalandDental_Acute/GeneralMedicineDEPT,01/01/2024,0,1,
CLOSED-InternalMedicineMedicalStaff76262_MedicalServices_MedicalandDental_Acute/GeneralMedicineDEPT,01/02/2024,0,3,
CLOSED-InternalMedicineMedicalStaff76262_MedicalServices_MedicalandDental_Acute/GeneralMedicineDEPT,01/03/2024,0,1,
CLOSED-InternalMedicineMedicalStaff76262_MedicalServices_MedicalandDental_Acute/GeneralMedicineDEPT,01/02/2025,2,0,
CLOSED-InternalMedicineMedicalStaff76262_MedicalServices_MedicalandDental_Acute/GeneralMedicineDEPT,01/04/2025,1,0,
CLOSED-MedicinePathwayAdminTeam76293_MedicalServices_AdministrativeandClerical_MedicalServicesManagementDEPT,01/10/2021,0,1,
CLOSED-MedicinePathwayAdminTeam76293_MedicalServices_AdministrativeandClerical_MedicalServicesManagementDEPT,01/11/2021,0,1,
CLOSED-MedicinePathwayAdminTeam76293_MedicalServices_AdministrativeandClerical_MedicalServicesManagementDEPT,01/12/2021,0,1,
CLOSED-MedicinePathwayAdminTeam76293_MedicalServices_AdministrativeandClerical_MedicalServicesManagementDEPT,01/01/2022,0,1,
CLOSED-MedicinePathwayAdminTeam76293_MedicalServices_AdministrativeandClerical_MedicalServicesManagementDEPT,01/03/2022,0,1,
CLOSED-MedicinePathwayAdminTeam76293_MedicalServices_AdministrativeandClerical_MedicalServicesManagementDEPT,01/05/2022,0,1,
CLOSED-MedicinePathwayAdminTeam76293_MedicalServices_AdministrativeandClerical_MedicalServicesManagementDEPT,01/07/2022,0,2,
CLOSED-MedicinePathwayAdminTeam76293_MedicalServices_AdministrativeandClerical_MedicalServicesManagementDEPT,01/08/2022,0,1,
CLOSED-MedicinePathwayAdminTeam76293_MedicalServices_AdministrativeandClerical_MedicalServicesManagementDEPT,01/09/2022,0,1,
CLOSED-MedicinePathwayAdminTeam76293_MedicalServices_AdministrativeandClerical_MedicalServicesManagementDEPT,01/10/2022,0,1,
CLOSED-MedicinePathwayAdminTeam76293_MedicalServices_AdministrativeandClerical_MedicalServicesManagementDEPT,01/11/2022,0,1,
CLOSED-MedicinePathwayAdminTeam76293_MedicalServices_AdministrativeandClerical_MedicalServicesManagementDEPT,01/12/2022,0,1,
CLOSED-MedicinePathwayAdminTeam76293_MedicalServices_AdministrativeandClerical_MedicalServicesManagementDEPT,01/01/2023,0,1,
CLOSED-MedicinePathwayAdminTeam76293_MedicalServices_AdministrativeandClerical_MedicalServicesManagementDEPT,01/04/2023,0,1,
CLOSED-MedicinePathwayAdminTeam76293_MedicalServices_AdministrativeandClerical_MedicalServicesManagementDEPT,01/05/2023,0,1,
CLOSED-MedicinePathwayAdminTeam76293_MedicalServices_AdministrativeandClerical_MedicalServicesManagementDEPT,01/08/2023,0,1,
CLOSED-MedicinePathwayAdminTeam76293_MedicalServices_AdministrativeandClerical_MedicalServicesManagementDEPT,01/05/2024,1,0,
CLOSED-MedicinePathwayAdminTeam76293_MedicalServices_AdministrativeandClerical_MedicalServicesManagementDEPT,01/08/2024,2,1,
CLOSED-MedicinePathwayAdminTeam76293_MedicalServices_AdministrativeandClerical_MedicalServicesManagementDEPT,01/10/2024,1,0,
CLOSED-RheumatologyNurses76302_MedicalServices_AdministrativeandClerical_Rheumatology,01/01/2022,0,1,
CLOSED-RheumatologyNurses76302_MedicalServices_NursingandMidwiferyRegistered_Rheumatology,01/04/2022,0,1,
CLOSED-WordsworthWard20400_MedicalServices_AdditionalClinicalServices_CareoftheOlderPersonDEPT,01/05/2021,0,3,
CLOSED-WordsworthWard20400_MedicalServices_AdditionalClinicalServices_CareoftheOlderPersonDEPT,01/08/2021,0,1,
CLOSED-WordsworthWard20400_MedicalServices_AdditionalClinicalServices_CareoftheOlderPersonDEPT,01/04/2022,0,1,
CLOSED-WordsworthWard20400_MedicalServices_AdditionalClinicalServices_CareoftheOlderPersonDEPT,01/05/2022,0,1,
CLOSED-WordsworthWard20400_MedicalServices_AdditionalClinicalServices_CareoftheOlderPersonDEPT,01/06/2022,0,1,
CLOSED-WordsworthWard20400_MedicalServices_AdditionalClinicalServices_CareoftheOlderPersonDEPT,01/08/2022,0,1,
CLOSED-WordsworthWard20400_MedicalServices_AdditionalClinicalServices_CareoftheOlderPersonDEPT,01/09/2022,0,2,
CLOSED-WordsworthWard20400_MedicalServices_AdditionalClinicalServices_CareoftheOlderPersonDEPT,01/10/2022,0,1,
CLOSED-WordsworthWard20400_MedicalServices_AdditionalClinicalServices_CareoftheOlderPersonDEPT,01/01/2023,0,3,
CLOSED-WordsworthWard20400_MedicalServices_AdditionalClinicalServices_CareoftheOlderPersonDEPT,01/02/2023,0,2,
CLOSED-WordsworthWard20400_MedicalServices_AdditionalClinicalServices_CareoftheOlderPersonDEPT,01/03/2023,0,2,
CLOSED-WordsworthWard20400_MedicalServices_AdditionalClinicalServices_CareoftheOlderPersonDEPT,01/04/2023,0,1,
CLOSED-WordsworthWard20400_MedicalServices_AdditionalClinicalServices_CareoftheOlderPersonDEPT,01/05/2023,0,3,
CLOSED-WordsworthWard20400_MedicalServices_AdditionalClinicalServices_CareoftheOlderPersonDEPT,01/06/2023,0,1,
CLOSED-WordsworthWard20400_MedicalServices_AdministrativeandClerical_CareoftheOlderPersonDEPT,01/05/2022,0,1,
CLOSED-WordsworthWard20400_MedicalServices_NursingandMidwiferyRegistered_CareoftheOlderPersonDEPT,01/01/2023,0,1,
CLOSED-WordsworthWard20400_MedicalServices_NursingandMidwiferyRegistered_CareoftheOlderPersonDEPT,01/05/2023,0,1,
CLOSEDOtherMedical-MedStaff76262_MedicalServices_MedicalandDental_Acute/GeneralMedicineDEPT,01/06/2021,0,1,
CLOSEDOtherMedical-MedStaff76262_MedicalServices_MedicalandDental_Acute/GeneralMedicineDEPT,01/08/2021,0,1,
CLOSEDOtherMedical-MedStaff76262_MedicalServices_MedicalandDental_Acute/GeneralMedicineDEPT,01/08/2022,0,1,
CLOSEDOtherMedical-MedStaff76262_MedicalServices_MedicalandDental_Acute/GeneralMedicineDEPT,01/09/2022,0,2,
CLOSEDOtherMedical-MedStaff76262_MedicalServices_MedicalandDental_Acute/GeneralMedicineDEPT,01/11/2022,0,1,
CLOSEDOtherMedical-MedStaff76262_MedicalServices_MedicalandDental_Acute/GeneralMedicineDEPT,01/02/2023,0,2,
CLOSEDOtherMedical-MedStaff76262_MedicalServices_MedicalandDental_Acute/GeneralMedicineDEPT,01/08/2023,0,4,
CLOSEDOtherMedical-MedStaff76262_MedicalServices_MedicalandDental_Acute/GeneralMedicineDEPT,01/04/2025,1,0,
CLOSEDOtherMedical-Medstaff76262_MedicalServices_MedicalandDental_Acute/GeneralMedicineDEPT,01/08/2022,0,1,
CLOSEDOtherMedical-Medstaff76262_MedicalServices_MedicalandDental_Acute/GeneralMedicineDEPT,01/10/2022,0,1,
CLOSEDOtherMedical-Medstaff76262_MedicalServices_MedicalandDental_Acute/GeneralMedicineDEPT,01/01/2023,0,1,
CLOSEDOtherMedical-Medstaff76262_MedicalServices_MedicalandDental_Acute/GeneralMedicineDEPT,01/08/2023,0,2,
CLOSEDOtherMedical-Medstaff76262_MedicalServices_MedicalandDental_Acute/GeneralMedicineDEPT,01/09/2023,0,1,
CLOSEDOtherMedical-Medstaff76262_MedicalServices_MedicalandDental_Acute/GeneralMedicineDEPT,01/12/2023,0,2,
CLOSEDOtherMedical-Medstaff76262_MedicalServices_MedicalandDental_Acute/GeneralMedicineDEPT,01/08/2024,1,0,
CLOSEDRehabSpecialists20640_MedicalServices_AlliedHealthProfessionals_Stroke,01/07/2021,0,1,
CMHSMinehead51112_MentalHealthandLearningDisabilities_AddProfScientificandTechnic_CMHSWest,01/09/2023,0,1,
CMHSMinehead51112_MentalHealthandLearningDisabilities_AdditionalClinicalServices_CMHSWest,01/09/2021,0,1,
CMHSMinehead51112_MentalHealthandLearningDisabilities_AdditionalClinicalServices_CMHSWest,01/04/2025,1,0,
CMHSMinehead51112_MentalHealthandLearningDisabilities_AdministrativeandClerical_CMHSWest,01/12/2022,0,1,
CMHSMinehead51112_MentalHealthandLearningDisabilities_NursingandMidwiferyRegistered_CMHSWest,01/07/2021,0,1,
COEMedicalStaff76296_MedicalServices_MedicalandDental_CareoftheOlderPersonDEPT,01/11/2021,0,1,
COEMedicalStaff76296_MedicalServices_MedicalandDental_CareoftheOlderPersonDEPT,01/08/2022,0,1,
COEMedicalStaff76296_MedicalServices_MedicalandDental_CareoftheOlderPersonDEPT,01/10/2023,0,1,
COMPASSTeam42050_CYP&FamiliesServices_AddProfScientificandTechnic_CommunityPaediatrics,01/07/2022,0,1,
COMPASSTeam42050_CYP&FamiliesServices_AddProfScientificandTechnic_CommunityPaediatrics,01/04/2023,0,1,
COMPASSTeam42050_CYP&FamiliesServices_AddProfScientificandTechnic_CommunityPaediatrics,01/10/2023,0,1,
COMPASSTeam42050_CYP&FamiliesServices_AdditionalClinicalServices_CommunityPaediatrics,01/03/2025,1,0,
COMPASSTeam42050_CYP&FamiliesServices_AdministrativeandClerical_CommunityPaediatrics,01/03/2025,0,1,
COMPASSTeam42050_CYP&FamiliesServices_AlliedHealthProfessionals_CommunityPaediatrics,01/04/2024,0,1,
COVIDSwabbingClinic75829_ClinicalSupportandCancerServices_AdditionalClinicalServices_CovidScreening,01/01/2022,0,2,
CSCSManagement30000_ClinicalSupportandCancerServices_AddProfScientificandTechnic_CSCSManagementDEPT,01/04/2022,0,1,
CSCSManagement30000_ClinicalSupportandCancerServices_AdministrativeandClerical_CSCSManagementDEPT,01/06/2023,0,2,
CSCSManagement30000_ClinicalSupportandCancerServices_AlliedHealthProfessionals_CSCSManagementDEPT,01/05/2021,0,1,
CSCSManagement30000_ClinicalSupportandCancerServices_AlliedHealthProfessionals_CSCSManagementDEPT,01/08/2022,0,1,
CSCSManagement30000_ClinicalSupportandCancerServices_NursingandMidwiferyRegistered_CSCSManagementDEPT,01/10/2021,0,1,
CSCSManagement30000_ClinicalSupportandCancerServices_NursingandMidwiferyRegistered_CSCSManagementDEPT,01/11/2024,1,0,
CYP-Childrensandyoungpers76219_MedicalServices_NursingandMidwiferyRegistered_EmergencyCareDEPT,01/02/2022,0,1,
CYP-Childrensandyoungpers76219_MedicalServices_NursingandMidwiferyRegistered_EmergencyCareDEPT,01/03/2022,0,1,
CYP-Childrensandyoungpers76219_MedicalServices_NursingandMidwiferyRegistered_EmergencyCareDEPT,01/10/2023,0,1,
CYP-Childrensandyoungpers76219_MedicalServices_NursingandMidwiferyRegistered_EmergencyCareDEPT,01/06/2024,0,1,
CYP-Childrensandyoungpers76219_MedicalServices_NursingandMidwiferyRegistered_EmergencyCareDEPT,01/02/2025,1,0,
CYP-Childrensandyoungpers76219_MedicalServices_NursingandMidwiferyRegistered_EmergencyCareDEPT,01/04/2025,1,0,
CYP-Childrensandyoungpers76219_MedicalServices_Students_EmergencyCareDEPT,01/12/2021,0,1,
CYPTherapyService42010_CYP&FamiliesServices_AdditionalClinicalServices_CommunityPaediatrics,01/08/2022,0,2,
CYPTherapyService42010_CYP&FamiliesServices_AdditionalClinicalServices_CommunityPaediatrics,01/01/2023,0,2,
CYPTherapyService42010_CYP&FamiliesServices_AdditionalClinicalServices_CommunityPaediatrics,01/02/2024,0,1,
CYPTherapyService42010_CYP&FamiliesServices_AdditionalClinicalServices_CommunityPaediatrics,01/07/2024,0,1,
CYPTherapyService42010_CYP&FamiliesServices_AdministrativeandClerical_CommunityPaediatrics,01/01/2022,0,1,
CYPTherapyService42010_CYP&FamiliesServices_AdministrativeandClerical_CommunityPaediatrics,01/08/2023,0,1,
CYPTherapyService42010_CYP&FamiliesServices_AdministrativeandClerical_CommunityPaediatrics,01/06/2024,1,0,
CYPTherapyService42010_CYP&FamiliesServices_AdministrativeandClerical_CommunityPaediatrics,01/09/2024,1,0,
CYPTherapyService42010_CYP&FamiliesServices_AlliedHealthProfessionals_CommunityPaediatrics,01/10/2021,0,1,
CYPTherapyService42010_CYP&FamiliesServices_AlliedHealthProfessionals_CommunityPaediatrics,01/05/2023,0,1,
CYPTherapyService42010_CYP&FamiliesServices_AlliedHealthProfessionals_CommunityPaediatrics,01/08/2023,0,1,
CYPTherapyService42010_CYP&FamiliesServices_AlliedHealthProfessionals_CommunityPaediatrics,01/07/2024,1,0,
CYPTherapyService42010_CYP&FamiliesServices_AlliedHealthProfessionals_CommunityPaediatrics,01/08/2024,1,1,
CYPTherapyService42010_CYP&FamiliesServices_AlliedHealthProfessionals_CommunityPaediatrics,01/09/2024,0,1,
CYPTherapyService42010_CYP&FamiliesServices_AlliedHealthProfessionals_CommunityPaediatrics,01/10/2024,1,0,
CYPTherapyService42010_CYP&FamiliesServices_AlliedHealthProfessionals_CommunityPaediatrics,01/02/2025,0,2,
CallHandlers00070_OperationalManagement_AdministrativeandClerical_CallHandlersDEPT,01/11/2021,0,3,
CallHandlers00070_OperationalManagement_AdministrativeandClerical_CallHandlersDEPT,01/12/2021,0,2,
CancerAdminSupport76221_ClinicalSupportandCancerServices_AdministrativeandClerical_Oncology,01/07/2021,0,2,
CancerAdminSupport76221_ClinicalSupportandCancerServices_AdministrativeandClerical_Oncology,01/08/2021,0,1,
CancerAdminSupport76221_ClinicalSupportandCancerServices_AdministrativeandClerical_Oncology,01/09/2021,0,1,
CancerAdminSupport76221_ClinicalSupportandCancerServices_AdministrativeandClerical_Oncology,01/11/2021,0,1,
CancerAdminSupport76221_ClinicalSupportandCancerServices_AdministrativeandClerical_Oncology,01/01/2022,0,1,
CancerAdminSupport76221_ClinicalSupportandCancerServices_AdministrativeandClerical_Oncology,01/02/2022,0,1,
CancerAdminSupport76221_ClinicalSupportandCancerServices_AdministrativeandClerical_Oncology,01/03/2022,0,1,
CancerAdminSupport76221_ClinicalSupportandCancerServices_AdministrativeandClerical_Oncology,01/05/2022,0,1,
CancerAdminSupport76221_ClinicalSupportandCancerServices_AdministrativeandClerical_Oncology,01/07/2022,0,1,
CancerAdminSupport76221_ClinicalSupportandCancerServices_AdministrativeandClerical_Oncology,01/08/2022,0,2,
CancerAdminSupport76221_ClinicalSupportandCancerServices_AdministrativeandClerical_Oncology,01/09/2022,0,1,
CancerAdminSupport76221_ClinicalSupportandCancerServices_AdministrativeandClerical_Oncology,01/01/2023,0,1,
CancerAdminSupport76221_ClinicalSupportandCancerServices_AdministrativeandClerical_Oncology,01/03/2023,0,2,
CancerAdminSupport76221_ClinicalSupportandCancerServices_AdministrativeandClerical_Oncology,01/04/2023,0,3,
CancerAdminSupport76221_ClinicalSupportandCancerServices_AdministrativeandClerical_Oncology,01/06/2023,0,1,
CancerAdminSupport76221_ClinicalSupportandCancerServices_AdministrativeandClerical_Oncology,01/10/2023,0,1,
CancerAdminSupport76221_ClinicalSupportandCancerServices_AdministrativeandClerical_Oncology,01/04/2024,1,0,
CancerAdminSupport76221_ClinicalSupportandCancerServices_AdministrativeandClerical_Oncology,01/05/2024,1,1,
CancerAdminSupport76221_ClinicalSupportandCancerServices_AdministrativeandClerical_Oncology,01/08/2024,1,2,
CancerAdminSupport76221_ClinicalSupportandCancerServices_AdministrativeandClerical_Oncology,01/11/2024,1,0,
CancerAdminSupport76221_ClinicalSupportandCancerServices_AdministrativeandClerical_Oncology,01/01/2025,1,0,
CancerAdminSupport76221_ClinicalSupportandCancerServices_AdministrativeandClerical_Oncology,01/02/2025,1,0,
CancerAdminSupport76221_ClinicalSupportandCancerServices_AdministrativeandClerical_Oncology,01/04/2025,0,1,
CancerAlliance00023_OperationalManagement_AdditionalClinicalServices_Admin-CancerServices,01/03/2024,0,1,
CancerAlliance00023_OperationalManagement_AdministrativeandClerical_Admin-CancerServices,01/05/2022,0,1,
CancerAlliance00023_OperationalManagement_AdministrativeandClerical_Admin-CancerServices,01/10/2022,0,1,
CancerAlliance00023_OperationalManagement_AdministrativeandClerical_Admin-CancerServices,01/03/2024,0,1,
CancerAlliance00023_OperationalManagement_AdministrativeandClerical_Admin-CancerServices,01/04/2024,0,1,
CancerAlliance00023_OperationalManagement_AdministrativeandClerical_Admin-CancerServices,01/07/2024,1,1,
CancerAlliance00023_OperationalManagement_AdministrativeandClerical_Admin-CancerServices,01/09/2024,0,2,
CancerAlliance00023_OperationalManagement_AdministrativeandClerical_Admin-CancerServices,01/10/2024,0,1,
CancerAlliance00023_OperationalManagement_AdministrativeandClerical_Admin-CancerServices,01/01/2025,1,0,
CancerAlliance00023_OperationalManagement_AdministrativeandClerical_Admin-CancerServices,01/02/2025,0,1,
CancerAlliance00023_OperationalManagement_AdministrativeandClerical_Admin-CancerServices,01/04/2025,1,0,
CancerAlliance00023_OperationalManagement_MedicalandDental_Admin-CancerServices,01/12/2021,0,1,
CancerAlliance00023_OperationalManagement_NursingandMidwiferyRegistered_Admin-CancerServices,01/10/2024,0,1,
CancerFrontDoor00027_OperationalManagement_AdministrativeandClerical_Admin-CancerServices,01/04/2025,0,1,
CancerFrontDoor00027_OperationalManagement_NursingandMidwiferyRegistered_Admin-CancerServices,01/03/2025,0,1,
CancerNursing76223_ClinicalSupportandCancerServices_AdministrativeandClerical_Oncology,01/06/2021,0,1,
CancerNursing76223_ClinicalSupportandCancerServices_AdministrativeandClerical_Oncology,01/01/2023,0,1,
CancerNursing76223_ClinicalSupportandCancerServices_AdministrativeandClerical_Oncology,01/02/2024,0,1,
CancerNursing76223_ClinicalSupportandCancerServices_AdministrativeandClerical_Oncology,01/10/2024,1,0,
CancerNursing76223_ClinicalSupportandCancerServices_NursingandMidwiferyRegistered_Oncology,01/04/2022,0,1,
CancerNursing76223_ClinicalSupportandCancerServices_NursingandMidwiferyRegistered_Oncology,01/08/2022,0,1,
CancerNursing76223_ClinicalSupportandCancerServices_NursingandMidwiferyRegistered_Oncology,01/10/2022,0,1,
CancerNursing76223_ClinicalSupportandCancerServices_NursingandMidwiferyRegistered_Oncology,01/04/2025,1,0,
CancerNursing76223_ClinicalSupportandCancerServices_Students_Oncology,01/06/2021,0,1,
CancerNursing76223_ClinicalSupportandCancerServices_Students_Oncology,01/03/2022,0,2,
CardiacRehab76273_MedicalServices_NursingandMidwiferyRegistered_Cardiology,01/01/2024,0,1,
Cardiology21003_MedicalServices_AddProfScientificandTechnic_Cardiology,01/06/2022,0,1,
Cardiology21003_MedicalServices_AddProfScientificandTechnic_Cardiology,01/12/2023,0,2,
Cardiology21003_MedicalServices_AddProfScientificandTechnic_Cardiology,01/01/2024,0,1,
Cardiology21003_MedicalServices_AddProfScientificandTechnic_Cardiology,01/04/2024,0,1,
Cardiology21003_MedicalServices_AddProfScientificandTechnic_Cardiology,01/06/2024,0,1,
Cardiology21003_MedicalServices_AddProfScientificandTechnic_Cardiology,01/09/2024,1,0,
Cardiology21003_MedicalServices_AddProfScientificandTechnic_Cardiology,01/12/2024,1,0,
Cardiology21003_MedicalServices_AdditionalClinicalServices_Cardiology,01/09/2021,0,2,
Cardiology21003_MedicalServices_AdditionalClinicalServices_Cardiology,01/08/2023,0,1,
Cardiology21003_MedicalServices_AdditionalClinicalServices_Cardiology,01/09/2023,0,1,
Cardiology21003_MedicalServices_AdditionalClinicalServices_Cardiology,01/04/2024,0,1,
Cardiology21003_MedicalServices_AdditionalClinicalServices_Cardiology,01/08/2024,1,0,
Cardiology21003_MedicalServices_HealthcareScientists_Cardiology,01/09/2021,0,1,
Cardiology21003_MedicalServices_HealthcareScientists_Cardiology,01/11/2021,0,3,
Cardiology21003_MedicalServices_HealthcareScientists_Cardiology,01/04/2023,0,1,
Cardiology21003_MedicalServices_HealthcareScientists_Cardiology,01/04/2024,1,0,
Cardiology21003_MedicalServices_HealthcareScientists_Cardiology,01/06/2024,1,0,
Cardiology21003_MedicalServices_HealthcareScientists_Cardiology,01/08/2024,1,0,
Cardiology21003_MedicalServices_HealthcareScientists_Cardiology,01/01/2025,0,1,
CardiologyMedStaff21000_MedicalServices_AddProfScientificandTechnic_Cardiology,01/11/2022,0,1,
CardiologyMedStaff21000_MedicalServices_AdditionalClinicalServices_Cardiology,01/04/2025,0,1,
CardiologyMedStaff21000_MedicalServices_AdministrativeandClerical_Cardiology,01/05/2024,1,0,
CardiologyMedStaff21000_MedicalServices_AdministrativeandClerical_Cardiology,01/10/2024,0,1,
CardiologyMedStaff21000_MedicalServices_AdministrativeandClerical_Cardiology,01/03/2025,1,1,
CardiologyMedStaff21000_MedicalServices_MedicalandDental_Cardiology,01/05/2021,0,1,
CardiologyMedStaff21000_MedicalServices_MedicalandDental_Cardiology,01/07/2021,0,1,
CardiologyMedStaff21000_MedicalServices_MedicalandDental_Cardiology,01/08/2021,0,12,
CardiologyMedStaff21000_MedicalServices_MedicalandDental_Cardiology,01/07/2022,0,1,
CardiologyMedStaff21000_MedicalServices_MedicalandDental_Cardiology,01/08/2022,0,7,
CardiologyMedStaff21000_MedicalServices_MedicalandDental_Cardiology,01/09/2022,0,1,
CardiologyMedStaff21000_MedicalServices_MedicalandDental_Cardiology,01/10/2022,0,1,
CardiologyMedStaff21000_MedicalServices_MedicalandDental_Cardiology,01/07/2023,0,1,
CardiologyMedStaff21000_MedicalServices_MedicalandDental_Cardiology,01/08/2023,0,8,
CardiologyMedStaff21000_MedicalServices_MedicalandDental_Cardiology,01/09/2023,0,1,
CardiologyMedStaff21000_MedicalServices_MedicalandDental_Cardiology,01/07/2024,0,2,
CardiologyMedStaff21000_MedicalServices_MedicalandDental_Cardiology,01/08/2024,1,4,
CardiologyMedStaff21000_MedicalServices_MedicalandDental_Cardiology,01/09/2024,0,2,
CardiologyMedStaff21000_MedicalServices_MedicalandDental_Cardiology,01/01/2025,1,0,
CardiologyMedStaff21000_MedicalServices_MedicalandDental_Cardiology,01/02/2025,1,1,
CardiologyMedStaff21000_MedicalServices_NursingandMidwiferyRegistered_Cardiology,01/11/2021,0,1,
CardiologyMedStaff21000_MedicalServices_NursingandMidwiferyRegistered_Cardiology,01/04/2023,0,1,
CardiologyMedStaff21000_MedicalServices_NursingandMidwiferyRegistered_Cardiology,01/10/2023,0,1,
CardiologyMedStaff21000_MedicalServices_NursingandMidwiferyRegistered_Cardiology,01/03/2024,0,1,
CardiologyMedStaff21000_MedicalServices_NursingandMidwiferyRegistered_Cardiology,01/05/2024,1,0,
CardiologyMedicalStaff76260_MedicalServices_MedicalandDental_Cardiology,01/05/2021,0,1,
CardiologyMedicalStaff76260_MedicalServices_MedicalandDental_Cardiology,01/08/2021,0,1,
CardiologyMedicalStaff76260_MedicalServices_MedicalandDental_Cardiology,01/07/2023,0,1,
CardiologyMedicalStaff76260_MedicalServices_MedicalandDental_Cardiology,01/08/2023,0,1,
CardiologyMedicalStaff76260_MedicalServices_MedicalandDental_Cardiology,01/07/2024,0,4,
CardiologyMedicalStaff76260_MedicalServices_MedicalandDental_Cardiology,01/08/2024,0,4,
CardiologyMedicalStaff76260_MedicalServices_MedicalandDental_Cardiology,01/12/2024,0,1,
CardiologyMedicalStaff76260_MedicalServices_MedicalandDental_Cardiology,01/01/2025,0,2,
CareOfElderlyMedStf62000_MedicalServices_AddProfScientificandTechnic_CareoftheOlderPersonDEPT,01/03/2025,0,1,
CareOfElderlyMedStf62000_MedicalServices_MedicalandDental_CareoftheOlderPersonDEPT,01/07/2021,0,2,
CareOfElderlyMedStf62000_MedicalServices_MedicalandDental_CareoftheOlderPersonDEPT,01/08/2021,0,9,
CareOfElderlyMedStf62000_MedicalServices_MedicalandDental_CareoftheOlderPersonDEPT,01/11/2021,0,2,
CareOfElderlyMedStf62000_MedicalServices_MedicalandDental_CareoftheOlderPersonDEPT,01/04/2022,0,1,
CareOfElderlyMedStf62000_MedicalServices_MedicalandDental_CareoftheOlderPersonDEPT,01/07/2022,0,5,
CareOfElderlyMedStf62000_MedicalServices_MedicalandDental_CareoftheOlderPersonDEPT,01/08/2022,0,5,
CareOfElderlyMedStf62000_MedicalServices_MedicalandDental_CareoftheOlderPersonDEPT,01/04/2023,0,1,
CareOfElderlyMedStf62000_MedicalServices_MedicalandDental_CareoftheOlderPersonDEPT,01/07/2023,0,5,
CareOfElderlyMedStf62000_MedicalServices_MedicalandDental_CareoftheOlderPersonDEPT,01/08/2023,0,12,
CareOfElderlyMedStf62000_MedicalServices_MedicalandDental_CareoftheOlderPersonDEPT,01/10/2023,0,1,
CareOfElderlyMedStf62000_MedicalServices_MedicalandDental_CareoftheOlderPersonDEPT,01/11/2023,0,2,
CareOfElderlyMedStf62000_MedicalServices_MedicalandDental_CareoftheOlderPersonDEPT,01/03/2024,0,1,
CareOfElderlyMedStf62000_MedicalServices_MedicalandDental_CareoftheOlderPersonDEPT,01/07/2024,0,7,
CareOfElderlyMedStf62000_MedicalServices_MedicalandDental_CareoftheOlderPersonDEPT,01/08/2024,0,8,
CareOfElderlyMedStf62000_MedicalServices_NursingandMidwiferyRegistered_CareoftheOlderPersonDEPT,01/12/2022,0,1,
CareOfElderlyMedStf62000_MedicalServices_NursingandMidwiferyRegistered_CareoftheOlderPersonDEPT,01/10/2023,0,1,
CareofTheElderlyPCN60031_MedicalServices_AdministrativeandClerical_CareoftheOlderPersonDEPT,01/01/2025,1,0,
CareofTheElderlyPCN60031_MedicalServices_MedicalandDental_CareoftheOlderPersonDEPT,01/08/2024,1,0,
CareofTheElderlyPCN60031_MedicalServices_NursingandMidwiferyRegistered_CareoftheOlderPersonDEPT,01/11/2024,1,0,
CareofTheElderlySnr60031_MedicalServices_AdministrativeandClerical_CareoftheOlderPersonDEPT,01/10/2023,0,1,
CareofTheElderlySnr60031_MedicalServices_AdministrativeandClerical_CareoftheOlderPersonDEPT,01/07/2024,0,1,
CareofTheElderlySnr60031_MedicalServices_MedicalandDental_CareoftheOlderPersonDEPT,01/07/2021,0,1,
CareofTheElderlySnr60031_MedicalServices_MedicalandDental_CareoftheOlderPersonDEPT,01/04/2023,0,1,
CareofTheElderlySnr60031_MedicalServices_NursingandMidwiferyRegistered_CareoftheOlderPersonDEPT,01/11/2024,0,1,
CarerAssessment-CAMHS61203_NeighbourhoodServices_AdditionalClinicalServices_CarerBudget,01/04/2025,1,0,
CarerAssessmentTeam61202_NeighbourhoodServices_AdditionalClinicalServices_CarerBudget,01/08/2021,0,1,
CarerAssessmentTeam61202_NeighbourhoodServices_AdditionalClinicalServices_CarerBudget,01/02/2023,0,1,
CarerAssessmentTeam61202_NeighbourhoodServices_AdditionalClinicalServices_CarerBudget,01/04/2023,0,1,
CarerAssessmentTeam61202_NeighbourhoodServices_AdditionalClinicalServices_CarerBudget,01/12/2023,0,1,
CarerAssessmentTeam61202_NeighbourhoodServices_AdditionalClinicalServices_CarerBudget,01/01/2024,0,1,
CarerAssessmentTeam61202_NeighbourhoodServices_AdditionalClinicalServices_CarerBudget,01/12/2024,1,0,
CarerAssessmentTeam61202_NeighbourhoodServices_AdministrativeandClerical_CarerBudget,01/06/2024,1,0,
CarerAssessmentTeam61202_NeighbourhoodServices_AdministrativeandClerical_CarerBudget,01/10/2024,1,0,
Catering-Retail04281_CorporateSupportServices_EstatesandAncillary_EstatesandFacilities-SFT,01/06/2023,0,1,
Catering-Retail04281_CorporateSupportServices_EstatesandAncillary_EstatesandFacilities-SFT,01/07/2023,0,3,
Catering-Retail04281_CorporateSupportServices_EstatesandAncillary_EstatesandFacilities-SFT,01/05/2024,1,0,
Catering-Retail04281_CorporateSupportServices_EstatesandAncillary_EstatesandFacilities-SFT,01/10/2024,0,1,
CathLab21005_MedicalServices_AdditionalClinicalServices_Cardiology,01/10/2021,0,1,
CathLab21005_MedicalServices_AdditionalClinicalServices_Cardiology,01/03/2022,0,1,
CathLab21005_MedicalServices_AdditionalClinicalServices_Cardiology,01/06/2022,0,1,
CathLab21005_MedicalServices_AdditionalClinicalServices_Cardiology,01/09/2022,0,1,
CathLab21005_MedicalServices_AdditionalClinicalServices_Cardiology,01/10/2022,0,1,
CathLab21005_MedicalServices_AdditionalClinicalServices_Cardiology,01/06/2023,0,2,
CathLab21005_MedicalServices_AdditionalClinicalServices_Cardiology,01/09/2023,0,1,
CathLab21005_MedicalServices_AdditionalClinicalServices_Cardiology,01/02/2024,0,1,
CathLab21005_MedicalServices_AdditionalClinicalServices_Cardiology,01/06/2024,1,1,
CathLab21005_MedicalServices_AdditionalClinicalServices_Cardiology,01/11/2024,1,1,
CathLab21005_MedicalServices_EstatesandAncillary_Cardiology,01/12/2021,0,1,
CathLab21005_MedicalServices_EstatesandAncillary_Cardiology,01/10/2022,0,1,
CathLab21005_MedicalServices_EstatesandAncillary_Cardiology,01/02/2025,1,0,
CathLab21005_MedicalServices_NursingandMidwiferyRegistered_Cardiology,01/09/2022,0,1,
CathLab21005_MedicalServices_NursingandMidwiferyRegistered_Cardiology,01/09/2023,0,2,
CathLab21005_MedicalServices_NursingandMidwiferyRegistered_Cardiology,01/11/2023,0,1,
CathLab21005_MedicalServices_NursingandMidwiferyRegistered_Cardiology,01/03/2024,0,1,
CathLab21005_MedicalServices_NursingandMidwiferyRegistered_Cardiology,01/05/2024,0,1,
CathLab21005_MedicalServices_NursingandMidwiferyRegistered_Cardiology,01/07/2024,0,1,
CathLab21005_MedicalServices_NursingandMidwiferyRegistered_Cardiology,01/03/2025,0,1,
ChaplainService35600_ClinicalSupportandCancerServices_AdministrativeandClerical_OtherHOPEandPalliativeCare,01/05/2024,1,0,
ChaplainsTeam35650_ClinicalSupportandCancerServices_AddProfScientificandTechnic_OtherHOPEandPalliativeCare,01/08/2021,0,2,
ChaplainsTeam35650_ClinicalSupportandCancerServices_AddProfScientificandTechnic_OtherHOPEandPalliativeCare,01/11/2024,2,0,
ChardAdministration21540_NeighbourhoodServices_AdministrativeandClerical_ChardCommunityHospital,01/09/2022,0,1,
ChardAdministration21540_NeighbourhoodServices_AdministrativeandClerical_ChardCommunityHospital,01/03/2024,0,1,
ChardAdministration21540_NeighbourhoodServices_AdministrativeandClerical_ChardCommunityHospital,01/12/2024,1,0,
ChardHotelServices21542_CorporateSupportServices_EstatesandAncillary_EstatesandFacilities-SFT,01/04/2022,0,1,
ChardIntegratedRehabilitationTeam61101_NeighbourhoodServices_AlliedHealthProfessionals_IntegratedTeamSouthSom,01/12/2021,0,1,
ChardMIU20027_NeighbourhoodServices_AdditionalClinicalServices_MinorInjuryDEPT,01/11/2024,0,1,
ChardMIU20027_NeighbourhoodServices_AdditionalClinicalServices_MinorInjuryDEPT,01/01/2025,0,1,
ChardMIU20027_NeighbourhoodServices_NursingandMidwiferyRegistered_MinorInjuryDEPT,01/03/2022,0,1,
ChardMIU20027_NeighbourhoodServices_NursingandMidwiferyRegistered_MinorInjuryDEPT,01/11/2023,0,1,
ChardMIU20027_NeighbourhoodServices_NursingandMidwiferyRegistered_MinorInjuryDEPT,01/03/2024,0,1,
ChardMIU20027_NeighbourhoodServices_NursingandMidwiferyRegistered_MinorInjuryDEPT,01/09/2024,0,2,
ChardMIU20027_NeighbourhoodServices_NursingandMidwiferyRegistered_MinorInjuryDEPT,01/11/2024,0,1,
ChardMIU20027_NeighbourhoodServices_NursingandMidwiferyRegistered_MinorInjuryDEPT,01/03/2025,1,0,
ChardOutpatients21402_NeighbourhoodServices_AdditionalClinicalServices_ChardCommunityHospital,01/07/2024,1,0,
ChemotherapyNurse76224_ClinicalSupportandCancerServices_AdditionalClinicalServices_Oncology,01/08/2023,0,1,
ChemotherapyNurse76224_ClinicalSupportandCancerServices_AdditionalClinicalServices_Oncology,01/10/2023,0,1,
ChemotherapyNurse76224_ClinicalSupportandCancerServices_AdditionalClinicalServices_Oncology,01/05/2024,0,1,
ChemotherapyNurse76224_ClinicalSupportandCancerServices_AdditionalClinicalServices_Oncology,01/08/2024,1,0,
ChemotherapyNurse76224_ClinicalSupportandCancerServices_AdditionalClinicalServices_Oncology,01/10/2024,0,1,
ChemotherapyNurse76224_ClinicalSupportandCancerServices_NursingandMidwiferyRegistered_Oncology,01/12/2021,0,1,
ChemotherapyNurse76224_ClinicalSupportandCancerServices_NursingandMidwiferyRegistered_Oncology,01/02/2024,0,1,
ChemotherapyNurse76224_ClinicalSupportandCancerServices_NursingandMidwiferyRegistered_Oncology,01/04/2024,0,1,
ChildrensInpatientUnit43010_CYP&FamiliesServices_AdditionalClinicalServices_AcutePaediatrics,01/05/2021,0,1,
ChildrensInpatientUnit43010_CYP&FamiliesServices_AdditionalClinicalServices_AcutePaediatrics,01/09/2022,0,1,
ChildrensInpatientUnit43010_CYP&FamiliesServices_AdditionalClinicalServices_AcutePaediatrics,01/10/2022,0,1,
ChildrensInpatientUnit43010_CYP&FamiliesServices_AdditionalClinicalServices_AcutePaediatrics,01/05/2023,0,1,
ChildrensInpatientUnit43010_CYP&FamiliesServices_AdditionalClinicalServices_AcutePaediatrics,01/07/2023,0,1,
ChildrensInpatientUnit43010_CYP&FamiliesServices_AdditionalClinicalServices_AcutePaediatrics,01/09/2023,0,1,
ChildrensInpatientUnit43010_CYP&FamiliesServices_AdditionalClinicalServices_AcutePaediatrics,01/05/2024,0,1,
ChildrensInpatientUnit43010_CYP&FamiliesServices_AdditionalClinicalServices_AcutePaediatrics,01/07/2024,1,2,
ChildrensInpatientUnit43010_CYP&FamiliesServices_AdditionalClinicalServices_AcutePaediatrics,01/08/2024,1,0,
ChildrensInpatientUnit43010_CYP&FamiliesServices_AdditionalClinicalServices_AcutePaediatrics,01/10/2024,0,1,
ChildrensInpatientUnit43010_CYP&FamiliesServices_NursingandMidwiferyRegistered_AcutePaediatrics,01/09/2021,0,2,
ChildrensInpatientUnit43010_CYP&FamiliesServices_NursingandMidwiferyRegistered_AcutePaediatrics,01/10/2021,0,1,
ChildrensInpatientUnit43010_CYP&FamiliesServices_NursingandMidwiferyRegistered_AcutePaediatrics,01/12/2021,0,1,
ChildrensInpatientUnit43010_CYP&FamiliesServices_NursingandMidwiferyRegistered_AcutePaediatrics,01/03/2022,0,1,
ChildrensInpatientUnit43010_CYP&FamiliesServices_NursingandMidwiferyRegistered_AcutePaediatrics,01/06/2022,0,1,
ChildrensInpatientUnit43010_CYP&FamiliesServices_NursingandMidwiferyRegistered_AcutePaediatrics,01/10/2022,0,1,
ChildrensInpatientUnit43010_CYP&FamiliesServices_NursingandMidwiferyRegistered_AcutePaediatrics,01/01/2023,0,1,
ChildrensInpatientUnit43010_CYP&FamiliesServices_NursingandMidwiferyRegistered_AcutePaediatrics,01/02/2023,0,1,
ChildrensInpatientUnit43010_CYP&FamiliesServices_NursingandMidwiferyRegistered_AcutePaediatrics,01/03/2023,0,1,
ChildrensInpatientUnit43010_CYP&FamiliesServices_NursingandMidwiferyRegistered_AcutePaediatrics,01/07/2023,0,1,
ChildrensInpatientUnit43010_CYP&FamiliesServices_NursingandMidwiferyRegistered_AcutePaediatrics,01/08/2023,0,1,
ChildrensInpatientUnit43010_CYP&FamiliesServices_NursingandMidwiferyRegistered_AcutePaediatrics,01/09/2023,0,1,
ChildrensInpatientUnit43010_CYP&FamiliesServices_NursingandMidwiferyRegistered_AcutePaediatrics,01/10/2023,0,1,
ChildrensInpatientUnit43010_CYP&FamiliesServices_NursingandMidwiferyRegistered_AcutePaediatrics,01/01/2024,0,2,
ChildrensInpatientUnit43010_CYP&FamiliesServices_NursingandMidwiferyRegistered_AcutePaediatrics,01/02/2024,0,1,
ChildrensInpatientUnit43010_CYP&FamiliesServices_NursingandMidwiferyRegistered_AcutePaediatrics,01/06/2024,1,0,
ChildrensInpatientUnit43010_CYP&FamiliesServices_NursingandMidwiferyRegistered_AcutePaediatrics,01/07/2024,0,1,
ChildrensInpatientUnit43010_CYP&FamiliesServices_NursingandMidwiferyRegistered_AcutePaediatrics,01/09/2024,0,2,
ChildrensInpatientUnit43010_CYP&FamiliesServices_NursingandMidwiferyRegistered_AcutePaediatrics,01/10/2024,1,0,
ChildrensInpatientUnit43010_CYP&FamiliesServices_NursingandMidwiferyRegistered_AcutePaediatrics,01/01/2025,2,0,
ChildrensInpatientUnit43010_CYP&FamiliesServices_NursingandMidwiferyRegistered_AcutePaediatrics,01/02/2025,0,1,
ChildrensInpatientUnit43010_CYP&FamiliesServices_NursingandMidwiferyRegistered_AcutePaediatrics,01/04/2025,3,0,
ChildrensOutpatientsDepart43040_CYP&FamiliesServices_AdditionalClinicalServices_AcutePaediatrics,01/10/2022,0,1,
ChildrensOutpatientsDepart43040_CYP&FamiliesServices_AdditionalClinicalServices_AcutePaediatrics,01/05/2024,0,1,
ChildrensOutpatientsDepart43040_CYP&FamiliesServices_NursingandMidwiferyRegistered_AcutePaediatrics,01/05/2021,0,1,
ChildrensOutpatientsDepart43040_CYP&FamiliesServices_NursingandMidwiferyRegistered_AcutePaediatrics,01/09/2024,1,0,
ChildrensOutpatientsDepart43040_CYP&FamiliesServices_NursingandMidwiferyRegistered_AcutePaediatrics,01/10/2024,0,1,
ChronicFatigueSyndrome67200_NeighbourhoodServices_AddProfScientificandTechnic_ChronicFatigueSyndromeDEPT,01/05/2021,0,1,
ChronicFatigueSyndrome67200_NeighbourhoodServices_AlliedHealthProfessionals_ChronicFatigueSyndromeDEPT,01/04/2024,1,0,
ChronicFatigueSyndrome67200_NeighbourhoodServices_AlliedHealthProfessionals_ChronicFatigueSyndromeDEPT,01/06/2024,0,1,
ChronicFatigueSyndrome67200_NeighbourhoodServices_MedicalandDental_ChronicFatigueSyndromeDEPT,01/08/2022,0,1,
Cleanliness04210_CorporateSupportServices_EstatesandAncillary_EstatesandFacilities-SFT,01/05/2021,0,6,
Cleanliness04210_CorporateSupportServices_EstatesandAncillary_EstatesandFacilities-SFT,01/06/2021,0,3,
Cleanliness04210_CorporateSupportServices_EstatesandAncillary_EstatesandFacilities-SFT,01/07/2021,0,1,
Cleanliness04210_CorporateSupportServices_EstatesandAncillary_EstatesandFacilities-SFT,01/08/2021,0,1,
Cleanliness04210_CorporateSupportServices_EstatesandAncillary_EstatesandFacilities-SFT,01/09/2021,0,3,
Cleanliness04210_CorporateSupportServices_EstatesandAncillary_EstatesandFacilities-SFT,01/10/2021,0,2,
Cleanliness04210_CorporateSupportServices_EstatesandAncillary_EstatesandFacilities-SFT,01/11/2021,0,3,
Cleanliness04210_CorporateSupportServices_EstatesandAncillary_EstatesandFacilities-SFT,01/12/2021,0,1,
Cleanliness04210_CorporateSupportServices_EstatesandAncillary_EstatesandFacilities-SFT,01/01/2022,0,2,
Cleanliness04210_CorporateSupportServices_EstatesandAncillary_EstatesandFacilities-SFT,01/03/2022,0,1,
Cleanliness04210_CorporateSupportServices_EstatesandAncillary_EstatesandFacilities-SFT,01/05/2022,0,1,
Cleanliness04210_CorporateSupportServices_EstatesandAncillary_EstatesandFacilities-SFT,01/06/2022,0,2,
Cleanliness04210_CorporateSupportServices_EstatesandAncillary_EstatesandFacilities-SFT,01/07/2022,0,6,
Cleanliness04210_CorporateSupportServices_EstatesandAncillary_EstatesandFacilities-SFT,01/08/2022,0,1,
Cleanliness04210_CorporateSupportServices_EstatesandAncillary_EstatesandFacilities-SFT,01/09/2022,0,1,
Cleanliness04210_CorporateSupportServices_EstatesandAncillary_EstatesandFacilities-SFT,01/11/2022,0,3,
Cleanliness04210_CorporateSupportServices_EstatesandAncillary_EstatesandFacilities-SFT,01/12/2022,0,2,
Cleanliness04210_CorporateSupportServices_EstatesandAncillary_EstatesandFacilities-SFT,01/01/2023,0,3,
Cleanliness04210_CorporateSupportServices_EstatesandAncillary_EstatesandFacilities-SFT,01/02/2023,0,4,
Cleanliness04210_CorporateSupportServices_EstatesandAncillary_EstatesandFacilities-SFT,01/04/2023,0,2,
Cleanliness04210_CorporateSupportServices_EstatesandAncillary_EstatesandFacilities-SFT,01/05/2023,0,2,
Cleanliness04210_CorporateSupportServices_EstatesandAncillary_EstatesandFacilities-SFT,01/06/2023,0,2,
Cleanliness04210_CorporateSupportServices_EstatesandAncillary_EstatesandFacilities-SFT,01/07/2023,0,3,
Cleanliness04210_CorporateSupportServices_EstatesandAncillary_EstatesandFacilities-SFT,01/08/2023,0,3,
Cleanliness04210_CorporateSupportServices_EstatesandAncillary_EstatesandFacilities-SFT,01/09/2023,0,1,
Cleanliness04210_CorporateSupportServices_EstatesandAncillary_EstatesandFacilities-SFT,01/10/2023,0,6,
Cleanliness04210_CorporateSupportServices_EstatesandAncillary_EstatesandFacilities-SFT,01/11/2023,0,2,
Cleanliness04210_CorporateSupportServices_EstatesandAncillary_EstatesandFacilities-SFT,01/12/2023,0,4,
Cleanliness04210_CorporateSupportServices_EstatesandAncillary_EstatesandFacilities-SFT,01/01/2024,0,3,
Cleanliness04210_CorporateSupportServices_EstatesandAncillary_EstatesandFacilities-SFT,01/02/2024,0,4,
Cleanliness04210_CorporateSupportServices_EstatesandAncillary_EstatesandFacilities-SFT,01/03/2024,0,1,
Cleanliness04210_CorporateSupportServices_EstatesandAncillary_EstatesandFacilities-SFT,01/04/2024,1,1,
Cleanliness04210_CorporateSupportServices_EstatesandAncillary_EstatesandFacilities-SFT,01/05/2024,4,2,
Cleanliness04210_CorporateSupportServices_EstatesandAncillary_EstatesandFacilities-SFT,01/06/2024,1,0,
Cleanliness04210_CorporateSupportServices_EstatesandAncillary_EstatesandFacilities-SFT,01/07/2024,2,0,
Cleanliness04210_CorporateSupportServices_EstatesandAncillary_EstatesandFacilities-SFT,01/08/2024,5,1,
Cleanliness04210_CorporateSupportServices_EstatesandAncillary_EstatesandFacilities-SFT,01/09/2024,1,1,
Cleanliness04210_CorporateSupportServices_EstatesandAncillary_EstatesandFacilities-SFT,01/10/2024,4,0,
Cleanliness04210_CorporateSupportServices_EstatesandAncillary_EstatesandFacilities-SFT,01/11/2024,2,8,
Cleanliness04210_CorporateSupportServices_EstatesandAncillary_EstatesandFacilities-SFT,01/12/2024,7,3,
Cleanliness04210_CorporateSupportServices_EstatesandAncillary_EstatesandFacilities-SFT,01/01/2025,2,5,
Cleanliness04210_CorporateSupportServices_EstatesandAncillary_EstatesandFacilities-SFT,01/02/2025,1,0,
Cleanliness04210_CorporateSupportServices_EstatesandAncillary_EstatesandFacilities-SFT,01/03/2025,5,7,
Cleanliness04210_CorporateSupportServices_EstatesandAncillary_EstatesandFacilities-SFT,01/04/2025,3,3,
Clinical05006_CorporateSupportServices_AdministrativeandClerical_Digital,01/04/2025,1,0,
Clinical05006_CorporateSupportServices_NursingandMidwiferyRegistered_Digital,01/09/2024,1,0,
ClinicalCoding05002_CorporateSupportServices_AdministrativeandClerical_Digital,01/08/2021,0,1,
ClinicalCoding05002_CorporateSupportServices_AdministrativeandClerical_Digital,01/09/2021,0,2,
ClinicalCoding05002_CorporateSupportServices_AdministrativeandClerical_Digital,01/10/2022,0,1,
ClinicalCoding05002_CorporateSupportServices_AdministrativeandClerical_Digital,01/11/2022,0,1,
ClinicalCoding05002_CorporateSupportServices_AdministrativeandClerical_Digital,01/01/2023,0,1,
ClinicalCoding05002_CorporateSupportServices_AdministrativeandClerical_Digital,01/02/2023,0,1,
ClinicalCoding05002_CorporateSupportServices_AdministrativeandClerical_Digital,01/04/2023,0,1,
ClinicalCoding05002_CorporateSupportServices_AdministrativeandClerical_Digital,01/05/2023,0,1,
ClinicalCoding05002_CorporateSupportServices_AdministrativeandClerical_Digital,01/09/2023,0,3,
ClinicalCoding05002_CorporateSupportServices_AdministrativeandClerical_Digital,01/10/2023,0,1,
ClinicalCoding05002_CorporateSupportServices_AdministrativeandClerical_Digital,01/12/2023,0,1,
ClinicalCoding05002_CorporateSupportServices_AdministrativeandClerical_Digital,01/04/2024,1,0,
ClinicalCoding05002_CorporateSupportServices_AdministrativeandClerical_Digital,01/05/2024,1,0,
ClinicalCoding05002_CorporateSupportServices_AdministrativeandClerical_Digital,01/08/2024,2,0,
ClinicalCoding05002_CorporateSupportServices_AdministrativeandClerical_Digital,01/09/2024,0,2,
ClinicalCoding05002_CorporateSupportServices_AdministrativeandClerical_Digital,01/10/2024,1,0,
ClinicalCoding05002_CorporateSupportServices_AdministrativeandClerical_Digital,01/12/2024,1,0,
ClinicalCoding05002_CorporateSupportServices_AdministrativeandClerical_Digital,01/01/2025,0,1,
ClinicalCoding05002_CorporateSupportServices_AdministrativeandClerical_Digital,01/03/2025,1,1,
ClinicalCoding05002_CorporateSupportServices_AdministrativeandClerical_Digital,01/04/2025,0,1,
ClinicalCodingYDH75432_CorporateSupportServices_AdministrativeandClerical_Digital,01/09/2021,0,1,
ClinicalCodingYDH75432_CorporateSupportServices_AdministrativeandClerical_Digital,01/03/2023,0,1,
ClinicalGovernance75485_CorporateSupportServices_AdministrativeandClerical_DirofQuality&Involvement,01/03/2022,0,1,
ClinicalGovernance75485_CorporateSupportServices_AdministrativeandClerical_DirofQuality&Involvement,01/08/2022,0,1,
ClinicalGovernance75485_CorporateSupportServices_AdministrativeandClerical_DirofQuality&Involvement,01/07/2023,0,1,
ClinicalGovernance75485_CorporateSupportServices_AdministrativeandClerical_DirofQuality&Involvement,01/11/2023,0,1,
ClinicalGovernance75485_CorporateSupportServices_AdministrativeandClerical_DirofQuality&Involvement,01/12/2024,1,1,
ClinicalGovernance75485_CorporateSupportServices_NursingandMidwiferyRegistered_DirofQuality&Involvement,01/02/2022,0,1,
ClinicalInvestigations76275_MedicalServices_AddProfScientificandTechnic_Cardiology,01/09/2023,0,1,
ClinicalInvestigations76275_MedicalServices_AddProfScientificandTechnic_Cardiology,01/09/2024,2,0,
ClinicalInvestigations76275_MedicalServices_AddProfScientificandTechnic_Cardiology,01/10/2024,0,1,
ClinicalInvestigations76275_MedicalServices_AddProfScientificandTechnic_Cardiology,01/01/2025,1,0,
ClinicalInvestigations76275_MedicalServices_AdditionalClinicalServices_Cardiology,01/02/2022,0,1,
ClinicalInvestigations76275_MedicalServices_AdditionalClinicalServices_Cardiology,01/08/2022,0,3,
ClinicalInvestigations76275_MedicalServices_AdditionalClinicalServices_Cardiology,01/01/2023,0,2,
ClinicalInvestigations76275_MedicalServices_AdditionalClinicalServices_Cardiology,01/04/2023,0,1,
ClinicalInvestigations76275_MedicalServices_AdditionalClinicalServices_Cardiology,01/09/2023,0,2,
ClinicalInvestigations76275_MedicalServices_AdditionalClinicalServices_Cardiology,01/12/2023,0,1,
ClinicalInvestigations76275_MedicalServices_AdditionalClinicalServices_Cardiology,01/06/2024,1,0,
ClinicalInvestigations76275_MedicalServices_AdditionalClinicalServices_Cardiology,01/08/2024,1,0,
ClinicalInvestigations76275_MedicalServices_AdministrativeandClerical_Cardiology,01/02/2022,0,2,
ClinicalInvestigations76275_MedicalServices_AdministrativeandClerical_Cardiology,01/02/2023,0,1,
ClinicalInvestigations76275_MedicalServices_AdministrativeandClerical_Cardiology,01/05/2023,0,1,
ClinicalInvestigations76275_MedicalServices_AdministrativeandClerical_Cardiology,01/05/2024,0,1,
ClinicalInvestigations76275_MedicalServices_AdministrativeandClerical_Cardiology,01/08/2024,1,0,
ClinicalInvestigations76275_MedicalServices_AdministrativeandClerical_Cardiology,01/02/2025,1,0,
ClinicalInvestigations76275_MedicalServices_HealthcareScientists_Cardiology,01/09/2022,0,1,
ClinicalInvestigations76275_MedicalServices_HealthcareScientists_Cardiology,01/04/2023,0,1,
ClinicalInvestigations76275_MedicalServices_HealthcareScientists_Cardiology,01/05/2023,0,1,
ClinicalInvestigations76275_MedicalServices_HealthcareScientists_Cardiology,01/04/2024,0,1,
ClinicalInvestigations76275_MedicalServices_HealthcareScientists_Cardiology,01/09/2024,2,0,
ClinicalInvestigations76275_MedicalServices_HealthcareScientists_Cardiology,01/10/2024,2,1,
ClinicalInvestigations76275_MedicalServices_HealthcareScientists_Cardiology,01/01/2025,2,1,
ClinicalOncology34000_ClinicalSupportandCancerServices_AddProfScientificandTechnic_Oncology,01/09/2022,0,1,
ClinicalOncology34000_ClinicalSupportandCancerServices_AdministrativeandClerical_Oncology,01/05/2021,0,1,
ClinicalOncology34000_ClinicalSupportandCancerServices_AdministrativeandClerical_Oncology,01/07/2021,0,1,
ClinicalOncology34000_ClinicalSupportandCancerServices_AdministrativeandClerical_Oncology,01/10/2021,0,1,
ClinicalOncology34000_ClinicalSupportandCancerServices_AdministrativeandClerical_Oncology,01/11/2021,0,1,
ClinicalOncology34000_ClinicalSupportandCancerServices_AdministrativeandClerical_Oncology,01/08/2022,0,1,
ClinicalOncology34000_ClinicalSupportandCancerServices_AdministrativeandClerical_Oncology,01/11/2022,0,1,
ClinicalOncology34000_ClinicalSupportandCancerServices_AdministrativeandClerical_Oncology,01/07/2023,0,1,
ClinicalOncology34000_ClinicalSupportandCancerServices_AlliedHealthProfessionals_Oncology,01/02/2023,0,1,
ClinicalOncology34000_ClinicalSupportandCancerServices_MedicalandDental_Oncology,01/07/2021,0,1,
ClinicalOncology34000_ClinicalSupportandCancerServices_MedicalandDental_Oncology,01/08/2021,0,1,
ClinicalOncology34000_ClinicalSupportandCancerServices_MedicalandDental_Oncology,01/09/2021,0,1,
ClinicalOncology34000_ClinicalSupportandCancerServices_MedicalandDental_Oncology,01/10/2021,0,1,
ClinicalOncology34000_ClinicalSupportandCancerServices_MedicalandDental_Oncology,01/11/2021,0,1,
ClinicalOncology34000_ClinicalSupportandCancerServices_MedicalandDental_Oncology,01/07/2022,0,2,
ClinicalOncology34000_ClinicalSupportandCancerServices_MedicalandDental_Oncology,01/08/2022,0,2,
ClinicalOncology34000_ClinicalSupportandCancerServices_MedicalandDental_Oncology,01/10/2022,0,2,
ClinicalOncology34000_ClinicalSupportandCancerServices_MedicalandDental_Oncology,01/01/2023,0,1,
ClinicalOncology34000_ClinicalSupportandCancerServices_MedicalandDental_Oncology,01/03/2023,0,2,
ClinicalOncology34000_ClinicalSupportandCancerServices_MedicalandDental_Oncology,01/08/2023,0,4,
ClinicalOncology34000_ClinicalSupportandCancerServices_MedicalandDental_Oncology,01/09/2023,0,2,
ClinicalOncology34000_ClinicalSupportandCancerServices_MedicalandDental_Oncology,01/10/2023,0,1,
ClinicalOncology34000_ClinicalSupportandCancerServices_MedicalandDental_Oncology,01/02/2024,0,2,
ClinicalOncology34000_ClinicalSupportandCancerServices_MedicalandDental_Oncology,01/04/2024,0,2,
ClinicalOncology34000_ClinicalSupportandCancerServices_MedicalandDental_Oncology,01/06/2024,0,1,
ClinicalOncology34000_ClinicalSupportandCancerServices_MedicalandDental_Oncology,01/08/2024,0,2,
ClinicalOncology34000_ClinicalSupportandCancerServices_MedicalandDental_Oncology,01/09/2024,3,1,
ClinicalOncology34000_ClinicalSupportandCancerServices_MedicalandDental_Oncology,01/10/2024,0,3,
ClinicalOncology34000_ClinicalSupportandCancerServices_MedicalandDental_Oncology,01/01/2025,0,1,
ClinicalOncology34000_ClinicalSupportandCancerServices_MedicalandDental_Oncology,01/02/2025,1,0,
ClinicalOncology34000_ClinicalSupportandCancerServices_MedicalandDental_Oncology,01/04/2025,0,1,
ClinicalSiteManagers00008_OperationalManagement_AdministrativeandClerical_ClinicalSiteManagers,01/08/2021,0,1,
ClinicalSiteManagers00008_OperationalManagement_AdministrativeandClerical_ClinicalSiteManagers,01/01/2025,1,0,
ClinicalSiteManagers00008_OperationalManagement_EstatesandAncillary_ClinicalSiteManagers,01/05/2021,0,2,
ClinicalSiteManagers00008_OperationalManagement_EstatesandAncillary_ClinicalSiteManagers,01/04/2023,0,1,
ClinicalSiteManagers00008_OperationalManagement_NursingandMidwiferyRegistered_ClinicalSiteManagers,01/08/2024,1,1,
ClinicalSiteManagers00008_OperationalManagement_NursingandMidwiferyRegistered_ClinicalSiteManagers,01/03/2025,0,1,
ClinicalSiteManagersYDH76327_OperationalManagement_AdditionalClinicalServices_ClinicalSiteManagers,01/08/2024,2,0,
ClinicalSiteManagersYDH76327_OperationalManagement_NursingandMidwiferyRegistered_ClinicalSiteManagers,01/07/2023,0,1,
Co-ProductionServices56700_MentalHealthandLearningDisabilities_AdditionalClinicalServices_Co-ProductionServiceDEPT,01/06/2022,0,1,
Co-ProductionServices56700_MentalHealthandLearningDisabilities_AdditionalClinicalServices_Co-ProductionServiceDEPT,01/08/2023,0,2,
CoViD-1900030_OperationalManagement_AdministrativeandClerical_Covid-19,01/07/2021,0,1,
ColeridgeRespiratoryUnit20903_MedicalServices_AdditionalClinicalServices_Respiratory,01/05/2021,0,1,
ColeridgeRespiratoryUnit20903_MedicalServices_AdditionalClinicalServices_Respiratory,01/06/2021,0,1,
ColeridgeRespiratoryUnit20903_MedicalServices_AdditionalClinicalServices_Respiratory,01/07/2021,0,1,
ColeridgeRespiratoryUnit20903_MedicalServices_AdditionalClinicalServices_Respiratory,01/09/2021,0,1,
ColeridgeRespiratoryUnit20903_MedicalServices_AdditionalClinicalServices_Respiratory,01/10/2021,0,1,
ColeridgeRespiratoryUnit20903_MedicalServices_AdditionalClinicalServices_Respiratory,01/12/2021,0,1,
ColeridgeRespiratoryUnit20903_MedicalServices_AdditionalClinicalServices_Respiratory,01/01/2022,0,1,
ColeridgeRespiratoryUnit20903_MedicalServices_AdditionalClinicalServices_Respiratory,01/02/2022,0,1,
ColeridgeRespiratoryUnit20903_MedicalServices_AdditionalClinicalServices_Respiratory,01/03/2022,0,2,
ColeridgeRespiratoryUnit20903_MedicalServices_AdditionalClinicalServices_Respiratory,01/04/2022,0,1,
ColeridgeRespiratoryUnit20903_MedicalServices_AdditionalClinicalServices_Respiratory,01/05/2022,0,1,
ColeridgeRespiratoryUnit20903_MedicalServices_AdditionalClinicalServices_Respiratory,01/07/2022,0,1,
ColeridgeRespiratoryUnit20903_MedicalServices_AdditionalClinicalServices_Respiratory,01/08/2022,0,3,
ColeridgeRespiratoryUnit20903_MedicalServices_AdditionalClinicalServices_Respiratory,01/09/2022,0,2,
ColeridgeRespiratoryUnit20903_MedicalServices_AdditionalClinicalServices_Respiratory,01/10/2022,0,1,
ColeridgeRespiratoryUnit20903_MedicalServices_AdditionalClinicalServices_Respiratory,01/11/2022,0,1,
ColeridgeRespiratoryUnit20903_MedicalServices_AdditionalClinicalServices_Respiratory,01/01/2023,0,1,
ColeridgeRespiratoryUnit20903_MedicalServices_AdditionalClinicalServices_Respiratory,01/04/2023,0,2,
ColeridgeRespiratoryUnit20903_MedicalServices_AdditionalClinicalServices_Respiratory,01/05/2023,0,4,
ColeridgeRespiratoryUnit20903_MedicalServices_AdditionalClinicalServices_Respiratory,01/06/2023,0,3,
ColeridgeRespiratoryUnit20903_MedicalServices_AdditionalClinicalServices_Respiratory,01/07/2023,0,1,
ColeridgeRespiratoryUnit20903_MedicalServices_AdditionalClinicalServices_Respiratory,01/10/2023,0,2,
ColeridgeRespiratoryUnit20903_MedicalServices_AdditionalClinicalServices_Respiratory,01/11/2023,0,4,
ColeridgeRespiratoryUnit20903_MedicalServices_AdditionalClinicalServices_Respiratory,01/12/2023,0,1,
ColeridgeRespiratoryUnit20903_MedicalServices_AdditionalClinicalServices_Respiratory,01/01/2024,0,2,
ColeridgeRespiratoryUnit20903_MedicalServices_AdditionalClinicalServices_Respiratory,01/02/2024,0,2,
ColeridgeRespiratoryUnit20903_MedicalServices_AdditionalClinicalServices_Respiratory,01/03/2024,0,3,
ColeridgeRespiratoryUnit20903_MedicalServices_AdditionalClinicalServices_Respiratory,01/06/2024,1,0,
ColeridgeRespiratoryUnit20903_MedicalServices_AdditionalClinicalServices_Respiratory,01/07/2024,1,0,
ColeridgeRespiratoryUnit20903_MedicalServices_AdditionalClinicalServices_Respiratory,01/10/2024,1,0,
ColeridgeRespiratoryUnit20903_MedicalServices_AdditionalClinicalServices_Respiratory,01/02/2025,0,2,
ColeridgeRespiratoryUnit20903_MedicalServices_AdditionalClinicalServices_Respiratory,01/03/2025,2,2,
ColeridgeRespiratoryUnit20903_MedicalServices_AdministrativeandClerical_Respiratory,01/08/2024,1,0,
ColeridgeRespiratoryUnit20903_MedicalServices_AdministrativeandClerical_Respiratory,01/03/2025,0,1,
ColeridgeRespiratoryUnit20903_MedicalServices_NursingandMidwiferyRegistered_Respiratory,01/04/2024,1,0,
ColeridgeRespiratoryUnit20903_MedicalServices_NursingandMidwiferyRegistered_Respiratory,01/07/2024,1,0,
ColeridgeRespiratoryUnit20903_MedicalServices_NursingandMidwiferyRegistered_Respiratory,01/08/2024,1,0,
ColeridgeRespiratoryUnit20903_MedicalServices_NursingandMidwiferyRegistered_Respiratory,01/10/2024,1,0,
ColeridgeRespiratoryUnit20903_MedicalServices_NursingandMidwiferyRegistered_Respiratory,01/03/2025,2,1,
ColleagueSupport02066_CorporateSupportServices_AddProfScientificandTechnic_Experience&Learning,01/12/2022,0,2,
ColleagueSupport02066_CorporateSupportServices_AdditionalClinicalServices_Experience&Learning,01/03/2022,0,2,
ColleagueSupport02066_CorporateSupportServices_AdditionalClinicalServices_Experience&Learning,01/03/2024,0,1,
ColleagueSupport02066_CorporateSupportServices_AdditionalClinicalServices_Experience&Learning,01/04/2024,0,1,
ColleagueSupport02066_CorporateSupportServices_AdditionalClinicalServices_Experience&Learning,01/10/2024,1,0,
ColorectalMedStf10009_SurgicalServices_MedicalandDental_Colorectal,01/08/2021,0,1,
ColorectalMedStf10009_SurgicalServices_MedicalandDental_Colorectal,01/04/2022,0,1,
ColorectalMedStf10009_SurgicalServices_MedicalandDental_Colorectal,01/08/2022,0,1,
ColorectalMedStf10009_SurgicalServices_MedicalandDental_Colorectal,01/08/2023,0,1,
ColorectalMedStf10009_SurgicalServices_MedicalandDental_Colorectal,01/08/2024,0,1,
ColorectalMedStf10009_SurgicalServices_MedicalandDental_Colorectal,01/02/2025,1,0,
CommercialDevelopment00130_CorporateSupportServices_AdministrativeandClerical_Commercial,01/01/2022,0,1,
CommercialDevelopment00130_CorporateSupportServices_AdministrativeandClerical_Commercial,01/07/2022,0,1,
Communications00402_CorporateSupportServices_AdministrativeandClerical_DirectorofCommunications,01/09/2021,0,1,
Communications00402_CorporateSupportServices_AdministrativeandClerical_DirectorofCommunications,01/11/2021,0,1,
Communications00402_CorporateSupportServices_AdministrativeandClerical_DirectorofCommunications,01/08/2023,0,1,
Communications00402_CorporateSupportServices_AdministrativeandClerical_DirectorofCommunications,01/09/2023,0,1,
Communications00402_CorporateSupportServices_AdministrativeandClerical_DirectorofCommunications,01/12/2023,0,1,
Communications00402_CorporateSupportServices_AdministrativeandClerical_DirectorofCommunications,01/03/2024,0,1,
Communications00402_CorporateSupportServices_AdministrativeandClerical_DirectorofCommunications,01/05/2024,1,0,
Communications00402_CorporateSupportServices_AdministrativeandClerical_DirectorofCommunications,01/06/2024,0,1,
Communications00402_CorporateSupportServices_AdministrativeandClerical_DirectorofCommunications,01/01/2025,1,0,
Communications00402_CorporateSupportServices_AdministrativeandClerical_DirectorofCommunications,01/02/2025,1,0,
CommunityChildrensNursing42040_CYP&FamiliesServices_NursingandMidwiferyRegistered_CommunityPaediatrics,01/06/2021,0,1,
CommunityChildrensNursing42040_CYP&FamiliesServices_NursingandMidwiferyRegistered_CommunityPaediatrics,01/07/2021,0,1,
CommunityChildrensNursing42040_CYP&FamiliesServices_NursingandMidwiferyRegistered_CommunityPaediatrics,01/09/2021,0,1,
CommunityChildrensNursing42040_CYP&FamiliesServices_NursingandMidwiferyRegistered_CommunityPaediatrics,01/07/2023,0,1,
CommunityChildrensNursing42040_CYP&FamiliesServices_NursingandMidwiferyRegistered_CommunityPaediatrics,01/06/2024,1,0,
CommunityChildrensNursing42040_CYP&FamiliesServices_NursingandMidwiferyRegistered_CommunityPaediatrics,01/08/2024,1,1,
CommunityChildrensNursing42040_CYP&FamiliesServices_NursingandMidwiferyRegistered_CommunityPaediatrics,01/01/2025,1,1,
CommunityChildrensPsychology42050_CYP&FamiliesServices_AddProfScientificandTechnic_CommunityPaediatrics,01/01/2023,0,1,
CommunityChildrensPsychology42050_CYP&FamiliesServices_AdministrativeandClerical_CommunityPaediatrics,01/05/2021,0,1,
CommunityDietetics38550_ClinicalSupportandCancerServices_AlliedHealthProfessionals_TherapiesDEPT,01/10/2021,0,1,
CommunityDietetics38550_ClinicalSupportandCancerServices_AlliedHealthProfessionals_TherapiesDEPT,01/11/2022,0,1,
ComplexCare76010_NeighbourhoodServices_AdditionalClinicalServices_ComplexCareDEPT,01/11/2022,0,1,
ComplexCare76010_NeighbourhoodServices_AdditionalClinicalServices_ComplexCareDEPT,01/01/2024,0,1,
ComplexCare76010_NeighbourhoodServices_AdministrativeandClerical_ComplexCareDEPT,01/08/2021,0,1,
ComplexCare76010_NeighbourhoodServices_MedicalandDental_ComplexCareDEPT,01/02/2022,0,1,
ComplexCare76010_NeighbourhoodServices_MedicalandDental_ComplexCareDEPT,01/09/2022,0,1,
ComplexCare76010_NeighbourhoodServices_MedicalandDental_ComplexCareDEPT,01/11/2023,0,1,
ComplexCare76010_NeighbourhoodServices_MedicalandDental_ComplexCareDEPT,01/06/2024,1,0,
ComplexCare76010_NeighbourhoodServices_NursingandMidwiferyRegistered_ComplexCareDEPT,01/09/2021,0,1,
ComplexCare76010_NeighbourhoodServices_NursingandMidwiferyRegistered_ComplexCareDEPT,01/06/2024,1,0,
Connect18SouthSomerset51241_MentalHealthandLearningDisabilities_AdditionalClinicalServices_CMHSEast,01/06/2022,0,1,
Connect18SouthSomerset51241_MentalHealthandLearningDisabilities_AdditionalClinicalServices_CMHSEast,01/03/2023,0,1,
Connect18Taunton51140_MentalHealthandLearningDisabilities_AdditionalClinicalServices_CMHSWest,01/10/2022,0,1,
Connect18Taunton51140_MentalHealthandLearningDisabilities_AdditionalClinicalServices_CMHSWest,01/09/2023,0,1,
Connect18Taunton51140_MentalHealthandLearningDisabilities_NursingandMidwiferyRegistered_CMHSWest,01/09/2023,0,1,
ConservatorsWard20202_MedicalServices_AdditionalClinicalServices_Endocrinology,01/05/2021,0,3,
ConservatorsWard20202_MedicalServices_AdditionalClinicalServices_Endocrinology,01/08/2021,0,1,
ConservatorsWard20202_MedicalServices_AdditionalClinicalServices_Endocrinology,01/09/2021,0,1,
ConservatorsWard20202_MedicalServices_AdditionalClinicalServices_Endocrinology,01/11/2021,0,1,
ConservatorsWard20202_MedicalServices_AdditionalClinicalServices_Endocrinology,01/12/2021,0,1,
ConservatorsWard20202_MedicalServices_AdditionalClinicalServices_Endocrinology,01/01/2022,0,2,
ConservatorsWard20202_MedicalServices_AdditionalClinicalServices_Endocrinology,01/02/2022,0,1,
ConservatorsWard20202_MedicalServices_AdditionalClinicalServices_Endocrinology,01/03/2022,0,3,
ConservatorsWard20202_MedicalServices_AdditionalClinicalServices_Endocrinology,01/04/2022,0,5,
ConservatorsWard20202_MedicalServices_AdditionalClinicalServices_Endocrinology,01/05/2022,0,2,
ConservatorsWard20202_MedicalServices_AdditionalClinicalServices_Endocrinology,01/06/2022,0,1,
ConservatorsWard20202_MedicalServices_AdditionalClinicalServices_Endocrinology,01/07/2022,0,2,
ConservatorsWard20202_MedicalServices_AdditionalClinicalServices_Endocrinology,01/08/2022,0,3,
ConservatorsWard20202_MedicalServices_AdditionalClinicalServices_Endocrinology,01/09/2022,0,3,
ConservatorsWard20202_MedicalServices_AdditionalClinicalServices_Endocrinology,01/11/2022,0,3,
ConservatorsWard20202_MedicalServices_AdditionalClinicalServices_Endocrinology,01/12/2022,0,1,
ConservatorsWard20202_MedicalServices_AdditionalClinicalServices_Endocrinology,01/02/2023,0,2,
ConservatorsWard20202_MedicalServices_AdditionalClinicalServices_Endocrinology,01/03/2023,0,1,
ConservatorsWard20202_MedicalServices_AdditionalClinicalServices_Endocrinology,01/04/2023,0,4,
ConservatorsWard20202_MedicalServices_AdditionalClinicalServices_Endocrinology,01/05/2023,0,1,
ConservatorsWard20202_MedicalServices_AdditionalClinicalServices_Endocrinology,01/08/2023,0,1,
ConservatorsWard20202_MedicalServices_AdditionalClinicalServices_Endocrinology,01/11/2023,0,1,
ConservatorsWard20202_MedicalServices_AdditionalClinicalServices_Endocrinology,01/01/2024,0,2,
ConservatorsWard20202_MedicalServices_AdditionalClinicalServices_Endocrinology,01/02/2024,0,2,
ConservatorsWard20202_MedicalServices_AdditionalClinicalServices_Endocrinology,01/03/2024,0,2,
ConservatorsWard20202_MedicalServices_AdditionalClinicalServices_Endocrinology,01/07/2024,1,0,
ConservatorsWard20202_MedicalServices_AdditionalClinicalServices_Endocrinology,01/10/2024,1,0,
ConservatorsWard20202_MedicalServices_AdditionalClinicalServices_Endocrinology,01/02/2025,2,0,
ConservatorsWard20202_MedicalServices_AdditionalClinicalServices_Endocrinology,01/04/2025,0,1,
ConservatorsWard20202_MedicalServices_AdministrativeandClerical_Endocrinology,01/05/2023,0,1,
ConservatorsWard20202_MedicalServices_AdministrativeandClerical_Endocrinology,01/04/2024,0,1,
ConservatorsWard20202_MedicalServices_NursingandMidwiferyRegistered_Endocrinology,01/08/2021,0,1,
ConservatorsWard20202_MedicalServices_NursingandMidwiferyRegistered_Endocrinology,01/10/2023,0,1,
ConservatorsWard20202_MedicalServices_NursingandMidwiferyRegistered_Endocrinology,01/07/2024,1,0,
ConservatorsWard20202_MedicalServices_NursingandMidwiferyRegistered_Endocrinology,01/08/2024,1,0,
ConservatorsWard20202_MedicalServices_NursingandMidwiferyRegistered_Endocrinology,01/10/2024,1,0,
ContactCentre75768_SurgicalServices_AdministrativeandClerical_Outpatients,01/06/2021,0,1,
ContactCentre75768_SurgicalServices_AdministrativeandClerical_Outpatients,01/08/2021,0,1,
ContactCentre75768_SurgicalServices_AdministrativeandClerical_Outpatients,01/10/2021,0,2,
ContactCentre75768_SurgicalServices_AdministrativeandClerical_Outpatients,01/11/2021,0,2,
ContactCentre75768_SurgicalServices_AdministrativeandClerical_Outpatients,01/03/2022,0,1,
ContactCentre75768_SurgicalServices_AdministrativeandClerical_Outpatients,01/04/2022,0,3,
ContactCentre75768_SurgicalServices_AdministrativeandClerical_Outpatients,01/07/2022,0,2,
ContactCentre75768_SurgicalServices_AdministrativeandClerical_Outpatients,01/08/2022,0,1,
ContactCentre75768_SurgicalServices_AdministrativeandClerical_Outpatients,01/09/2022,0,2,
ContactCentre75768_SurgicalServices_AdministrativeandClerical_Outpatients,01/10/2022,0,1,
ContactCentre75768_SurgicalServices_AdministrativeandClerical_Outpatients,01/11/2022,0,1,
ContactCentre75768_SurgicalServices_AdministrativeandClerical_Outpatients,01/12/2022,0,1,
ContactCentre75768_SurgicalServices_AdministrativeandClerical_Outpatients,01/01/2023,0,2,
ContactCentre75768_SurgicalServices_AdministrativeandClerical_Outpatients,01/05/2023,0,1,
ContactCentre75768_SurgicalServices_AdministrativeandClerical_Outpatients,01/07/2023,0,1,
ContactCentre75768_SurgicalServices_AdministrativeandClerical_Outpatients,01/08/2023,0,1,
ContactCentre75768_SurgicalServices_AdministrativeandClerical_Outpatients,01/09/2023,0,2,
ContactCentre75768_SurgicalServices_AdministrativeandClerical_Outpatients,01/03/2024,0,1,
ContactCentre75768_SurgicalServices_AdministrativeandClerical_Outpatients,01/05/2024,1,0,
ContactCentre75768_SurgicalServices_AdministrativeandClerical_Outpatients,01/06/2024,0,1,
ContactCentre75768_SurgicalServices_AdministrativeandClerical_Outpatients,01/08/2024,1,0,
ContactCentre75768_SurgicalServices_AdministrativeandClerical_Outpatients,01/09/2024,1,0,
ContactCentre75768_SurgicalServices_AdministrativeandClerical_Outpatients,01/11/2024,2,0,
ContactCentre75768_SurgicalServices_AdministrativeandClerical_Outpatients,01/01/2025,0,1,
ContinenceServices16007_SurgicalServices_AdministrativeandClerical_ContinenceDEPT,01/03/2023,0,1,
ContinenceServices16007_SurgicalServices_AdministrativeandClerical_ContinenceDEPT,01/03/2024,0,1,
ContinenceServices16007_SurgicalServices_NursingandMidwiferyRegistered_ContinenceDEPT,01/08/2022,0,1,
ContinenceServices16007_SurgicalServices_NursingandMidwiferyRegistered_ContinenceDEPT,01/12/2022,0,1,
ControlofInfection00203_CorporateSupportServices_AdministrativeandClerical_InfectionControl,01/11/2022,0,1,
ControlofInfection00203_CorporateSupportServices_NursingandMidwiferyRegistered_InfectionControl,01/12/2022,0,1,
ControlofInfection00203_CorporateSupportServices_NursingandMidwiferyRegistered_InfectionControl,01/08/2023,0,1,
ControlofInfection00203_CorporateSupportServices_NursingandMidwiferyRegistered_InfectionControl,01/04/2024,0,1,
ControlofInfection00203_CorporateSupportServices_NursingandMidwiferyRegistered_InfectionControl,01/07/2024,1,0,
ControlofInfection00203_CorporateSupportServices_NursingandMidwiferyRegistered_InfectionControl,01/08/2024,0,1,
ControlofInfection00203_CorporateSupportServices_NursingandMidwiferyRegistered_InfectionControl,01/09/2024,1,0,
CorporateGovernanceTeam00411_CorporateSupportServices_AdministrativeandClerical_DirectorofCorporateServicesDEPT,01/04/2025,1,0,
CourtAssessmentTeam54400_MentalHealthandLearningDisabilities_AddProfScientificandTechnic_UrgentCare&ForensicServs,01/01/2023,0,1,
CourtAssessmentTeam54400_MentalHealthandLearningDisabilities_AddProfScientificandTechnic_UrgentCare&ForensicServs,01/01/2024,0,1,
CourtAssessmentTeam54400_MentalHealthandLearningDisabilities_AdditionalClinicalServices_UrgentCare&ForensicServs,01/10/2023,0,1,
CourtAssessmentTeam54400_MentalHealthandLearningDisabilities_AdditionalClinicalServices_UrgentCare&ForensicServs,01/09/2024,0,1,
CourtAssessmentTeam54400_MentalHealthandLearningDisabilities_AdditionalClinicalServices_UrgentCare&ForensicServs,01/10/2024,1,0,
CourtAssessmentTeam54400_MentalHealthandLearningDisabilities_AdditionalClinicalServices_UrgentCare&ForensicServs,01/04/2025,0,1,
CourtAssessmentTeam54400_MentalHealthandLearningDisabilities_NursingandMidwiferyRegistered_UrgentCare&ForensicServs,01/04/2023,0,1,
CourtAssessmentTeam54400_MentalHealthandLearningDisabilities_NursingandMidwiferyRegistered_UrgentCare&ForensicServs,01/01/2024,0,1,
CourtAssessmentTeam54400_MentalHealthandLearningDisabilities_NursingandMidwiferyRegistered_UrgentCare&ForensicServs,01/07/2024,0,1,
CourtAssessmentTeam54400_MentalHealthandLearningDisabilities_NursingandMidwiferyRegistered_UrgentCare&ForensicServs,01/03/2025,1,0,
CovidScreening00040_ClinicalSupportandCancerServices_AdditionalClinicalServices_CovidScreening,01/02/2022,0,1,
CovidScreening00040_ClinicalSupportandCancerServices_AdministrativeandClerical_CovidScreening,01/10/2021,0,1,
CovidScreening00040_ClinicalSupportandCancerServices_AdministrativeandClerical_CovidScreening,01/02/2022,0,1,
CreechMedicalCentre63040_CorporateSupportServices_AdministrativeandClerical_GPSurgeriesDEPT,01/09/2021,0,3,
CrewkerneAdministration21560_NeighbourhoodServices_AdministrativeandClerical_CrewkerneCommunityHospital,01/05/2021,0,1,
CrewkerneAdministration21560_NeighbourhoodServices_AdministrativeandClerical_CrewkerneCommunityHospital,01/01/2023,0,1,
CrewkerneAdministration21560_NeighbourhoodServices_AdministrativeandClerical_CrewkerneCommunityHospital,01/02/2025,1,1,
CrewkerneCatering21561_CorporateSupportServices_EstatesandAncillary_EstatesandFacilities-SFT,01/04/2024,1,0,
CrewkerneCatering21561_CorporateSupportServices_EstatesandAncillary_EstatesandFacilities-SFT,01/09/2024,1,0,
CrewkerneCatering21561_CorporateSupportServices_EstatesandAncillary_EstatesandFacilities-SFT,01/10/2024,0,1,
CrewkerneHotelServices21562_CorporateSupportServices_EstatesandAncillary_EstatesandFacilities-SFT,01/11/2022,0,1,
CrewkerneHotelServices21562_CorporateSupportServices_EstatesandAncillary_EstatesandFacilities-SFT,01/01/2023,0,1,
CrewkerneHotelServices21562_CorporateSupportServices_EstatesandAncillary_EstatesandFacilities-SFT,01/07/2023,0,1,
CrewkerneHotelServices21562_CorporateSupportServices_EstatesandAncillary_EstatesandFacilities-SFT,01/08/2023,0,1,
CrewkerneHotelServices21562_CorporateSupportServices_EstatesandAncillary_EstatesandFacilities-SFT,01/04/2024,0,1,
CrewkerneHotelServices21562_CorporateSupportServices_EstatesandAncillary_EstatesandFacilities-SFT,01/08/2024,1,0,
CrewkerneHotelServices21562_CorporateSupportServices_EstatesandAncillary_EstatesandFacilities-SFT,01/09/2024,1,1,
CrewkerneWards21563_NeighbourhoodServices_AdditionalClinicalServices_CrewkerneCommunityHospital,01/06/2021,0,1,
CrewkerneWards21563_NeighbourhoodServices_AdditionalClinicalServices_CrewkerneCommunityHospital,01/10/2021,0,1,
CrewkerneWards21563_NeighbourhoodServices_AdditionalClinicalServices_CrewkerneCommunityHospital,01/08/2022,0,1,
CrewkerneWards21563_NeighbourhoodServices_AdditionalClinicalServices_CrewkerneCommunityHospital,01/09/2022,0,1,
CrewkerneWards21563_NeighbourhoodServices_AdditionalClinicalServices_CrewkerneCommunityHospital,01/10/2022,0,2,
CrewkerneWards21563_NeighbourhoodServices_AdditionalClinicalServices_CrewkerneCommunityHospital,01/01/2023,0,1,
CrewkerneWards21563_NeighbourhoodServices_AdditionalClinicalServices_CrewkerneCommunityHospital,01/03/2023,0,1,
CrewkerneWards21563_NeighbourhoodServices_AdditionalClinicalServices_CrewkerneCommunityHospital,01/04/2023,0,1,
CrewkerneWards21563_NeighbourhoodServices_AdditionalClinicalServices_CrewkerneCommunityHospital,01/08/2023,0,1,
CrewkerneWards21563_NeighbourhoodServices_AdditionalClinicalServices_CrewkerneCommunityHospital,01/04/2024,0,1,
CrewkerneWards21563_NeighbourhoodServices_AdditionalClinicalServices_CrewkerneCommunityHospital,01/07/2024,1,0,
CrewkerneWards21563_NeighbourhoodServices_NursingandMidwiferyRegistered_CrewkerneCommunityHospital,01/05/2022,0,1,
CrewkerneWards21563_NeighbourhoodServices_NursingandMidwiferyRegistered_CrewkerneCommunityHospital,01/09/2022,0,1,
CrewkerneWards21563_NeighbourhoodServices_NursingandMidwiferyRegistered_CrewkerneCommunityHospital,01/08/2023,0,1,
CrewkerneWards21563_NeighbourhoodServices_NursingandMidwiferyRegistered_CrewkerneCommunityHospital,01/10/2023,0,1,
CrewkerneWards21563_NeighbourhoodServices_NursingandMidwiferyRegistered_CrewkerneCommunityHospital,01/12/2023,0,1,
CrewkerneWards21563_NeighbourhoodServices_NursingandMidwiferyRegistered_CrewkerneCommunityHospital,01/01/2024,0,1,
CrewkerneWards21563_NeighbourhoodServices_NursingandMidwiferyRegistered_CrewkerneCommunityHospital,01/02/2024,0,1,
CrewkerneWards21563_NeighbourhoodServices_NursingandMidwiferyRegistered_CrewkerneCommunityHospital,01/05/2024,1,0,
CrewkerneWards21563_NeighbourhoodServices_NursingandMidwiferyRegistered_CrewkerneCommunityHospital,01/06/2024,0,1,
CrewkerneWards21563_NeighbourhoodServices_NursingandMidwiferyRegistered_CrewkerneCommunityHospital,01/08/2024,0,1,
CrewkerneWards21563_NeighbourhoodServices_NursingandMidwiferyRegistered_CrewkerneCommunityHospital,01/09/2024,0,1,
D2A00005_NeighbourhoodServices_AdditionalClinicalServices_IntermediateCareDEPT,01/08/2021,0,1,
D2A00005_NeighbourhoodServices_AdditionalClinicalServices_IntermediateCareDEPT,01/11/2021,0,1,
D2A00005_NeighbourhoodServices_AdditionalClinicalServices_IntermediateCareDEPT,01/12/2021,0,1,
D2A00005_NeighbourhoodServices_AdditionalClinicalServices_IntermediateCareDEPT,01/01/2022,0,1,
D2A00005_NeighbourhoodServices_AdditionalClinicalServices_IntermediateCareDEPT,01/04/2022,0,2,
D2A00005_NeighbourhoodServices_AdditionalClinicalServices_IntermediateCareDEPT,01/06/2022,0,2,
D2A00005_NeighbourhoodServices_AdditionalClinicalServices_IntermediateCareDEPT,01/08/2022,0,1,
D2A00005_NeighbourhoodServices_AdditionalClinicalServices_IntermediateCareDEPT,01/09/2022,0,1,
D2A00005_NeighbourhoodServices_AdditionalClinicalServices_IntermediateCareDEPT,01/10/2022,0,2,
D2A00005_NeighbourhoodServices_AdditionalClinicalServices_IntermediateCareDEPT,01/11/2022,0,1,
D2A00005_NeighbourhoodServices_AdditionalClinicalServices_IntermediateCareDEPT,01/01/2023,0,2,
D2A00005_NeighbourhoodServices_AdditionalClinicalServices_IntermediateCareDEPT,01/02/2023,0,1,
D2A00005_NeighbourhoodServices_AdditionalClinicalServices_IntermediateCareDEPT,01/03/2023,0,2,
D2A00005_NeighbourhoodServices_AdditionalClinicalServices_IntermediateCareDEPT,01/04/2023,0,1,
D2A00005_NeighbourhoodServices_AdditionalClinicalServices_IntermediateCareDEPT,01/05/2023,0,3,
D2A00005_NeighbourhoodServices_AdditionalClinicalServices_IntermediateCareDEPT,01/08/2023,0,1,
D2A00005_NeighbourhoodServices_AdditionalClinicalServices_IntermediateCareDEPT,01/10/2023,0,1,
D2A00005_NeighbourhoodServices_AdditionalClinicalServices_IntermediateCareDEPT,01/12/2023,0,3,
D2A00005_NeighbourhoodServices_AdditionalClinicalServices_IntermediateCareDEPT,01/05/2024,1,0,
D2A00005_NeighbourhoodServices_AdditionalClinicalServices_IntermediateCareDEPT,01/06/2024,0,1,
D2A00005_NeighbourhoodServices_AdministrativeandClerical_IntermediateCareDEPT,01/09/2021,0,1,
D2A00005_NeighbourhoodServices_AdministrativeandClerical_IntermediateCareDEPT,01/01/2022,0,1,
D2A00005_NeighbourhoodServices_AdministrativeandClerical_IntermediateCareDEPT,01/04/2022,0,1,
D2A00005_NeighbourhoodServices_AdministrativeandClerical_IntermediateCareDEPT,01/05/2022,0,1,
D2A00005_NeighbourhoodServices_AdministrativeandClerical_IntermediateCareDEPT,01/09/2022,0,1,
D2A00005_NeighbourhoodServices_AdministrativeandClerical_IntermediateCareDEPT,01/12/2022,0,1,
D2A00005_NeighbourhoodServices_AdministrativeandClerical_IntermediateCareDEPT,01/01/2024,0,1,
D2A00005_NeighbourhoodServices_AdministrativeandClerical_IntermediateCareDEPT,01/04/2024,1,1,
D2A00005_NeighbourhoodServices_AdministrativeandClerical_IntermediateCareDEPT,01/08/2024,0,1,
D2A00005_NeighbourhoodServices_AdministrativeandClerical_IntermediateCareDEPT,01/09/2024,1,1,
D2A00005_NeighbourhoodServices_AdministrativeandClerical_IntermediateCareDEPT,01/11/2024,1,0,
D2A00005_NeighbourhoodServices_AlliedHealthProfessionals_IntermediateCareDEPT,01/08/2021,0,1,
D2A00005_NeighbourhoodServices_AlliedHealthProfessionals_IntermediateCareDEPT,01/09/2021,0,2,
D2A00005_NeighbourhoodServices_AlliedHealthProfessionals_IntermediateCareDEPT,01/01/2022,0,1,
D2A00005_NeighbourhoodServices_AlliedHealthProfessionals_IntermediateCareDEPT,01/02/2022,0,2,
D2A00005_NeighbourhoodServices_AlliedHealthProfessionals_IntermediateCareDEPT,01/04/2023,0,1,
D2A00005_NeighbourhoodServices_AlliedHealthProfessionals_IntermediateCareDEPT,01/10/2023,0,1,
D2A00005_NeighbourhoodServices_AlliedHealthProfessionals_IntermediateCareDEPT,01/08/2024,0,1,
DNBridgwaterBay61001_NeighbourhoodServices_AdditionalClinicalServices_IntTeamNSedge&B'Water,01/02/2024,0,1,
DNBridgwaterBay61001_NeighbourhoodServices_AdministrativeandClerical_IntTeamNSedge&B'Water,01/06/2021,0,1,
DNBridgwaterBay61001_NeighbourhoodServices_NursingandMidwiferyRegistered_IntTeamNSedge&B'Water,01/07/2021,0,1,
DNBridgwaterBay61001_NeighbourhoodServices_NursingandMidwiferyRegistered_IntTeamNSedge&B'Water,01/09/2022,0,1,
DNBridgwaterBay61001_NeighbourhoodServices_NursingandMidwiferyRegistered_IntTeamNSedge&B'Water,01/09/2024,1,1,
DNBridgwaterBay61001_NeighbourhoodServices_NursingandMidwiferyRegistered_IntTeamNSedge&B'Water,01/10/2024,1,0,
DNBridgwaterBay61001_NeighbourhoodServices_NursingandMidwiferyRegistered_IntTeamNSedge&B'Water,01/11/2024,1,2,
DNEastMendip61200_NeighbourhoodServices_AdditionalClinicalServices_IntegratedTeamMendip,01/06/2021,0,1,
DNEastMendip61200_NeighbourhoodServices_AdditionalClinicalServices_IntegratedTeamMendip,01/04/2022,0,1,
DNEastMendip61200_NeighbourhoodServices_AdditionalClinicalServices_IntegratedTeamMendip,01/08/2023,0,1,
DNEastMendip61200_NeighbourhoodServices_AdditionalClinicalServices_IntegratedTeamMendip,01/07/2024,1,0,
DNEastMendip61200_NeighbourhoodServices_AdditionalClinicalServices_IntegratedTeamMendip,01/08/2024,0,2,
DNEastMendip61200_NeighbourhoodServices_AdministrativeandClerical_IntegratedTeamMendip,01/01/2023,0,1,
DNEastMendip61200_NeighbourhoodServices_NursingandMidwiferyRegistered_IntegratedTeamMendip,01/10/2021,0,1,
DNEastMendip61200_NeighbourhoodServices_NursingandMidwiferyRegistered_IntegratedTeamMendip,01/04/2022,0,1,
DNEastMendip61200_NeighbourhoodServices_NursingandMidwiferyRegistered_IntegratedTeamMendip,01/07/2022,0,1,
DNEastMendip61200_NeighbourhoodServices_NursingandMidwiferyRegistered_IntegratedTeamMendip,01/08/2022,0,1,
DNEastMendip61200_NeighbourhoodServices_NursingandMidwiferyRegistered_IntegratedTeamMendip,01/10/2022,0,1,
DNEastMendip61200_NeighbourhoodServices_NursingandMidwiferyRegistered_IntegratedTeamMendip,01/11/2022,0,1,
DNEastMendip61200_NeighbourhoodServices_NursingandMidwiferyRegistered_IntegratedTeamMendip,01/12/2022,0,1,
DNEastMendip61200_NeighbourhoodServices_NursingandMidwiferyRegistered_IntegratedTeamMendip,01/01/2023,0,1,
DNEastMendip61200_NeighbourhoodServices_NursingandMidwiferyRegistered_IntegratedTeamMendip,01/09/2023,0,1,
DNEastMendip61200_NeighbourhoodServices_NursingandMidwiferyRegistered_IntegratedTeamMendip,01/11/2023,0,1,
DNEastMendip61200_NeighbourhoodServices_NursingandMidwiferyRegistered_IntegratedTeamMendip,01/04/2024,1,0,
DNEastMendip61200_NeighbourhoodServices_NursingandMidwiferyRegistered_IntegratedTeamMendip,01/07/2024,1,0,
DNEastMendip61200_NeighbourhoodServices_NursingandMidwiferyRegistered_IntegratedTeamMendip,01/08/2024,0,1,
DNEastMendip61200_NeighbourhoodServices_NursingandMidwiferyRegistered_IntegratedTeamMendip,01/10/2024,0,1,
DNEastMendip61200_NeighbourhoodServices_NursingandMidwiferyRegistered_IntegratedTeamMendip,01/02/2025,0,1,
DNEastMendip61200_NeighbourhoodServices_NursingandMidwiferyRegistered_IntegratedTeamMendip,01/03/2025,1,0,
DNMendip-SPQ61601_NeighbourhoodServices_AdditionalClinicalServices_IntegratedTeamMendip,01/07/2021,0,1,
DNMendip-SPQ61601_NeighbourhoodServices_AdditionalClinicalServices_IntegratedTeamMendip,01/11/2021,0,2,
DNMendip-SPQ61601_NeighbourhoodServices_AdditionalClinicalServices_IntegratedTeamMendip,01/01/2022,0,1,
DNMendip-SPQ61601_NeighbourhoodServices_AdditionalClinicalServices_IntegratedTeamMendip,01/11/2024,0,1,
DNMendip-SPQ61601_NeighbourhoodServices_AdministrativeandClerical_IntegratedTeamMendip,01/11/2021,0,1,
DNMendip-SPQ61601_NeighbourhoodServices_NursingandMidwiferyRegistered_IntegratedTeamMendip,01/10/2021,0,1,
DNMendip-SPQ61601_NeighbourhoodServices_NursingandMidwiferyRegistered_IntegratedTeamMendip,01/02/2022,0,1,
DNMendip-SPQ61601_NeighbourhoodServices_NursingandMidwiferyRegistered_IntegratedTeamMendip,01/08/2022,0,1,
DNMendip-SPQ61601_NeighbourhoodServices_NursingandMidwiferyRegistered_IntegratedTeamMendip,01/03/2023,0,1,
DNNorthSedgemoor61300_NeighbourhoodServices_AdditionalClinicalServices_IntTeamNSedge&B'Water,01/06/2021,0,3,
DNNorthSedgemoor61300_NeighbourhoodServices_AdditionalClinicalServices_IntTeamNSedge&B'Water,01/08/2021,0,1,
DNNorthSedgemoor61300_NeighbourhoodServices_AdditionalClinicalServices_IntTeamNSedge&B'Water,01/10/2021,0,1,
DNNorthSedgemoor61300_NeighbourhoodServices_AdditionalClinicalServices_IntTeamNSedge&B'Water,01/10/2023,0,1,
DNNorthSedgemoor61300_NeighbourhoodServices_AdditionalClinicalServices_IntTeamNSedge&B'Water,01/11/2023,0,1,
DNNorthSedgemoor61300_NeighbourhoodServices_AdditionalClinicalServices_IntTeamNSedge&B'Water,01/06/2024,0,1,
DNNorthSedgemoor61300_NeighbourhoodServices_AdministrativeandClerical_IntTeamNSedge&B'Water,01/04/2024,0,1,
DNNorthSedgemoor61300_NeighbourhoodServices_AdministrativeandClerical_IntTeamNSedge&B'Water,01/05/2024,0,1,
DNNorthSedgemoor61300_NeighbourhoodServices_AdministrativeandClerical_IntTeamNSedge&B'Water,01/07/2024,1,0,
DNNorthSedgemoor61300_NeighbourhoodServices_NursingandMidwiferyRegistered_IntTeamNSedge&B'Water,01/07/2021,0,1,
DNNorthSedgemoor61300_NeighbourhoodServices_NursingandMidwiferyRegistered_IntTeamNSedge&B'Water,01/10/2021,0,2,
DNNorthSedgemoor61300_NeighbourhoodServices_NursingandMidwiferyRegistered_IntTeamNSedge&B'Water,01/01/2022,0,1,
DNNorthSedgemoor61300_NeighbourhoodServices_NursingandMidwiferyRegistered_IntTeamNSedge&B'Water,01/05/2022,0,2,
DNNorthSedgemoor61300_NeighbourhoodServices_NursingandMidwiferyRegistered_IntTeamNSedge&B'Water,01/09/2022,0,1,
DNNorthSedgemoor61300_NeighbourhoodServices_NursingandMidwiferyRegistered_IntTeamNSedge&B'Water,01/12/2022,0,1,
DNNorthSedgemoor61300_NeighbourhoodServices_NursingandMidwiferyRegistered_IntTeamNSedge&B'Water,01/03/2023,0,1,
DNNorthSedgemoor61300_NeighbourhoodServices_NursingandMidwiferyRegistered_IntTeamNSedge&B'Water,01/04/2024,0,1,
DNNorthSedgemoor61300_NeighbourhoodServices_NursingandMidwiferyRegistered_IntTeamNSedge&B'Water,01/05/2024,1,0,
DNNorthSedgemoor61300_NeighbourhoodServices_NursingandMidwiferyRegistered_IntTeamNSedge&B'Water,01/06/2024,1,0,
DNNorthSedgemoor61300_NeighbourhoodServices_NursingandMidwiferyRegistered_IntTeamNSedge&B'Water,01/09/2024,1,0,
DNSSomerset-SPQ61100_NeighbourhoodServices_AdditionalClinicalServices_IntegratedTeamSouthSom,01/05/2021,0,1,
DNSSomerset-SPQ61100_NeighbourhoodServices_AdditionalClinicalServices_IntegratedTeamSouthSom,01/11/2021,0,1,
DNSSomerset-SPQ61100_NeighbourhoodServices_AdditionalClinicalServices_IntegratedTeamSouthSom,01/05/2022,0,1,
DNSSomerset-SPQ61100_NeighbourhoodServices_AdditionalClinicalServices_IntegratedTeamSouthSom,01/11/2022,0,1,
DNSSomerset-SPQ61100_NeighbourhoodServices_AdditionalClinicalServices_IntegratedTeamSouthSom,01/04/2023,0,1,
DNSSomerset-SPQ61100_NeighbourhoodServices_AdditionalClinicalServices_IntegratedTeamSouthSom,01/10/2023,0,1,
DNSSomerset-SPQ61100_NeighbourhoodServices_AdditionalClinicalServices_IntegratedTeamSouthSom,01/09/2024,0,1,
DNSSomerset-SPQ61100_NeighbourhoodServices_NursingandMidwiferyRegistered_IntegratedTeamSouthSom,01/06/2021,0,1,
DNSSomerset-SPQ61100_NeighbourhoodServices_NursingandMidwiferyRegistered_IntegratedTeamSouthSom,01/09/2021,0,1,
DNSSomerset-SPQ61100_NeighbourhoodServices_NursingandMidwiferyRegistered_IntegratedTeamSouthSom,01/10/2021,0,1,
DNSSomerset-SPQ61100_NeighbourhoodServices_NursingandMidwiferyRegistered_IntegratedTeamSouthSom,01/05/2022,0,1,
DNSSomerset-SPQ61100_NeighbourhoodServices_NursingandMidwiferyRegistered_IntegratedTeamSouthSom,01/06/2022,0,1,
DNSSomerset-SPQ61100_NeighbourhoodServices_NursingandMidwiferyRegistered_IntegratedTeamSouthSom,01/04/2023,0,2,
DNSSomerset-SPQ61100_NeighbourhoodServices_NursingandMidwiferyRegistered_IntegratedTeamSouthSom,01/02/2024,0,1,
DNSSomerset-SPQ61100_NeighbourhoodServices_NursingandMidwiferyRegistered_IntegratedTeamSouthSom,01/11/2024,0,1,
DNTaunton-SPQ61700_NeighbourhoodServices_AdditionalClinicalServices_IntTeamTaunton&WestSom,01/09/2021,0,1,
DNTaunton-SPQ61700_NeighbourhoodServices_AdditionalClinicalServices_IntTeamTaunton&WestSom,01/01/2022,0,2,
DNTaunton-SPQ61700_NeighbourhoodServices_NursingandMidwiferyRegistered_IntTeamTaunton&WestSom,01/09/2021,0,1,
DNTaunton-SPQ61700_NeighbourhoodServices_NursingandMidwiferyRegistered_IntTeamTaunton&WestSom,01/05/2022,0,1,
DNTaunton-SPQ61700_NeighbourhoodServices_NursingandMidwiferyRegistered_IntTeamTaunton&WestSom,01/10/2023,0,1,
DNTaunton-SPQ61700_NeighbourhoodServices_NursingandMidwiferyRegistered_IntTeamTaunton&WestSom,01/04/2024,0,1,
DNTaunton61501_NeighbourhoodServices_AdditionalClinicalServices_IntTeamTaunton&WestSom,01/07/2021,0,1,
DNTaunton61501_NeighbourhoodServices_AdditionalClinicalServices_IntTeamTaunton&WestSom,01/12/2021,0,1,
DNTaunton61501_NeighbourhoodServices_AdditionalClinicalServices_IntTeamTaunton&WestSom,01/01/2022,0,1,
DNTaunton61501_NeighbourhoodServices_AdditionalClinicalServices_IntTeamTaunton&WestSom,01/01/2023,0,1,
DNTaunton61501_NeighbourhoodServices_AdditionalClinicalServices_IntTeamTaunton&WestSom,01/09/2023,0,1,
DNTaunton61501_NeighbourhoodServices_AdditionalClinicalServices_IntTeamTaunton&WestSom,01/10/2023,0,2,
DNTaunton61501_NeighbourhoodServices_AdditionalClinicalServices_IntTeamTaunton&WestSom,01/01/2024,0,2,
DNTaunton61501_NeighbourhoodServices_AdditionalClinicalServices_IntTeamTaunton&WestSom,01/02/2024,0,2,
DNTaunton61501_NeighbourhoodServices_AdditionalClinicalServices_IntTeamTaunton&WestSom,01/07/2024,0,2,
DNTaunton61501_NeighbourhoodServices_AdditionalClinicalServices_IntTeamTaunton&WestSom,01/08/2024,0,1,
DNTaunton61501_NeighbourhoodServices_AdditionalClinicalServices_IntTeamTaunton&WestSom,01/10/2024,1,0,
DNTaunton61501_NeighbourhoodServices_AdditionalClinicalServices_IntTeamTaunton&WestSom,01/11/2024,0,1,
DNTaunton61501_NeighbourhoodServices_AdditionalClinicalServices_IntTeamTaunton&WestSom,01/01/2025,1,0,
DNTaunton61501_NeighbourhoodServices_AdditionalClinicalServices_IntTeamTaunton&WestSom,01/04/2025,2,0,
DNTaunton61501_NeighbourhoodServices_AdministrativeandClerical_IntTeamTaunton&WestSom,01/10/2022,0,1,
DNTaunton61501_NeighbourhoodServices_NursingandMidwiferyRegistered_IntTeamTaunton&WestSom,01/12/2021,0,1,
DNTaunton61501_NeighbourhoodServices_NursingandMidwiferyRegistered_IntTeamTaunton&WestSom,01/06/2022,0,1,
DNTaunton61501_NeighbourhoodServices_NursingandMidwiferyRegistered_IntTeamTaunton&WestSom,01/08/2022,0,1,
DNTaunton61501_NeighbourhoodServices_NursingandMidwiferyRegistered_IntTeamTaunton&WestSom,01/09/2022,0,3,
DNTaunton61501_NeighbourhoodServices_NursingandMidwiferyRegistered_IntTeamTaunton&WestSom,01/10/2022,0,2,
DNTaunton61501_NeighbourhoodServices_NursingandMidwiferyRegistered_IntTeamTaunton&WestSom,01/12/2022,0,1,
DNTaunton61501_NeighbourhoodServices_NursingandMidwiferyRegistered_IntTeamTaunton&WestSom,01/04/2023,0,1,
DNTaunton61501_NeighbourhoodServices_NursingandMidwiferyRegistered_IntTeamTaunton&WestSom,01/09/2023,0,3,
DNTaunton61501_NeighbourhoodServices_NursingandMidwiferyRegistered_IntTeamTaunton&WestSom,01/10/2023,0,1,
DNTaunton61501_NeighbourhoodServices_NursingandMidwiferyRegistered_IntTeamTaunton&WestSom,01/04/2024,0,1,
DNTaunton61501_NeighbourhoodServices_NursingandMidwiferyRegistered_IntTeamTaunton&WestSom,01/05/2024,1,0,
DNTaunton61501_NeighbourhoodServices_NursingandMidwiferyRegistered_IntTeamTaunton&WestSom,01/06/2024,2,0,
DNTaunton61501_NeighbourhoodServices_NursingandMidwiferyRegistered_IntTeamTaunton&WestSom,01/07/2024,2,0,
DNTaunton61501_NeighbourhoodServices_NursingandMidwiferyRegistered_IntTeamTaunton&WestSom,01/09/2024,2,1,
DNTaunton61501_NeighbourhoodServices_NursingandMidwiferyRegistered_IntTeamTaunton&WestSom,01/10/2024,1,2,
DNTaunton61501_NeighbourhoodServices_NursingandMidwiferyRegistered_IntTeamTaunton&WestSom,01/01/2025,0,3,
DataEngineering05008_CorporateSupportServices_AdministrativeandClerical_Digital,01/11/2022,0,1,
DataEngineering05008_CorporateSupportServices_AdministrativeandClerical_Digital,01/01/2024,0,2,
DataEngineering05008_CorporateSupportServices_AdministrativeandClerical_Digital,01/04/2024,0,2,
DataEngineering05008_CorporateSupportServices_AdministrativeandClerical_Digital,01/06/2024,0,1,
DataEngineering05008_CorporateSupportServices_AdministrativeandClerical_Digital,01/07/2024,0,1,
DataInsights05001_CorporateSupportServices_AdministrativeandClerical_Digital,01/11/2021,0,1,
DataInsights05001_CorporateSupportServices_AdministrativeandClerical_Digital,01/01/2022,0,1,
DataInsights05001_CorporateSupportServices_AdministrativeandClerical_Digital,01/06/2022,0,1,
DataInsights05001_CorporateSupportServices_AdministrativeandClerical_Digital,01/08/2022,0,1,
DataInsights05001_CorporateSupportServices_AdministrativeandClerical_Digital,01/10/2022,0,1,
DataInsights05001_CorporateSupportServices_AdministrativeandClerical_Digital,01/08/2023,0,1,
DataInsights05001_CorporateSupportServices_AdministrativeandClerical_Digital,01/04/2024,0,1,
DataInsights05001_CorporateSupportServices_AdministrativeandClerical_Digital,01/08/2024,2,0,
DataInsights05001_CorporateSupportServices_AdministrativeandClerical_Digital,01/09/2024,1,1,
DataInsights05001_CorporateSupportServices_AdministrativeandClerical_Digital,01/03/2025,0,2,
DaySurgeryCentre17015_SurgicalServices_AddProfScientificandTechnic_Theatres&DSC,01/11/2022,0,1,
DaySurgeryCentre17015_SurgicalServices_AddProfScientificandTechnic_Theatres&DSC,01/06/2023,0,1,
DaySurgeryCentre17015_SurgicalServices_AdditionalClinicalServices_Theatres&DSC,01/04/2022,0,1,
DaySurgeryCentre17015_SurgicalServices_AdditionalClinicalServices_Theatres&DSC,01/05/2022,0,1,
DaySurgeryCentre17015_SurgicalServices_AdditionalClinicalServices_Theatres&DSC,01/06/2022,0,3,
DaySurgeryCentre17015_SurgicalServices_AdditionalClinicalServices_Theatres&DSC,01/09/2023,0,1,
DaySurgeryCentre17015_SurgicalServices_AdditionalClinicalServices_Theatres&DSC,01/11/2023,0,1,
DaySurgeryCentre17015_SurgicalServices_AdditionalClinicalServices_Theatres&DSC,01/12/2023,0,1,
DaySurgeryCentre17015_SurgicalServices_AdditionalClinicalServices_Theatres&DSC,01/02/2024,0,1,
DaySurgeryCentre17015_SurgicalServices_AdditionalClinicalServices_Theatres&DSC,01/03/2024,0,2,
DaySurgeryCentre17015_SurgicalServices_AdditionalClinicalServices_Theatres&DSC,01/04/2024,1,0,
DaySurgeryCentre17015_SurgicalServices_AdditionalClinicalServices_Theatres&DSC,01/06/2024,0,1,
DaySurgeryCentre17015_SurgicalServices_AdditionalClinicalServices_Theatres&DSC,01/07/2024,1,0,
DaySurgeryCentre17015_SurgicalServices_AdditionalClinicalServices_Theatres&DSC,01/08/2024,1,0,
DaySurgeryCentre17015_SurgicalServices_AdditionalClinicalServices_Theatres&DSC,01/09/2024,1,0,
DaySurgeryCentre17015_SurgicalServices_AdministrativeandClerical_Theatres&DSC,01/02/2022,0,1,
DaySurgeryCentre17015_SurgicalServices_AdministrativeandClerical_Theatres&DSC,01/02/2024,0,1,
DaySurgeryCentre17015_SurgicalServices_AdministrativeandClerical_Theatres&DSC,01/11/2024,0,2,
DaySurgeryCentre17015_SurgicalServices_AdministrativeandClerical_Theatres&DSC,01/02/2025,1,0,
DaySurgeryCentre17015_SurgicalServices_AlliedHealthProfessionals_Theatres&DSC,01/06/2024,1,0,
DaySurgeryCentre17015_SurgicalServices_AlliedHealthProfessionals_Theatres&DSC,01/09/2024,1,0,
DaySurgeryCentre17015_SurgicalServices_AlliedHealthProfessionals_Theatres&DSC,01/11/2024,0,1,
DaySurgeryCentre17015_SurgicalServices_AlliedHealthProfessionals_Theatres&DSC,01/12/2024,0,1,
DaySurgeryCentre17015_SurgicalServices_AlliedHealthProfessionals_Theatres&DSC,01/02/2025,1,1,
DaySurgeryCentre17015_SurgicalServices_EstatesandAncillary_Theatres&DSC,01/02/2022,0,1,
DaySurgeryCentre17015_SurgicalServices_NursingandMidwiferyRegistered_Theatres&DSC,01/05/2022,0,2,
DaySurgeryCentre17015_SurgicalServices_NursingandMidwiferyRegistered_Theatres&DSC,01/04/2023,0,1,
DaySurgeryCentre17015_SurgicalServices_NursingandMidwiferyRegistered_Theatres&DSC,01/11/2023,0,2,
DaySurgeryCentre17015_SurgicalServices_NursingandMidwiferyRegistered_Theatres&DSC,01/05/2024,0,1,
DaySurgeryCentre17015_SurgicalServices_NursingandMidwiferyRegistered_Theatres&DSC,01/06/2024,0,1,
DaySurgeryCentre17015_SurgicalServices_NursingandMidwiferyRegistered_Theatres&DSC,01/08/2024,2,0,
DaySurgeryCentre17015_SurgicalServices_NursingandMidwiferyRegistered_Theatres&DSC,01/10/2024,1,0,
DaySurgeryWard17023_SurgicalServices_AdditionalClinicalServices_Theatres&DSC,01/05/2023,0,1,
DaySurgeryWard17023_SurgicalServices_AdditionalClinicalServices_Theatres&DSC,01/07/2023,0,1,
DaySurgeryWard17023_SurgicalServices_AdditionalClinicalServices_Theatres&DSC,01/09/2024,1,0,
DaySurgeryWard17023_SurgicalServices_AdditionalClinicalServices_Theatres&DSC,01/12/2024,2,0,
DaySurgeryWard17023_SurgicalServices_AdministrativeandClerical_Theatres&DSC,01/09/2023,0,1,
DaySurgeryWard17023_SurgicalServices_NursingandMidwiferyRegistered_Theatres&DSC,01/10/2024,1,0,
DaySurgeryWard17023_SurgicalServices_NursingandMidwiferyRegistered_Theatres&DSC,01/03/2025,2,0,
DaySurgeryWard17023_SurgicalServices_NursingandMidwiferyRegistered_Theatres&DSC,01/04/2025,0,2,
DayTheatres75701_SurgicalServices_AddProfScientificandTechnic_Theatres&DSC,01/06/2024,0,1,
DayTheatres75701_SurgicalServices_AdditionalClinicalServices_Theatres&DSC,01/07/2021,0,1,
DayTheatres75701_SurgicalServices_AdditionalClinicalServices_Theatres&DSC,01/05/2022,0,1,
DayTheatres75701_SurgicalServices_AdditionalClinicalServices_Theatres&DSC,01/02/2023,0,1,
DayTheatres75701_SurgicalServices_AdditionalClinicalServices_Theatres&DSC,01/04/2023,0,2,
DayTheatres75701_SurgicalServices_AdditionalClinicalServices_Theatres&DSC,01/06/2023,0,1,
DayTheatres75701_SurgicalServices_AdditionalClinicalServices_Theatres&DSC,01/01/2024,0,2,
DayTheatres75701_SurgicalServices_AdditionalClinicalServices_Theatres&DSC,01/05/2024,1,0,
DayTheatres75701_SurgicalServices_AdditionalClinicalServices_Theatres&DSC,01/06/2024,1,0,
DayTheatres75701_SurgicalServices_AdditionalClinicalServices_Theatres&DSC,01/10/2024,0,2,
DayTheatres75701_SurgicalServices_AdditionalClinicalServices_Theatres&DSC,01/01/2025,1,0,
DayTheatres75701_SurgicalServices_AdministrativeandClerical_Theatres&DSC,01/06/2024,0,1,
DayTheatres75701_SurgicalServices_AlliedHealthProfessionals_Theatres&DSC,01/02/2023,0,1,
DayTheatres75701_SurgicalServices_AlliedHealthProfessionals_Theatres&DSC,01/01/2025,0,1,
DayTheatres75701_SurgicalServices_NursingandMidwiferyRegistered_Theatres&DSC,01/02/2023,0,1,
DayTheatres75701_SurgicalServices_NursingandMidwiferyRegistered_Theatres&DSC,01/08/2023,0,1,
DayTheatres75701_SurgicalServices_NursingandMidwiferyRegistered_Theatres&DSC,01/01/2024,0,1,
DayTheatres75701_SurgicalServices_NursingandMidwiferyRegistered_Theatres&DSC,01/02/2024,0,1,
DayTheatres75701_SurgicalServices_NursingandMidwiferyRegistered_Theatres&DSC,01/04/2024,0,1,
DayTheatres75701_SurgicalServices_NursingandMidwiferyRegistered_Theatres&DSC,01/07/2024,1,0,
DayTheatres75701_SurgicalServices_NursingandMidwiferyRegistered_Theatres&DSC,01/10/2024,0,1,
DayTheatres75701_SurgicalServices_Students_Theatres&DSC,01/02/2022,0,1,
DayTheatres75701_SurgicalServices_Students_Theatres&DSC,01/03/2023,0,1,
DayTheatres75701_SurgicalServices_Students_Theatres&DSC,01/10/2023,0,1,
DayTheatres75701_SurgicalServices_Students_Theatres&DSC,01/10/2024,0,2,
DementiaTeam-YDH75486_NeighbourhoodServices_AdditionalClinicalServices_ServGrpMngmntNeighbourhoods,01/11/2021,0,1,
DementiaTeam-YDH75486_NeighbourhoodServices_AdditionalClinicalServices_ServGrpMngmntNeighbourhoods,01/01/2022,0,1,
DementiaTeam-YDH75486_NeighbourhoodServices_AdditionalClinicalServices_ServGrpMngmntNeighbourhoods,01/08/2024,1,0,
DementiaTeam-YDH75486_NeighbourhoodServices_AdministrativeandClerical_ServGrpMngmntNeighbourhoods,01/06/2023,0,1,
DementiaTeam-YDH75486_NeighbourhoodServices_NursingandMidwiferyRegistered_ServGrpMngmntNeighbourhoods,01/03/2025,0,1,
DementiaTeam60151_NeighbourhoodServices_AdditionalClinicalServices_ServGrpMngmntNeighbourhoods,01/07/2023,0,1,
DementiaTeam60151_NeighbourhoodServices_AdditionalClinicalServices_ServGrpMngmntNeighbourhoods,01/08/2024,2,0,
DementiaTeam60151_NeighbourhoodServices_AdministrativeandClerical_ServGrpMngmntNeighbourhoods,01/03/2023,0,1,
DementiaTeam60151_NeighbourhoodServices_NursingandMidwiferyRegistered_ServGrpMngmntNeighbourhoods,01/03/2023,0,1,
DeneBartonHotelServices21582_CorporateSupportServices_EstatesandAncillary_EstatesandFacilities-SFT,01/09/2021,0,1,
DeneBartonHotelServices21582_CorporateSupportServices_EstatesandAncillary_EstatesandFacilities-SFT,01/01/2023,0,1,
DeneBartonHotelServices21582_CorporateSupportServices_EstatesandAncillary_EstatesandFacilities-SFT,01/10/2023,0,1,
DeneBartonHotelServices21582_CorporateSupportServices_EstatesandAncillary_EstatesandFacilities-SFT,01/07/2024,1,0,
DeneBartonHotelServices21582_CorporateSupportServices_EstatesandAncillary_EstatesandFacilities-SFT,01/12/2024,1,0,
DentalAccessCentre-Bridgwater44010_CYP&FamiliesServices_AdditionalClinicalServices_Somerset,01/08/2023,0,1,
DentalAccessCentre-Bridgwater44010_CYP&FamiliesServices_AdditionalClinicalServices_Somerset,01/08/2024,1,0,
DentalAccessCentre-Bridgwater44010_CYP&FamiliesServices_AdditionalClinicalServices_Somerset,01/11/2024,1,0,
DentalAccessCentre-Bridgwater44010_CYP&FamiliesServices_MedicalandDental_Somerset,01/05/2021,0,1,
DentalAccessCentre-Bridgwater44010_CYP&FamiliesServices_MedicalandDental_Somerset,01/02/2022,0,1,
DentalAccessCentre-Bridgwater44010_CYP&FamiliesServices_MedicalandDental_Somerset,01/11/2024,0,1,
DentalAccessCentre-Glastonbury44010_CYP&FamiliesServices_MedicalandDental_Somerset,01/08/2024,1,0,
DentalAccessCentre-Taunton44010_CYP&FamiliesServices_AdditionalClinicalServices_Somerset,01/06/2021,0,2,
DentalAccessCentre-Taunton44010_CYP&FamiliesServices_AdditionalClinicalServices_Somerset,01/02/2025,1,0,
DentalAccessCentre-Taunton44010_CYP&FamiliesServices_AdministrativeandClerical_Somerset,01/09/2021,0,1,
DentalAccessCentre-Taunton44010_CYP&FamiliesServices_AdministrativeandClerical_Somerset,01/10/2021,0,1,
DentalAccessCentre-Taunton44010_CYP&FamiliesServices_MedicalandDental_Somerset,01/04/2024,1,0,
DentalAccessCentre-Taunton44010_CYP&FamiliesServices_MedicalandDental_Somerset,01/07/2024,0,1,
DentalAccessCentre-Taunton44010_CYP&FamiliesServices_MedicalandDental_Somerset,01/10/2024,1,0,
DentalLab12007_SurgicalServices_AddProfScientificandTechnic_Orthodontics,01/04/2022,0,1,
DentalLab12007_SurgicalServices_AddProfScientificandTechnic_Orthodontics,01/09/2022,0,1,
DentalLab12007_SurgicalServices_AdditionalClinicalServices_Orthodontics,01/06/2021,0,1,
DentalLab12007_SurgicalServices_AdditionalClinicalServices_Orthodontics,01/11/2022,0,1,
DentalTeam-EastSomerset44010_CYP&FamiliesServices_AdditionalClinicalServices_Somerset,01/03/2022,0,1,
DentalTeam-EastSomerset44010_CYP&FamiliesServices_AdditionalClinicalServices_Somerset,01/10/2023,0,1,
DentalTeam-EastSomerset44010_CYP&FamiliesServices_AdditionalClinicalServices_Somerset,01/11/2023,0,1,
DentalTeam-EastSomerset44010_CYP&FamiliesServices_AdditionalClinicalServices_Somerset,01/09/2024,1,0,
DentalTeam-EastSomerset44010_CYP&FamiliesServices_AdditionalClinicalServices_Somerset,01/01/2025,1,0,
DentalTeam-EastSomerset44010_CYP&FamiliesServices_AdditionalClinicalServices_Somerset,01/03/2025,1,0,
DentalTeam-EastSomerset44010_CYP&FamiliesServices_AdditionalClinicalServices_Somerset,01/04/2025,0,1,
DentalTeam-EastSomerset44010_CYP&FamiliesServices_AdministrativeandClerical_Somerset,01/05/2023,0,1,
DentalTeam-EastSomerset44010_CYP&FamiliesServices_MedicalandDental_Somerset,01/11/2024,1,0,
DermatologyMedStf12002_MedicalServices_AdditionalClinicalServices_Dermatology,01/06/2023,0,1,
DermatologyMedStf12002_MedicalServices_AdditionalClinicalServices_Dermatology,01/03/2025,0,1,
DermatologyMedStf12002_MedicalServices_AdministrativeandClerical_Dermatology,01/06/2023,0,1,
DermatologyMedStf12002_MedicalServices_AdministrativeandClerical_Dermatology,01/01/2024,0,2,
DermatologyMedStf12002_MedicalServices_AdministrativeandClerical_Dermatology,01/07/2024,0,1,
DermatologyMedStf12002_MedicalServices_MedicalandDental_Dermatology,01/08/2024,0,1,
DermatologyMedStf12002_MedicalServices_NursingandMidwiferyRegistered_Dermatology,01/05/2022,0,1,
DermatologyMedStf12002_MedicalServices_NursingandMidwiferyRegistered_Dermatology,01/09/2022,0,2,
DermatologyMedStf12002_MedicalServices_NursingandMidwiferyRegistered_Dermatology,01/05/2023,0,2,
DermatologyMedStf12002_MedicalServices_NursingandMidwiferyRegistered_Dermatology,01/08/2024,0,1,
DermatologyMedicalStaff75853_MedicalServices_MedicalandDental_Dermatology,01/05/2022,0,1,
DermatologyMedicalStaff75853_MedicalServices_MedicalandDental_Dermatology,01/10/2022,0,1,
DermatologyMedicalStaff75853_MedicalServices_MedicalandDental_Dermatology,01/02/2023,0,3,
DermatologyMedicalStaff75853_MedicalServices_MedicalandDental_Dermatology,01/06/2023,0,1,
DermatologyMedicalStaff75853_MedicalServices_MedicalandDental_Dermatology,01/10/2023,0,3,
DermatologyMedicalStaff75853_MedicalServices_MedicalandDental_Dermatology,01/06/2024,1,0,
DermatologyMedicalStaff75853_MedicalServices_MedicalandDental_Dermatology,01/10/2024,0,6,
DermatologyNurses12014_MedicalServices_AdditionalClinicalServices_Dermatology,01/04/2025,0,1,
DermatologyNurses12014_MedicalServices_NursingandMidwiferyRegistered_Dermatology,01/01/2025,0,1,
DermatologyNurses75854_MedicalServices_NursingandMidwiferyRegistered_Dermatology,01/09/2024,0,1,
DesignAndManagementFeeAccount97301_CorporateSupportServices_AdministrativeandClerical_StrategicProjects,01/04/2024,0,1,
DesignAndManagementFeeAccount97301_CorporateSupportServices_AdministrativeandClerical_StrategicProjects,01/01/2025,1,1,
Diab&EndoMedicalStaff76297_MedicalServices_AddProfScientificandTechnic_Endocrinology,01/09/2024,0,1,
Diab&EndoMedicalStaff76297_MedicalServices_MedicalandDental_Endocrinology,01/09/2022,0,1,
Diab&EndoMedicalStaff76297_MedicalServices_MedicalandDental_Endocrinology,01/07/2023,0,1,
Diab&EndoMedicalStaff76297_MedicalServices_MedicalandDental_Endocrinology,01/11/2023,0,1,
Diab&EndoMedicalStaff76297_MedicalServices_MedicalandDental_Endocrinology,01/12/2023,0,1,
Diab&EndoMedicalStaff76297_MedicalServices_MedicalandDental_Endocrinology,01/05/2024,1,0,
Diab&EndoMedicalStaff76297_MedicalServices_MedicalandDental_Endocrinology,01/07/2024,1,2,
Diab&EndoMedicalStaff76297_MedicalServices_MedicalandDental_Endocrinology,01/08/2024,0,2,
Diab&EndoMedicalStaff76297_MedicalServices_MedicalandDental_Endocrinology,01/01/2025,0,1,
Diab&EndoMedicalStaff76297_MedicalServices_NursingandMidwiferyRegistered_Endocrinology,01/07/2024,0,1,
Diabetes21120_MedicalServices_AdditionalClinicalServices_Endocrinology,01/11/2023,0,1,
Diabetes21120_MedicalServices_AdministrativeandClerical_Endocrinology,01/08/2021,0,1,
Diabetes21120_MedicalServices_AdministrativeandClerical_Endocrinology,01/12/2021,0,1,
Diabetes21120_MedicalServices_NursingandMidwiferyRegistered_Endocrinology,01/11/2021,0,1,
Diabetes21120_MedicalServices_NursingandMidwiferyRegistered_Endocrinology,01/04/2022,0,1,
Diabetes21120_MedicalServices_NursingandMidwiferyRegistered_Endocrinology,01/05/2022,0,1,
Diabetes21120_MedicalServices_NursingandMidwiferyRegistered_Endocrinology,01/06/2022,0,1,
Diabetes21120_MedicalServices_NursingandMidwiferyRegistered_Endocrinology,01/02/2023,0,1,
Diabetes21120_MedicalServices_NursingandMidwiferyRegistered_Endocrinology,01/03/2024,0,1,
Diabetes21120_MedicalServices_NursingandMidwiferyRegistered_Endocrinology,01/04/2024,0,1,
Diabetes21120_MedicalServices_NursingandMidwiferyRegistered_Endocrinology,01/07/2024,1,0,
Diabetes21120_MedicalServices_NursingandMidwiferyRegistered_Endocrinology,01/08/2024,2,0,
Diabetes21120_MedicalServices_NursingandMidwiferyRegistered_Endocrinology,01/09/2024,1,0,
Diabetes21120_MedicalServices_NursingandMidwiferyRegistered_Endocrinology,01/10/2024,0,1,
Diabetes21120_MedicalServices_NursingandMidwiferyRegistered_Endocrinology,01/11/2024,1,1,
DiabetesNurses-Adult76301_MedicalServices_NursingandMidwiferyRegistered_Endocrinology,01/04/2024,1,1,
DiabeticRetinopathy14006_SurgicalServices_AddProfScientificandTechnic_Ophthalmology,01/02/2022,0,1,
DiabeticRetinopathy14006_SurgicalServices_AdditionalClinicalServices_Ophthalmology,01/03/2023,0,2,
DiabeticRetinopathy14006_SurgicalServices_AdditionalClinicalServices_Ophthalmology,01/04/2023,0,1,
DiabeticRetinopathy14006_SurgicalServices_AdditionalClinicalServices_Ophthalmology,01/07/2023,0,1,
DiabeticRetinopathy14006_SurgicalServices_AdditionalClinicalServices_Ophthalmology,01/09/2023,0,1,
DiabeticRetinopathy14006_SurgicalServices_AdditionalClinicalServices_Ophthalmology,01/10/2024,1,0,
DiabeticRetinopathy14006_SurgicalServices_AdministrativeandClerical_Ophthalmology,01/09/2023,0,1,
DiabeticRetinopathy14006_SurgicalServices_AdministrativeandClerical_Ophthalmology,01/05/2024,1,0,
DiabeticRetinopathy14006_SurgicalServices_AdministrativeandClerical_Ophthalmology,01/09/2024,0,1,
Dietetics38500_ClinicalSupportandCancerServices_AdditionalClinicalServices_TherapiesDEPT,01/07/2021,0,1,
Dietetics38500_ClinicalSupportandCancerServices_AdditionalClinicalServices_TherapiesDEPT,01/02/2023,0,1,
Dietetics38500_ClinicalSupportandCancerServices_AdditionalClinicalServices_TherapiesDEPT,01/03/2024,0,1,
Dietetics38500_ClinicalSupportandCancerServices_AdditionalClinicalServices_TherapiesDEPT,01/05/2024,0,1,
Dietetics38500_ClinicalSupportandCancerServices_AdditionalClinicalServices_TherapiesDEPT,01/07/2024,0,1,
Dietetics38500_ClinicalSupportandCancerServices_AdministrativeandClerical_TherapiesDEPT,01/03/2022,0,1,
Dietetics38500_ClinicalSupportandCancerServices_AdministrativeandClerical_TherapiesDEPT,01/02/2023,0,1,
Dietetics38500_ClinicalSupportandCancerServices_AdministrativeandClerical_TherapiesDEPT,01/04/2023,0,1,
Dietetics38500_ClinicalSupportandCancerServices_AdministrativeandClerical_TherapiesDEPT,01/04/2024,0,1,
Dietetics38500_ClinicalSupportandCancerServices_AlliedHealthProfessionals_TherapiesDEPT,01/05/2021,0,1,
Dietetics38500_ClinicalSupportandCancerServices_AlliedHealthProfessionals_TherapiesDEPT,01/09/2021,0,1,
Dietetics38500_ClinicalSupportandCancerServices_AlliedHealthProfessionals_TherapiesDEPT,01/10/2021,0,1,
Dietetics38500_ClinicalSupportandCancerServices_AlliedHealthProfessionals_TherapiesDEPT,01/05/2022,0,1,
Dietetics38500_ClinicalSupportandCancerServices_AlliedHealthProfessionals_TherapiesDEPT,01/08/2022,0,2,
Dietetics38500_ClinicalSupportandCancerServices_AlliedHealthProfessionals_TherapiesDEPT,01/09/2022,0,1,
Dietetics38500_ClinicalSupportandCancerServices_AlliedHealthProfessionals_TherapiesDEPT,01/10/2022,0,1,
Dietetics38500_ClinicalSupportandCancerServices_AlliedHealthProfessionals_TherapiesDEPT,01/01/2023,0,1,
Dietetics38500_ClinicalSupportandCancerServices_AlliedHealthProfessionals_TherapiesDEPT,01/08/2023,0,1,
Dietetics38500_ClinicalSupportandCancerServices_AlliedHealthProfessionals_TherapiesDEPT,01/09/2023,0,1,
Dietetics38500_ClinicalSupportandCancerServices_AlliedHealthProfessionals_TherapiesDEPT,01/04/2024,1,2,
Dietetics38500_ClinicalSupportandCancerServices_AlliedHealthProfessionals_TherapiesDEPT,01/05/2024,0,1,
Dietetics38500_ClinicalSupportandCancerServices_AlliedHealthProfessionals_TherapiesDEPT,01/06/2024,0,2,
Dietetics38500_ClinicalSupportandCancerServices_AlliedHealthProfessionals_TherapiesDEPT,01/09/2024,0,1,
Dietetics38500_ClinicalSupportandCancerServices_AlliedHealthProfessionals_TherapiesDEPT,01/11/2024,1,1,
Dietetics38500_ClinicalSupportandCancerServices_AlliedHealthProfessionals_TherapiesDEPT,01/03/2025,2,0,
Dietetics38500_ClinicalSupportandCancerServices_AlliedHealthProfessionals_TherapiesDEPT,01/04/2025,0,2,
Dietetics38500_ClinicalSupportandCancerServices_NursingandMidwiferyRegistered_TherapiesDEPT,01/10/2021,0,1,
Dietetics38500_ClinicalSupportandCancerServices_NursingandMidwiferyRegistered_TherapiesDEPT,01/06/2024,0,1,
Dieticians75837_ClinicalSupportandCancerServices_AdditionalClinicalServices_TherapiesDEPT,01/08/2021,0,1,
Dieticians75837_ClinicalSupportandCancerServices_AdditionalClinicalServices_TherapiesDEPT,01/12/2023,0,1,
Dieticians75837_ClinicalSupportandCancerServices_AdministrativeandClerical_TherapiesDEPT,01/03/2022,0,1,
Dieticians75837_ClinicalSupportandCancerServices_AdministrativeandClerical_TherapiesDEPT,01/06/2024,0,1,
Dieticians75837_ClinicalSupportandCancerServices_AdministrativeandClerical_TherapiesDEPT,01/01/2025,1,0,
Dieticians75837_ClinicalSupportandCancerServices_AdministrativeandClerical_TherapiesDEPT,01/02/2025,0,1,
Dieticians75837_ClinicalSupportandCancerServices_AlliedHealthProfessionals_TherapiesDEPT,01/09/2021,0,1,
Dieticians75837_ClinicalSupportandCancerServices_AlliedHealthProfessionals_TherapiesDEPT,01/10/2021,0,1,
Dieticians75837_ClinicalSupportandCancerServices_AlliedHealthProfessionals_TherapiesDEPT,01/06/2022,0,1,
Dieticians75837_ClinicalSupportandCancerServices_AlliedHealthProfessionals_TherapiesDEPT,01/09/2022,0,1,
Dieticians75837_ClinicalSupportandCancerServices_AlliedHealthProfessionals_TherapiesDEPT,01/11/2022,0,2,
Dieticians75837_ClinicalSupportandCancerServices_AlliedHealthProfessionals_TherapiesDEPT,01/07/2023,0,1,
Dieticians75837_ClinicalSupportandCancerServices_AlliedHealthProfessionals_TherapiesDEPT,01/10/2023,0,1,
Dieticians75837_ClinicalSupportandCancerServices_AlliedHealthProfessionals_TherapiesDEPT,01/11/2023,0,1,
Dieticians75837_ClinicalSupportandCancerServices_AlliedHealthProfessionals_TherapiesDEPT,01/12/2023,0,1,
Dieticians75837_ClinicalSupportandCancerServices_AlliedHealthProfessionals_TherapiesDEPT,01/06/2024,3,0,
Dieticians75837_ClinicalSupportandCancerServices_AlliedHealthProfessionals_TherapiesDEPT,01/07/2024,3,0,
Dieticians75837_ClinicalSupportandCancerServices_AlliedHealthProfessionals_TherapiesDEPT,01/08/2024,2,0,
Dieticians75837_ClinicalSupportandCancerServices_AlliedHealthProfessionals_TherapiesDEPT,01/09/2024,1,1,
Dieticians75837_ClinicalSupportandCancerServices_AlliedHealthProfessionals_TherapiesDEPT,01/12/2024,1,0,
Dieticians75837_ClinicalSupportandCancerServices_AlliedHealthProfessionals_TherapiesDEPT,01/01/2025,0,2,
Dieticians75837_ClinicalSupportandCancerServices_AlliedHealthProfessionals_TherapiesDEPT,01/02/2025,0,1,
DigitalDelivery05015_CorporateSupportServices_AdministrativeandClerical_Digital,01/05/2021,0,2,
DigitalDelivery05015_CorporateSupportServices_AdministrativeandClerical_Digital,01/10/2021,0,2,
DigitalDelivery05015_CorporateSupportServices_AdministrativeandClerical_Digital,01/02/2022,0,2,
DigitalDelivery05015_CorporateSupportServices_AdministrativeandClerical_Digital,01/03/2022,0,2,
DigitalDelivery05015_CorporateSupportServices_AdministrativeandClerical_Digital,01/01/2023,0,1,
DigitalDelivery05015_CorporateSupportServices_AdministrativeandClerical_Digital,01/08/2023,0,6,
DigitalDelivery05015_CorporateSupportServices_AdministrativeandClerical_Digital,01/01/2024,0,2,
DigitalDelivery05015_CorporateSupportServices_AdministrativeandClerical_Digital,01/05/2024,0,1,
DigitalDelivery05015_CorporateSupportServices_AdministrativeandClerical_Digital,01/07/2024,0,1,
DigitalDelivery05015_CorporateSupportServices_AdministrativeandClerical_Digital,01/08/2024,0,2,
DigitalDelivery05015_CorporateSupportServices_AdministrativeandClerical_Digital,01/09/2024,0,1,
DigitalDelivery05015_CorporateSupportServices_AdministrativeandClerical_Digital,01/10/2024,1,1,
DigitalDelivery05015_CorporateSupportServices_AdministrativeandClerical_Digital,01/11/2024,0,2,
DigitalDelivery05015_CorporateSupportServices_AdministrativeandClerical_Digital,01/01/2025,0,1,
DigitalEHRPDC97127_CorporateSupportServices_AdministrativeandClerical_CapitalProjectsDEPT,01/05/2024,0,1,
DigitalMaternityProject05019_CorporateSupportServices_NursingandMidwiferyRegistered_Digital,01/01/2024,0,1,
DigitalProgramme05003_CorporateSupportServices_AdditionalClinicalServices_Digital,01/02/2022,0,1,
DigitalProgramme05003_CorporateSupportServices_AdministrativeandClerical_Digital,01/09/2021,0,1,
DigitalProgramme05003_CorporateSupportServices_AdministrativeandClerical_Digital,01/11/2021,0,1,
DigitalProgramme05003_CorporateSupportServices_AdministrativeandClerical_Digital,01/07/2022,0,1,
DigitalProgramme05003_CorporateSupportServices_AdministrativeandClerical_Digital,01/08/2022,0,1,
DigitalProgramme05003_CorporateSupportServices_AdministrativeandClerical_Digital,01/09/2022,0,2,
DigitalProgramme05003_CorporateSupportServices_AdministrativeandClerical_Digital,01/10/2022,0,1,
DigitalProgramme05003_CorporateSupportServices_AdministrativeandClerical_Digital,01/01/2023,0,1,
DigitalProgramme05003_CorporateSupportServices_AdministrativeandClerical_Digital,01/02/2023,0,1,
DigitalProgramme05003_CorporateSupportServices_AdministrativeandClerical_Digital,01/01/2024,0,3,
DigitalProgramme05003_CorporateSupportServices_AdministrativeandClerical_Digital,01/02/2024,0,2,
DigitalProgramme05003_CorporateSupportServices_AdministrativeandClerical_Digital,01/06/2024,0,1,
DigitalProgramme05003_CorporateSupportServices_NursingandMidwiferyRegistered_Digital,01/04/2022,0,2,
DirOfNursMgtTeam00202_CorporateSupportServices_AdministrativeandClerical_DeputyDirectorofNursing,01/09/2023,0,1,
DirOfNursMgtTeam00202_CorporateSupportServices_AdministrativeandClerical_DeputyDirectorofNursing,01/09/2024,0,1,
DirOfNursMgtTeam00202_CorporateSupportServices_AdministrativeandClerical_DeputyDirectorofNursing,01/11/2024,0,1,
DirOfNursMgtTeam00202_CorporateSupportServices_NursingandMidwiferyRegistered_DeputyDirectorofNursing,01/08/2023,0,1,
DirOfNursMgtTeam00202_CorporateSupportServices_NursingandMidwiferyRegistered_DeputyDirectorofNursing,01/04/2025,1,0,
DirectorOfNursingCip00208_CorporateSupportServices_AdministrativeandClerical_DeputyDirectorofNursing,01/09/2022,0,1,
DischargeLounge00022_OperationalManagement_AdditionalClinicalServices_DischargeTeam,01/01/2022,0,1,
DischargeLounge00022_OperationalManagement_AdditionalClinicalServices_DischargeTeam,01/02/2022,0,1,
DischargeLounge00022_OperationalManagement_AdditionalClinicalServices_DischargeTeam,01/10/2024,1,0,
DischargeLounge00022_OperationalManagement_AdministrativeandClerical_DischargeTeam,01/02/2022,0,2,
DischargeLounge00022_OperationalManagement_NursingandMidwiferyRegistered_DischargeTeam,01/01/2023,0,1,
DischargeLounge00022_OperationalManagement_NursingandMidwiferyRegistered_DischargeTeam,01/10/2024,1,0,
DischargeLounge00022_OperationalManagement_NursingandMidwiferyRegistered_DischargeTeam,01/01/2025,0,1,
DischargeTeam-YDH76329_OperationalManagement_AdditionalClinicalServices_DischargeTeam,01/03/2025,0,1,
DischargeTeam-YDH76329_OperationalManagement_AdministrativeandClerical_DischargeTeam,01/08/2021,0,1,
DischargeTeam-YDH76329_OperationalManagement_AdministrativeandClerical_DischargeTeam,01/10/2022,0,2,
DischargeTeam-YDH76329_OperationalManagement_AdministrativeandClerical_DischargeTeam,01/11/2022,0,1,
DischargeTeam-YDH76329_OperationalManagement_AdministrativeandClerical_DischargeTeam,01/01/2023,0,1,
DischargeTeam-YDH76329_OperationalManagement_AdministrativeandClerical_DischargeTeam,01/02/2023,0,1,
DischargeTeam-YDH76329_OperationalManagement_AdministrativeandClerical_DischargeTeam,01/09/2023,0,1,
DischargeTeam-YDH76329_OperationalManagement_AdministrativeandClerical_DischargeTeam,01/03/2024,0,1,
DischargeTeam-YDH76329_OperationalManagement_AdministrativeandClerical_DischargeTeam,01/04/2024,0,1,
DischargeTeam-YDH76329_OperationalManagement_AdministrativeandClerical_DischargeTeam,01/06/2024,1,0,
DischargeTeam-YDH76329_OperationalManagement_AdministrativeandClerical_DischargeTeam,01/07/2024,1,0,
DischargeTeam-YDH76329_OperationalManagement_AdministrativeandClerical_DischargeTeam,01/09/2024,2,0,
DischargeTeam-YDH76329_OperationalManagement_AdministrativeandClerical_DischargeTeam,01/11/2024,1,0,
DischargeTeam-YDH76329_OperationalManagement_AdministrativeandClerical_DischargeTeam,01/12/2024,0,2,
DischargeTeam-YDH76329_OperationalManagement_NursingandMidwiferyRegistered_DischargeTeam,01/03/2025,0,1,
DischargeTeam00010_OperationalManagement_AdditionalClinicalServices_DischargeTeam,01/04/2022,0,1,
DischargeTeam00010_OperationalManagement_AdditionalClinicalServices_DischargeTeam,01/09/2022,0,1,
DischargeTeam00010_OperationalManagement_AdditionalClinicalServices_DischargeTeam,01/01/2023,0,2,
DischargeTeam00010_OperationalManagement_AdditionalClinicalServices_DischargeTeam,01/04/2023,0,2,
DischargeTeam00010_OperationalManagement_AdditionalClinicalServices_DischargeTeam,01/05/2023,0,1,
DischargeTeam00010_OperationalManagement_AdditionalClinicalServices_DischargeTeam,01/12/2024,1,0,
DischargeTeam00010_OperationalManagement_AdditionalClinicalServices_DischargeTeam,01/01/2025,1,0,
DischargeTeam00010_OperationalManagement_AdministrativeandClerical_DischargeTeam,01/03/2022,0,1,
DischargeTeam00010_OperationalManagement_AdministrativeandClerical_DischargeTeam,01/08/2023,0,1,
DischargeTeam00010_OperationalManagement_AdministrativeandClerical_DischargeTeam,01/04/2024,1,1,
DischargeTeam00010_OperationalManagement_AdministrativeandClerical_DischargeTeam,01/06/2024,1,0,
DischargeTeam00010_OperationalManagement_NursingandMidwiferyRegistered_DischargeTeam,01/10/2021,0,1,
DischargeTeam00010_OperationalManagement_NursingandMidwiferyRegistered_DischargeTeam,01/04/2024,1,0,
DistNursSouthSomerset61400_NeighbourhoodServices_AdditionalClinicalServices_IntegratedTeamSouthSom,01/06/2021,0,1,
DistNursSouthSomerset61400_NeighbourhoodServices_AdditionalClinicalServices_IntegratedTeamSouthSom,01/11/2021,0,1,
DistNursSouthSomerset61400_NeighbourhoodServices_AdditionalClinicalServices_IntegratedTeamSouthSom,01/01/2022,0,1,
DistNursSouthSomerset61400_NeighbourhoodServices_AdditionalClinicalServices_IntegratedTeamSouthSom,01/02/2022,0,1,
DistNursSouthSomerset61400_NeighbourhoodServices_AdditionalClinicalServices_IntegratedTeamSouthSom,01/06/2022,0,1,
DistNursSouthSomerset61400_NeighbourhoodServices_AdditionalClinicalServices_IntegratedTeamSouthSom,01/09/2022,0,1,
DistNursSouthSomerset61400_NeighbourhoodServices_AdditionalClinicalServices_IntegratedTeamSouthSom,01/10/2022,0,1,
DistNursSouthSomerset61400_NeighbourhoodServices_AdditionalClinicalServices_IntegratedTeamSouthSom,01/12/2022,0,1,
DistNursSouthSomerset61400_NeighbourhoodServices_AdditionalClinicalServices_IntegratedTeamSouthSom,01/07/2023,0,1,
DistNursSouthSomerset61400_NeighbourhoodServices_AdditionalClinicalServices_IntegratedTeamSouthSom,01/08/2023,0,1,
DistNursSouthSomerset61400_NeighbourhoodServices_AdditionalClinicalServices_IntegratedTeamSouthSom,01/09/2023,0,1,
DistNursSouthSomerset61400_NeighbourhoodServices_AdditionalClinicalServices_IntegratedTeamSouthSom,01/04/2024,0,1,
DistNursSouthSomerset61400_NeighbourhoodServices_AdditionalClinicalServices_IntegratedTeamSouthSom,01/06/2024,0,1,
DistNursSouthSomerset61400_NeighbourhoodServices_AdditionalClinicalServices_IntegratedTeamSouthSom,01/07/2024,1,0,
DistNursSouthSomerset61400_NeighbourhoodServices_AdditionalClinicalServices_IntegratedTeamSouthSom,01/08/2024,0,1,
DistNursSouthSomerset61400_NeighbourhoodServices_AdditionalClinicalServices_IntegratedTeamSouthSom,01/09/2024,1,2,
DistNursSouthSomerset61400_NeighbourhoodServices_AdditionalClinicalServices_IntegratedTeamSouthSom,01/11/2024,1,0,
DistNursSouthSomerset61400_NeighbourhoodServices_AdditionalClinicalServices_IntegratedTeamSouthSom,01/12/2024,0,1,
DistNursSouthSomerset61400_NeighbourhoodServices_AdditionalClinicalServices_IntegratedTeamSouthSom,01/01/2025,1,0,
DistNursSouthSomerset61400_NeighbourhoodServices_AdditionalClinicalServices_IntegratedTeamSouthSom,01/03/2025,0,1,
DistNursSouthSomerset61400_NeighbourhoodServices_AdministrativeandClerical_IntegratedTeamSouthSom,01/02/2022,0,1,
DistNursSouthSomerset61400_NeighbourhoodServices_AdministrativeandClerical_IntegratedTeamSouthSom,01/05/2022,0,1,
DistNursSouthSomerset61400_NeighbourhoodServices_NursingandMidwiferyRegistered_IntegratedTeamSouthSom,01/09/2021,0,1,
DistNursSouthSomerset61400_NeighbourhoodServices_NursingandMidwiferyRegistered_IntegratedTeamSouthSom,01/01/2022,0,1,
DistNursSouthSomerset61400_NeighbourhoodServices_NursingandMidwiferyRegistered_IntegratedTeamSouthSom,01/04/2022,0,1,
DistNursSouthSomerset61400_NeighbourhoodServices_NursingandMidwiferyRegistered_IntegratedTeamSouthSom,01/07/2022,0,3,
DistNursSouthSomerset61400_NeighbourhoodServices_NursingandMidwiferyRegistered_IntegratedTeamSouthSom,01/08/2022,0,1,
DistNursSouthSomerset61400_NeighbourhoodServices_NursingandMidwiferyRegistered_IntegratedTeamSouthSom,01/09/2022,0,4,
DistNursSouthSomerset61400_NeighbourhoodServices_NursingandMidwiferyRegistered_IntegratedTeamSouthSom,01/10/2022,0,1,
DistNursSouthSomerset61400_NeighbourhoodServices_NursingandMidwiferyRegistered_IntegratedTeamSouthSom,01/11/2022,0,1,
DistNursSouthSomerset61400_NeighbourhoodServices_NursingandMidwiferyRegistered_IntegratedTeamSouthSom,01/01/2023,0,1,
DistNursSouthSomerset61400_NeighbourhoodServices_NursingandMidwiferyRegistered_IntegratedTeamSouthSom,01/06/2023,0,1,
DistNursSouthSomerset61400_NeighbourhoodServices_NursingandMidwiferyRegistered_IntegratedTeamSouthSom,01/07/2023,0,2,
DistNursSouthSomerset61400_NeighbourhoodServices_NursingandMidwiferyRegistered_IntegratedTeamSouthSom,01/08/2023,0,1,
DistNursSouthSomerset61400_NeighbourhoodServices_NursingandMidwiferyRegistered_IntegratedTeamSouthSom,01/09/2023,0,3,
DistNursSouthSomerset61400_NeighbourhoodServices_NursingandMidwiferyRegistered_IntegratedTeamSouthSom,01/10/2023,0,1,
DistNursSouthSomerset61400_NeighbourhoodServices_NursingandMidwiferyRegistered_IntegratedTeamSouthSom,01/12/2023,0,1,
DistNursSouthSomerset61400_NeighbourhoodServices_NursingandMidwiferyRegistered_IntegratedTeamSouthSom,01/01/2024,0,1,
DistNursSouthSomerset61400_NeighbourhoodServices_NursingandMidwiferyRegistered_IntegratedTeamSouthSom,01/04/2024,0,2,
DistNursSouthSomerset61400_NeighbourhoodServices_NursingandMidwiferyRegistered_IntegratedTeamSouthSom,01/05/2024,4,0,
DistNursSouthSomerset61400_NeighbourhoodServices_NursingandMidwiferyRegistered_IntegratedTeamSouthSom,01/06/2024,2,0,
DistNursSouthSomerset61400_NeighbourhoodServices_NursingandMidwiferyRegistered_IntegratedTeamSouthSom,01/07/2024,2,1,
DistNursSouthSomerset61400_NeighbourhoodServices_NursingandMidwiferyRegistered_IntegratedTeamSouthSom,01/08/2024,1,1,
DistNursSouthSomerset61400_NeighbourhoodServices_NursingandMidwiferyRegistered_IntegratedTeamSouthSom,01/09/2024,1,1,
DistNursSouthSomerset61400_NeighbourhoodServices_NursingandMidwiferyRegistered_IntegratedTeamSouthSom,01/11/2024,1,2,
DistNursSouthSomerset61400_NeighbourhoodServices_NursingandMidwiferyRegistered_IntegratedTeamSouthSom,01/12/2024,1,0,
DistNursSouthSomerset61400_NeighbourhoodServices_NursingandMidwiferyRegistered_IntegratedTeamSouthSom,01/01/2025,0,1,
DistNursSouthSomerset61400_NeighbourhoodServices_NursingandMidwiferyRegistered_IntegratedTeamSouthSom,01/03/2025,1,0,
DistNursSouthSomerset61400_NeighbourhoodServices_NursingandMidwiferyRegistered_IntegratedTeamSouthSom,01/04/2025,1,0,
Distribution04240_CorporateSupportServices_EstatesandAncillary_EstatesandFacilities-SFT,01/08/2021,0,1,
Distribution04240_CorporateSupportServices_EstatesandAncillary_EstatesandFacilities-SFT,01/01/2022,0,2,
Distribution04240_CorporateSupportServices_EstatesandAncillary_EstatesandFacilities-SFT,01/07/2022,0,1,
Distribution04240_CorporateSupportServices_EstatesandAncillary_EstatesandFacilities-SFT,01/09/2022,0,2,
Distribution04240_CorporateSupportServices_EstatesandAncillary_EstatesandFacilities-SFT,01/01/2023,0,1,
Distribution04240_CorporateSupportServices_EstatesandAncillary_EstatesandFacilities-SFT,01/11/2023,0,1,
Distribution04240_CorporateSupportServices_EstatesandAncillary_EstatesandFacilities-SFT,01/01/2024,0,2,
Distribution04240_CorporateSupportServices_EstatesandAncillary_EstatesandFacilities-SFT,01/03/2024,0,1,
DistrictNursingNights60040_NeighbourhoodServices_AdditionalClinicalServices_IntTeamNSedge&B'Water,01/09/2021,0,1,
DistrictNursingNights60040_NeighbourhoodServices_AdditionalClinicalServices_IntTeamNSedge&B'Water,01/02/2023,0,1,
DistrictNursingNights60040_NeighbourhoodServices_AdditionalClinicalServices_IntTeamNSedge&B'Water,01/09/2023,0,1,
DistrictNursingNights60040_NeighbourhoodServices_AdditionalClinicalServices_IntTeamNSedge&B'Water,01/04/2024,0,1,
DistrictNursingNights60040_NeighbourhoodServices_AdditionalClinicalServices_IntTeamNSedge&B'Water,01/11/2024,0,1,
DistrictNursingNights60040_NeighbourhoodServices_AdditionalClinicalServices_IntTeamNSedge&B'Water,01/01/2025,1,0,
DistrictNursingNights60040_NeighbourhoodServices_AdministrativeandClerical_IntTeamNSedge&B'Water,01/02/2023,0,1,
DistrictNursingNights60040_NeighbourhoodServices_NursingandMidwiferyRegistered_IntTeamNSedge&B'Water,01/11/2021,0,1,
DistrictNursingNights60040_NeighbourhoodServices_NursingandMidwiferyRegistered_IntTeamNSedge&B'Water,01/07/2022,0,1,
DistrictNursingNights60040_NeighbourhoodServices_NursingandMidwiferyRegistered_IntTeamNSedge&B'Water,01/04/2024,1,2,
DistrictNursingNights60040_NeighbourhoodServices_NursingandMidwiferyRegistered_IntTeamNSedge&B'Water,01/10/2024,3,0,
DivisionManagementES69000_NeighbourhoodServices_AdministrativeandClerical_ServGrpMngmntNeighbourhoods,01/06/2021,0,1,
DivisionManagementES69000_NeighbourhoodServices_AdministrativeandClerical_ServGrpMngmntNeighbourhoods,01/11/2022,0,1,
DivisionManagementES69000_NeighbourhoodServices_AdministrativeandClerical_ServGrpMngmntNeighbourhoods,01/12/2022,0,1,
DivisionManagementES69000_NeighbourhoodServices_AdministrativeandClerical_ServGrpMngmntNeighbourhoods,01/07/2023,0,1,
DivisionManagementES69000_NeighbourhoodServices_AdministrativeandClerical_ServGrpMngmntNeighbourhoods,01/12/2023,0,1,
DivisionManagementES69000_NeighbourhoodServices_AlliedHealthProfessionals_ServGrpMngmntNeighbourhoods,01/01/2022,0,1,
DivisionManagementES69000_NeighbourhoodServices_NursingandMidwiferyRegistered_ServGrpMngmntNeighbourhoods,01/06/2023,0,1,
DivisionManagementES69000_NeighbourhoodServices_NursingandMidwiferyRegistered_ServGrpMngmntNeighbourhoods,01/07/2023,0,1,
DivisionManagementMHICS58000_MentalHealthandLearningDisabilities_AdministrativeandClerical_DirectorateManagementMHDEPT,01/07/2024,1,0,
DivisionManagementMHICS58000_MentalHealthandLearningDisabilities_AlliedHealthProfessionals_DirectorateManagementMHDEPT,01/09/2024,1,0,
DivisionManagementMHICS58000_MentalHealthandLearningDisabilities_NursingandMidwiferyRegistered_DirectorateManagementMHDEPT,01/10/2024,1,0,
DivisionalManagementCAMHS49010_CYP&FamiliesServices_AdministrativeandClerical_DirectorateManagementFam,01/01/2022,0,1,
DivisionalManagementCAMHS49010_CYP&FamiliesServices_AdministrativeandClerical_DirectorateManagementFam,01/04/2023,0,1,
DivisionalManagementCAMHS49010_CYP&FamiliesServices_AdministrativeandClerical_DirectorateManagementFam,01/04/2025,1,0,
DorsetDentalTeam-East44040_CYP&FamiliesServices_AddProfScientificandTechnic_Dorset,01/11/2024,1,0,
DorsetDentalTeam-East44040_CYP&FamiliesServices_AdditionalClinicalServices_Dorset,01/05/2021,0,1,
DorsetDentalTeam-East44040_CYP&FamiliesServices_AdditionalClinicalServices_Dorset,01/07/2021,0,1,
DorsetDentalTeam-East44040_CYP&FamiliesServices_AdditionalClinicalServices_Dorset,01/11/2021,0,2,
DorsetDentalTeam-East44040_CYP&FamiliesServices_AdditionalClinicalServices_Dorset,01/02/2022,0,1,
DorsetDentalTeam-East44040_CYP&FamiliesServices_AdditionalClinicalServices_Dorset,01/05/2022,0,1,
DorsetDentalTeam-East44040_CYP&FamiliesServices_AdditionalClinicalServices_Dorset,01/07/2024,1,0,
DorsetDentalTeam-East44040_CYP&FamiliesServices_AdditionalClinicalServices_Dorset,01/10/2024,0,1,
DorsetDentalTeam-East44040_CYP&FamiliesServices_AdditionalClinicalServices_Dorset,01/12/2024,0,1,
DorsetDentalTeam-East44040_CYP&FamiliesServices_AdministrativeandClerical_Dorset,01/05/2021,0,1,
DorsetDentalTeam-East44040_CYP&FamiliesServices_AdministrativeandClerical_Dorset,01/11/2021,0,1,
DorsetDentalTeam-East44040_CYP&FamiliesServices_AdministrativeandClerical_Dorset,01/01/2024,0,1,
DorsetDentalTeam-East44040_CYP&FamiliesServices_AdministrativeandClerical_Dorset,01/09/2024,1,0,
DorsetDentalTeam-East44040_CYP&FamiliesServices_AdministrativeandClerical_Dorset,01/01/2025,0,1,
DorsetDentalTeam-East44040_CYP&FamiliesServices_MedicalandDental_Dorset,01/03/2023,0,1,
DorsetDentalTeam-East44040_CYP&FamiliesServices_MedicalandDental_Dorset,01/09/2023,0,1,
DorsetDentalTeam-East44040_CYP&FamiliesServices_MedicalandDental_Dorset,01/07/2024,1,0,
DorsetDentalTeam-East44040_CYP&FamiliesServices_MedicalandDental_Dorset,01/09/2024,1,1,
DorsetDentalTeam-West44040_CYP&FamiliesServices_AdditionalClinicalServices_Dorset,01/11/2021,0,1,
DorsetDentalTeam-West44040_CYP&FamiliesServices_AdditionalClinicalServices_Dorset,01/03/2023,0,1,
DorsetDentalTeam-West44040_CYP&FamiliesServices_AdditionalClinicalServices_Dorset,01/08/2023,0,1,
DorsetDentalTeam-West44040_CYP&FamiliesServices_AdditionalClinicalServices_Dorset,01/11/2023,0,1,
DorsetDentalTeam-West44040_CYP&FamiliesServices_AdditionalClinicalServices_Dorset,01/04/2024,1,0,
DorsetDentalTeam-West44040_CYP&FamiliesServices_AdditionalClinicalServices_Dorset,01/05/2024,0,1,
DorsetDentalTeam-West44040_CYP&FamiliesServices_AdministrativeandClerical_Dorset,01/10/2022,0,1,
DorsetDentalTeam-West44040_CYP&FamiliesServices_AdministrativeandClerical_Dorset,01/08/2024,1,0,
DorsetDentalTeam-West44040_CYP&FamiliesServices_MedicalandDental_Dorset,01/09/2024,0,1,
DorsetDentalTeam-West44040_CYP&FamiliesServices_MedicalandDental_Dorset,01/11/2024,1,0,
DunkeryStroke&NeuroUnit20601_MedicalServices_AdditionalClinicalServices_Stroke,01/06/2021,0,1,
DunkeryStroke&NeuroUnit20601_MedicalServices_AdditionalClinicalServices_Stroke,01/09/2021,0,1,
DunkeryStroke&NeuroUnit20601_MedicalServices_AdditionalClinicalServices_Stroke,01/10/2021,0,1,
DunkeryStroke&NeuroUnit20601_MedicalServices_AdditionalClinicalServices_Stroke,01/11/2021,0,2,
DunkeryStroke&NeuroUnit20601_MedicalServices_AdditionalClinicalServices_Stroke,01/12/2021,0,2,
DunkeryStroke&NeuroUnit20601_MedicalServices_AdditionalClinicalServices_Stroke,01/01/2022,0,2,
DunkeryStroke&NeuroUnit20601_MedicalServices_AdditionalClinicalServices_Stroke,01/03/2022,0,1,
DunkeryStroke&NeuroUnit20601_MedicalServices_AdditionalClinicalServices_Stroke,01/04/2022,0,1,
DunkeryStroke&NeuroUnit20601_MedicalServices_AdditionalClinicalServices_Stroke,01/05/2022,0,1,
DunkeryStroke&NeuroUnit20601_MedicalServices_AdditionalClinicalServices_Stroke,01/07/2022,0,6,
DunkeryStroke&NeuroUnit20601_MedicalServices_AdditionalClinicalServices_Stroke,01/08/2022,0,2,
DunkeryStroke&NeuroUnit20601_MedicalServices_AdditionalClinicalServices_Stroke,01/09/2022,0,2,
DunkeryStroke&NeuroUnit20601_MedicalServices_AdditionalClinicalServices_Stroke,01/01/2023,0,1,
DunkeryStroke&NeuroUnit20601_MedicalServices_AdditionalClinicalServices_Stroke,01/04/2023,0,3,
DunkeryStroke&NeuroUnit20601_MedicalServices_AdditionalClinicalServices_Stroke,01/05/2023,0,4,
DunkeryStroke&NeuroUnit20601_MedicalServices_AdditionalClinicalServices_Stroke,01/06/2023,0,1,
DunkeryStroke&NeuroUnit20601_MedicalServices_AdditionalClinicalServices_Stroke,01/07/2023,0,1,
DunkeryStroke&NeuroUnit20601_MedicalServices_AdditionalClinicalServices_Stroke,01/09/2023,0,1,
DunkeryStroke&NeuroUnit20601_MedicalServices_AdditionalClinicalServices_Stroke,01/10/2023,0,3,
DunkeryStroke&NeuroUnit20601_MedicalServices_AdditionalClinicalServices_Stroke,01/11/2023,0,7,
DunkeryStroke&NeuroUnit20601_MedicalServices_AdditionalClinicalServices_Stroke,01/12/2023,0,1,
DunkeryStroke&NeuroUnit20601_MedicalServices_AdditionalClinicalServices_Stroke,01/01/2024,0,10,
DunkeryStroke&NeuroUnit20601_MedicalServices_AdditionalClinicalServices_Stroke,01/02/2024,0,2,
DunkeryStroke&NeuroUnit20601_MedicalServices_AdditionalClinicalServices_Stroke,01/03/2024,0,2,
DunkeryStroke&NeuroUnit20601_MedicalServices_AdditionalClinicalServices_Stroke,01/04/2024,1,2,
DunkeryStroke&NeuroUnit20601_MedicalServices_AdditionalClinicalServices_Stroke,01/05/2024,1,2,
DunkeryStroke&NeuroUnit20601_MedicalServices_AdditionalClinicalServices_Stroke,01/06/2024,1,4,
DunkeryStroke&NeuroUnit20601_MedicalServices_AdditionalClinicalServices_Stroke,01/07/2024,1,1,
DunkeryStroke&NeuroUnit20601_MedicalServices_AdditionalClinicalServices_Stroke,01/08/2024,1,0,
DunkeryStroke&NeuroUnit20601_MedicalServices_AdditionalClinicalServices_Stroke,01/10/2024,0,1,
DunkeryStroke&NeuroUnit20601_MedicalServices_AdditionalClinicalServices_Stroke,01/11/2024,1,2,
DunkeryStroke&NeuroUnit20601_MedicalServices_AdditionalClinicalServices_Stroke,01/01/2025,1,0,
DunkeryStroke&NeuroUnit20601_MedicalServices_AdministrativeandClerical_Stroke,01/08/2023,0,1,
DunkeryStroke&NeuroUnit20601_MedicalServices_AdministrativeandClerical_Stroke,01/06/2024,1,1,
DunkeryStroke&NeuroUnit20601_MedicalServices_AdministrativeandClerical_Stroke,01/03/2025,1,0,
DunkeryStroke&NeuroUnit20601_MedicalServices_NursingandMidwiferyRegistered_Stroke,01/04/2024,0,1,
DunkeryStroke&NeuroUnit20601_MedicalServices_NursingandMidwiferyRegistered_Stroke,01/06/2024,1,2,
DunkeryStroke&NeuroUnit20601_MedicalServices_NursingandMidwiferyRegistered_Stroke,01/08/2024,1,0,
DunkeryStroke&NeuroUnit20601_MedicalServices_NursingandMidwiferyRegistered_Stroke,01/10/2024,1,0,
DunkeryStroke&NeuroUnit20601_MedicalServices_NursingandMidwiferyRegistered_Stroke,01/12/2024,2,0,
DunkeryStroke&NeuroUnit20601_MedicalServices_NursingandMidwiferyRegistered_Stroke,01/03/2025,1,0,
ENTMedStf12005_SurgicalServices_MedicalandDental_ENT,01/09/2021,0,1,
ENTMedStf12005_SurgicalServices_MedicalandDental_ENT,01/10/2021,0,1,
ENTMedStf12005_SurgicalServices_MedicalandDental_ENT,01/11/2021,0,1,
ENTMedStf12005_SurgicalServices_MedicalandDental_ENT,01/03/2022,0,1,
ENTMedStf12005_SurgicalServices_MedicalandDental_ENT,01/10/2022,0,2,
ENTMedStf12005_SurgicalServices_MedicalandDental_ENT,01/01/2023,0,1,
ENTMedStf12005_SurgicalServices_MedicalandDental_ENT,01/08/2023,0,1,
ENTMedStf12005_SurgicalServices_MedicalandDental_ENT,01/10/2023,0,2,
ENTMedStf12005_SurgicalServices_MedicalandDental_ENT,01/08/2024,0,1,
ENTMedicalStaff75857_SurgicalServices_MedicalandDental_ENT,01/12/2022,0,1,
ENTMedicalStaff75857_SurgicalServices_MedicalandDental_ENT,01/03/2023,0,2,
ENTMedicalStaff75857_SurgicalServices_MedicalandDental_ENT,01/06/2023,0,1,
ENTMedicalStaff75857_SurgicalServices_MedicalandDental_ENT,01/01/2024,0,1,
ENTMedicalStaff75857_SurgicalServices_MedicalandDental_ENT,01/01/2025,0,1,
ENTOutpatients12009_SurgicalServices_AdditionalClinicalServices_ENT,01/11/2021,0,1,
ENTOutpatients12009_SurgicalServices_AdditionalClinicalServices_ENT,01/02/2024,0,1,
EPAC/REPROMed45060_CYP&FamiliesServices_NursingandMidwiferyRegistered_Women'sServices,01/07/2021,0,1,
EPAC/REPROMed45060_CYP&FamiliesServices_NursingandMidwiferyRegistered_Women'sServices,01/04/2024,0,1,
ERotaAdmin75416_CorporateSupportServices_AdministrativeandClerical_Resourcing,01/09/2022,0,1,
ERotaAdmin75416_CorporateSupportServices_AdministrativeandClerical_Resourcing,01/11/2022,0,2,
ESAC10002_SurgicalServices_AddProfScientificandTechnic_UpperGI,01/07/2024,0,1,
ESAC10002_SurgicalServices_AdditionalClinicalServices_UpperGI,01/07/2021,0,1,
ESAC10002_SurgicalServices_AdditionalClinicalServices_UpperGI,01/10/2023,0,1,
ESAC10002_SurgicalServices_AdditionalClinicalServices_UpperGI,01/04/2025,1,0,
ESAC10002_SurgicalServices_AdministrativeandClerical_UpperGI,01/01/2022,0,1,
EatingDisordersBridgwater51151_MentalHealthandLearningDisabilities_AddProfScientificandTechnic_CMHSWest,01/07/2024,0,1,
EatingDisordersBridgwater51151_MentalHealthandLearningDisabilities_AdditionalClinicalServices_CMHSWest,01/06/2024,1,2,
EatingDisordersBridgwater51151_MentalHealthandLearningDisabilities_AlliedHealthProfessionals_CMHSWest,01/08/2024,0,1,
EatingDisordersBridgwater51151_MentalHealthandLearningDisabilities_NursingandMidwiferyRegistered_CMHSWest,01/11/2023,0,1,
EatingDisordersBridgwater51151_MentalHealthandLearningDisabilities_NursingandMidwiferyRegistered_CMHSWest,01/02/2025,0,1,
EatingDisordersTeamMendip51250_MentalHealthandLearningDisabilities_AddProfScientificandTechnic_CMHSEast,01/04/2022,0,1,
EatingDisordersTeamMendip51250_MentalHealthandLearningDisabilities_AdministrativeandClerical_CMHSEast,01/09/2022,0,1,
ElectiveClinManagers75716_SurgicalServices_NursingandMidwiferyRegistered_OtherSurgery,01/04/2024,1,0,
ElectiveManagement75717_SurgicalServices_AdministrativeandClerical_OtherSurgery,01/05/2022,0,1,
ElectiveOpsManagement00021_OperationalManagement_NursingandMidwiferyRegistered_DirectorofElectiveCareDEPT,01/06/2022,0,1,
ElectivePathwayAdmin75803_SurgicalServices_AdministrativeandClerical_OtherSurgery,01/06/2021,0,1,
ElectivePathwayAdmin75803_SurgicalServices_AdministrativeandClerical_OtherSurgery,01/07/2021,0,1,
ElectivePathwayAdmin75803_SurgicalServices_AdministrativeandClerical_OtherSurgery,01/08/2021,0,1,
ElectivePathwayAdmin75803_SurgicalServices_AdministrativeandClerical_OtherSurgery,01/09/2021,0,2,
ElectivePathwayAdmin75803_SurgicalServices_AdministrativeandClerical_OtherSurgery,01/11/2021,0,1,
ElectivePathwayAdmin75803_SurgicalServices_AdministrativeandClerical_OtherSurgery,01/12/2021,0,1,
ElectivePathwayAdmin75803_SurgicalServices_AdministrativeandClerical_OtherSurgery,01/01/2022,0,5,
ElectivePathwayAdmin75803_SurgicalServices_AdministrativeandClerical_OtherSurgery,01/02/2022,0,1,
ElectivePathwayAdmin75803_SurgicalServices_AdministrativeandClerical_OtherSurgery,01/03/2022,0,4,
ElectivePathwayAdmin75803_SurgicalServices_AdministrativeandClerical_OtherSurgery,01/06/2022,0,2,
ElectivePathwayAdmin75803_SurgicalServices_AdministrativeandClerical_OtherSurgery,01/08/2022,0,2,
ElectivePathwayAdmin75803_SurgicalServices_AdministrativeandClerical_OtherSurgery,01/09/2022,0,2,
ElectivePathwayAdmin75803_SurgicalServices_AdministrativeandClerical_OtherSurgery,01/11/2022,0,2,
ElectivePathwayAdmin75803_SurgicalServices_AdministrativeandClerical_OtherSurgery,01/02/2023,0,2,
ElectivePathwayAdmin75803_SurgicalServices_AdministrativeandClerical_OtherSurgery,01/03/2023,0,1,
ElectivePathwayAdmin75803_SurgicalServices_AdministrativeandClerical_OtherSurgery,01/04/2023,0,1,
ElectivePathwayAdmin75803_SurgicalServices_AdministrativeandClerical_OtherSurgery,01/07/2023,0,1,
ElectivePathwayAdmin75803_SurgicalServices_AdministrativeandClerical_OtherSurgery,01/08/2023,0,3,
ElectivePathwayAdmin75803_SurgicalServices_AdministrativeandClerical_OtherSurgery,01/09/2023,0,1,
ElectivePathwayAdmin75803_SurgicalServices_AdministrativeandClerical_OtherSurgery,01/10/2023,0,1,
ElectivePathwayAdmin75803_SurgicalServices_AdministrativeandClerical_OtherSurgery,01/11/2023,0,1,
ElectivePathwayAdmin75803_SurgicalServices_AdministrativeandClerical_OtherSurgery,01/12/2023,0,1,
ElectivePathwayAdmin75803_SurgicalServices_AdministrativeandClerical_OtherSurgery,01/03/2024,0,1,
ElectivePathwayAdmin75803_SurgicalServices_AdministrativeandClerical_OtherSurgery,01/04/2024,0,1,
ElectivePathwayAdmin75803_SurgicalServices_AdministrativeandClerical_OtherSurgery,01/05/2024,1,0,
ElectivePathwayAdmin75803_SurgicalServices_AdministrativeandClerical_OtherSurgery,01/07/2024,1,0,
ElectivePathwayAdmin75803_SurgicalServices_AdministrativeandClerical_OtherSurgery,01/09/2024,1,0,
ElectivePathwayAdmin75803_SurgicalServices_AdministrativeandClerical_OtherSurgery,01/10/2024,2,0,
EliotWard20403_MedicalServices_AdditionalClinicalServices_CareoftheOlderPersonDEPT,01/09/2021,0,1,
EliotWard20403_MedicalServices_AdditionalClinicalServices_CareoftheOlderPersonDEPT,01/10/2021,0,3,
EliotWard20403_MedicalServices_AdditionalClinicalServices_CareoftheOlderPersonDEPT,01/11/2021,0,1,
EliotWard20403_MedicalServices_AdditionalClinicalServices_CareoftheOlderPersonDEPT,01/01/2022,0,3,
EliotWard20403_MedicalServices_AdditionalClinicalServices_CareoftheOlderPersonDEPT,01/02/2022,0,1,
EliotWard20403_MedicalServices_AdditionalClinicalServices_CareoftheOlderPersonDEPT,01/04/2022,0,1,
EliotWard20403_MedicalServices_AdditionalClinicalServices_CareoftheOlderPersonDEPT,01/05/2022,0,1,
EliotWard20403_MedicalServices_AdditionalClinicalServices_CareoftheOlderPersonDEPT,01/07/2022,0,3,
EliotWard20403_MedicalServices_AdditionalClinicalServices_CareoftheOlderPersonDEPT,01/08/2022,0,3,
EliotWard20403_MedicalServices_AdditionalClinicalServices_CareoftheOlderPersonDEPT,01/09/2022,0,2,
EliotWard20403_MedicalServices_AdditionalClinicalServices_CareoftheOlderPersonDEPT,01/10/2022,0,1,
EliotWard20403_MedicalServices_AdditionalClinicalServices_CareoftheOlderPersonDEPT,01/01/2023,0,4,
EliotWard20403_MedicalServices_AdditionalClinicalServices_CareoftheOlderPersonDEPT,01/03/2023,0,3,
EliotWard20403_MedicalServices_AdditionalClinicalServices_CareoftheOlderPersonDEPT,01/04/2023,0,2,
EliotWard20403_MedicalServices_AdditionalClinicalServices_CareoftheOlderPersonDEPT,01/06/2023,0,2,
EliotWard20403_MedicalServices_AdditionalClinicalServices_CareoftheOlderPersonDEPT,01/07/2023,0,4,
EliotWard20403_MedicalServices_AdditionalClinicalServices_CareoftheOlderPersonDEPT,01/10/2023,0,1,
EliotWard20403_MedicalServices_AdditionalClinicalServices_CareoftheOlderPersonDEPT,01/11/2023,0,1,
EliotWard20403_MedicalServices_AdditionalClinicalServices_CareoftheOlderPersonDEPT,01/04/2024,1,0,
EliotWard20403_MedicalServices_AdditionalClinicalServices_CareoftheOlderPersonDEPT,01/07/2024,1,0,
EliotWard20403_MedicalServices_AdditionalClinicalServices_CareoftheOlderPersonDEPT,01/12/2024,1,0,
EliotWard20403_MedicalServices_AdditionalClinicalServices_CareoftheOlderPersonDEPT,01/02/2025,1,0,
EliotWard20403_MedicalServices_AdministrativeandClerical_CareoftheOlderPersonDEPT,01/05/2022,0,1,
EliotWard20403_MedicalServices_NursingandMidwiferyRegistered_CareoftheOlderPersonDEPT,01/09/2023,0,1,
EliotWard20403_MedicalServices_NursingandMidwiferyRegistered_CareoftheOlderPersonDEPT,01/03/2024,0,1,
EliotWard20403_MedicalServices_NursingandMidwiferyRegistered_CareoftheOlderPersonDEPT,01/04/2024,0,1,
EliotWard20403_MedicalServices_NursingandMidwiferyRegistered_CareoftheOlderPersonDEPT,01/06/2024,1,0,
EliotWard20403_MedicalServices_NursingandMidwiferyRegistered_CareoftheOlderPersonDEPT,01/01/2025,1,0,
EmerNursePractitioners(ENP)76218_MedicalServices_NursingandMidwiferyRegistered_EmergencyCareDEPT,01/03/2022,0,1,
EmerNursePractitioners(ENP)76218_MedicalServices_NursingandMidwiferyRegistered_EmergencyCareDEPT,01/11/2024,1,0,
EmerNursePractitioners(ENP)76218_MedicalServices_NursingandMidwiferyRegistered_EmergencyCareDEPT,01/12/2024,0,1,
EmergencyCareMedicalStaff20000_MedicalServices_AdministrativeandClerical_EmergencyCareDEPT,01/03/2025,1,0,
EmergencyCareMedicalStaff20000_MedicalServices_MedicalandDental_EmergencyCareDEPT,01/07/2021,0,1,
EmergencyCareMedicalStaff20000_MedicalServices_MedicalandDental_EmergencyCareDEPT,01/08/2021,0,8,
EmergencyCareMedicalStaff20000_MedicalServices_MedicalandDental_EmergencyCareDEPT,01/10/2021,0,1,
EmergencyCareMedicalStaff20000_MedicalServices_MedicalandDental_EmergencyCareDEPT,01/12/2021,0,1,
EmergencyCareMedicalStaff20000_MedicalServices_MedicalandDental_EmergencyCareDEPT,01/01/2022,0,1,
EmergencyCareMedicalStaff20000_MedicalServices_MedicalandDental_EmergencyCareDEPT,01/02/2022,0,1,
EmergencyCareMedicalStaff20000_MedicalServices_MedicalandDental_EmergencyCareDEPT,01/04/2022,0,1,
EmergencyCareMedicalStaff20000_MedicalServices_MedicalandDental_EmergencyCareDEPT,01/05/2022,0,1,
EmergencyCareMedicalStaff20000_MedicalServices_MedicalandDental_EmergencyCareDEPT,01/07/2022,0,1,
EmergencyCareMedicalStaff20000_MedicalServices_MedicalandDental_EmergencyCareDEPT,01/08/2022,0,12,
EmergencyCareMedicalStaff20000_MedicalServices_MedicalandDental_EmergencyCareDEPT,01/09/2022,0,1,
EmergencyCareMedicalStaff20000_MedicalServices_MedicalandDental_EmergencyCareDEPT,01/02/2023,0,2,
EmergencyCareMedicalStaff20000_MedicalServices_MedicalandDental_EmergencyCareDEPT,01/04/2023,0,1,
EmergencyCareMedicalStaff20000_MedicalServices_MedicalandDental_EmergencyCareDEPT,01/07/2023,0,1,
EmergencyCareMedicalStaff20000_MedicalServices_MedicalandDental_EmergencyCareDEPT,01/08/2023,0,10,
EmergencyCareMedicalStaff20000_MedicalServices_MedicalandDental_EmergencyCareDEPT,01/11/2023,0,3,
EmergencyCareMedicalStaff20000_MedicalServices_MedicalandDental_EmergencyCareDEPT,01/01/2024,0,1,
EmergencyCareMedicalStaff20000_MedicalServices_MedicalandDental_EmergencyCareDEPT,01/02/2024,0,1,
EmergencyCareMedicalStaff20000_MedicalServices_MedicalandDental_EmergencyCareDEPT,01/05/2024,1,1,
EmergencyCareMedicalStaff20000_MedicalServices_MedicalandDental_EmergencyCareDEPT,01/06/2024,2,0,
EmergencyCareMedicalStaff20000_MedicalServices_MedicalandDental_EmergencyCareDEPT,01/07/2024,0,1,
EmergencyCareMedicalStaff20000_MedicalServices_MedicalandDental_EmergencyCareDEPT,01/08/2024,1,11,
EmergencyCareMedicalStaff20000_MedicalServices_MedicalandDental_EmergencyCareDEPT,01/10/2024,2,0,
EmergencyCareMedicalStaff20000_MedicalServices_MedicalandDental_EmergencyCareDEPT,01/02/2025,0,1,
EndOfLife-HOPE35100_ClinicalSupportandCancerServices_AddProfScientificandTechnic_OtherHOPEandPalliativeCare,01/04/2023,0,1,
EndOfLife-HOPE35100_ClinicalSupportandCancerServices_AddProfScientificandTechnic_OtherHOPEandPalliativeCare,01/08/2023,0,1,
EndOfLife-HOPE35100_ClinicalSupportandCancerServices_AdministrativeandClerical_OtherHOPEandPalliativeCare,01/02/2023,0,1,
EndOfLife-HOPE35100_ClinicalSupportandCancerServices_NursingandMidwiferyRegistered_OtherHOPEandPalliativeCare,01/05/2022,0,1,
EndocrinologyMedStf21100_MedicalServices_AddProfScientificandTechnic_Endocrinology,01/11/2021,0,1,
EndocrinologyMedStf21100_MedicalServices_AddProfScientificandTechnic_Endocrinology,01/11/2022,0,1,
EndocrinologyMedStf21100_MedicalServices_MedicalandDental_Endocrinology,01/07/2021,0,1,
EndocrinologyMedStf21100_MedicalServices_MedicalandDental_Endocrinology,01/08/2021,0,1,
EndocrinologyMedStf21100_MedicalServices_MedicalandDental_Endocrinology,01/10/2021,0,1,
EndocrinologyMedStf21100_MedicalServices_MedicalandDental_Endocrinology,01/07/2022,0,2,
EndocrinologyMedStf21100_MedicalServices_MedicalandDental_Endocrinology,01/08/2022,0,1,
EndocrinologyMedStf21100_MedicalServices_MedicalandDental_Endocrinology,01/07/2023,0,2,
EndocrinologyMedStf21100_MedicalServices_MedicalandDental_Endocrinology,01/08/2023,0,4,
EndocrinologyMedStf21100_MedicalServices_MedicalandDental_Endocrinology,01/07/2024,0,3,
EndocrinologyMedStf21100_MedicalServices_MedicalandDental_Endocrinology,01/08/2024,0,2,
EndofLifeCareEducation62011_NeighbourhoodServices_AlliedHealthProfessionals_PalliativeCareDEPT,01/05/2024,0,1,
EndoscopyDecontamination17024_SurgicalServices_EstatesandAncillary_SSD,01/12/2024,0,1,
EndoscopyMPH13002_SurgicalServices_AdditionalClinicalServices_Endoscopy,01/05/2021,0,2,
EndoscopyMPH13002_SurgicalServices_AdditionalClinicalServices_Endoscopy,01/07/2021,0,1,
EndoscopyMPH13002_SurgicalServices_AdditionalClinicalServices_Endoscopy,01/12/2021,0,1,
EndoscopyMPH13002_SurgicalServices_AdditionalClinicalServices_Endoscopy,01/06/2022,0,1,
EndoscopyMPH13002_SurgicalServices_AdditionalClinicalServices_Endoscopy,01/11/2022,0,2,
EndoscopyMPH13002_SurgicalServices_AdditionalClinicalServices_Endoscopy,01/03/2023,0,2,
EndoscopyMPH13002_SurgicalServices_AdditionalClinicalServices_Endoscopy,01/06/2023,0,1,
EndoscopyMPH13002_SurgicalServices_AdditionalClinicalServices_Endoscopy,01/07/2023,0,1,
EndoscopyMPH13002_SurgicalServices_AdditionalClinicalServices_Endoscopy,01/05/2024,1,1,
EndoscopyMPH13002_SurgicalServices_AdditionalClinicalServices_Endoscopy,01/06/2024,1,0,
EndoscopyMPH13002_SurgicalServices_AdministrativeandClerical_Endoscopy,01/08/2021,0,1,
EndoscopyMPH13002_SurgicalServices_AdministrativeandClerical_Endoscopy,01/01/2022,0,1,
EndoscopyMPH13002_SurgicalServices_AdministrativeandClerical_Endoscopy,01/11/2022,0,1,
EndoscopyMPH13002_SurgicalServices_AdministrativeandClerical_Endoscopy,01/12/2022,0,1,
EndoscopyMPH13002_SurgicalServices_AdministrativeandClerical_Endoscopy,01/03/2023,0,1,
EndoscopyMPH13002_SurgicalServices_AdministrativeandClerical_Endoscopy,01/06/2023,0,1,
EndoscopyMPH13002_SurgicalServices_AdministrativeandClerical_Endoscopy,01/11/2023,0,1,
EndoscopyMPH13002_SurgicalServices_AdministrativeandClerical_Endoscopy,01/06/2024,0,1,
EndoscopyMPH13002_SurgicalServices_AdministrativeandClerical_Endoscopy,01/09/2024,1,0,
EndoscopyMPH13002_SurgicalServices_AdministrativeandClerical_Endoscopy,01/04/2025,0,1,
EndoscopyMPH13002_SurgicalServices_EstatesandAncillary_Endoscopy,01/06/2021,0,2,
EndoscopyMPH13002_SurgicalServices_EstatesandAncillary_Endoscopy,01/06/2022,0,1,
EndoscopyMPH13002_SurgicalServices_EstatesandAncillary_Endoscopy,01/03/2023,0,1,
EndoscopyMPH13002_SurgicalServices_EstatesandAncillary_Endoscopy,01/07/2023,0,1,
EndoscopyMPH13002_SurgicalServices_EstatesandAncillary_Endoscopy,01/08/2023,0,1,
EndoscopyMPH13002_SurgicalServices_EstatesandAncillary_Endoscopy,01/10/2023,0,1,
EndoscopyMPH13002_SurgicalServices_EstatesandAncillary_Endoscopy,01/12/2023,0,2,
EndoscopyMPH13002_SurgicalServices_EstatesandAncillary_Endoscopy,01/01/2024,0,1,
EndoscopyMPH13002_SurgicalServices_NursingandMidwiferyRegistered_Endoscopy,01/05/2021,0,1,
EndoscopyMPH13002_SurgicalServices_NursingandMidwiferyRegistered_Endoscopy,01/08/2021,0,1,
EndoscopyMPH13002_SurgicalServices_NursingandMidwiferyRegistered_Endoscopy,01/10/2021,0,1,
EndoscopyMPH13002_SurgicalServices_NursingandMidwiferyRegistered_Endoscopy,01/11/2021,0,1,
EndoscopyMPH13002_SurgicalServices_NursingandMidwiferyRegistered_Endoscopy,01/06/2022,0,1,
EndoscopyMPH13002_SurgicalServices_NursingandMidwiferyRegistered_Endoscopy,01/08/2022,0,1,
EndoscopyMPH13002_SurgicalServices_NursingandMidwiferyRegistered_Endoscopy,01/10/2023,0,1,
EndoscopyMPH13002_SurgicalServices_NursingandMidwiferyRegistered_Endoscopy,01/03/2024,0,1,
EndoscopyMPH13002_SurgicalServices_NursingandMidwiferyRegistered_Endoscopy,01/04/2024,1,1,
EndoscopyMPH13002_SurgicalServices_NursingandMidwiferyRegistered_Endoscopy,01/06/2024,1,0,
EndoscopyMPH13002_SurgicalServices_NursingandMidwiferyRegistered_Endoscopy,01/12/2024,1,0,
EndoscopyMPH13002_SurgicalServices_NursingandMidwiferyRegistered_Endoscopy,01/03/2025,1,0,
EndoscopyYDH76265_SurgicalServices_AdditionalClinicalServices_Endoscopy,01/12/2021,0,1,
EndoscopyYDH76265_SurgicalServices_AdministrativeandClerical_Endoscopy,01/01/2022,0,2,
EndoscopyYDH76265_SurgicalServices_AdministrativeandClerical_Endoscopy,01/02/2022,0,1,
EndoscopyYDH76265_SurgicalServices_AdministrativeandClerical_Endoscopy,01/03/2022,0,1,
EndoscopyYDH76265_SurgicalServices_AdministrativeandClerical_Endoscopy,01/04/2022,0,2,
EndoscopyYDH76265_SurgicalServices_AdministrativeandClerical_Endoscopy,01/05/2022,0,2,
EndoscopyYDH76265_SurgicalServices_AdministrativeandClerical_Endoscopy,01/01/2024,0,2,
EndoscopyYDH76265_SurgicalServices_AdministrativeandClerical_Endoscopy,01/02/2024,0,1,
EndoscopyYDH76265_SurgicalServices_AdministrativeandClerical_Endoscopy,01/04/2024,2,1,
EndoscopyYDH76265_SurgicalServices_NursingandMidwiferyRegistered_Endoscopy,01/05/2021,0,1,
EndoscopyYDH76265_SurgicalServices_NursingandMidwiferyRegistered_Endoscopy,01/11/2021,0,1,
EndoscopyYDH76265_SurgicalServices_NursingandMidwiferyRegistered_Endoscopy,01/01/2022,0,1,
EndoscopyYDH76265_SurgicalServices_NursingandMidwiferyRegistered_Endoscopy,01/05/2022,0,1,
EndoscopyYDH76265_SurgicalServices_NursingandMidwiferyRegistered_Endoscopy,01/05/2023,0,1,
EndoscopyYDH76265_SurgicalServices_NursingandMidwiferyRegistered_Endoscopy,01/11/2023,0,1,
EndoscopyYDH76265_SurgicalServices_NursingandMidwiferyRegistered_Endoscopy,01/04/2024,0,1,
EndoscopyYDH76265_SurgicalServices_NursingandMidwiferyRegistered_Endoscopy,01/09/2024,1,0,
EndoscopyYDH76265_SurgicalServices_NursingandMidwiferyRegistered_Endoscopy,01/12/2024,1,0,
EnhancedNursePractitioners43140_CYP&FamiliesServices_AdditionalClinicalServices_Women'sServices,01/12/2024,0,1,
EnhancedNursePractitioners43140_CYP&FamiliesServices_NursingandMidwiferyRegistered_Women'sServices,01/10/2022,0,1,
EnhancedNursePractitioners43140_CYP&FamiliesServices_NursingandMidwiferyRegistered_Women'sServices,01/10/2024,1,0,
EnhancedNursePractitioners43140_CYP&FamiliesServices_NursingandMidwiferyRegistered_Women'sServices,01/11/2024,0,1,
EnhancedPrimaryCare76002_ClinicalSupportandCancerServices_AlliedHealthProfessionals_TherapiesDEPT,01/08/2021,0,1,
EnteralFeeding20261_ClinicalSupportandCancerServices_AdditionalClinicalServices_TherapiesDEPT,01/04/2024,0,1,
EnteralFeeding20261_ClinicalSupportandCancerServices_AdditionalClinicalServices_TherapiesDEPT,01/07/2024,1,0,
EnteralFeeding20261_ClinicalSupportandCancerServices_AdministrativeandClerical_TherapiesDEPT,01/03/2025,0,1,
EnteralFeeding20261_ClinicalSupportandCancerServices_AlliedHealthProfessionals_TherapiesDEPT,01/02/2024,0,1,
Estates&FacilitiesAdmin04020_CorporateSupportServices_AdministrativeandClerical_EstatesandFacilities-SFT,01/09/2021,0,1,
Estates&FacilitiesAdmin04020_CorporateSupportServices_AdministrativeandClerical_EstatesandFacilities-SFT,01/07/2022,0,1,
Estates&FacilitiesAdmin04020_CorporateSupportServices_AdministrativeandClerical_EstatesandFacilities-SFT,01/09/2022,0,1,
Estates&FacilitiesAdmin04020_CorporateSupportServices_AdministrativeandClerical_EstatesandFacilities-SFT,01/11/2022,0,1,
Estates&FacilitiesAdmin04020_CorporateSupportServices_AdministrativeandClerical_EstatesandFacilities-SFT,01/01/2023,0,3,
Estates&FacilitiesAdmin04020_CorporateSupportServices_AdministrativeandClerical_EstatesandFacilities-SFT,01/05/2023,0,1,
Estates&FacilitiesAdmin04020_CorporateSupportServices_AdministrativeandClerical_EstatesandFacilities-SFT,01/11/2023,0,1,
Estates&FacilitiesAdmin04020_CorporateSupportServices_AdministrativeandClerical_EstatesandFacilities-SFT,01/04/2025,1,1,
Estates-Community04410_CorporateSupportServices_EstatesandAncillary_EstatesandFacilities-SFT,01/06/2021,0,1,
Estates-Community04410_CorporateSupportServices_EstatesandAncillary_EstatesandFacilities-SFT,01/09/2021,0,1,
Estates-Community04410_CorporateSupportServices_EstatesandAncillary_EstatesandFacilities-SFT,01/09/2023,0,1,
Estates-Community04410_CorporateSupportServices_EstatesandAncillary_EstatesandFacilities-SFT,01/01/2024,0,1,
Estates-Community04410_CorporateSupportServices_EstatesandAncillary_EstatesandFacilities-SFT,01/02/2024,0,1,
Estates-Community04410_CorporateSupportServices_EstatesandAncillary_EstatesandFacilities-SFT,01/05/2024,0,1,
Estates-Community04410_CorporateSupportServices_EstatesandAncillary_EstatesandFacilities-SFT,01/03/2025,1,0,
Estates-NESomerset04420_CorporateSupportServices_EstatesandAncillary_EstatesandFacilities-SFT,01/08/2022,0,1,
EstatesMgt-Operational04000_CorporateSupportServices_AdministrativeandClerical_EstatesandFacilities-SFT,01/12/2022,0,1,
EstatesMgt-Operational04000_CorporateSupportServices_AdministrativeandClerical_EstatesandFacilities-SFT,01/04/2023,0,1,
EstatesMgt-Operational04000_CorporateSupportServices_EstatesandAncillary_EstatesandFacilities-SFT,01/08/2021,0,1,
EstatesMgt-Operational04000_CorporateSupportServices_EstatesandAncillary_EstatesandFacilities-SFT,01/08/2022,0,1,
EstatesMgt-Operational04000_CorporateSupportServices_EstatesandAncillary_EstatesandFacilities-SFT,01/01/2023,0,1,
EstatesMgt-Operational04000_CorporateSupportServices_EstatesandAncillary_EstatesandFacilities-SFT,01/08/2023,0,1,
EstatesMgt-Operational04000_CorporateSupportServices_EstatesandAncillary_EstatesandFacilities-SFT,01/08/2024,2,0,
EstatesMgt-Operational04000_CorporateSupportServices_EstatesandAncillary_EstatesandFacilities-SFT,01/10/2024,0,1,
EstatesMgt-Operational04000_CorporateSupportServices_EstatesandAncillary_EstatesandFacilities-SFT,01/11/2024,1,0,
ExmoorWard20203_MedicalServices_AdditionalClinicalServices_Acute/GeneralMedicineDEPT,01/02/2022,0,1,
ExmoorWard20203_MedicalServices_AdditionalClinicalServices_Acute/GeneralMedicineDEPT,01/05/2022,0,1,
ExmoorWard20203_MedicalServices_AdditionalClinicalServices_Acute/GeneralMedicineDEPT,01/06/2022,0,2,
ExmoorWard20203_MedicalServices_AdditionalClinicalServices_Acute/GeneralMedicineDEPT,01/11/2022,0,1,
ExmoorWard20203_MedicalServices_AdditionalClinicalServices_Acute/GeneralMedicineDEPT,01/01/2023,0,2,
ExmoorWard20203_MedicalServices_AdditionalClinicalServices_Acute/GeneralMedicineDEPT,01/02/2023,0,2,
ExmoorWard20203_MedicalServices_AdditionalClinicalServices_Acute/GeneralMedicineDEPT,01/03/2023,0,3,
ExmoorWard20203_MedicalServices_AdditionalClinicalServices_Acute/GeneralMedicineDEPT,01/04/2023,0,1,
ExmoorWard20203_MedicalServices_AdditionalClinicalServices_Acute/GeneralMedicineDEPT,01/05/2023,0,4,
ExmoorWard20203_MedicalServices_AdditionalClinicalServices_Acute/GeneralMedicineDEPT,01/06/2023,0,2,
ExmoorWard20203_MedicalServices_AdditionalClinicalServices_Acute/GeneralMedicineDEPT,01/07/2023,0,2,
ExmoorWard20203_MedicalServices_AdditionalClinicalServices_Acute/GeneralMedicineDEPT,01/09/2023,0,2,
ExmoorWard20203_MedicalServices_AdditionalClinicalServices_Acute/GeneralMedicineDEPT,01/10/2023,0,1,
ExmoorWard20203_MedicalServices_AdditionalClinicalServices_Acute/GeneralMedicineDEPT,01/01/2024,0,1,
ExmoorWard20203_MedicalServices_AdditionalClinicalServices_Acute/GeneralMedicineDEPT,01/03/2024,0,1,
ExmoorWard20203_MedicalServices_AdditionalClinicalServices_Acute/GeneralMedicineDEPT,01/04/2024,1,0,
ExmoorWard20203_MedicalServices_AdditionalClinicalServices_Acute/GeneralMedicineDEPT,01/05/2024,1,0,
ExmoorWard20203_MedicalServices_AdditionalClinicalServices_Acute/GeneralMedicineDEPT,01/07/2024,0,1,
ExmoorWard20203_MedicalServices_AdditionalClinicalServices_Acute/GeneralMedicineDEPT,01/09/2024,1,0,
ExmoorWard20203_MedicalServices_AdditionalClinicalServices_Acute/GeneralMedicineDEPT,01/11/2024,0,1,
ExmoorWard20203_MedicalServices_AdministrativeandClerical_Acute/GeneralMedicineDEPT,01/02/2023,0,1,
ExmoorWard20203_MedicalServices_AdministrativeandClerical_Acute/GeneralMedicineDEPT,01/04/2023,0,1,
ExmoorWard20203_MedicalServices_NursingandMidwiferyRegistered_Acute/GeneralMedicineDEPT,01/03/2024,0,1,
ExmoorWard20203_MedicalServices_NursingandMidwiferyRegistered_Acute/GeneralMedicineDEPT,01/05/2024,0,1,
ExmoorWard20203_MedicalServices_NursingandMidwiferyRegistered_Acute/GeneralMedicineDEPT,01/07/2024,0,1,
ExmoorWard20203_MedicalServices_NursingandMidwiferyRegistered_Acute/GeneralMedicineDEPT,01/04/2025,1,0,
F2GPPlacement75512_CorporateSupportServices_MedicalandDental_MedicalEducationDirectorofPeople,01/08/2021,0,5,
F2GPPlacement75512_CorporateSupportServices_MedicalandDental_MedicalEducationDirectorofPeople,01/07/2022,0,1,
F2GPPlacement75512_CorporateSupportServices_MedicalandDental_MedicalEducationDirectorofPeople,01/08/2022,0,4,
F2GPPlacement75512_CorporateSupportServices_MedicalandDental_MedicalEducationDirectorofPeople,01/07/2023,0,1,
F2GPPlacement75512_CorporateSupportServices_MedicalandDental_MedicalEducationDirectorofPeople,01/08/2023,0,4,
F2GPPlacement75512_CorporateSupportServices_MedicalandDental_MedicalEducationDirectorofPeople,01/07/2024,0,1,
F2GPPlacement75512_CorporateSupportServices_MedicalandDental_MedicalEducationDirectorofPeople,01/08/2024,0,2,
FAU76210_MedicalServices_AdministrativeandClerical_CareoftheOlderPersonDEPT,01/04/2024,0,1,
FAU76210_MedicalServices_AlliedHealthProfessionals_CareoftheOlderPersonDEPT,01/12/2024,1,0,
FAU76210_MedicalServices_NursingandMidwiferyRegistered_CareoftheOlderPersonDEPT,01/03/2022,0,1,
FAU76210_MedicalServices_NursingandMidwiferyRegistered_CareoftheOlderPersonDEPT,01/04/2024,0,1,
FAUMedicalStaff76211_MedicalServices_MedicalandDental_CareoftheOlderPersonDEPT,01/08/2021,0,1,
FAUMedicalStaff76211_MedicalServices_MedicalandDental_CareoftheOlderPersonDEPT,01/10/2021,0,1,
FAUMedicalStaff76211_MedicalServices_MedicalandDental_CareoftheOlderPersonDEPT,01/07/2022,0,1,
FAUMedicalStaff76211_MedicalServices_MedicalandDental_CareoftheOlderPersonDEPT,01/11/2022,0,1,
FAUMedicalStaff76211_MedicalServices_MedicalandDental_CareoftheOlderPersonDEPT,01/07/2024,0,1,
FAUMedicalStaff76211_MedicalServices_MedicalandDental_CareoftheOlderPersonDEPT,01/08/2024,0,2,
Facilities&EstateManagementTeam04002_CorporateSupportServices_AdministrativeandClerical_EstatesandFacilities-SFT,01/09/2021,0,1,
Facilities&EstateManagementTeam04002_CorporateSupportServices_AdministrativeandClerical_EstatesandFacilities-SFT,01/08/2022,0,1,
FamiliesManagement49010_CYP&FamiliesServices_AdministrativeandClerical_DirectorateManagementFam,01/07/2022,0,2,
FamiliesManagement49010_CYP&FamiliesServices_AdministrativeandClerical_DirectorateManagementFam,01/01/2024,0,1,
FamiliesManagement49010_CYP&FamiliesServices_AdministrativeandClerical_DirectorateManagementFam,01/09/2024,1,0,
FamiliesManagement49010_CYP&FamiliesServices_NursingandMidwiferyRegistered_DirectorateManagementFam,01/07/2021,0,1,
FamiliesManagement49010_CYP&FamiliesServices_NursingandMidwiferyRegistered_DirectorateManagementFam,01/05/2022,0,1,
FamiliesManagement49010_CYP&FamiliesServices_NursingandMidwiferyRegistered_DirectorateManagementFam,01/10/2023,0,2,
FamiliesManagement49010_CYP&FamiliesServices_NursingandMidwiferyRegistered_DirectorateManagementFam,01/06/2024,1,0,
FamiliesManagement49010_CYP&FamiliesServices_NursingandMidwiferyRegistered_DirectorateManagementFam,01/09/2024,1,0,
FamiliesManagement49010_CYP&FamiliesServices_NursingandMidwiferyRegistered_DirectorateManagementFam,01/10/2024,0,1,
FieldingWard21004_MedicalServices_AdditionalClinicalServices_Cardiology,01/05/2021,0,1,
FieldingWard21004_MedicalServices_AdditionalClinicalServices_Cardiology,01/01/2022,0,1,
FieldingWard21004_MedicalServices_AdditionalClinicalServices_Cardiology,01/03/2022,0,1,
FieldingWard21004_MedicalServices_AdditionalClinicalServices_Cardiology,01/04/2022,0,1,
FieldingWard21004_MedicalServices_AdditionalClinicalServices_Cardiology,01/05/2022,0,1,
FieldingWard21004_MedicalServices_AdditionalClinicalServices_Cardiology,01/09/2022,0,2,
FieldingWard21004_MedicalServices_AdditionalClinicalServices_Cardiology,01/10/2022,0,2,
FieldingWard21004_MedicalServices_AdditionalClinicalServices_Cardiology,01/01/2023,0,1,
FieldingWard21004_MedicalServices_AdditionalClinicalServices_Cardiology,01/02/2023,0,1,
FieldingWard21004_MedicalServices_AdditionalClinicalServices_Cardiology,01/03/2023,0,1,
FieldingWard21004_MedicalServices_AdditionalClinicalServices_Cardiology,01/05/2023,0,1,
FieldingWard21004_MedicalServices_AdditionalClinicalServices_Cardiology,01/07/2023,0,1,
FieldingWard21004_MedicalServices_AdditionalClinicalServices_Cardiology,01/10/2023,0,1,
FieldingWard21004_MedicalServices_AdditionalClinicalServices_Cardiology,01/11/2023,0,2,
FieldingWard21004_MedicalServices_AdditionalClinicalServices_Cardiology,01/01/2024,0,1,
FieldingWard21004_MedicalServices_AdditionalClinicalServices_Cardiology,01/03/2024,0,1,
FieldingWard21004_MedicalServices_AdditionalClinicalServices_Cardiology,01/07/2024,0,1,
FieldingWard21004_MedicalServices_AdditionalClinicalServices_Cardiology,01/03/2025,1,0,
FieldingWard21004_MedicalServices_AdministrativeandClerical_Cardiology,01/06/2024,1,0,
FieldingWard21004_MedicalServices_NursingandMidwiferyRegistered_Cardiology,01/06/2024,2,0,
FieldingWard21004_MedicalServices_NursingandMidwiferyRegistered_Cardiology,01/09/2024,1,0,
FinancialManagement03009_CorporateSupportServices_AdministrativeandClerical_Finance,01/03/2025,1,0,
FinancialServices03005_CorporateSupportServices_AdministrativeandClerical_Finance,01/10/2021,0,1,
FinancialServices03005_CorporateSupportServices_AdministrativeandClerical_Finance,01/01/2023,0,1,
FinancialServices03005_CorporateSupportServices_AdministrativeandClerical_Finance,01/02/2023,0,2,
FinancialServices03005_CorporateSupportServices_AdministrativeandClerical_Finance,01/03/2023,0,5,
FinancialServices03005_CorporateSupportServices_AdministrativeandClerical_Finance,01/05/2023,0,1,
FinancialServices03005_CorporateSupportServices_AdministrativeandClerical_Finance,01/10/2023,0,1,
FinancialServices03005_CorporateSupportServices_AdministrativeandClerical_Finance,01/11/2023,0,2,
FinancialServices03005_CorporateSupportServices_AdministrativeandClerical_Finance,01/12/2023,0,1,
FinancialServices03005_CorporateSupportServices_AdministrativeandClerical_Finance,01/01/2024,0,2,
FinancialServices03005_CorporateSupportServices_AdministrativeandClerical_Finance,01/02/2024,0,1,
FinancialServices03005_CorporateSupportServices_AdministrativeandClerical_Finance,01/04/2024,1,0,
FinancialServices03005_CorporateSupportServices_AdministrativeandClerical_Finance,01/05/2024,0,1,
FinancialServices03005_CorporateSupportServices_AdministrativeandClerical_Finance,01/09/2024,0,1,
FinancialServices03005_CorporateSupportServices_AdministrativeandClerical_Finance,01/11/2024,1,0,
FinancialServices03005_CorporateSupportServices_AdministrativeandClerical_Finance,01/01/2025,1,0,
FinancialServices03005_CorporateSupportServices_AdministrativeandClerical_Finance,01/02/2025,1,0,
FireSafety04003_CorporateSupportServices_AdministrativeandClerical_EstatesandFacilities-SFT,01/10/2024,1,0,
FireSafety04003_CorporateSupportServices_AdministrativeandClerical_EstatesandFacilities-SFT,01/11/2024,0,3,
FireSafety04003_CorporateSupportServices_AdministrativeandClerical_EstatesandFacilities-SFT,01/01/2025,0,2,
FlexibleWorkforce02064_CorporateSupportServices_AdministrativeandClerical_Resourcing,01/11/2023,0,1,
FlexibleWorkforce02064_CorporateSupportServices_AdministrativeandClerical_Resourcing,01/05/2024,1,0,
FlexibleWorkforce02064_CorporateSupportServices_AdministrativeandClerical_Resourcing,01/06/2024,2,0,
FlexibleWorkforce02064_CorporateSupportServices_AdministrativeandClerical_Resourcing,01/10/2024,1,0,
Flu02080_CorporateSupportServices_NursingandMidwiferyRegistered_TrustwideSchemes,01/07/2024,1,0,
ForensicTeam54401_MentalHealthandLearningDisabilities_AdditionalClinicalServices_UrgentCare&ForensicServs,01/10/2023,0,1,
ForensicTeam54401_MentalHealthandLearningDisabilities_AdditionalClinicalServices_UrgentCare&ForensicServs,01/01/2025,1,0,
ForensicTeam54401_MentalHealthandLearningDisabilities_AdministrativeandClerical_UrgentCare&ForensicServs,01/05/2022,0,1,
ForensicTeam54401_MentalHealthandLearningDisabilities_NursingandMidwiferyRegistered_UrgentCare&ForensicServs,01/04/2022,0,1,
FoundationHouseAdminTeam51180_MentalHealthandLearningDisabilities_AdministrativeandClerical_CMHSWest,01/08/2021,0,1,
FoundationHouseAdminTeam51180_MentalHealthandLearningDisabilities_AdministrativeandClerical_CMHSWest,01/09/2021,0,1,
FoundationHouseAdminTeam51180_MentalHealthandLearningDisabilities_AdministrativeandClerical_CMHSWest,01/02/2022,0,1,
FoundationHouseAdminTeam51180_MentalHealthandLearningDisabilities_AdministrativeandClerical_CMHSWest,01/07/2022,0,1,
FoundationHouseAdminTeam51180_MentalHealthandLearningDisabilities_AdministrativeandClerical_CMHSWest,01/07/2023,0,1,
FoundationHouseAdminTeam51180_MentalHealthandLearningDisabilities_AdministrativeandClerical_CMHSWest,01/08/2023,0,1,
FoundationHouseAdminTeam51180_MentalHealthandLearningDisabilities_AdministrativeandClerical_CMHSWest,01/07/2024,1,0,
FoundationHouseAdminTeam51180_MentalHealthandLearningDisabilities_AdministrativeandClerical_CMHSWest,01/10/2024,0,1,
FoundationHouseAdminTeam51180_MentalHealthandLearningDisabilities_AdministrativeandClerical_CMHSWest,01/02/2025,0,1,
FreedomtoSpeakUp02059_CorporateSupportServices_AdministrativeandClerical_Experience&Learning,01/02/2024,0,1,
FromeAdministration21600_NeighbourhoodServices_AdministrativeandClerical_FromeCommunityHospital,01/05/2022,0,1,
FromeAdministration21600_NeighbourhoodServices_AdministrativeandClerical_FromeCommunityHospital,01/09/2022,0,2,
FromeAdministration21600_NeighbourhoodServices_AdministrativeandClerical_FromeCommunityHospital,01/09/2023,0,1,
FromeAdministration21600_NeighbourhoodServices_AdministrativeandClerical_FromeCommunityHospital,01/10/2023,0,1,
FromeAdministration21600_NeighbourhoodServices_AdministrativeandClerical_FromeCommunityHospital,01/03/2024,0,1,
FromeAdministration21600_NeighbourhoodServices_AdministrativeandClerical_FromeCommunityHospital,01/06/2024,1,1,
FromeAdministration21600_NeighbourhoodServices_AdministrativeandClerical_FromeCommunityHospital,01/07/2024,0,1,
FromeAdministration21600_NeighbourhoodServices_AdministrativeandClerical_FromeCommunityHospital,01/10/2024,1,0,
FromeAdministration21600_NeighbourhoodServices_AdministrativeandClerical_FromeCommunityHospital,01/04/2025,1,0,
FromeAssessmentBeds20102_NeighbourhoodServices_NursingandMidwiferyRegistered_FromeCommunityHospital,01/12/2024,1,0,
FromeHotelServices21602_CorporateSupportServices_EstatesandAncillary_EstatesandFacilities-SFT,01/05/2021,0,1,
FromeHotelServices21602_CorporateSupportServices_EstatesandAncillary_EstatesandFacilities-SFT,01/08/2021,0,1,
FromeHotelServices21602_CorporateSupportServices_EstatesandAncillary_EstatesandFacilities-SFT,01/05/2022,0,3,
FromeHotelServices21602_CorporateSupportServices_EstatesandAncillary_EstatesandFacilities-SFT,01/12/2022,0,1,
FromeHotelServices21602_CorporateSupportServices_EstatesandAncillary_EstatesandFacilities-SFT,01/04/2023,0,1,
FromeHotelServices21602_CorporateSupportServices_EstatesandAncillary_EstatesandFacilities-SFT,01/08/2023,0,1,
FromeHotelServices21602_CorporateSupportServices_EstatesandAncillary_EstatesandFacilities-SFT,01/08/2024,1,0,
FromeHotelServices21602_CorporateSupportServices_EstatesandAncillary_EstatesandFacilities-SFT,01/01/2025,1,1,
FromeMIU20027_NeighbourhoodServices_NursingandMidwiferyRegistered_MinorInjuryDEPT,01/09/2022,0,1,
FromeMIU20027_NeighbourhoodServices_NursingandMidwiferyRegistered_MinorInjuryDEPT,01/11/2022,0,1,
FromeMIU20027_NeighbourhoodServices_NursingandMidwiferyRegistered_MinorInjuryDEPT,01/07/2023,0,1,
FromeMIU20027_NeighbourhoodServices_NursingandMidwiferyRegistered_MinorInjuryDEPT,01/01/2024,0,1,
FromeMIU20027_NeighbourhoodServices_NursingandMidwiferyRegistered_MinorInjuryDEPT,01/04/2024,1,0,
FromeMIU20027_NeighbourhoodServices_NursingandMidwiferyRegistered_MinorInjuryDEPT,01/09/2024,1,0,
FromeOutpatients21405_NeighbourhoodServices_AdditionalClinicalServices_FromeCommunityHospital,01/02/2025,1,0,
FromeOutpatients21405_NeighbourhoodServices_AdditionalClinicalServices_FromeCommunityHospital,01/03/2025,0,1,
FromeWards21603_NeighbourhoodServices_AdditionalClinicalServices_FromeCommunityHospital,01/08/2021,0,1,
FromeWards21603_NeighbourhoodServices_AdditionalClinicalServices_FromeCommunityHospital,01/11/2021,0,3,
FromeWards21603_NeighbourhoodServices_AdditionalClinicalServices_FromeCommunityHospital,01/04/2022,0,1,
FromeWards21603_NeighbourhoodServices_AdditionalClinicalServices_FromeCommunityHospital,01/06/2022,0,1,
FromeWards21603_NeighbourhoodServices_AdditionalClinicalServices_FromeCommunityHospital,01/08/2022,0,1,
FromeWards21603_NeighbourhoodServices_AdditionalClinicalServices_FromeCommunityHospital,01/09/2022,0,1,
FromeWards21603_NeighbourhoodServices_AdditionalClinicalServices_FromeCommunityHospital,01/01/2023,0,1,
FromeWards21603_NeighbourhoodServices_AdditionalClinicalServices_FromeCommunityHospital,01/02/2023,0,1,
FromeWards21603_NeighbourhoodServices_AdditionalClinicalServices_FromeCommunityHospital,01/03/2023,0,1,
FromeWards21603_NeighbourhoodServices_AdditionalClinicalServices_FromeCommunityHospital,01/05/2024,1,0,
FromeWards21603_NeighbourhoodServices_AdditionalClinicalServices_FromeCommunityHospital,01/06/2024,0,2,
FromeWards21603_NeighbourhoodServices_AdditionalClinicalServices_FromeCommunityHospital,01/07/2024,0,1,
FromeWards21603_NeighbourhoodServices_AdditionalClinicalServices_FromeCommunityHospital,01/09/2024,2,0,
FromeWards21603_NeighbourhoodServices_AdministrativeandClerical_FromeCommunityHospital,01/11/2021,0,1,
FromeWards21603_NeighbourhoodServices_AdministrativeandClerical_FromeCommunityHospital,01/04/2025,1,0,
FromeWards21603_NeighbourhoodServices_NursingandMidwiferyRegistered_FromeCommunityHospital,01/11/2021,0,2,
FromeWards21603_NeighbourhoodServices_NursingandMidwiferyRegistered_FromeCommunityHospital,01/12/2021,0,1,
FromeWards21603_NeighbourhoodServices_NursingandMidwiferyRegistered_FromeCommunityHospital,01/10/2023,0,1,
FromeWards21603_NeighbourhoodServices_NursingandMidwiferyRegistered_FromeCommunityHospital,01/02/2024,0,1,
FromeWards21603_NeighbourhoodServices_NursingandMidwiferyRegistered_FromeCommunityHospital,01/07/2024,2,0,
FromeWards21603_NeighbourhoodServices_NursingandMidwiferyRegistered_FromeCommunityHospital,01/08/2024,1,0,
FromeWards21603_NeighbourhoodServices_NursingandMidwiferyRegistered_FromeCommunityHospital,01/12/2024,0,1,
FromeWards21603_NeighbourhoodServices_NursingandMidwiferyRegistered_FromeCommunityHospital,01/02/2025,1,0,
Fundraisers00163_CorporateSupportServices_AdministrativeandClerical_StrategicProjects,01/11/2022,0,2,
Fundraisers00163_CorporateSupportServices_AdministrativeandClerical_StrategicProjects,01/04/2023,0,1,
Fundraisers00163_CorporateSupportServices_AdministrativeandClerical_StrategicProjects,01/04/2025,1,0,
FuturesWorkforce75521_CorporateSupportServices_AddProfScientificandTechnic_Resourcing,01/01/2023,0,1,
FuturesWorkforce75521_CorporateSupportServices_AlliedHealthProfessionals_Resourcing,01/08/2022,0,1,
FuturesWorkforce75521_CorporateSupportServices_AlliedHealthProfessionals_Resourcing,01/05/2024,1,0,
FuturesWorkforce75521_CorporateSupportServices_NursingandMidwiferyRegistered_Resourcing,01/11/2022,0,1,
FuturesWorkforce75521_CorporateSupportServices_NursingandMidwiferyRegistered_Resourcing,01/08/2023,0,1,
FuturesWorkforce75521_CorporateSupportServices_NursingandMidwiferyRegistered_Resourcing,01/07/2024,1,0,
GIMedStf10003_SurgicalServices_AddProfScientificandTechnic_UpperGI,01/11/2022,0,1,
GIMedStf10003_SurgicalServices_MedicalandDental_UpperGI,01/05/2021,0,1,
GIMedStf10003_SurgicalServices_MedicalandDental_UpperGI,01/07/2021,0,5,
GIMedStf10003_SurgicalServices_MedicalandDental_UpperGI,01/08/2021,0,3,
GIMedStf10003_SurgicalServices_MedicalandDental_UpperGI,01/10/2021,0,4,
GIMedStf10003_SurgicalServices_MedicalandDental_UpperGI,01/02/2022,0,2,
GIMedStf10003_SurgicalServices_MedicalandDental_UpperGI,01/07/2022,0,7,
GIMedStf10003_SurgicalServices_MedicalandDental_UpperGI,01/08/2022,0,7,
GIMedStf10003_SurgicalServices_MedicalandDental_UpperGI,01/10/2022,0,4,
GIMedStf10003_SurgicalServices_MedicalandDental_UpperGI,01/07/2023,0,7,
GIMedStf10003_SurgicalServices_MedicalandDental_UpperGI,01/08/2023,0,4,
GIMedStf10003_SurgicalServices_MedicalandDental_UpperGI,01/10/2023,0,6,
GIMedStf10003_SurgicalServices_MedicalandDental_UpperGI,01/07/2024,0,9,
GIMedStf10003_SurgicalServices_MedicalandDental_UpperGI,01/08/2024,0,4,
GIMedStf10003_SurgicalServices_MedicalandDental_UpperGI,01/10/2024,0,3,
GIMedStf10003_SurgicalServices_MedicalandDental_UpperGI,01/03/2025,0,1,
GIMedStf10003_SurgicalServices_MedicalandDental_UpperGI,01/04/2025,0,1,
GPResidentDoctorRot00300_CorporateSupportServices_MedicalandDental_MedicalEducationDirectorofPeople,01/07/2021,0,2,
GPResidentDoctorRot00300_CorporateSupportServices_MedicalandDental_MedicalEducationDirectorofPeople,01/08/2021,0,6,
GPResidentDoctorRot00300_CorporateSupportServices_MedicalandDental_MedicalEducationDirectorofPeople,01/08/2022,0,2,
GPResidentDoctorRot00300_CorporateSupportServices_MedicalandDental_MedicalEducationDirectorofPeople,01/08/2023,0,3,
GPResidentDoctorRot00300_CorporateSupportServices_MedicalandDental_MedicalEducationDirectorofPeople,01/08/2024,0,3,
GastroAdmin13008_SurgicalServices_AdministrativeandClerical_Gastro,01/08/2024,0,1,
GastroAdmin13008_SurgicalServices_AdministrativeandClerical_Gastro,01/11/2024,1,1,
GastroAdmin13008_SurgicalServices_AdministrativeandClerical_Gastro,01/12/2024,2,0,
GastroAdmin13008_SurgicalServices_AdministrativeandClerical_Gastro,01/01/2025,0,1,
GastroAdmin13008_SurgicalServices_AdministrativeandClerical_Gastro,01/02/2025,2,2,
GastroAdmin13008_SurgicalServices_AdministrativeandClerical_Gastro,01/03/2025,0,1,
GastroAdmin13008_SurgicalServices_AdministrativeandClerical_Gastro,01/04/2025,1,0,
GastroMedStaffMPH13001_SurgicalServices_AdministrativeandClerical_Gastro,01/02/2025,0,1,
GastroMedStaffMPH13001_SurgicalServices_MedicalandDental_Gastro,01/07/2021,0,1,
GastroMedStaffMPH13001_SurgicalServices_MedicalandDental_Gastro,01/08/2021,0,2,
GastroMedStaffMPH13001_SurgicalServices_MedicalandDental_Gastro,01/09/2021,0,2,
GastroMedStaffMPH13001_SurgicalServices_MedicalandDental_Gastro,01/12/2021,0,1,
GastroMedStaffMPH13001_SurgicalServices_MedicalandDental_Gastro,01/07/2022,0,1,
GastroMedStaffMPH13001_SurgicalServices_MedicalandDental_Gastro,01/09/2022,0,2,
GastroMedStaffMPH13001_SurgicalServices_MedicalandDental_Gastro,01/10/2022,0,2,
GastroMedStaffMPH13001_SurgicalServices_MedicalandDental_Gastro,01/11/2022,0,1,
GastroMedStaffMPH13001_SurgicalServices_MedicalandDental_Gastro,01/07/2023,0,1,
GastroMedStaffMPH13001_SurgicalServices_MedicalandDental_Gastro,01/08/2023,0,1,
GastroMedStaffMPH13001_SurgicalServices_MedicalandDental_Gastro,01/09/2023,0,4,
GastroMedStaffMPH13001_SurgicalServices_MedicalandDental_Gastro,01/01/2024,0,2,
GastroMedStaffMPH13001_SurgicalServices_MedicalandDental_Gastro,01/02/2024,0,1,
GastroMedStaffMPH13001_SurgicalServices_MedicalandDental_Gastro,01/03/2024,0,1,
GastroMedStaffMPH13001_SurgicalServices_MedicalandDental_Gastro,01/05/2024,0,1,
GastroMedStaffMPH13001_SurgicalServices_MedicalandDental_Gastro,01/07/2024,0,1,
GastroMedStaffMPH13001_SurgicalServices_MedicalandDental_Gastro,01/08/2024,0,1,
GastroMedStaffMPH13001_SurgicalServices_MedicalandDental_Gastro,01/09/2024,1,1,
GastroMedStaffMPH13001_SurgicalServices_NursingandMidwiferyRegistered_Gastro,01/03/2022,0,1,
GastroMedicalStaffYDH76261_SurgicalServices_MedicalandDental_Gastro,01/07/2023,0,1,
GastroMedicalStaffYDH76261_SurgicalServices_MedicalandDental_Gastro,01/03/2024,0,1,
GastroMedicalStaffYDH76261_SurgicalServices_MedicalandDental_Gastro,01/07/2024,0,3,
GastroMedicalStaffYDH76261_SurgicalServices_MedicalandDental_Gastro,01/09/2024,0,1,
GastroMedicalStaffYDH76261_SurgicalServices_MedicalandDental_Gastro,01/12/2024,0,1,
GastroNurseEndo&Cancer76267_SurgicalServices_AdministrativeandClerical_Gastro,01/05/2022,0,1,
GastroNurseEndo&Cancer76267_SurgicalServices_NursingandMidwiferyRegistered_Gastro,01/01/2022,0,1,
GastroNurseEndo&Cancer76267_SurgicalServices_NursingandMidwiferyRegistered_Gastro,01/09/2024,1,0,
GastroNursing13007_SurgicalServices_AddProfScientificandTechnic_Gastro,01/10/2024,1,0,
GastroNursing13007_SurgicalServices_NursingandMidwiferyRegistered_Gastro,01/05/2024,0,1,
GastroNursing13007_SurgicalServices_NursingandMidwiferyRegistered_Gastro,01/07/2024,0,1,
GastroNursing13007_SurgicalServices_NursingandMidwiferyRegistered_Gastro,01/10/2024,0,1,
GeneralSurgery-MedicalStaff75796_SurgicalServices_MedicalandDental_UpperGI,01/07/2021,0,8,
GeneralSurgery-MedicalStaff75796_SurgicalServices_MedicalandDental_UpperGI,01/10/2021,0,2,
GeneralSurgery-MedicalStaff75796_SurgicalServices_MedicalandDental_UpperGI,01/11/2021,0,1,
GeneralSurgery-MedicalStaff75796_SurgicalServices_MedicalandDental_UpperGI,01/03/2022,0,2,
GeneralSurgery-MedicalStaff75796_SurgicalServices_MedicalandDental_UpperGI,01/04/2022,0,1,
GeneralSurgery-MedicalStaff75796_SurgicalServices_MedicalandDental_UpperGI,01/05/2022,0,2,
GeneralSurgery-MedicalStaff75796_SurgicalServices_MedicalandDental_UpperGI,01/07/2022,0,7,
GeneralSurgery-MedicalStaff75796_SurgicalServices_MedicalandDental_UpperGI,01/08/2022,0,1,
GeneralSurgery-MedicalStaff75796_SurgicalServices_MedicalandDental_UpperGI,01/10/2022,0,1,
GeneralSurgery-MedicalStaff75796_SurgicalServices_MedicalandDental_UpperGI,01/03/2023,0,1,
GeneralSurgery-MedicalStaff75796_SurgicalServices_MedicalandDental_UpperGI,01/07/2023,0,11,
GeneralSurgery-MedicalStaff75796_SurgicalServices_MedicalandDental_UpperGI,01/09/2023,0,1,
GeneralSurgery-MedicalStaff75796_SurgicalServices_MedicalandDental_UpperGI,01/10/2023,0,3,
GeneralSurgery-MedicalStaff75796_SurgicalServices_MedicalandDental_UpperGI,01/07/2024,0,12,
GeneralSurgery-MedicalStaff75796_SurgicalServices_MedicalandDental_UpperGI,01/09/2024,1,0,
GeneralSurgery-MedicalStaff75796_SurgicalServices_MedicalandDental_UpperGI,01/10/2024,0,1,
GeneralSurgery-MedicalStaff75796_SurgicalServices_MedicalandDental_UpperGI,01/11/2024,3,0,
GeneralSurgery-MedicalStaff75796_SurgicalServices_MedicalandDental_UpperGI,01/01/2025,0,2,
GeneralSurgery-MedicalStaff75796_SurgicalServices_MedicalandDental_UpperGI,01/02/2025,0,1,
GeneralTheatres17014_SurgicalServices_AdditionalClinicalServices_Theatres&DSC,01/08/2021,0,1,
GeneralTheatres17014_SurgicalServices_AdditionalClinicalServices_Theatres&DSC,01/09/2021,0,1,
GeneralTheatres17014_SurgicalServices_AdditionalClinicalServices_Theatres&DSC,01/10/2021,0,1,
GeneralTheatres17014_SurgicalServices_AdditionalClinicalServices_Theatres&DSC,01/01/2022,0,3,
GeneralTheatres17014_SurgicalServices_AdditionalClinicalServices_Theatres&DSC,01/02/2022,0,1,
GeneralTheatres17014_SurgicalServices_AdditionalClinicalServices_Theatres&DSC,01/05/2022,0,2,
GeneralTheatres17014_SurgicalServices_AdditionalClinicalServices_Theatres&DSC,01/06/2022,0,1,
GeneralTheatres17014_SurgicalServices_AdditionalClinicalServices_Theatres&DSC,01/07/2022,0,2,
GeneralTheatres17014_SurgicalServices_AdditionalClinicalServices_Theatres&DSC,01/09/2022,0,3,
GeneralTheatres17014_SurgicalServices_AdditionalClinicalServices_Theatres&DSC,01/10/2022,0,2,
GeneralTheatres17014_SurgicalServices_AdditionalClinicalServices_Theatres&DSC,01/11/2022,0,2,
GeneralTheatres17014_SurgicalServices_AdditionalClinicalServices_Theatres&DSC,01/12/2022,0,1,
GeneralTheatres17014_SurgicalServices_AdditionalClinicalServices_Theatres&DSC,01/02/2023,0,2,
GeneralTheatres17014_SurgicalServices_AdditionalClinicalServices_Theatres&DSC,01/04/2023,0,1,
GeneralTheatres17014_SurgicalServices_AdditionalClinicalServices_Theatres&DSC,01/05/2023,0,1,
GeneralTheatres17014_SurgicalServices_AdditionalClinicalServices_Theatres&DSC,01/09/2023,0,1,
GeneralTheatres17014_SurgicalServices_AdditionalClinicalServices_Theatres&DSC,01/11/2023,0,1,
GeneralTheatres17014_SurgicalServices_AdditionalClinicalServices_Theatres&DSC,01/04/2024,0,1,
GeneralTheatres17014_SurgicalServices_AdditionalClinicalServices_Theatres&DSC,01/05/2024,2,1,
GeneralTheatres17014_SurgicalServices_AdditionalClinicalServices_Theatres&DSC,01/06/2024,2,1,
GeneralTheatres17014_SurgicalServices_AdditionalClinicalServices_Theatres&DSC,01/11/2024,0,2,
GeneralTheatres17014_SurgicalServices_AdditionalClinicalServices_Theatres&DSC,01/01/2025,1,0,
GeneralTheatres17014_SurgicalServices_AlliedHealthProfessionals_Theatres&DSC,01/09/2024,1,0,
GeneralTheatres17014_SurgicalServices_AlliedHealthProfessionals_Theatres&DSC,01/01/2025,1,1,
GeneralTheatres17014_SurgicalServices_AlliedHealthProfessionals_Theatres&DSC,01/02/2025,0,1,
GeneralTheatres17014_SurgicalServices_AlliedHealthProfessionals_Theatres&DSC,01/03/2025,1,0,
GeneralTheatres17014_SurgicalServices_EstatesandAncillary_Theatres&DSC,01/09/2022,0,1,
GeneralTheatres17014_SurgicalServices_EstatesandAncillary_Theatres&DSC,01/10/2022,0,1,
GeneralTheatres17014_SurgicalServices_EstatesandAncillary_Theatres&DSC,01/02/2023,0,1,
GeneralTheatres17014_SurgicalServices_EstatesandAncillary_Theatres&DSC,01/04/2023,0,2,
GeneralTheatres17014_SurgicalServices_EstatesandAncillary_Theatres&DSC,01/05/2024,1,0,
GeneralTheatres17014_SurgicalServices_NursingandMidwiferyRegistered_Theatres&DSC,01/11/2023,0,1,
GeneralTheatres17014_SurgicalServices_NursingandMidwiferyRegistered_Theatres&DSC,01/01/2024,0,1,
GeneralTheatres17014_SurgicalServices_NursingandMidwiferyRegistered_Theatres&DSC,01/05/2024,1,0,
GeneralTheatres17014_SurgicalServices_NursingandMidwiferyRegistered_Theatres&DSC,01/07/2024,2,0,
GeneralTheatres17014_SurgicalServices_NursingandMidwiferyRegistered_Theatres&DSC,01/09/2024,2,0,
GeneralTheatres17014_SurgicalServices_NursingandMidwiferyRegistered_Theatres&DSC,01/12/2024,0,1,
GeneralTheatres17014_SurgicalServices_NursingandMidwiferyRegistered_Theatres&DSC,01/03/2025,3,2,
GeneralTrustFundY83801_CorporateSupportServices_AdministrativeandClerical_DonatedDebtorsDEPT,01/01/2022,0,1,
GeneralTrustFundY83801_CorporateSupportServices_AdministrativeandClerical_DonatedDebtorsDEPT,01/02/2022,0,1,
GeneralTrustFundY83801_CorporateSupportServices_AdministrativeandClerical_DonatedDebtorsDEPT,01/07/2023,0,1,
GeneralTrustFundY83801_CorporateSupportServices_AdministrativeandClerical_DonatedDebtorsDEPT,01/07/2024,1,0,
GouldWard1518004_SurgicalServices_AdditionalClinicalServices_T&O,01/05/2021,0,1,
GouldWard1518004_SurgicalServices_AdditionalClinicalServices_T&O,01/06/2021,0,2,
GouldWard1518004_SurgicalServices_AdditionalClinicalServices_T&O,01/08/2021,0,1,
GouldWard1518004_SurgicalServices_AdditionalClinicalServices_T&O,01/10/2021,0,1,
GouldWard1518004_SurgicalServices_AdditionalClinicalServices_T&O,01/05/2022,0,2,
GouldWard1518004_SurgicalServices_AdditionalClinicalServices_T&O,01/08/2022,0,1,
GouldWard1518004_SurgicalServices_AdditionalClinicalServices_T&O,01/09/2022,0,2,
GouldWard1518004_SurgicalServices_AdditionalClinicalServices_T&O,01/06/2023,0,3,
GouldWard1518004_SurgicalServices_AdditionalClinicalServices_T&O,01/08/2023,0,1,
GouldWard1518004_SurgicalServices_AdditionalClinicalServices_T&O,01/09/2023,0,2,
GouldWard1518004_SurgicalServices_AdditionalClinicalServices_T&O,01/11/2023,0,2,
GouldWard1518004_SurgicalServices_AdditionalClinicalServices_T&O,01/01/2024,0,2,
GouldWard1518004_SurgicalServices_AdditionalClinicalServices_T&O,01/03/2024,0,1,
GouldWard1518004_SurgicalServices_AdditionalClinicalServices_T&O,01/04/2024,1,2,
GouldWard1518004_SurgicalServices_AdditionalClinicalServices_T&O,01/06/2024,1,0,
GouldWard1518004_SurgicalServices_AdditionalClinicalServices_T&O,01/09/2024,0,1,
GouldWard1518004_SurgicalServices_AdditionalClinicalServices_T&O,01/04/2025,1,0,
GouldWard1518004_SurgicalServices_EstatesandAncillary_T&O,01/10/2022,0,1,
GouldWard1518004_SurgicalServices_NursingandMidwiferyRegistered_T&O,01/06/2023,0,1,
GouldWard1518004_SurgicalServices_NursingandMidwiferyRegistered_T&O,01/06/2024,1,0,
GouldWard1518004_SurgicalServices_NursingandMidwiferyRegistered_T&O,01/10/2024,0,1,
GouldWard1518004_SurgicalServices_NursingandMidwiferyRegistered_T&O,01/01/2025,0,1,
GovernanceSupportTeam00404_CorporateSupportServices_AdministrativeandClerical_DirofQuality&Involvement,01/07/2023,0,1,
GovernanceSupportTeam00404_CorporateSupportServices_AdministrativeandClerical_DirofQuality&Involvement,01/08/2024,2,1,
GovernanceSupportTeam00404_CorporateSupportServices_AdministrativeandClerical_DirofQuality&Involvement,01/09/2024,0,2,
GovernanceSupportTeam00404_CorporateSupportServices_AdministrativeandClerical_DirofQuality&Involvement,01/11/2024,1,0,
GovernanceSupportTeam00404_CorporateSupportServices_AdministrativeandClerical_DirofQuality&Involvement,01/12/2024,1,0,
GovernanceSupportTeam00404_CorporateSupportServices_AdministrativeandClerical_DirofQuality&Involvement,01/01/2025,1,0,
GovernanceSupportTeam00404_CorporateSupportServices_AdministrativeandClerical_DirofQuality&Involvement,01/03/2025,1,0,
GraceColposcopy43070_CYP&FamiliesServices_AdministrativeandClerical_Women'sServices,01/10/2022,0,1,
GraceColposcopy43070_CYP&FamiliesServices_AdministrativeandClerical_Women'sServices,01/07/2023,0,1,
GraceColposcopy43070_CYP&FamiliesServices_NursingandMidwiferyRegistered_Women'sServices,01/10/2021,0,1,
GraceColposcopy43070_CYP&FamiliesServices_NursingandMidwiferyRegistered_Women'sServices,01/11/2021,0,1,
GraceColposcopy43070_CYP&FamiliesServices_NursingandMidwiferyRegistered_Women'sServices,01/12/2023,0,1,
GraceColposcopy43070_CYP&FamiliesServices_NursingandMidwiferyRegistered_Women'sServices,01/01/2024,0,1,
GraceColposcopy43070_CYP&FamiliesServices_NursingandMidwiferyRegistered_Women'sServices,01/04/2025,1,0,
GynaeNurseOPD75735_CYP&FamiliesServices_NursingandMidwiferyRegistered_Women'sServices,01/01/2022,0,1,
GynaeOncologyMedicalStaff43080_CYP&FamiliesServices_AdditionalClinicalServices_MedicalAcute,01/11/2024,2,0,
GynaeOncologyMedicalStaff43080_CYP&FamiliesServices_MedicalandDental_MedicalAcute,01/09/2022,0,1,
GynaeOncologyMedicalStaff43080_CYP&FamiliesServices_MedicalandDental_MedicalAcute,01/08/2023,0,1,
GynaeOncologyMedicalStaff43080_CYP&FamiliesServices_MedicalandDental_MedicalAcute,01/09/2023,0,2,
GynaeOncologyMedicalStaff43080_CYP&FamiliesServices_MedicalandDental_MedicalAcute,01/04/2024,1,0,
GynaeSpecialistServices75733_CYP&FamiliesServices_NursingandMidwiferyRegistered_Women'sServices,01/01/2022,0,1,
GynaeSpecialistServices75733_CYP&FamiliesServices_NursingandMidwiferyRegistered_Women'sServices,01/03/2024,0,1,
GynaecologyMedicalStaff75731_CYP&FamiliesServices_MedicalandDental_MedicalAcute,01/08/2021,0,4,
GynaecologyMedicalStaff75731_CYP&FamiliesServices_MedicalandDental_MedicalAcute,01/09/2021,0,1,
GynaecologyMedicalStaff75731_CYP&FamiliesServices_MedicalandDental_MedicalAcute,01/01/2022,0,1,
GynaecologyMedicalStaff75731_CYP&FamiliesServices_MedicalandDental_MedicalAcute,01/02/2022,0,2,
GynaecologyMedicalStaff75731_CYP&FamiliesServices_MedicalandDental_MedicalAcute,01/04/2022,0,1,
GynaecologyMedicalStaff75731_CYP&FamiliesServices_MedicalandDental_MedicalAcute,01/05/2022,0,1,
GynaecologyMedicalStaff75731_CYP&FamiliesServices_MedicalandDental_MedicalAcute,01/08/2022,0,2,
GynaecologyMedicalStaff75731_CYP&FamiliesServices_MedicalandDental_MedicalAcute,01/09/2022,0,1,
GynaecologyMedicalStaff75731_CYP&FamiliesServices_MedicalandDental_MedicalAcute,01/10/2022,0,1,
GynaecologyMedicalStaff75731_CYP&FamiliesServices_MedicalandDental_MedicalAcute,01/12/2022,0,1,
GynaecologyMedicalStaff75731_CYP&FamiliesServices_MedicalandDental_MedicalAcute,01/01/2023,0,1,
GynaecologyMedicalStaff75731_CYP&FamiliesServices_MedicalandDental_MedicalAcute,01/02/2023,0,1,
GynaecologyMedicalStaff75731_CYP&FamiliesServices_MedicalandDental_MedicalAcute,01/05/2023,0,1,
GynaecologyMedicalStaff75731_CYP&FamiliesServices_MedicalandDental_MedicalAcute,01/06/2023,0,1,
GynaecologyMedicalStaff75731_CYP&FamiliesServices_MedicalandDental_MedicalAcute,01/08/2023,0,2,
GynaecologyMedicalStaff75731_CYP&FamiliesServices_MedicalandDental_MedicalAcute,01/10/2023,0,2,
GynaecologyMedicalStaff75731_CYP&FamiliesServices_MedicalandDental_MedicalAcute,01/01/2024,0,1,
GynaecologyMedicalStaff75731_CYP&FamiliesServices_MedicalandDental_MedicalAcute,01/02/2024,0,1,
GynaecologyMedicalStaff75731_CYP&FamiliesServices_MedicalandDental_MedicalAcute,01/03/2024,0,1,
GynaecologyMedicalStaff75731_CYP&FamiliesServices_MedicalandDental_MedicalAcute,01/04/2024,0,1,
GynaecologyMedicalStaff75731_CYP&FamiliesServices_MedicalandDental_MedicalAcute,01/05/2024,0,1,
GynaecologyMedicalStaff75731_CYP&FamiliesServices_MedicalandDental_MedicalAcute,01/07/2024,1,0,
GynaecologyMedicalStaff75731_CYP&FamiliesServices_MedicalandDental_MedicalAcute,01/08/2024,1,2,
GynaecologyMedicalStaff75731_CYP&FamiliesServices_MedicalandDental_MedicalAcute,01/10/2024,1,1,
GynaecologyMedicalStaff75731_CYP&FamiliesServices_MedicalandDental_MedicalAcute,01/01/2025,1,1,
GynaecologyMedicalStaff75731_CYP&FamiliesServices_MedicalandDental_MedicalAcute,01/02/2025,0,2,
GynaecologyMedicalStaff75731_CYP&FamiliesServices_MedicalandDental_MedicalAcute,01/04/2025,0,1,
HRAdvisor02060_CorporateSupportServices_AdministrativeandClerical_Experience&Learning,01/05/2023,0,1,
HRAdvisor02060_CorporateSupportServices_AdministrativeandClerical_Experience&Learning,01/06/2023,0,1,
HRAdvisor02060_CorporateSupportServices_AdministrativeandClerical_Experience&Learning,01/08/2023,0,1,
HRAdvisor02060_CorporateSupportServices_AdministrativeandClerical_Experience&Learning,01/05/2024,1,0,
HRAdvisor02060_CorporateSupportServices_AdministrativeandClerical_Experience&Learning,01/06/2024,1,0,
HRAdvisor02060_CorporateSupportServices_AdministrativeandClerical_Experience&Learning,01/07/2024,1,0,
HRAdvisor02060_CorporateSupportServices_AdministrativeandClerical_Experience&Learning,01/08/2024,0,1,
HRAdvisor02060_CorporateSupportServices_AdministrativeandClerical_Experience&Learning,01/09/2024,0,1,
HRManagement75417_CorporateSupportServices_AdministrativeandClerical_DeputyCPO,01/09/2021,0,1,
HRManagement75417_CorporateSupportServices_AdministrativeandClerical_DeputyCPO,01/11/2024,1,0,
HRServices75418_CorporateSupportServices_AdministrativeandClerical_DeputyCPO,01/11/2021,0,1,
HRServices75418_CorporateSupportServices_AdministrativeandClerical_DeputyCPO,01/01/2022,0,2,
HRServices75418_CorporateSupportServices_AdministrativeandClerical_DeputyCPO,01/03/2022,0,1,
HRServices75418_CorporateSupportServices_AdministrativeandClerical_DeputyCPO,01/03/2023,0,1,
HaematologyMedStaff33000_ClinicalSupportandCancerServices_AddProfScientificandTechnic_Haematology,01/09/2022,0,1,
HaematologyMedStaff33000_ClinicalSupportandCancerServices_AdministrativeandClerical_Haematology,01/08/2021,0,1,
HaematologyMedStaff33000_ClinicalSupportandCancerServices_AdministrativeandClerical_Haematology,01/05/2022,0,1,
HaematologyMedStaff33000_ClinicalSupportandCancerServices_AdministrativeandClerical_Haematology,01/10/2023,0,1,
HaematologyMedStaff33000_ClinicalSupportandCancerServices_MedicalandDental_Haematology,01/05/2022,0,1,
HaematologyMedStaff33000_ClinicalSupportandCancerServices_MedicalandDental_Haematology,01/08/2022,0,2,
HaematologyMedStaff33000_ClinicalSupportandCancerServices_MedicalandDental_Haematology,01/01/2023,0,2,
HaematologyMedStaff33000_ClinicalSupportandCancerServices_MedicalandDental_Haematology,01/02/2023,0,1,
HaematologyMedStaff33000_ClinicalSupportandCancerServices_MedicalandDental_Haematology,01/03/2023,0,1,
HaematologyMedStaff33000_ClinicalSupportandCancerServices_MedicalandDental_Haematology,01/08/2023,0,1,
HaematologyMedStaff33000_ClinicalSupportandCancerServices_MedicalandDental_Haematology,01/02/2024,0,1,
HaematologyMedStaff33000_ClinicalSupportandCancerServices_MedicalandDental_Haematology,01/08/2024,0,3,
Head&NeckSecs12001_SurgicalServices_AdministrativeandClerical_Head&Neck,01/06/2021,0,3,
Head&NeckSecs12001_SurgicalServices_AdministrativeandClerical_Head&Neck,01/07/2021,0,1,
Head&NeckSecs12001_SurgicalServices_AdministrativeandClerical_Head&Neck,01/10/2021,0,1,
Head&NeckSecs12001_SurgicalServices_AdministrativeandClerical_Head&Neck,01/01/2022,0,1,
Head&NeckSecs12001_SurgicalServices_AdministrativeandClerical_Head&Neck,01/02/2022,0,1,
Head&NeckSecs12001_SurgicalServices_AdministrativeandClerical_Head&Neck,01/04/2022,0,2,
Head&NeckSecs12001_SurgicalServices_AdministrativeandClerical_Head&Neck,01/06/2022,0,1,
Head&NeckSecs12001_SurgicalServices_AdministrativeandClerical_Head&Neck,01/09/2022,0,2,
Head&NeckSecs12001_SurgicalServices_AdministrativeandClerical_Head&Neck,01/06/2023,0,2,
Head&NeckSecs12001_SurgicalServices_AdministrativeandClerical_Head&Neck,01/08/2023,0,1,
Head&NeckSecs12001_SurgicalServices_AdministrativeandClerical_Head&Neck,01/11/2023,0,2,
Head&NeckSecs12001_SurgicalServices_AdministrativeandClerical_Head&Neck,01/01/2024,0,1,
Head&NeckSecs12001_SurgicalServices_AdministrativeandClerical_Head&Neck,01/03/2024,0,1,
Head&NeckSecs12001_SurgicalServices_AdministrativeandClerical_Head&Neck,01/04/2024,1,1,
Head&NeckSecs12001_SurgicalServices_AdministrativeandClerical_Head&Neck,01/05/2024,0,1,
Head&NeckSecs12001_SurgicalServices_AdministrativeandClerical_Head&Neck,01/07/2024,3,1,
Head&NeckSecs12001_SurgicalServices_AdministrativeandClerical_Head&Neck,01/10/2024,0,1,
Head&NeckSecs12001_SurgicalServices_AdministrativeandClerical_Head&Neck,01/11/2024,1,1,
Head&NeckSecs12001_SurgicalServices_AdministrativeandClerical_Head&Neck,01/01/2025,0,1,
Head&NeckSecs12001_SurgicalServices_AdministrativeandClerical_Head&Neck,01/02/2025,0,1,
Head&NeckSecs12001_SurgicalServices_AdministrativeandClerical_Head&Neck,01/03/2025,1,0,
Head&NeckSecs12001_SurgicalServices_AdministrativeandClerical_Head&Neck,01/04/2025,0,1,
Health&SafetyS75349_SSLCorporate_EstatesandAncillary_SSLFacilitiesManagementLevel5,01/06/2024,0,1,
HestercombeNorth13004_SurgicalServices_AdditionalClinicalServices_Gastro,01/08/2021,0,1,
HestercombeNorth13004_SurgicalServices_AdditionalClinicalServices_Gastro,01/10/2021,0,1,
HestercombeNorth13004_SurgicalServices_AdditionalClinicalServices_Gastro,01/11/2021,0,2,
HestercombeNorth13004_SurgicalServices_AdditionalClinicalServices_Gastro,01/12/2021,0,1,
HestercombeNorth13004_SurgicalServices_AdditionalClinicalServices_Gastro,01/01/2022,0,1,
HestercombeNorth13004_SurgicalServices_AdditionalClinicalServices_Gastro,01/02/2022,0,2,
HestercombeNorth13004_SurgicalServices_AdditionalClinicalServices_Gastro,01/03/2022,0,1,
HestercombeNorth13004_SurgicalServices_AdditionalClinicalServices_Gastro,01/05/2022,0,2,
HestercombeNorth13004_SurgicalServices_AdditionalClinicalServices_Gastro,01/06/2022,0,2,
HestercombeNorth13004_SurgicalServices_AdditionalClinicalServices_Gastro,01/09/2022,0,2,
HestercombeNorth13004_SurgicalServices_AdditionalClinicalServices_Gastro,01/10/2022,0,1,
HestercombeNorth13004_SurgicalServices_AdditionalClinicalServices_Gastro,01/05/2023,0,1,
HestercombeNorth13004_SurgicalServices_AdditionalClinicalServices_Gastro,01/06/2023,0,2,
HestercombeNorth13004_SurgicalServices_AdditionalClinicalServices_Gastro,01/07/2023,0,1,
HestercombeNorth13004_SurgicalServices_AdditionalClinicalServices_Gastro,01/08/2023,0,1,
HestercombeNorth13004_SurgicalServices_AdditionalClinicalServices_Gastro,01/10/2023,0,1,
HestercombeNorth13004_SurgicalServices_AdditionalClinicalServices_Gastro,01/02/2024,0,1,
HestercombeNorth13004_SurgicalServices_AdditionalClinicalServices_Gastro,01/07/2024,1,0,
HestercombeNorth13004_SurgicalServices_AdditionalClinicalServices_Gastro,01/10/2024,1,0,
HestercombeNorth13004_SurgicalServices_AdditionalClinicalServices_Gastro,01/02/2025,0,1,
HestercombeNorth13004_SurgicalServices_AdditionalClinicalServices_Gastro,01/03/2025,1,1,
HestercombeNorth13004_SurgicalServices_AdditionalClinicalServices_Gastro,01/04/2025,1,2,
HestercombeNorth13004_SurgicalServices_AdministrativeandClerical_Gastro,01/06/2021,0,1,
HestercombeNorth13004_SurgicalServices_AdministrativeandClerical_Gastro,01/05/2022,0,1,
HestercombeNorth13004_SurgicalServices_NursingandMidwiferyRegistered_Gastro,01/08/2024,0,1,
HestercombeNorth13004_SurgicalServices_NursingandMidwiferyRegistered_Gastro,01/10/2024,2,0,
HestercombeNorth13004_SurgicalServices_NursingandMidwiferyRegistered_Gastro,01/04/2025,1,0,
HestercombeSouthWest18007_SurgicalServices_AdditionalClinicalServices_T&O,01/10/2021,0,2,
HestercombeSouthWest18007_SurgicalServices_AdditionalClinicalServices_T&O,01/11/2021,0,3,
HestercombeSouthWest18007_SurgicalServices_AdditionalClinicalServices_T&O,01/01/2022,0,4,
HestercombeSouthWest18007_SurgicalServices_AdditionalClinicalServices_T&O,01/03/2022,0,1,
HestercombeSouthWest18007_SurgicalServices_AdditionalClinicalServices_T&O,01/04/2022,0,1,
HestercombeSouthWest18007_SurgicalServices_AdditionalClinicalServices_T&O,01/05/2022,0,3,
HestercombeSouthWest18007_SurgicalServices_AdditionalClinicalServices_T&O,01/06/2022,0,1,
HestercombeSouthWest18007_SurgicalServices_AdditionalClinicalServices_T&O,01/09/2022,0,2,
HestercombeSouthWest18007_SurgicalServices_AdditionalClinicalServices_T&O,01/10/2022,0,1,
HestercombeSouthWest18007_SurgicalServices_AdditionalClinicalServices_T&O,01/12/2022,0,1,
HestercombeSouthWest18007_SurgicalServices_AdditionalClinicalServices_T&O,01/01/2023,0,2,
HestercombeSouthWest18007_SurgicalServices_AdditionalClinicalServices_T&O,01/05/2023,0,4,
HestercombeSouthWest18007_SurgicalServices_AdditionalClinicalServices_T&O,01/07/2023,0,2,
HestercombeSouthWest18007_SurgicalServices_AdditionalClinicalServices_T&O,01/08/2023,0,1,
HestercombeSouthWest18007_SurgicalServices_AdditionalClinicalServices_T&O,01/02/2024,0,1,
HestercombeSouthWest18007_SurgicalServices_AdditionalClinicalServices_T&O,01/03/2024,0,1,
HestercombeSouthWest18007_SurgicalServices_AdditionalClinicalServices_T&O,01/09/2024,0,1,
HestercombeSouthWest18007_SurgicalServices_AdditionalClinicalServices_T&O,01/11/2024,2,1,
HestercombeSouthWest18007_SurgicalServices_AdditionalClinicalServices_T&O,01/02/2025,0,3,
HestercombeSouthWest18007_SurgicalServices_AdministrativeandClerical_T&O,01/01/2022,0,1,
HestercombeSouthWest18007_SurgicalServices_AdministrativeandClerical_T&O,01/09/2024,1,1,
HestercombeSouthWest18007_SurgicalServices_NursingandMidwiferyRegistered_T&O,01/09/2021,0,1,
HestercombeSouthWest18007_SurgicalServices_NursingandMidwiferyRegistered_T&O,01/10/2022,0,1,
HestercombeSouthWest18007_SurgicalServices_NursingandMidwiferyRegistered_T&O,01/03/2023,0,1,
HestercombeSouthWest18007_SurgicalServices_NursingandMidwiferyRegistered_T&O,01/07/2024,1,0,
HestercombeSouthWest18007_SurgicalServices_NursingandMidwiferyRegistered_T&O,01/08/2024,1,0,
HestercombeSouthWest18007_SurgicalServices_NursingandMidwiferyRegistered_T&O,01/11/2024,1,0,
HistologyMedicalStaff76312_ClinicalSupportandCancerServices_MedicalandDental_Pathology,01/09/2022,0,1,
HolfordWardTeam50170_MentalHealthandLearningDisabilities_AdditionalClinicalServices_InpatientsDEPT,01/01/2022,0,1,
HolfordWardTeam50170_MentalHealthandLearningDisabilities_AdditionalClinicalServices_InpatientsDEPT,01/08/2022,0,2,
HolfordWardTeam50170_MentalHealthandLearningDisabilities_AdditionalClinicalServices_InpatientsDEPT,01/10/2022,0,1,
HolfordWardTeam50170_MentalHealthandLearningDisabilities_AdditionalClinicalServices_InpatientsDEPT,01/01/2023,0,1,
HolfordWardTeam50170_MentalHealthandLearningDisabilities_AdditionalClinicalServices_InpatientsDEPT,01/05/2023,0,1,
HolfordWardTeam50170_MentalHealthandLearningDisabilities_AdditionalClinicalServices_InpatientsDEPT,01/04/2024,1,1,
HolfordWardTeam50170_MentalHealthandLearningDisabilities_AdditionalClinicalServices_InpatientsDEPT,01/05/2024,1,0,
HolfordWardTeam50170_MentalHealthandLearningDisabilities_AdditionalClinicalServices_InpatientsDEPT,01/10/2024,1,1,
HolfordWardTeam50170_MentalHealthandLearningDisabilities_AdministrativeandClerical_InpatientsDEPT,01/01/2025,1,0,
HolfordWardTeam50170_MentalHealthandLearningDisabilities_AdministrativeandClerical_InpatientsDEPT,01/02/2025,0,1,
HolfordWardTeam50170_MentalHealthandLearningDisabilities_AlliedHealthProfessionals_InpatientsDEPT,01/08/2024,0,1,
HolfordWardTeam50170_MentalHealthandLearningDisabilities_NursingandMidwiferyRegistered_InpatientsDEPT,01/03/2023,0,2,
HolfordWardTeam50170_MentalHealthandLearningDisabilities_NursingandMidwiferyRegistered_InpatientsDEPT,01/09/2023,0,2,
HolfordWardTeam50170_MentalHealthandLearningDisabilities_NursingandMidwiferyRegistered_InpatientsDEPT,01/04/2024,0,1,
HolfordWardTeam50170_MentalHealthandLearningDisabilities_NursingandMidwiferyRegistered_InpatientsDEPT,01/05/2024,1,0,
HollyCourtAdminTeam51281_MentalHealthandLearningDisabilities_AdministrativeandClerical_CMHSEast,01/09/2021,0,1,
HollyCourtAdminTeam51281_MentalHealthandLearningDisabilities_AdministrativeandClerical_CMHSEast,01/11/2022,0,1,
HollyCourtAdminTeam51281_MentalHealthandLearningDisabilities_AdministrativeandClerical_CMHSEast,01/01/2023,0,1,
HollyCourtAdminTeam51281_MentalHealthandLearningDisabilities_AdministrativeandClerical_CMHSEast,01/03/2023,0,1,
HollyCourtAdminTeam51281_MentalHealthandLearningDisabilities_AdministrativeandClerical_CMHSEast,01/06/2023,0,1,
HollyCourtAdminTeam51281_MentalHealthandLearningDisabilities_AdministrativeandClerical_CMHSEast,01/07/2023,0,1,
HollyCourtAdminTeam51281_MentalHealthandLearningDisabilities_AdministrativeandClerical_CMHSEast,01/10/2023,0,1,
HollyCourtAdminTeam51281_MentalHealthandLearningDisabilities_AdministrativeandClerical_CMHSEast,01/03/2024,0,1,
HollyCourtAdminTeam51281_MentalHealthandLearningDisabilities_AdministrativeandClerical_CMHSEast,01/04/2024,0,1,
HollyCourtAdminTeam51281_MentalHealthandLearningDisabilities_AdministrativeandClerical_CMHSEast,01/07/2024,1,0,
HollyCourtAdminTeam51281_MentalHealthandLearningDisabilities_AdministrativeandClerical_CMHSEast,01/10/2024,0,1,
HomeCare65805_NeighbourhoodServices_AdditionalClinicalServices_IntermediateCareDEPT,01/09/2021,0,2,
HomeCare65805_NeighbourhoodServices_AdditionalClinicalServices_IntermediateCareDEPT,01/10/2021,0,8,
HomeCare65805_NeighbourhoodServices_AdditionalClinicalServices_IntermediateCareDEPT,01/11/2021,0,3,
HomeCare65805_NeighbourhoodServices_AdditionalClinicalServices_IntermediateCareDEPT,01/09/2022,0,1,
HomeFirst76325_NeighbourhoodServices_NursingandMidwiferyRegistered_IntermediateCareDEPT,01/08/2021,0,1,
HomecareCentral42030_CYP&FamiliesServices_AdditionalClinicalServices_CommunityPaediatrics,01/05/2021,0,1,
HomecareCentral42030_CYP&FamiliesServices_AdditionalClinicalServices_CommunityPaediatrics,01/06/2021,0,1,
HomecareCentral42030_CYP&FamiliesServices_AdditionalClinicalServices_CommunityPaediatrics,01/11/2021,0,1,
HomecareCentral42030_CYP&FamiliesServices_AdditionalClinicalServices_CommunityPaediatrics,01/01/2022,0,1,
HomecareCentral42030_CYP&FamiliesServices_AdditionalClinicalServices_CommunityPaediatrics,01/04/2022,0,2,
HomecareCentral42030_CYP&FamiliesServices_AdditionalClinicalServices_CommunityPaediatrics,01/05/2022,0,2,
HomecareCentral42030_CYP&FamiliesServices_AdditionalClinicalServices_CommunityPaediatrics,01/07/2022,0,1,
HomecareCentral42030_CYP&FamiliesServices_AdditionalClinicalServices_CommunityPaediatrics,01/10/2022,0,1,
HomecareCentral42030_CYP&FamiliesServices_AdditionalClinicalServices_CommunityPaediatrics,01/04/2023,0,1,
HomecareCentral42030_CYP&FamiliesServices_AdditionalClinicalServices_CommunityPaediatrics,01/07/2023,0,2,
HomecareCentral42030_CYP&FamiliesServices_AdditionalClinicalServices_CommunityPaediatrics,01/01/2024,0,1,
HomecareCentral42030_CYP&FamiliesServices_AdditionalClinicalServices_CommunityPaediatrics,01/02/2024,0,1,
HomecareCentral42030_CYP&FamiliesServices_AdditionalClinicalServices_CommunityPaediatrics,01/05/2024,0,1,
HomecareCentral42030_CYP&FamiliesServices_AdditionalClinicalServices_CommunityPaediatrics,01/07/2024,1,0,
HomecareCentral42030_CYP&FamiliesServices_AdditionalClinicalServices_CommunityPaediatrics,01/08/2024,1,0,
HomecareCentral42030_CYP&FamiliesServices_AdditionalClinicalServices_CommunityPaediatrics,01/10/2024,1,2,
HomecareCentral42030_CYP&FamiliesServices_AdditionalClinicalServices_CommunityPaediatrics,01/11/2024,1,0,
HomecareCentral42030_CYP&FamiliesServices_AdditionalClinicalServices_CommunityPaediatrics,01/12/2024,1,1,
HomecareCentral42030_CYP&FamiliesServices_AdditionalClinicalServices_CommunityPaediatrics,01/03/2025,2,1,
HomefirstTherapists75843_ClinicalSupportandCancerServices_AdditionalClinicalServices_TherapiesDEPT,01/09/2022,0,1,
HomefirstTherapists75843_ClinicalSupportandCancerServices_AdditionalClinicalServices_TherapiesDEPT,01/01/2023,0,1,
HomefirstTherapists75843_ClinicalSupportandCancerServices_AlliedHealthProfessionals_TherapiesDEPT,01/09/2023,0,1,
HomefirstTherapists75843_ClinicalSupportandCancerServices_AlliedHealthProfessionals_TherapiesDEPT,01/10/2023,0,1,
Homeless/RoughSleeperTeam00221_NeighbourhoodServices_AdditionalClinicalServices_IntTeamTaunton&WestSom,01/01/2022,0,1,
Homeless/RoughSleeperTeam00221_NeighbourhoodServices_AdditionalClinicalServices_IntTeamTaunton&WestSom,01/05/2022,0,2,
Homeless/RoughSleeperTeam00221_NeighbourhoodServices_AdditionalClinicalServices_IntTeamTaunton&WestSom,01/04/2023,0,1,
Homeless/RoughSleeperTeam00221_NeighbourhoodServices_AdditionalClinicalServices_IntTeamTaunton&WestSom,01/06/2023,0,1,
Homeless/RoughSleeperTeam00221_NeighbourhoodServices_AdditionalClinicalServices_IntTeamTaunton&WestSom,01/11/2024,0,1,
Homeless/RoughSleeperTeam00221_NeighbourhoodServices_AdditionalClinicalServices_IntTeamTaunton&WestSom,01/03/2025,1,0,
Homeless/RoughSleeperTeam00221_NeighbourhoodServices_NursingandMidwiferyRegistered_IntTeamTaunton&WestSom,01/03/2022,0,1,
Homeless/RoughSleeperTeam00221_NeighbourhoodServices_NursingandMidwiferyRegistered_IntTeamTaunton&WestSom,01/08/2022,0,1,
Homeless/RoughSleeperTeam00221_NeighbourhoodServices_NursingandMidwiferyRegistered_IntTeamTaunton&WestSom,01/01/2023,0,1,
Homeless/RoughSleeperTeam00221_NeighbourhoodServices_NursingandMidwiferyRegistered_IntTeamTaunton&WestSom,01/06/2023,0,1,
Homeless/RoughSleeperTeam00221_NeighbourhoodServices_NursingandMidwiferyRegistered_IntTeamTaunton&WestSom,01/01/2025,2,0,
Homeless/RoughSleeperTeam00221_NeighbourhoodServices_NursingandMidwiferyRegistered_IntTeamTaunton&WestSom,01/03/2025,0,1,
ICUYDH75822_SurgicalServices_AdditionalClinicalServices_CriticalCare,01/11/2021,0,1,
ICUYDH75822_SurgicalServices_AdditionalClinicalServices_CriticalCare,01/12/2023,0,1,
ICUYDH75822_SurgicalServices_AdditionalClinicalServices_CriticalCare,01/01/2024,0,1,
ICUYDH75822_SurgicalServices_AdditionalClinicalServices_CriticalCare,01/06/2024,1,0,
ICUYDH75822_SurgicalServices_AdditionalClinicalServices_CriticalCare,01/09/2024,1,0,
ICUYDH75822_SurgicalServices_AdditionalClinicalServices_CriticalCare,01/12/2024,0,1,
ICUYDH75822_SurgicalServices_AdditionalClinicalServices_CriticalCare,01/04/2025,1,0,
ICUYDH75822_SurgicalServices_AdministrativeandClerical_CriticalCare,01/07/2022,0,1,
ICUYDH75822_SurgicalServices_NursingandMidwiferyRegistered_CriticalCare,01/11/2021,0,1,
ICUYDH75822_SurgicalServices_NursingandMidwiferyRegistered_CriticalCare,01/12/2021,0,1,
ICUYDH75822_SurgicalServices_NursingandMidwiferyRegistered_CriticalCare,01/03/2022,0,1,
ICUYDH75822_SurgicalServices_NursingandMidwiferyRegistered_CriticalCare,01/01/2023,0,1,
ICUYDH75822_SurgicalServices_NursingandMidwiferyRegistered_CriticalCare,01/02/2023,0,1,
ICUYDH75822_SurgicalServices_NursingandMidwiferyRegistered_CriticalCare,01/05/2024,1,0,
ICUYDH75822_SurgicalServices_NursingandMidwiferyRegistered_CriticalCare,01/07/2024,1,0,
ICUYDH75822_SurgicalServices_NursingandMidwiferyRegistered_CriticalCare,01/08/2024,0,1,
ICUYDH75822_SurgicalServices_NursingandMidwiferyRegistered_CriticalCare,01/10/2024,1,0,
ICUYDH75822_SurgicalServices_Students_CriticalCare,01/05/2021,0,1,
ICUYDH75822_SurgicalServices_Students_CriticalCare,01/06/2021,0,1,
ICUYDH75822_SurgicalServices_Students_CriticalCare,01/02/2022,0,1,
ICUYDH75822_SurgicalServices_Students_CriticalCare,01/05/2022,0,1,
IR35Payments00014_SomersetPartnershipNHSFoundationTrust_AdditionalClinicalServices_185IR35PayrollL3,01/05/2024,0,1,
IR35Payments00014_SomersetPartnershipNHSFoundationTrust_AdditionalClinicalServices_185IR35PayrollL3,01/07/2024,0,1,
IRTRehabClinicalSpecialists69100_NeighbourhoodServices_AddProfScientificandTechnic_IRTRehabClinicalSpecialists,01/01/2023,0,2,
IRTRehabClinicalSpecialists69100_NeighbourhoodServices_AddProfScientificandTechnic_IRTRehabClinicalSpecialists,01/01/2025,0,1,
IRTRehabClinicalSpecialists69100_NeighbourhoodServices_AddProfScientificandTechnic_IRTRehabClinicalSpecialists,01/02/2025,1,0,
ITDevelopments75434_CorporateSupportServices_AdministrativeandClerical_Digital,01/01/2023,0,1,
ITEHR_SSLCorporate_AdministrativeandClerical_CapitalProgramme,01/10/2021,0,1,
ITEHR_SSLCorporate_AdministrativeandClerical_CapitalProgramme,01/07/2022,0,1,
ITUWardMPH17007_SurgicalServices_AddProfScientificandTechnic_CriticalCare,01/04/2025,0,1,
ITUWardMPH17007_SurgicalServices_AdditionalClinicalServices_CriticalCare,01/08/2022,0,2,
ITUWardMPH17007_SurgicalServices_AdditionalClinicalServices_CriticalCare,01/06/2023,0,1,
ITUWardMPH17007_SurgicalServices_AdditionalClinicalServices_CriticalCare,01/08/2023,0,1,
ITUWardMPH17007_SurgicalServices_AdditionalClinicalServices_CriticalCare,01/04/2024,0,1,
ITUWardMPH17007_SurgicalServices_AdministrativeandClerical_CriticalCare,01/09/2022,0,1,
ITUWardMPH17007_SurgicalServices_AdministrativeandClerical_CriticalCare,01/02/2023,0,1,
ITUWardMPH17007_SurgicalServices_AdministrativeandClerical_CriticalCare,01/12/2023,0,1,
ITUWardMPH17007_SurgicalServices_NursingandMidwiferyRegistered_CriticalCare,01/05/2021,0,2,
ITUWardMPH17007_SurgicalServices_NursingandMidwiferyRegistered_CriticalCare,01/08/2021,0,2,
ITUWardMPH17007_SurgicalServices_NursingandMidwiferyRegistered_CriticalCare,01/12/2021,0,1,
ITUWardMPH17007_SurgicalServices_NursingandMidwiferyRegistered_CriticalCare,01/02/2022,0,1,
ITUWardMPH17007_SurgicalServices_NursingandMidwiferyRegistered_CriticalCare,01/09/2022,0,3,
ITUWardMPH17007_SurgicalServices_NursingandMidwiferyRegistered_CriticalCare,01/02/2023,0,3,
ITUWardMPH17007_SurgicalServices_NursingandMidwiferyRegistered_CriticalCare,01/07/2023,0,1,
ITUWardMPH17007_SurgicalServices_NursingandMidwiferyRegistered_CriticalCare,01/09/2023,0,3,
ITUWardMPH17007_SurgicalServices_NursingandMidwiferyRegistered_CriticalCare,01/01/2024,0,1,
ITUWardMPH17007_SurgicalServices_NursingandMidwiferyRegistered_CriticalCare,01/03/2024,0,1,
ITUWardMPH17007_SurgicalServices_NursingandMidwiferyRegistered_CriticalCare,01/04/2024,3,1,
ITUWardMPH17007_SurgicalServices_NursingandMidwiferyRegistered_CriticalCare,01/05/2024,1,0,
ITUWardMPH17007_SurgicalServices_NursingandMidwiferyRegistered_CriticalCare,01/06/2024,2,0,
ITUWardMPH17007_SurgicalServices_NursingandMidwiferyRegistered_CriticalCare,01/07/2024,1,0,
ITUWardMPH17007_SurgicalServices_NursingandMidwiferyRegistered_CriticalCare,01/08/2024,1,0,
ITUWardMPH17007_SurgicalServices_NursingandMidwiferyRegistered_CriticalCare,01/09/2024,3,0,
ITUWardMPH17007_SurgicalServices_NursingandMidwiferyRegistered_CriticalCare,01/10/2024,0,3,
ITUWardMPH17007_SurgicalServices_NursingandMidwiferyRegistered_CriticalCare,01/11/2024,1,0,
ITUWardMPH17007_SurgicalServices_NursingandMidwiferyRegistered_CriticalCare,01/04/2025,1,2,
ImprovementBoard00146_CorporateSupportServices_AdministrativeandClerical_Improvement,01/09/2021,0,1,
ImprovementBoard00146_CorporateSupportServices_AdministrativeandClerical_Improvement,01/12/2021,0,1,
ImprovementBoard00146_CorporateSupportServices_AdministrativeandClerical_Improvement,01/05/2022,0,1,
ImprovementBoard00146_CorporateSupportServices_AdministrativeandClerical_Improvement,01/09/2022,0,1,
ImprovementBoard00146_CorporateSupportServices_AdministrativeandClerical_Improvement,01/10/2022,0,2,
ImprovementBoard00146_CorporateSupportServices_AdministrativeandClerical_Improvement,01/11/2022,0,1,
ImprovementBoard00146_CorporateSupportServices_AdministrativeandClerical_Improvement,01/01/2023,0,1,
ImprovementBoard00146_CorporateSupportServices_AdministrativeandClerical_Improvement,01/03/2023,0,1,
ImprovementBoard00146_CorporateSupportServices_AdministrativeandClerical_Improvement,01/09/2023,0,1,
ImprovementBoard00146_CorporateSupportServices_AdministrativeandClerical_Improvement,01/10/2023,0,1,
ImprovementBoard00146_CorporateSupportServices_AdministrativeandClerical_Improvement,01/11/2023,0,1,
ImprovementBoard00146_CorporateSupportServices_AdministrativeandClerical_Improvement,01/12/2023,0,1,
ImprovementBoard00146_CorporateSupportServices_AdministrativeandClerical_Improvement,01/04/2024,0,1,
ImprovementBoard00146_CorporateSupportServices_AdministrativeandClerical_Improvement,01/05/2024,1,0,
ImprovementBoard00146_CorporateSupportServices_AdministrativeandClerical_Improvement,01/09/2024,1,0,
ImprovementBoard00146_CorporateSupportServices_AdministrativeandClerical_Improvement,01/12/2024,1,0,
ImprovementBoard00146_CorporateSupportServices_AdministrativeandClerical_Improvement,01/03/2025,1,0,
Inclusion02052_CorporateSupportServices_AdministrativeandClerical_Experience&Learning,01/05/2022,0,1,
Inclusion02052_CorporateSupportServices_AdministrativeandClerical_Experience&Learning,01/06/2022,0,1,
IndividualPlacementSupport56501_MentalHealthandLearningDisabilities_AdditionalClinicalServices_MHEmploymentService,01/03/2024,0,1,
IndividualPlacementSupport56501_MentalHealthandLearningDisabilities_AlliedHealthProfessionals_MHEmploymentService,01/04/2024,1,1,
IndividualPlacementSupport56501_MentalHealthandLearningDisabilities_NursingandMidwiferyRegistered_MHEmploymentService,01/03/2025,0,1,
InfectionControl75487_CorporateSupportServices_NursingandMidwiferyRegistered_InfectionControl,01/06/2021,0,1,
Information&Insight02043_CorporateSupportServices_AdministrativeandClerical_DeputyCPO,01/12/2023,0,1,
Information&Insight02043_CorporateSupportServices_AdministrativeandClerical_DeputyCPO,01/06/2024,2,0,
Inpatient&HomeTreatmentTeamPsychologistTeam50101_MentalHealthandLearningDisabilities_AddProfScientificandTechnic_UrgentCare&ForensicServs,01/05/2023,0,1,
Inpatient&HomeTreatmentTeamPsychologistTeam50101_MentalHealthandLearningDisabilities_AddProfScientificandTechnic_UrgentCare&ForensicServs,01/11/2024,1,0,
Inpatient&HomeTreatmentTeamPsychologistTeam50101_MentalHealthandLearningDisabilities_AddProfScientificandTechnic_UrgentCare&ForensicServs,01/02/2025,0,1,
Inpatient&HomeTreatmentTeamPsychologistTeam50101_MentalHealthandLearningDisabilities_AdditionalClinicalServices_UrgentCare&ForensicServs,01/05/2022,0,1,
Inpatient&HomeTreatmentTeamPsychologistTeam50101_MentalHealthandLearningDisabilities_AdditionalClinicalServices_UrgentCare&ForensicServs,01/09/2022,0,1,
Inpatient&HomeTreatmentTeamPsychologistTeam50101_MentalHealthandLearningDisabilities_AdditionalClinicalServices_UrgentCare&ForensicServs,01/04/2023,0,1,
Inpatient&HomeTreatmentTeamPsychologistTeam50101_MentalHealthandLearningDisabilities_AdditionalClinicalServices_UrgentCare&ForensicServs,01/10/2023,0,1,
Inpatient&HomeTreatmentTeamPsychologistTeam50101_MentalHealthandLearningDisabilities_AdditionalClinicalServices_UrgentCare&ForensicServs,01/09/2024,1,0,
Inpatient&HomeTreatmentTeamPsychologistTeam50101_MentalHealthandLearningDisabilities_AdditionalClinicalServices_UrgentCare&ForensicServs,01/01/2025,0,1,
Inpatient&HomeTreatmentTeamPsychologistTeam50101_MentalHealthandLearningDisabilities_AlliedHealthProfessionals_UrgentCare&ForensicServs,01/09/2022,0,1,
Inpatient&HomeTreatmentTeamPsychologistTeam50101_MentalHealthandLearningDisabilities_AlliedHealthProfessionals_UrgentCare&ForensicServs,01/01/2024,0,1,
Inpatient&HomeTreatmentTeamPsychologistTeam50101_MentalHealthandLearningDisabilities_AlliedHealthProfessionals_UrgentCare&ForensicServs,01/05/2024,1,0,
InpatientTherapists75838_ClinicalSupportandCancerServices_AdditionalClinicalServices_TherapiesDEPT,01/06/2021,0,3,
InpatientTherapists75838_ClinicalSupportandCancerServices_AdditionalClinicalServices_TherapiesDEPT,01/07/2021,0,3,
InpatientTherapists75838_ClinicalSupportandCancerServices_AdditionalClinicalServices_TherapiesDEPT,01/08/2021,0,1,
InpatientTherapists75838_ClinicalSupportandCancerServices_AdditionalClinicalServices_TherapiesDEPT,01/09/2021,0,1,
InpatientTherapists75838_ClinicalSupportandCancerServices_AdditionalClinicalServices_TherapiesDEPT,01/11/2021,0,3,
InpatientTherapists75838_ClinicalSupportandCancerServices_AdditionalClinicalServices_TherapiesDEPT,01/02/2022,0,1,
InpatientTherapists75838_ClinicalSupportandCancerServices_AdditionalClinicalServices_TherapiesDEPT,01/06/2022,0,2,
InpatientTherapists75838_ClinicalSupportandCancerServices_AdditionalClinicalServices_TherapiesDEPT,01/08/2022,0,1,
InpatientTherapists75838_ClinicalSupportandCancerServices_AdditionalClinicalServices_TherapiesDEPT,01/09/2022,0,1,
InpatientTherapists75838_ClinicalSupportandCancerServices_AdditionalClinicalServices_TherapiesDEPT,01/11/2022,0,1,
InpatientTherapists75838_ClinicalSupportandCancerServices_AdditionalClinicalServices_TherapiesDEPT,01/12/2022,0,1,
InpatientTherapists75838_ClinicalSupportandCancerServices_AdditionalClinicalServices_TherapiesDEPT,01/05/2023,0,1,
InpatientTherapists75838_ClinicalSupportandCancerServices_AdditionalClinicalServices_TherapiesDEPT,01/06/2023,0,1,
InpatientTherapists75838_ClinicalSupportandCancerServices_AdditionalClinicalServices_TherapiesDEPT,01/07/2023,0,1,
InpatientTherapists75838_ClinicalSupportandCancerServices_AdditionalClinicalServices_TherapiesDEPT,01/09/2023,0,3,
InpatientTherapists75838_ClinicalSupportandCancerServices_AdditionalClinicalServices_TherapiesDEPT,01/03/2024,0,1,
InpatientTherapists75838_ClinicalSupportandCancerServices_AdditionalClinicalServices_TherapiesDEPT,01/04/2024,1,0,
InpatientTherapists75838_ClinicalSupportandCancerServices_AdditionalClinicalServices_TherapiesDEPT,01/05/2024,5,0,
InpatientTherapists75838_ClinicalSupportandCancerServices_AdditionalClinicalServices_TherapiesDEPT,01/09/2024,2,0,
InpatientTherapists75838_ClinicalSupportandCancerServices_AdditionalClinicalServices_TherapiesDEPT,01/12/2024,2,0,
InpatientTherapists75838_ClinicalSupportandCancerServices_AdditionalClinicalServices_TherapiesDEPT,01/04/2025,1,0,
InpatientTherapists75838_ClinicalSupportandCancerServices_AlliedHealthProfessionals_TherapiesDEPT,01/05/2021,0,1,
InpatientTherapists75838_ClinicalSupportandCancerServices_AlliedHealthProfessionals_TherapiesDEPT,01/06/2021,0,1,
InpatientTherapists75838_ClinicalSupportandCancerServices_AlliedHealthProfessionals_TherapiesDEPT,01/07/2021,0,1,
InpatientTherapists75838_ClinicalSupportandCancerServices_AlliedHealthProfessionals_TherapiesDEPT,01/10/2021,0,3,
InpatientTherapists75838_ClinicalSupportandCancerServices_AlliedHealthProfessionals_TherapiesDEPT,01/11/2021,0,1,
InpatientTherapists75838_ClinicalSupportandCancerServices_AlliedHealthProfessionals_TherapiesDEPT,01/12/2021,0,1,
InpatientTherapists75838_ClinicalSupportandCancerServices_AlliedHealthProfessionals_TherapiesDEPT,01/01/2022,0,1,
InpatientTherapists75838_ClinicalSupportandCancerServices_AlliedHealthProfessionals_TherapiesDEPT,01/02/2022,0,1,
InpatientTherapists75838_ClinicalSupportandCancerServices_AlliedHealthProfessionals_TherapiesDEPT,01/05/2022,0,2,
InpatientTherapists75838_ClinicalSupportandCancerServices_AlliedHealthProfessionals_TherapiesDEPT,01/07/2022,0,1,
InpatientTherapists75838_ClinicalSupportandCancerServices_AlliedHealthProfessionals_TherapiesDEPT,01/08/2022,0,1,
InpatientTherapists75838_ClinicalSupportandCancerServices_AlliedHealthProfessionals_TherapiesDEPT,01/09/2022,0,2,
InpatientTherapists75838_ClinicalSupportandCancerServices_AlliedHealthProfessionals_TherapiesDEPT,01/10/2022,0,1,
InpatientTherapists75838_ClinicalSupportandCancerServices_AlliedHealthProfessionals_TherapiesDEPT,01/11/2022,0,1,
InpatientTherapists75838_ClinicalSupportandCancerServices_AlliedHealthProfessionals_TherapiesDEPT,01/01/2023,0,1,
InpatientTherapists75838_ClinicalSupportandCancerServices_AlliedHealthProfessionals_TherapiesDEPT,01/05/2023,0,1,
InpatientTherapists75838_ClinicalSupportandCancerServices_AlliedHealthProfessionals_TherapiesDEPT,01/06/2023,0,2,
InpatientTherapists75838_ClinicalSupportandCancerServices_AlliedHealthProfessionals_TherapiesDEPT,01/07/2023,0,2,
InpatientTherapists75838_ClinicalSupportandCancerServices_AlliedHealthProfessionals_TherapiesDEPT,01/08/2023,0,1,
InpatientTherapists75838_ClinicalSupportandCancerServices_AlliedHealthProfessionals_TherapiesDEPT,01/09/2023,0,3,
InpatientTherapists75838_ClinicalSupportandCancerServices_AlliedHealthProfessionals_TherapiesDEPT,01/11/2023,0,1,
InpatientTherapists75838_ClinicalSupportandCancerServices_AlliedHealthProfessionals_TherapiesDEPT,01/05/2024,2,0,
InpatientTherapists75838_ClinicalSupportandCancerServices_AlliedHealthProfessionals_TherapiesDEPT,01/06/2024,0,2,
InpatientTherapists75838_ClinicalSupportandCancerServices_AlliedHealthProfessionals_TherapiesDEPT,01/07/2024,0,1,
InpatientTherapists75838_ClinicalSupportandCancerServices_AlliedHealthProfessionals_TherapiesDEPT,01/08/2024,1,0,
InpatientTherapists75838_ClinicalSupportandCancerServices_AlliedHealthProfessionals_TherapiesDEPT,01/01/2025,0,3,
InpatientTherapists75838_ClinicalSupportandCancerServices_AlliedHealthProfessionals_TherapiesDEPT,01/02/2025,2,0,
InpatientTherapists75838_ClinicalSupportandCancerServices_AlliedHealthProfessionals_TherapiesDEPT,01/03/2025,1,0,
InpatientTherapists75838_ClinicalSupportandCancerServices_AlliedHealthProfessionals_TherapiesDEPT,01/04/2025,2,1,
IntegAdminBWater&Sedgemoor61304_NeighbourhoodServices_AdministrativeandClerical_IntTeamNSedge&B'Water,01/05/2022,0,1,
IntegAdminBWater&Sedgemoor61304_NeighbourhoodServices_AdministrativeandClerical_IntTeamNSedge&B'Water,01/07/2022,0,1,
IntegAdminBWater&Sedgemoor61304_NeighbourhoodServices_AdministrativeandClerical_IntTeamNSedge&B'Water,01/06/2023,0,1,
IntegAdminBWater&Sedgemoor61304_NeighbourhoodServices_AdministrativeandClerical_IntTeamNSedge&B'Water,01/08/2024,2,0,
IntegAdminBWater&Sedgemoor61304_NeighbourhoodServices_AdministrativeandClerical_IntTeamNSedge&B'Water,01/09/2024,0,1,
IntegAdminBWater&Sedgemoor61304_NeighbourhoodServices_AdministrativeandClerical_IntTeamNSedge&B'Water,01/01/2025,2,0,
IntensiveDementiaSupportService-East67110_NeighbourhoodServices_AdditionalClinicalServices_IntensiveDementiaDEPT,01/05/2022,0,1,
IntensiveDementiaSupportService-East67110_NeighbourhoodServices_AdditionalClinicalServices_IntensiveDementiaDEPT,01/04/2023,0,1,
IntensiveDementiaSupportService-East67110_NeighbourhoodServices_AdditionalClinicalServices_IntensiveDementiaDEPT,01/11/2023,0,1,
IntensiveDementiaSupportService-East67110_NeighbourhoodServices_AdditionalClinicalServices_IntensiveDementiaDEPT,01/01/2025,0,1,
IntensiveDementiaSupportService-East67110_NeighbourhoodServices_AdministrativeandClerical_IntensiveDementiaDEPT,01/07/2021,0,1,
IntensiveDementiaSupportService-East67110_NeighbourhoodServices_AdministrativeandClerical_IntensiveDementiaDEPT,01/10/2023,0,1,
IntensiveDementiaSupportService-East67110_NeighbourhoodServices_AdministrativeandClerical_IntensiveDementiaDEPT,01/11/2024,1,0,
IntensiveDementiaSupportService-East67110_NeighbourhoodServices_AdministrativeandClerical_IntensiveDementiaDEPT,01/02/2025,0,1,
IntensiveDementiaSupportService-East67110_NeighbourhoodServices_AlliedHealthProfessionals_IntensiveDementiaDEPT,01/08/2021,0,1,
IntensiveDementiaSupportService-East67110_NeighbourhoodServices_EstatesandAncillary_IntensiveDementiaDEPT,01/01/2023,0,1,
IntensiveDementiaSupportService-East67110_NeighbourhoodServices_NursingandMidwiferyRegistered_IntensiveDementiaDEPT,01/10/2021,0,1,
IntensiveDementiaSupportService-East67110_NeighbourhoodServices_NursingandMidwiferyRegistered_IntensiveDementiaDEPT,01/09/2023,0,1,
IntensiveDementiaSupportService-East67110_NeighbourhoodServices_NursingandMidwiferyRegistered_IntensiveDementiaDEPT,01/12/2023,0,1,
IntensiveDementiaSupportService-West67100_NeighbourhoodServices_NursingandMidwiferyRegistered_IntensiveDementiaDEPT,01/08/2023,0,1,
IntensiveTreatmentTeam40045_CYP&FamiliesServices_AddProfScientificandTechnic_Community&UrgentServices,01/09/2021,0,1,
IntensiveTreatmentTeam40045_CYP&FamiliesServices_AdditionalClinicalServices_Community&UrgentServices,01/10/2021,0,1,
IntensiveTreatmentTeam40045_CYP&FamiliesServices_AdditionalClinicalServices_Community&UrgentServices,01/11/2021,0,2,
IntensiveTreatmentTeam40045_CYP&FamiliesServices_AdditionalClinicalServices_Community&UrgentServices,01/07/2024,0,1,
IntensiveTreatmentTeam40045_CYP&FamiliesServices_AdditionalClinicalServices_Community&UrgentServices,01/08/2024,1,0,
IntensiveTreatmentTeam40045_CYP&FamiliesServices_AdditionalClinicalServices_Community&UrgentServices,01/04/2025,0,4,
IntensiveTreatmentTeam40045_CYP&FamiliesServices_NursingandMidwiferyRegistered_Community&UrgentServices,01/10/2023,0,1,
IntensiveTreatmentTeam40045_CYP&FamiliesServices_NursingandMidwiferyRegistered_Community&UrgentServices,01/05/2024,0,1,
JasmineR2GWard75734_MedicalServices_AdditionalClinicalServices_Acute/GeneralMedicineDEPT,01/09/2021,0,2,
JasmineR2GWard75734_MedicalServices_AdditionalClinicalServices_Acute/GeneralMedicineDEPT,01/10/2021,0,3,
JasmineR2GWard75734_MedicalServices_AdditionalClinicalServices_Acute/GeneralMedicineDEPT,01/11/2021,0,1,
JasmineR2GWard75734_MedicalServices_AdditionalClinicalServices_Acute/GeneralMedicineDEPT,01/02/2022,0,1,
JasmineR2GWard75734_MedicalServices_AdditionalClinicalServices_Acute/GeneralMedicineDEPT,01/03/2022,0,1,
JasmineR2GWard75734_MedicalServices_AdditionalClinicalServices_Acute/GeneralMedicineDEPT,01/05/2022,0,1,
JasmineR2GWard75734_MedicalServices_AdditionalClinicalServices_Acute/GeneralMedicineDEPT,01/06/2022,0,2,
JasmineR2GWard75734_MedicalServices_AdditionalClinicalServices_Acute/GeneralMedicineDEPT,01/09/2022,0,2,
JasmineR2GWard75734_MedicalServices_AdditionalClinicalServices_Acute/GeneralMedicineDEPT,01/11/2022,0,3,
JasmineR2GWard75734_MedicalServices_AdditionalClinicalServices_Acute/GeneralMedicineDEPT,01/03/2023,0,1,
JasmineR2GWard75734_MedicalServices_AdditionalClinicalServices_Acute/GeneralMedicineDEPT,01/05/2023,0,1,
JasmineR2GWard75734_MedicalServices_AdditionalClinicalServices_Acute/GeneralMedicineDEPT,01/06/2023,0,1,
JasmineR2GWard75734_MedicalServices_AdditionalClinicalServices_Acute/GeneralMedicineDEPT,01/07/2023,0,1,
JasmineR2GWard75734_MedicalServices_AdditionalClinicalServices_Acute/GeneralMedicineDEPT,01/02/2024,0,1,
JasmineR2GWard75734_MedicalServices_NursingandMidwiferyRegistered_Acute/GeneralMedicineDEPT,01/01/2022,0,1,
JasmineR2GWard75734_MedicalServices_NursingandMidwiferyRegistered_Acute/GeneralMedicineDEPT,01/02/2022,0,1,
JasmineR2GWard75734_MedicalServices_NursingandMidwiferyRegistered_Acute/GeneralMedicineDEPT,01/03/2022,0,1,
JasmineR2GWard75734_MedicalServices_NursingandMidwiferyRegistered_Acute/GeneralMedicineDEPT,01/11/2022,0,1,
JasmineR2GWard75734_MedicalServices_NursingandMidwiferyRegistered_Acute/GeneralMedicineDEPT,01/07/2023,0,1,
JasmineR2GWard75734_MedicalServices_Students_Acute/GeneralMedicineDEPT,01/09/2022,0,1,
JasmineR2GWard75734_MedicalServices_Students_Acute/GeneralMedicineDEPT,01/06/2023,0,2,
KingstonWing75781_SurgicalServices_AdditionalClinicalServices_PrivatePatients,01/10/2021,0,1,
KingstonWing75781_SurgicalServices_AdditionalClinicalServices_PrivatePatients,01/01/2022,0,1,
KingstonWing75781_SurgicalServices_AdditionalClinicalServices_PrivatePatients,01/09/2022,0,1,
KingstonWing75781_SurgicalServices_AdditionalClinicalServices_PrivatePatients,01/01/2023,0,1,
KingstonWing75781_SurgicalServices_AdditionalClinicalServices_PrivatePatients,01/04/2025,1,0,
KingstonWing75781_SurgicalServices_AdministrativeandClerical_PrivatePatients,01/06/2021,0,1,
KingstonWing75781_SurgicalServices_AdministrativeandClerical_PrivatePatients,01/07/2021,0,1,
KingstonWing75781_SurgicalServices_AdministrativeandClerical_PrivatePatients,01/10/2021,0,1,
KingstonWing75781_SurgicalServices_AdministrativeandClerical_PrivatePatients,01/07/2022,0,2,
KingstonWing75781_SurgicalServices_AdministrativeandClerical_PrivatePatients,01/09/2022,0,1,
KingstonWing75781_SurgicalServices_AdministrativeandClerical_PrivatePatients,01/05/2023,0,1,
KingstonWing75781_SurgicalServices_AdministrativeandClerical_PrivatePatients,01/04/2024,0,1,
KingstonWing75781_SurgicalServices_AdministrativeandClerical_PrivatePatients,01/05/2024,1,0,
KingstonWing75781_SurgicalServices_AdministrativeandClerical_PrivatePatients,01/08/2024,2,0,
KingstonWing75781_SurgicalServices_AdministrativeandClerical_PrivatePatients,01/12/2024,2,0,
KingstonWing75781_SurgicalServices_NursingandMidwiferyRegistered_PrivatePatients,01/04/2024,1,0,
KingstonWing75781_SurgicalServices_NursingandMidwiferyRegistered_PrivatePatients,01/11/2024,1,0,
KingstonWing75781_SurgicalServices_Students_PrivatePatients,01/06/2021,0,1,
KingstonWing75781_SurgicalServices_Students_PrivatePatients,01/07/2021,0,1,
KingstonWing75781_SurgicalServices_Students_PrivatePatients,01/10/2021,0,1,
KingstonWing75781_SurgicalServices_Students_PrivatePatients,01/04/2022,0,1,
KingstonWing75781_SurgicalServices_Students_PrivatePatients,01/10/2022,0,1,
KingstonWing75781_SurgicalServices_Students_PrivatePatients,01/11/2023,0,1,
Knowledge&LibraryServices02017_CorporateSupportServices_AdministrativeandClerical_DeputyCPO,01/08/2021,0,1,
Knowledge&LibraryServices02017_CorporateSupportServices_AdministrativeandClerical_DeputyCPO,01/01/2022,0,1,
Knowledge&LibraryServices02017_CorporateSupportServices_AdministrativeandClerical_DeputyCPO,01/02/2022,0,1,
LARCHProject60020_NeighbourhoodServices_AdministrativeandClerical_IntTeamNSedge&B'Water,01/08/2024,1,0,
LARCHTeam76014_NeighbourhoodServices_AlliedHealthProfessionals_IntTeamNSedge&B'Water,01/08/2021,0,1,
LARCHTeam76014_NeighbourhoodServices_NursingandMidwiferyRegistered_IntTeamNSedge&B'Water,01/10/2021,0,1,
LARCHTeam76014_NeighbourhoodServices_NursingandMidwiferyRegistered_IntTeamNSedge&B'Water,01/11/2022,0,1,
LDLiaison52350_OperationalManagement_MedicalandDental_LearningDisabilitiesLiaisonDEPT,01/02/2025,0,1,
LDLiaison52350_OperationalManagement_NursingandMidwiferyRegistered_LearningDisabilitiesLiaisonDEPT,01/10/2024,0,1,
LDLiaison52350_OperationalManagement_NursingandMidwiferyRegistered_LearningDisabilitiesLiaisonDEPT,01/02/2025,0,1,
Leadership&OD02061_CorporateSupportServices_AdministrativeandClerical_Experience&Learning,01/02/2023,0,1,
Leadership&OD02061_CorporateSupportServices_AdministrativeandClerical_Experience&Learning,01/05/2023,0,1,
Leadership&OD02061_CorporateSupportServices_AdministrativeandClerical_Experience&Learning,01/03/2025,1,0,
Leadership&OD02061_CorporateSupportServices_AdministrativeandClerical_Experience&Learning,01/04/2025,1,0,
Leadership&OD02061_CorporateSupportServices_NursingandMidwiferyRegistered_Experience&Learning,01/08/2024,1,0,
LearningAndDevelopment02008_CorporateSupportServices_AdditionalClinicalServices_Experience&Learning,01/05/2021,0,2,
LearningAndDevelopment02008_CorporateSupportServices_AdditionalClinicalServices_Experience&Learning,01/01/2023,0,2,
LearningAndDevelopment02008_CorporateSupportServices_AdditionalClinicalServices_Experience&Learning,01/03/2023,0,1,
LearningAndDevelopment02008_CorporateSupportServices_AdministrativeandClerical_Experience&Learning,01/09/2021,0,1,
LearningAndDevelopment02008_CorporateSupportServices_AdministrativeandClerical_Experience&Learning,01/10/2021,0,1,
LearningAndDevelopment02008_CorporateSupportServices_AdministrativeandClerical_Experience&Learning,01/11/2021,0,2,
LearningAndDevelopment02008_CorporateSupportServices_AdministrativeandClerical_Experience&Learning,01/01/2022,0,2,
LearningAndDevelopment02008_CorporateSupportServices_AdministrativeandClerical_Experience&Learning,01/02/2022,0,1,
LearningAndDevelopment02008_CorporateSupportServices_AdministrativeandClerical_Experience&Learning,01/04/2022,0,1,
LearningAndDevelopment02008_CorporateSupportServices_AdministrativeandClerical_Experience&Learning,01/07/2022,0,1,
LearningAndDevelopment02008_CorporateSupportServices_AdministrativeandClerical_Experience&Learning,01/11/2022,0,2,
LearningAndDevelopment02008_CorporateSupportServices_AdministrativeandClerical_Experience&Learning,01/10/2024,1,0,
LearningAndDevelopment02008_CorporateSupportServices_AdministrativeandClerical_Experience&Learning,01/01/2025,0,1,
LearningAndDevelopment02008_CorporateSupportServices_AdministrativeandClerical_Experience&Learning,01/03/2025,1,0,
LearningAndDevelopment02008_CorporateSupportServices_NursingandMidwiferyRegistered_Experience&Learning,01/02/2022,0,1,
LearningAndDevelopment02008_CorporateSupportServices_NursingandMidwiferyRegistered_Experience&Learning,01/03/2022,0,1,
LearningAndDevelopment02008_CorporateSupportServices_NursingandMidwiferyRegistered_Experience&Learning,01/04/2023,0,1,
LearningDisabilitiesEast53200_MentalHealthandLearningDisabilities_AdditionalClinicalServices_LearningDifficulties,01/06/2021,0,1,
LearningDisabilitiesEast53200_MentalHealthandLearningDisabilities_AdditionalClinicalServices_LearningDifficulties,01/02/2022,0,1,
LearningDisabilitiesEast53200_MentalHealthandLearningDisabilities_AdditionalClinicalServices_LearningDifficulties,01/07/2022,0,2,
LearningDisabilitiesEast53200_MentalHealthandLearningDisabilities_AdditionalClinicalServices_LearningDifficulties,01/12/2022,0,1,
LearningDisabilitiesEast53200_MentalHealthandLearningDisabilities_AdditionalClinicalServices_LearningDifficulties,01/01/2023,0,1,
LearningDisabilitiesEast53200_MentalHealthandLearningDisabilities_AdditionalClinicalServices_LearningDifficulties,01/05/2023,0,1,
LearningDisabilitiesEast53200_MentalHealthandLearningDisabilities_AdditionalClinicalServices_LearningDifficulties,01/02/2024,0,1,
LearningDisabilitiesEast53200_MentalHealthandLearningDisabilities_AdministrativeandClerical_LearningDifficulties,01/08/2022,0,1,
LearningDisabilitiesEast53200_MentalHealthandLearningDisabilities_AdministrativeandClerical_LearningDifficulties,01/09/2024,1,0,
LearningDisabilitiesEast53200_MentalHealthandLearningDisabilities_AdministrativeandClerical_LearningDifficulties,01/04/2025,2,0,
LearningDisabilitiesEast53200_MentalHealthandLearningDisabilities_AlliedHealthProfessionals_LearningDifficulties,01/06/2021,0,1,
LearningDisabilitiesEast53200_MentalHealthandLearningDisabilities_AlliedHealthProfessionals_LearningDifficulties,01/12/2021,0,1,
LearningDisabilitiesEast53200_MentalHealthandLearningDisabilities_AlliedHealthProfessionals_LearningDifficulties,01/02/2022,0,1,
LearningDisabilitiesEast53200_MentalHealthandLearningDisabilities_AlliedHealthProfessionals_LearningDifficulties,01/06/2022,0,1,
LearningDisabilitiesEast53200_MentalHealthandLearningDisabilities_AlliedHealthProfessionals_LearningDifficulties,01/07/2022,0,1,
LearningDisabilitiesEast53200_MentalHealthandLearningDisabilities_AlliedHealthProfessionals_LearningDifficulties,01/10/2023,0,1,
LearningDisabilitiesEast53200_MentalHealthandLearningDisabilities_AlliedHealthProfessionals_LearningDifficulties,01/06/2024,0,1,
LearningDisabilitiesEast53200_MentalHealthandLearningDisabilities_AlliedHealthProfessionals_LearningDifficulties,01/11/2024,2,0,
LearningDisabilitiesEast53200_MentalHealthandLearningDisabilities_NursingandMidwiferyRegistered_LearningDifficulties,01/03/2024,0,1,
LearningDisabilitiesEast53200_MentalHealthandLearningDisabilities_NursingandMidwiferyRegistered_LearningDifficulties,01/05/2024,0,2,
LearningDisabilitiesEast53200_MentalHealthandLearningDisabilities_NursingandMidwiferyRegistered_LearningDifficulties,01/02/2025,1,0,
LearningDisabilitiesLiaison75488_OperationalManagement_NursingandMidwiferyRegistered_LearningDisabilitiesLiaisonDEPT,01/09/2021,0,1,
LearningDisabilitiesMedicalTeam57014_MentalHealthandLearningDisabilities_MedicalandDental_MedicalLD,01/12/2021,0,1,
LearningDisabilitiesWest53100_MentalHealthandLearningDisabilities_AdditionalClinicalServices_LearningDifficulties,01/05/2021,0,2,
LearningDisabilitiesWest53100_MentalHealthandLearningDisabilities_AdditionalClinicalServices_LearningDifficulties,01/03/2023,0,1,
LearningDisabilitiesWest53100_MentalHealthandLearningDisabilities_AdministrativeandClerical_LearningDifficulties,01/03/2022,0,1,
LearningDisabilitiesWest53100_MentalHealthandLearningDisabilities_AdministrativeandClerical_LearningDifficulties,01/02/2024,0,1,
LearningDisabilitiesWest53100_MentalHealthandLearningDisabilities_AdministrativeandClerical_LearningDifficulties,01/04/2024,1,0,
LearningDisabilitiesWest53100_MentalHealthandLearningDisabilities_AlliedHealthProfessionals_LearningDifficulties,01/07/2021,0,1,
LearningDisabilitiesWest53100_MentalHealthandLearningDisabilities_AlliedHealthProfessionals_LearningDifficulties,01/09/2021,0,1,
LearningDisabilitiesWest53100_MentalHealthandLearningDisabilities_AlliedHealthProfessionals_LearningDifficulties,01/03/2022,0,1,
LearningDisabilitiesWest53100_MentalHealthandLearningDisabilities_AlliedHealthProfessionals_LearningDifficulties,01/09/2022,0,1,
LearningDisabilitiesWest53100_MentalHealthandLearningDisabilities_AlliedHealthProfessionals_LearningDifficulties,01/02/2023,0,1,
LearningDisabilitiesWest53100_MentalHealthandLearningDisabilities_AlliedHealthProfessionals_LearningDifficulties,01/04/2023,0,2,
LearningDisabilitiesWest53100_MentalHealthandLearningDisabilities_AlliedHealthProfessionals_LearningDifficulties,01/10/2023,0,1,
LearningDisabilitiesWest53100_MentalHealthandLearningDisabilities_AlliedHealthProfessionals_LearningDifficulties,01/02/2024,0,1,
LearningDisabilitiesWest53100_MentalHealthandLearningDisabilities_AlliedHealthProfessionals_LearningDifficulties,01/04/2025,1,0,
LearningDisabilitiesWest53100_MentalHealthandLearningDisabilities_NursingandMidwiferyRegistered_LearningDifficulties,01/11/2021,0,1,
LearningDisabilitiesWest53100_MentalHealthandLearningDisabilities_NursingandMidwiferyRegistered_LearningDifficulties,01/12/2021,0,1,
LearningDisabilitiesWest53100_MentalHealthandLearningDisabilities_NursingandMidwiferyRegistered_LearningDifficulties,01/08/2023,0,1,
LearningDisabilitiesWest53100_MentalHealthandLearningDisabilities_NursingandMidwiferyRegistered_LearningDifficulties,01/05/2024,1,0,
LegUlcer10017_SurgicalServices_NursingandMidwiferyRegistered_Vascular,01/07/2024,1,0,
LegUlcer10017_SurgicalServices_NursingandMidwiferyRegistered_Vascular,01/04/2025,1,0,
LibertyProtectionSafeguards00222_CorporateSupportServices_AddProfScientificandTechnic_DirectorofCorporateServicesDEPT,01/04/2022,0,1,
LibertyProtectionSafeguards00222_CorporateSupportServices_AddProfScientificandTechnic_DirectorofCorporateServicesDEPT,01/07/2023,0,1,
LibertyProtectionSafeguards00222_CorporateSupportServices_AdministrativeandClerical_DirectorofCorporateServicesDEPT,01/01/2022,0,1,
LibertyProtectionSafeguards00222_CorporateSupportServices_NursingandMidwiferyRegistered_DirectorofCorporateServicesDEPT,01/01/2022,0,1,
Library75514_CorporateSupportServices_AdministrativeandClerical_DeputyCPO,01/05/2023,0,1,
ListerHouseSurgery63060_CorporateSupportServices_AdministrativeandClerical_GPSurgeriesDEPT,01/09/2021,0,1,
LookedAfterChildrenHealthTeam42100_CYP&FamiliesServices_AdministrativeandClerical_CommunityPaediatrics,01/12/2022,0,1,
LookedAfterChildrenHealthTeam42100_CYP&FamiliesServices_NursingandMidwiferyRegistered_CommunityPaediatrics,01/05/2022,0,1,
LookedAfterChildrenHealthTeam42100_CYP&FamiliesServices_NursingandMidwiferyRegistered_CommunityPaediatrics,01/10/2022,0,1,
LookedAfterChildrenHealthTeam42100_CYP&FamiliesServices_NursingandMidwiferyRegistered_CommunityPaediatrics,01/01/2023,0,1,
LookedAfterChildrenHealthTeam42100_CYP&FamiliesServices_NursingandMidwiferyRegistered_CommunityPaediatrics,01/06/2023,0,2,
LookedAfterChildrenHealthTeam42100_CYP&FamiliesServices_NursingandMidwiferyRegistered_CommunityPaediatrics,01/08/2023,0,1,
LookedAfterChildrenHealthTeam42100_CYP&FamiliesServices_NursingandMidwiferyRegistered_CommunityPaediatrics,01/06/2024,1,0,
LookedAfterChildrenHealthTeam42100_CYP&FamiliesServices_NursingandMidwiferyRegistered_CommunityPaediatrics,01/09/2024,1,1,
LookedAfterChildrenHealthTeam42100_CYP&FamiliesServices_NursingandMidwiferyRegistered_CommunityPaediatrics,01/01/2025,0,1,
LookedAfterChildrenHealthTeam42100_CYP&FamiliesServices_NursingandMidwiferyRegistered_CommunityPaediatrics,01/02/2025,0,1,
LungFunction20902_MedicalServices_AdditionalClinicalServices_Respiratory,01/08/2022,0,1,
LungFunction20902_MedicalServices_AdditionalClinicalServices_Respiratory,01/01/2023,0,1,
LungFunction20902_MedicalServices_AdditionalClinicalServices_Respiratory,01/03/2023,0,1,
LungFunction20902_MedicalServices_AdditionalClinicalServices_Respiratory,01/04/2024,1,0,
LungFunction20902_MedicalServices_AdditionalClinicalServices_Respiratory,01/06/2024,1,0,
LungFunction20902_MedicalServices_AdditionalClinicalServices_Respiratory,01/08/2024,0,1,
LungFunction20902_MedicalServices_AdditionalClinicalServices_Respiratory,01/11/2024,1,1,
LungFunction20902_MedicalServices_HealthcareScientists_Respiratory,01/01/2025,0,1,
LydeardWard-SNRC20801_MedicalServices_AdditionalClinicalServices_NeuroRehab,01/10/2022,0,1,
LydeardWard-SNRC20801_MedicalServices_AdditionalClinicalServices_NeuroRehab,01/11/2022,0,1,
LydeardWard-SNRC20801_MedicalServices_AdditionalClinicalServices_NeuroRehab,01/03/2023,0,1,
LydeardWard-SNRC20801_MedicalServices_AdditionalClinicalServices_NeuroRehab,01/05/2023,0,1,
LydeardWard-SNRC20801_MedicalServices_AdministrativeandClerical_NeuroRehab,01/09/2024,1,0,
LydeardWard-SNRC20801_MedicalServices_AdministrativeandClerical_NeuroRehab,01/11/2024,0,1,
MFT/PCP04250_CorporateSupportServices_EstatesandAncillary_EstatesandFacilities-SFT,01/09/2021,0,1,
MFT/PCP04250_CorporateSupportServices_EstatesandAncillary_EstatesandFacilities-SFT,01/02/2022,0,1,
MFT/PCP04250_CorporateSupportServices_EstatesandAncillary_EstatesandFacilities-SFT,01/04/2022,0,2,
MFT/PCP04250_CorporateSupportServices_EstatesandAncillary_EstatesandFacilities-SFT,01/07/2022,0,1,
MFT/PCP04250_CorporateSupportServices_EstatesandAncillary_EstatesandFacilities-SFT,01/03/2023,0,1,
MFT/PCP04250_CorporateSupportServices_EstatesandAncillary_EstatesandFacilities-SFT,01/04/2023,0,1,
MFT/PCP04250_CorporateSupportServices_EstatesandAncillary_EstatesandFacilities-SFT,01/10/2023,0,1,
MFT/PCP04250_CorporateSupportServices_EstatesandAncillary_EstatesandFacilities-SFT,01/01/2025,1,1,
MH&LDResidentDoctors57015_MentalHealthandLearningDisabilities_MedicalandDental_MH&LDResidentDoctorsDEPT,01/07/2022,0,2,
MH&LDResidentDoctors57015_MentalHealthandLearningDisabilities_MedicalandDental_MH&LDResidentDoctorsDEPT,01/08/2022,0,3,
MH&LDResidentDoctors57015_MentalHealthandLearningDisabilities_MedicalandDental_MH&LDResidentDoctorsDEPT,01/07/2023,0,1,
MH&LDResidentDoctors57015_MentalHealthandLearningDisabilities_MedicalandDental_MH&LDResidentDoctorsDEPT,01/08/2023,0,2,
MH&LDResidentDoctors57015_MentalHealthandLearningDisabilities_MedicalandDental_MH&LDResidentDoctorsDEPT,01/07/2024,0,2,
MH&LDResidentDoctors57015_MentalHealthandLearningDisabilities_MedicalandDental_MH&LDResidentDoctorsDEPT,01/08/2024,0,7,
MHinSchools40070_CYP&FamiliesServices_AddProfScientificandTechnic_EarlyIntervention&SpecSvs,01/02/2023,0,1,
MHinSchools40070_CYP&FamiliesServices_AddProfScientificandTechnic_EarlyIntervention&SpecSvs,01/08/2023,0,1,
MHinSchools40070_CYP&FamiliesServices_AddProfScientificandTechnic_EarlyIntervention&SpecSvs,01/07/2024,0,1,
MHinSchools40070_CYP&FamiliesServices_AdditionalClinicalServices_EarlyIntervention&SpecSvs,01/09/2022,0,1,
MHinSchools40070_CYP&FamiliesServices_AdditionalClinicalServices_EarlyIntervention&SpecSvs,01/10/2022,0,1,
MHinSchools40070_CYP&FamiliesServices_AdditionalClinicalServices_EarlyIntervention&SpecSvs,01/10/2023,0,1,
MHinSchools40070_CYP&FamiliesServices_AdditionalClinicalServices_EarlyIntervention&SpecSvs,01/04/2024,0,1,
MHinSchools40070_CYP&FamiliesServices_AdministrativeandClerical_EarlyIntervention&SpecSvs,01/09/2021,0,1,
MHinSchools40070_CYP&FamiliesServices_AdministrativeandClerical_EarlyIntervention&SpecSvs,01/09/2022,0,1,
MHinSchools40070_CYP&FamiliesServices_AdministrativeandClerical_EarlyIntervention&SpecSvs,01/04/2023,0,1,
MHinSchools40070_CYP&FamiliesServices_NursingandMidwiferyRegistered_EarlyIntervention&SpecSvs,01/05/2022,0,1,
MHinSchools40070_CYP&FamiliesServices_NursingandMidwiferyRegistered_EarlyIntervention&SpecSvs,01/07/2022,0,1,
MHinSchools40070_CYP&FamiliesServices_NursingandMidwiferyRegistered_EarlyIntervention&SpecSvs,01/09/2022,0,1,
MHinSchools40070_CYP&FamiliesServices_NursingandMidwiferyRegistered_EarlyIntervention&SpecSvs,01/04/2024,0,1,
MHinSchools40070_CYP&FamiliesServices_NursingandMidwiferyRegistered_EarlyIntervention&SpecSvs,01/09/2024,0,1,
MPHCateringPatients04280_CorporateSupportServices_EstatesandAncillary_EstatesandFacilities-SFT,01/05/2021,0,1,
MPHCateringPatients04280_CorporateSupportServices_EstatesandAncillary_EstatesandFacilities-SFT,01/08/2021,0,2,
MPHCateringPatients04280_CorporateSupportServices_EstatesandAncillary_EstatesandFacilities-SFT,01/10/2021,0,1,
MPHCateringPatients04280_CorporateSupportServices_EstatesandAncillary_EstatesandFacilities-SFT,01/05/2022,0,2,
MPHCateringPatients04280_CorporateSupportServices_EstatesandAncillary_EstatesandFacilities-SFT,01/06/2022,0,1,
MPHCateringPatients04280_CorporateSupportServices_EstatesandAncillary_EstatesandFacilities-SFT,01/12/2022,0,1,
MPHCateringPatients04280_CorporateSupportServices_EstatesandAncillary_EstatesandFacilities-SFT,01/05/2023,0,1,
MPHCateringPatients04280_CorporateSupportServices_EstatesandAncillary_EstatesandFacilities-SFT,01/06/2023,0,2,
MPHCateringPatients04280_CorporateSupportServices_EstatesandAncillary_EstatesandFacilities-SFT,01/10/2023,0,1,
MPHCateringPatients04280_CorporateSupportServices_EstatesandAncillary_EstatesandFacilities-SFT,01/01/2024,0,2,
MPHCateringPatients04280_CorporateSupportServices_EstatesandAncillary_EstatesandFacilities-SFT,01/04/2024,2,0,
MPHCateringPatients04280_CorporateSupportServices_EstatesandAncillary_EstatesandFacilities-SFT,01/06/2024,1,1,
MPHCateringPatients04280_CorporateSupportServices_EstatesandAncillary_EstatesandFacilities-SFT,01/07/2024,0,1,
MPHCateringPatients04280_CorporateSupportServices_EstatesandAncillary_EstatesandFacilities-SFT,01/08/2024,1,0,
MPHCateringPatients04280_CorporateSupportServices_EstatesandAncillary_EstatesandFacilities-SFT,01/11/2024,1,1,
MPHCateringPatients04280_CorporateSupportServices_EstatesandAncillary_EstatesandFacilities-SFT,01/01/2025,1,0,
MPHCateringPatients04280_CorporateSupportServices_EstatesandAncillary_EstatesandFacilities-SFT,01/02/2025,0,2,
MPHCateringPatients04280_CorporateSupportServices_EstatesandAncillary_EstatesandFacilities-SFT,01/03/2025,1,1,
MSGMedicalStaffing21020_MedicalServices_NursingandMidwiferyRegistered_MedicalServicesManagementDEPT,01/01/2023,0,1,
MSKPhysiotherapy38250_ClinicalSupportandCancerServices_AdditionalClinicalServices_TherapiesDEPT,01/06/2022,0,1,
MSKPhysiotherapy38250_ClinicalSupportandCancerServices_AdditionalClinicalServices_TherapiesDEPT,01/08/2022,0,1,
MSKPhysiotherapy38250_ClinicalSupportandCancerServices_AdditionalClinicalServices_TherapiesDEPT,01/01/2023,0,1,
MSKPhysiotherapy38250_ClinicalSupportandCancerServices_AdditionalClinicalServices_TherapiesDEPT,01/10/2023,0,1,
MSKPhysiotherapy38250_ClinicalSupportandCancerServices_AdditionalClinicalServices_TherapiesDEPT,01/07/2024,0,2,
MSKPhysiotherapy38250_ClinicalSupportandCancerServices_AdditionalClinicalServices_TherapiesDEPT,01/09/2024,0,1,
MSKPhysiotherapy38250_ClinicalSupportandCancerServices_AdministrativeandClerical_TherapiesDEPT,01/07/2021,0,1,
MSKPhysiotherapy38250_ClinicalSupportandCancerServices_AdministrativeandClerical_TherapiesDEPT,01/11/2021,0,2,
MSKPhysiotherapy38250_ClinicalSupportandCancerServices_AdministrativeandClerical_TherapiesDEPT,01/12/2021,0,2,
MSKPhysiotherapy38250_ClinicalSupportandCancerServices_AdministrativeandClerical_TherapiesDEPT,01/01/2022,0,2,
MSKPhysiotherapy38250_ClinicalSupportandCancerServices_AdministrativeandClerical_TherapiesDEPT,01/02/2022,0,1,
MSKPhysiotherapy38250_ClinicalSupportandCancerServices_AdministrativeandClerical_TherapiesDEPT,01/04/2022,0,1,
MSKPhysiotherapy38250_ClinicalSupportandCancerServices_AdministrativeandClerical_TherapiesDEPT,01/06/2022,0,2,
MSKPhysiotherapy38250_ClinicalSupportandCancerServices_AdministrativeandClerical_TherapiesDEPT,01/08/2022,0,1,
MSKPhysiotherapy38250_ClinicalSupportandCancerServices_AdministrativeandClerical_TherapiesDEPT,01/10/2022,0,1,
MSKPhysiotherapy38250_ClinicalSupportandCancerServices_AdministrativeandClerical_TherapiesDEPT,01/01/2023,0,2,
MSKPhysiotherapy38250_ClinicalSupportandCancerServices_AdministrativeandClerical_TherapiesDEPT,01/02/2023,0,1,
MSKPhysiotherapy38250_ClinicalSupportandCancerServices_AdministrativeandClerical_TherapiesDEPT,01/06/2023,0,2,
MSKPhysiotherapy38250_ClinicalSupportandCancerServices_AdministrativeandClerical_TherapiesDEPT,01/10/2023,0,2,
MSKPhysiotherapy38250_ClinicalSupportandCancerServices_AdministrativeandClerical_TherapiesDEPT,01/02/2024,0,1,
MSKPhysiotherapy38250_ClinicalSupportandCancerServices_AdministrativeandClerical_TherapiesDEPT,01/03/2024,0,1,
MSKPhysiotherapy38250_ClinicalSupportandCancerServices_AdministrativeandClerical_TherapiesDEPT,01/05/2024,1,0,
MSKPhysiotherapy38250_ClinicalSupportandCancerServices_AdministrativeandClerical_TherapiesDEPT,01/07/2024,2,0,
MSKPhysiotherapy38250_ClinicalSupportandCancerServices_AdministrativeandClerical_TherapiesDEPT,01/12/2024,1,0,
MSKPhysiotherapy38250_ClinicalSupportandCancerServices_AdministrativeandClerical_TherapiesDEPT,01/01/2025,1,0,
MSKPhysiotherapy38250_ClinicalSupportandCancerServices_AdministrativeandClerical_TherapiesDEPT,01/03/2025,1,0,
MSKPhysiotherapy38250_ClinicalSupportandCancerServices_AdministrativeandClerical_TherapiesDEPT,01/04/2025,0,2,
MSKPhysiotherapy38250_ClinicalSupportandCancerServices_AlliedHealthProfessionals_TherapiesDEPT,01/05/2021,0,5,
MSKPhysiotherapy38250_ClinicalSupportandCancerServices_AlliedHealthProfessionals_TherapiesDEPT,01/08/2021,0,2,
MSKPhysiotherapy38250_ClinicalSupportandCancerServices_AlliedHealthProfessionals_TherapiesDEPT,01/09/2021,0,1,
MSKPhysiotherapy38250_ClinicalSupportandCancerServices_AlliedHealthProfessionals_TherapiesDEPT,01/10/2021,0,1,
MSKPhysiotherapy38250_ClinicalSupportandCancerServices_AlliedHealthProfessionals_TherapiesDEPT,01/12/2021,0,2,
MSKPhysiotherapy38250_ClinicalSupportandCancerServices_AlliedHealthProfessionals_TherapiesDEPT,01/01/2022,0,2,
MSKPhysiotherapy38250_ClinicalSupportandCancerServices_AlliedHealthProfessionals_TherapiesDEPT,01/03/2022,0,1,
MSKPhysiotherapy38250_ClinicalSupportandCancerServices_AlliedHealthProfessionals_TherapiesDEPT,01/05/2022,0,3,
MSKPhysiotherapy38250_ClinicalSupportandCancerServices_AlliedHealthProfessionals_TherapiesDEPT,01/07/2022,0,1,
MSKPhysiotherapy38250_ClinicalSupportandCancerServices_AlliedHealthProfessionals_TherapiesDEPT,01/08/2022,0,2,
MSKPhysiotherapy38250_ClinicalSupportandCancerServices_AlliedHealthProfessionals_TherapiesDEPT,01/09/2022,0,2,
MSKPhysiotherapy38250_ClinicalSupportandCancerServices_AlliedHealthProfessionals_TherapiesDEPT,01/10/2022,0,3,
MSKPhysiotherapy38250_ClinicalSupportandCancerServices_AlliedHealthProfessionals_TherapiesDEPT,01/01/2023,0,1,
MSKPhysiotherapy38250_ClinicalSupportandCancerServices_AlliedHealthProfessionals_TherapiesDEPT,01/02/2023,0,3,
MSKPhysiotherapy38250_ClinicalSupportandCancerServices_AlliedHealthProfessionals_TherapiesDEPT,01/07/2023,0,1,
MSKPhysiotherapy38250_ClinicalSupportandCancerServices_AlliedHealthProfessionals_TherapiesDEPT,01/09/2023,0,5,
MSKPhysiotherapy38250_ClinicalSupportandCancerServices_AlliedHealthProfessionals_TherapiesDEPT,01/10/2023,0,2,
MSKPhysiotherapy38250_ClinicalSupportandCancerServices_AlliedHealthProfessionals_TherapiesDEPT,01/11/2023,0,2,
MSKPhysiotherapy38250_ClinicalSupportandCancerServices_AlliedHealthProfessionals_TherapiesDEPT,01/01/2024,0,1,
MSKPhysiotherapy38250_ClinicalSupportandCancerServices_AlliedHealthProfessionals_TherapiesDEPT,01/02/2024,0,1,
MSKPhysiotherapy38250_ClinicalSupportandCancerServices_AlliedHealthProfessionals_TherapiesDEPT,01/04/2024,1,0,
MSKPhysiotherapy38250_ClinicalSupportandCancerServices_AlliedHealthProfessionals_TherapiesDEPT,01/05/2024,1,0,
MSKPhysiotherapy38250_ClinicalSupportandCancerServices_AlliedHealthProfessionals_TherapiesDEPT,01/06/2024,1,2,
MSKPhysiotherapy38250_ClinicalSupportandCancerServices_AlliedHealthProfessionals_TherapiesDEPT,01/07/2024,1,0,
MSKPhysiotherapy38250_ClinicalSupportandCancerServices_AlliedHealthProfessionals_TherapiesDEPT,01/08/2024,1,0,
MSKPhysiotherapy38250_ClinicalSupportandCancerServices_AlliedHealthProfessionals_TherapiesDEPT,01/11/2024,2,1,
MSKPhysiotherapy38250_ClinicalSupportandCancerServices_AlliedHealthProfessionals_TherapiesDEPT,01/12/2024,3,1,
MSKPhysiotherapy38250_ClinicalSupportandCancerServices_AlliedHealthProfessionals_TherapiesDEPT,01/02/2025,1,1,
MSKPhysiotherapy38250_ClinicalSupportandCancerServices_AlliedHealthProfessionals_TherapiesDEPT,01/03/2025,1,0,
MSKPhysiotherapy38250_ClinicalSupportandCancerServices_AlliedHealthProfessionals_TherapiesDEPT,01/04/2025,2,1,
MainOutpatient75769_SurgicalServices_AdditionalClinicalServices_Outpatients,01/03/2022,0,1,
MainOutpatient75769_SurgicalServices_AdditionalClinicalServices_Outpatients,01/02/2023,0,1,
MainOutpatient75769_SurgicalServices_AdditionalClinicalServices_Outpatients,01/03/2023,0,2,
MainOutpatient75769_SurgicalServices_AdditionalClinicalServices_Outpatients,01/04/2023,0,1,
MainOutpatient75769_SurgicalServices_AdditionalClinicalServices_Outpatients,01/09/2023,0,1,
MainOutpatient75769_SurgicalServices_AdditionalClinicalServices_Outpatients,01/06/2024,0,1,
MainOutpatient75769_SurgicalServices_AdditionalClinicalServices_Outpatients,01/07/2024,0,1,
MainOutpatient75769_SurgicalServices_NursingandMidwiferyRegistered_Outpatients,01/07/2023,0,1,
MainOutpatient75769_SurgicalServices_NursingandMidwiferyRegistered_Outpatients,01/04/2024,1,0,
MainOutpatient75769_SurgicalServices_NursingandMidwiferyRegistered_Outpatients,01/07/2024,1,1,
MainTheatres75824_SurgicalServices_AddProfScientificandTechnic_Theatres&DSC,01/05/2021,0,1,
MainTheatres75824_SurgicalServices_AddProfScientificandTechnic_Theatres&DSC,01/04/2024,1,0,
MainTheatres75824_SurgicalServices_AddProfScientificandTechnic_Theatres&DSC,01/06/2024,0,1,
MainTheatres75824_SurgicalServices_AdditionalClinicalServices_Theatres&DSC,01/12/2021,0,1,
MainTheatres75824_SurgicalServices_AdditionalClinicalServices_Theatres&DSC,01/02/2022,0,1,
MainTheatres75824_SurgicalServices_AdditionalClinicalServices_Theatres&DSC,01/03/2022,0,2,
MainTheatres75824_SurgicalServices_AdditionalClinicalServices_Theatres&DSC,01/10/2023,0,1,
MainTheatres75824_SurgicalServices_AdditionalClinicalServices_Theatres&DSC,01/12/2023,0,1,
MainTheatres75824_SurgicalServices_AdditionalClinicalServices_Theatres&DSC,01/01/2024,0,1,
MainTheatres75824_SurgicalServices_AdditionalClinicalServices_Theatres&DSC,01/05/2024,1,0,
MainTheatres75824_SurgicalServices_AdditionalClinicalServices_Theatres&DSC,01/06/2024,3,1,
MainTheatres75824_SurgicalServices_AdditionalClinicalServices_Theatres&DSC,01/07/2024,0,1,
MainTheatres75824_SurgicalServices_AdditionalClinicalServices_Theatres&DSC,01/08/2024,0,2,
MainTheatres75824_SurgicalServices_AdditionalClinicalServices_Theatres&DSC,01/09/2024,0,2,
MainTheatres75824_SurgicalServices_AdditionalClinicalServices_Theatres&DSC,01/01/2025,0,1,
MainTheatres75824_SurgicalServices_AdditionalClinicalServices_Theatres&DSC,01/03/2025,1,0,
MainTheatres75824_SurgicalServices_AlliedHealthProfessionals_Theatres&DSC,01/07/2022,0,1,
MainTheatres75824_SurgicalServices_AlliedHealthProfessionals_Theatres&DSC,01/04/2024,1,0,
MainTheatres75824_SurgicalServices_AlliedHealthProfessionals_Theatres&DSC,01/10/2024,0,3,
MainTheatres75824_SurgicalServices_AlliedHealthProfessionals_Theatres&DSC,01/03/2025,0,2,
MainTheatres75824_SurgicalServices_NursingandMidwiferyRegistered_Theatres&DSC,01/07/2021,0,2,
MainTheatres75824_SurgicalServices_NursingandMidwiferyRegistered_Theatres&DSC,01/11/2021,0,1,
MainTheatres75824_SurgicalServices_NursingandMidwiferyRegistered_Theatres&DSC,01/01/2022,0,1,
MainTheatres75824_SurgicalServices_NursingandMidwiferyRegistered_Theatres&DSC,01/12/2022,0,2,
MainTheatres75824_SurgicalServices_NursingandMidwiferyRegistered_Theatres&DSC,01/05/2023,0,1,
MainTheatres75824_SurgicalServices_NursingandMidwiferyRegistered_Theatres&DSC,01/01/2024,0,1,
MainTheatres75824_SurgicalServices_NursingandMidwiferyRegistered_Theatres&DSC,01/06/2024,1,1,
MainTheatres75824_SurgicalServices_NursingandMidwiferyRegistered_Theatres&DSC,01/10/2024,1,1,
MainTheatres75824_SurgicalServices_NursingandMidwiferyRegistered_Theatres&DSC,01/01/2025,1,1,
MainTheatres75824_SurgicalServices_NursingandMidwiferyRegistered_Theatres&DSC,01/04/2025,0,1,
MainTheatres75824_SurgicalServices_Students_Theatres&DSC,01/06/2021,0,1,
MainTheatres75824_SurgicalServices_Students_Theatres&DSC,01/08/2021,0,1,
MainTheatres75824_SurgicalServices_Students_Theatres&DSC,01/09/2021,0,1,
MainTheatres75824_SurgicalServices_Students_Theatres&DSC,01/10/2021,0,1,
MainTheatres75824_SurgicalServices_Students_Theatres&DSC,01/01/2022,0,1,
MainTheatres75824_SurgicalServices_Students_Theatres&DSC,01/02/2022,0,3,
MainTheatres75824_SurgicalServices_Students_Theatres&DSC,01/03/2022,0,1,
MainTheatres75824_SurgicalServices_Students_Theatres&DSC,01/06/2022,0,1,
MainTheatres75824_SurgicalServices_Students_Theatres&DSC,01/07/2022,0,1,
MainTheatres75824_SurgicalServices_Students_Theatres&DSC,01/08/2022,0,1,
MainTheatres75824_SurgicalServices_Students_Theatres&DSC,01/11/2022,0,2,
MainTheatres75824_SurgicalServices_Students_Theatres&DSC,01/02/2023,0,1,
MainTheatres75824_SurgicalServices_Students_Theatres&DSC,01/03/2023,0,1,
MainTheatres75824_SurgicalServices_Students_Theatres&DSC,01/06/2023,0,1,
MainTheatres75824_SurgicalServices_Students_Theatres&DSC,01/08/2023,0,1,
MainTheatres75824_SurgicalServices_Students_Theatres&DSC,01/10/2023,0,1,
MainTheatres75824_SurgicalServices_Students_Theatres&DSC,01/05/2024,0,1,
MainTheatres75824_SurgicalServices_Students_Theatres&DSC,01/10/2024,0,2,
MainTheatres75824_SurgicalServices_Students_Theatres&DSC,01/11/2024,0,3,
Mammography16009_SurgicalServices_AlliedHealthProfessionals_Breast,01/05/2024,0,1,
Mammography16009_SurgicalServices_AlliedHealthProfessionals_Breast,01/03/2025,0,1,
ManagementAccounts75406_CorporateSupportServices_AdministrativeandClerical_Finance,01/06/2021,0,2,
ManagementAccounts75406_CorporateSupportServices_AdministrativeandClerical_Finance,01/09/2021,0,1,
ManagementAccounts75406_CorporateSupportServices_AdministrativeandClerical_Finance,01/12/2021,0,9,
ManagementAccounts75406_CorporateSupportServices_AdministrativeandClerical_Finance,01/07/2022,0,1,
ManagementAccounts75406_CorporateSupportServices_AdministrativeandClerical_Finance,01/01/2023,0,1,
ManagementAccounts75406_CorporateSupportServices_AdministrativeandClerical_Finance,01/03/2024,0,1,
ManagementAccounts75406_CorporateSupportServices_AdministrativeandClerical_Finance,01/01/2025,1,1,
ManagementInformation75437_CorporateSupportServices_AdministrativeandClerical_Digital,01/09/2022,0,1,
ManagementInformation75437_CorporateSupportServices_AdministrativeandClerical_Digital,01/06/2024,0,1,
ManagementInformation75437_CorporateSupportServices_AdministrativeandClerical_Digital,01/12/2024,1,0,
ManagementOffice75305_CorporateSupportServices_AdministrativeandClerical_DirectorofCorporateServicesDEPT,01/09/2022,0,1,
ManagementOffice75305_CorporateSupportServices_AdministrativeandClerical_DirectorofCorporateServicesDEPT,01/01/2023,0,1,
MapleUnit75791_SurgicalServices_AdministrativeandClerical_Breast,01/09/2024,0,2,
MapleUnit75791_SurgicalServices_NursingandMidwiferyRegistered_Breast,01/12/2024,1,0,
MassVac-SchoolImms00068_NeighbourhoodServices_NursingandMidwiferyRegistered_MassVaccinationProgramme,01/09/2023,0,1,
MassVaccination-East00035_NeighbourhoodServices_AdditionalClinicalServices_MassVaccinationProgramme,01/08/2021,0,1,
MassVaccination-East00035_NeighbourhoodServices_AdditionalClinicalServices_MassVaccinationProgramme,01/11/2021,0,1,
MassVaccination-East00035_NeighbourhoodServices_AdditionalClinicalServices_MassVaccinationProgramme,01/05/2024,1,0,
MassVaccination-East00035_NeighbourhoodServices_AdditionalClinicalServices_MassVaccinationProgramme,01/12/2024,1,0,
MassVaccination-East00035_NeighbourhoodServices_AdditionalClinicalServices_MassVaccinationProgramme,01/01/2025,1,0,
MassVaccination-East00035_NeighbourhoodServices_AdditionalClinicalServices_MassVaccinationProgramme,01/02/2025,1,0,
MassVaccination-East00035_NeighbourhoodServices_AdditionalClinicalServices_MassVaccinationProgramme,01/04/2025,1,0,
MassVaccination-East00035_NeighbourhoodServices_AdministrativeandClerical_MassVaccinationProgramme,01/01/2022,0,1,
MassVaccination-East00035_NeighbourhoodServices_AdministrativeandClerical_MassVaccinationProgramme,01/12/2024,1,0,
MassVaccination-East00035_NeighbourhoodServices_AdministrativeandClerical_MassVaccinationProgramme,01/04/2025,1,0,
MassVaccination-East00035_NeighbourhoodServices_NursingandMidwiferyRegistered_MassVaccinationProgramme,01/09/2021,0,1,
MassVaccination-East00035_NeighbourhoodServices_NursingandMidwiferyRegistered_MassVaccinationProgramme,01/10/2021,0,1,
MassVaccination-East00035_NeighbourhoodServices_NursingandMidwiferyRegistered_MassVaccinationProgramme,01/11/2021,0,1,
MassVaccination-East00035_NeighbourhoodServices_NursingandMidwiferyRegistered_MassVaccinationProgramme,01/01/2022,0,1,
MassVaccination-East00035_NeighbourhoodServices_NursingandMidwiferyRegistered_MassVaccinationProgramme,01/02/2022,0,1,
MassVaccination-East00035_NeighbourhoodServices_NursingandMidwiferyRegistered_MassVaccinationProgramme,01/10/2022,0,1,
MassVaccination-East00035_NeighbourhoodServices_NursingandMidwiferyRegistered_MassVaccinationProgramme,01/01/2023,0,1,
MassVaccination-West00034_NeighbourhoodServices_AddProfScientificandTechnic_MassVaccinationProgramme,01/06/2021,0,1,
MassVaccination-West00034_NeighbourhoodServices_AddProfScientificandTechnic_MassVaccinationProgramme,01/09/2021,0,1,
MassVaccination-West00034_NeighbourhoodServices_AddProfScientificandTechnic_MassVaccinationProgramme,01/05/2022,0,1,
MassVaccination-West00034_NeighbourhoodServices_AddProfScientificandTechnic_MassVaccinationProgramme,01/04/2024,1,0,
MassVaccination-West00034_NeighbourhoodServices_AdditionalClinicalServices_MassVaccinationProgramme,01/05/2021,0,9,
MassVaccination-West00034_NeighbourhoodServices_AdditionalClinicalServices_MassVaccinationProgramme,01/06/2021,0,10,
MassVaccination-West00034_NeighbourhoodServices_AdditionalClinicalServices_MassVaccinationProgramme,01/07/2021,0,27,
MassVaccination-West00034_NeighbourhoodServices_AdditionalClinicalServices_MassVaccinationProgramme,01/08/2021,0,12,
MassVaccination-West00034_NeighbourhoodServices_AdditionalClinicalServices_MassVaccinationProgramme,01/09/2021,0,10,
MassVaccination-West00034_NeighbourhoodServices_AdditionalClinicalServices_MassVaccinationProgramme,01/10/2021,0,5,
MassVaccination-West00034_NeighbourhoodServices_AdditionalClinicalServices_MassVaccinationProgramme,01/11/2021,0,5,
MassVaccination-West00034_NeighbourhoodServices_AdditionalClinicalServices_MassVaccinationProgramme,01/12/2021,0,9,
MassVaccination-West00034_NeighbourhoodServices_AdditionalClinicalServices_MassVaccinationProgramme,01/01/2022,0,2,
MassVaccination-West00034_NeighbourhoodServices_AdditionalClinicalServices_MassVaccinationProgramme,01/02/2022,0,20,
MassVaccination-West00034_NeighbourhoodServices_AdditionalClinicalServices_MassVaccinationProgramme,01/03/2022,0,13,
MassVaccination-West00034_NeighbourhoodServices_AdditionalClinicalServices_MassVaccinationProgramme,01/04/2022,0,8,
MassVaccination-West00034_NeighbourhoodServices_AdditionalClinicalServices_MassVaccinationProgramme,01/05/2022,0,3,
MassVaccination-West00034_NeighbourhoodServices_AdditionalClinicalServices_MassVaccinationProgramme,01/06/2022,0,4,
MassVaccination-West00034_NeighbourhoodServices_AdditionalClinicalServices_MassVaccinationProgramme,01/07/2022,0,2,
MassVaccination-West00034_NeighbourhoodServices_AdditionalClinicalServices_MassVaccinationProgramme,01/08/2022,0,1,
MassVaccination-West00034_NeighbourhoodServices_AdditionalClinicalServices_MassVaccinationProgramme,01/09/2022,0,3,
MassVaccination-West00034_NeighbourhoodServices_AdditionalClinicalServices_MassVaccinationProgramme,01/10/2022,0,4,
MassVaccination-West00034_NeighbourhoodServices_AdditionalClinicalServices_MassVaccinationProgramme,01/04/2024,2,0,
MassVaccination-West00034_NeighbourhoodServices_AdditionalClinicalServices_MassVaccinationProgramme,01/05/2024,4,0,
MassVaccination-West00034_NeighbourhoodServices_AdditionalClinicalServices_MassVaccinationProgramme,01/06/2024,1,0,
MassVaccination-West00034_NeighbourhoodServices_AdditionalClinicalServices_MassVaccinationProgramme,01/07/2024,1,0,
MassVaccination-West00034_NeighbourhoodServices_AdditionalClinicalServices_MassVaccinationProgramme,01/08/2024,4,0,
MassVaccination-West00034_NeighbourhoodServices_AdditionalClinicalServices_MassVaccinationProgramme,01/09/2024,1,0,
MassVaccination-West00034_NeighbourhoodServices_AdditionalClinicalServices_MassVaccinationProgramme,01/10/2024,1,0,
MassVaccination-West00034_NeighbourhoodServices_AdditionalClinicalServices_MassVaccinationProgramme,01/11/2024,3,0,
MassVaccination-West00034_NeighbourhoodServices_AdditionalClinicalServices_MassVaccinationProgramme,01/12/2024,1,0,
MassVaccination-West00034_NeighbourhoodServices_AdditionalClinicalServices_MassVaccinationProgramme,01/01/2025,5,0,
MassVaccination-West00034_NeighbourhoodServices_AdditionalClinicalServices_MassVaccinationProgramme,01/02/2025,5,0,
MassVaccination-West00034_NeighbourhoodServices_AdditionalClinicalServices_MassVaccinationProgramme,01/03/2025,1,0,
MassVaccination-West00034_NeighbourhoodServices_AdministrativeandClerical_MassVaccinationProgramme,01/05/2021,0,9,
MassVaccination-West00034_NeighbourhoodServices_AdministrativeandClerical_MassVaccinationProgramme,01/06/2021,0,4,
MassVaccination-West00034_NeighbourhoodServices_AdministrativeandClerical_MassVaccinationProgramme,01/07/2021,0,5,
MassVaccination-West00034_NeighbourhoodServices_AdministrativeandClerical_MassVaccinationProgramme,01/09/2021,0,3,
MassVaccination-West00034_NeighbourhoodServices_AdministrativeandClerical_MassVaccinationProgramme,01/11/2021,0,2,
MassVaccination-West00034_NeighbourhoodServices_AdministrativeandClerical_MassVaccinationProgramme,01/12/2021,0,2,
MassVaccination-West00034_NeighbourhoodServices_AdministrativeandClerical_MassVaccinationProgramme,01/02/2022,0,4,
MassVaccination-West00034_NeighbourhoodServices_AdministrativeandClerical_MassVaccinationProgramme,01/03/2022,0,3,
MassVaccination-West00034_NeighbourhoodServices_AdministrativeandClerical_MassVaccinationProgramme,01/04/2022,0,3,
MassVaccination-West00034_NeighbourhoodServices_AdministrativeandClerical_MassVaccinationProgramme,01/05/2022,0,1,
MassVaccination-West00034_NeighbourhoodServices_AdministrativeandClerical_MassVaccinationProgramme,01/08/2022,0,1,
MassVaccination-West00034_NeighbourhoodServices_AdministrativeandClerical_MassVaccinationProgramme,01/09/2022,0,3,
MassVaccination-West00034_NeighbourhoodServices_AdministrativeandClerical_MassVaccinationProgramme,01/10/2022,0,4,
MassVaccination-West00034_NeighbourhoodServices_AdministrativeandClerical_MassVaccinationProgramme,01/11/2022,0,1,
MassVaccination-West00034_NeighbourhoodServices_AdministrativeandClerical_MassVaccinationProgramme,01/05/2024,1,0,
MassVaccination-West00034_NeighbourhoodServices_AdministrativeandClerical_MassVaccinationProgramme,01/09/2024,1,0,
MassVaccination-West00034_NeighbourhoodServices_AdministrativeandClerical_MassVaccinationProgramme,01/11/2024,2,0,
MassVaccination-West00034_NeighbourhoodServices_AdministrativeandClerical_MassVaccinationProgramme,01/12/2024,4,0,
MassVaccination-West00034_NeighbourhoodServices_AdministrativeandClerical_MassVaccinationProgramme,01/01/2025,0,1,
MassVaccination-West00034_NeighbourhoodServices_AdministrativeandClerical_MassVaccinationProgramme,01/02/2025,1,0,
MassVaccination-West00034_NeighbourhoodServices_AlliedHealthProfessionals_MassVaccinationProgramme,01/05/2021,0,3,
MassVaccination-West00034_NeighbourhoodServices_AlliedHealthProfessionals_MassVaccinationProgramme,01/07/2021,0,1,
MassVaccination-West00034_NeighbourhoodServices_AlliedHealthProfessionals_MassVaccinationProgramme,01/11/2021,0,1,
MassVaccination-West00034_NeighbourhoodServices_AlliedHealthProfessionals_MassVaccinationProgramme,01/02/2022,0,1,
MassVaccination-West00034_NeighbourhoodServices_AlliedHealthProfessionals_MassVaccinationProgramme,01/04/2024,1,0,
MassVaccination-West00034_NeighbourhoodServices_AlliedHealthProfessionals_MassVaccinationProgramme,01/05/2024,2,0,
MassVaccination-West00034_NeighbourhoodServices_AlliedHealthProfessionals_MassVaccinationProgramme,01/06/2024,1,0,
MassVaccination-West00034_NeighbourhoodServices_MedicalandDental_MassVaccinationProgramme,01/05/2021,0,1,
MassVaccination-West00034_NeighbourhoodServices_MedicalandDental_MassVaccinationProgramme,01/06/2021,0,3,
MassVaccination-West00034_NeighbourhoodServices_MedicalandDental_MassVaccinationProgramme,01/05/2024,2,0,
MassVaccination-West00034_NeighbourhoodServices_MedicalandDental_MassVaccinationProgramme,01/06/2024,4,0,
MassVaccination-West00034_NeighbourhoodServices_MedicalandDental_MassVaccinationProgramme,01/07/2024,1,0,
MassVaccination-West00034_NeighbourhoodServices_MedicalandDental_MassVaccinationProgramme,01/08/2024,2,0,
MassVaccination-West00034_NeighbourhoodServices_MedicalandDental_MassVaccinationProgramme,01/01/2025,2,0,
MassVaccination-West00034_NeighbourhoodServices_MedicalandDental_MassVaccinationProgramme,01/02/2025,3,0,
MassVaccination-West00034_NeighbourhoodServices_NursingandMidwiferyRegistered_MassVaccinationProgramme,01/05/2021,0,13,
MassVaccination-West00034_NeighbourhoodServices_NursingandMidwiferyRegistered_MassVaccinationProgramme,01/06/2021,0,6,
MassVaccination-West00034_NeighbourhoodServices_NursingandMidwiferyRegistered_MassVaccinationProgramme,01/07/2021,0,8,
MassVaccination-West00034_NeighbourhoodServices_NursingandMidwiferyRegistered_MassVaccinationProgramme,01/08/2021,0,5,
MassVaccination-West00034_NeighbourhoodServices_NursingandMidwiferyRegistered_MassVaccinationProgramme,01/09/2021,0,5,
MassVaccination-West00034_NeighbourhoodServices_NursingandMidwiferyRegistered_MassVaccinationProgramme,01/10/2021,0,9,
MassVaccination-West00034_NeighbourhoodServices_NursingandMidwiferyRegistered_MassVaccinationProgramme,01/11/2021,0,6,
MassVaccination-West00034_NeighbourhoodServices_NursingandMidwiferyRegistered_MassVaccinationProgramme,01/12/2021,0,2,
MassVaccination-West00034_NeighbourhoodServices_NursingandMidwiferyRegistered_MassVaccinationProgramme,01/01/2022,0,3,
MassVaccination-West00034_NeighbourhoodServices_NursingandMidwiferyRegistered_MassVaccinationProgramme,01/02/2022,0,6,
MassVaccination-West00034_NeighbourhoodServices_NursingandMidwiferyRegistered_MassVaccinationProgramme,01/03/2022,0,6,
MassVaccination-West00034_NeighbourhoodServices_NursingandMidwiferyRegistered_MassVaccinationProgramme,01/04/2022,0,3,
MassVaccination-West00034_NeighbourhoodServices_NursingandMidwiferyRegistered_MassVaccinationProgramme,01/05/2022,0,1,
MassVaccination-West00034_NeighbourhoodServices_NursingandMidwiferyRegistered_MassVaccinationProgramme,01/07/2022,0,2,
MassVaccination-West00034_NeighbourhoodServices_NursingandMidwiferyRegistered_MassVaccinationProgramme,01/08/2022,0,2,
MassVaccination-West00034_NeighbourhoodServices_NursingandMidwiferyRegistered_MassVaccinationProgramme,01/09/2022,0,1,
MassVaccination-West00034_NeighbourhoodServices_NursingandMidwiferyRegistered_MassVaccinationProgramme,01/10/2022,0,2,
MassVaccination-West00034_NeighbourhoodServices_NursingandMidwiferyRegistered_MassVaccinationProgramme,01/11/2022,0,1,
MassVaccination-West00034_NeighbourhoodServices_NursingandMidwiferyRegistered_MassVaccinationProgramme,01/09/2024,1,0,
MassVaccination-West00034_NeighbourhoodServices_NursingandMidwiferyRegistered_MassVaccinationProgramme,01/11/2024,1,0,
MassVaccination75311_NeighbourhoodServices_AdministrativeandClerical_MassVaccinationProgramme,01/09/2021,0,1,
MassVaccination75311_NeighbourhoodServices_AdministrativeandClerical_MassVaccinationProgramme,01/11/2024,1,0,
MassVaccinationMusgrove00033_NeighbourhoodServices_AdditionalClinicalServices_MassVaccinationProgramme,01/05/2021,0,1,
MassVaccinationMusgrove00033_NeighbourhoodServices_AdditionalClinicalServices_MassVaccinationProgramme,01/01/2022,0,1,
MassVaccinationMusgrove00033_NeighbourhoodServices_AdditionalClinicalServices_MassVaccinationProgramme,01/02/2022,0,2,
MassVaccinationMusgrove00033_NeighbourhoodServices_AdditionalClinicalServices_MassVaccinationProgramme,01/06/2022,0,1,
MassVaccinationMusgrove00033_NeighbourhoodServices_AdditionalClinicalServices_MassVaccinationProgramme,01/08/2024,2,0,
MassVaccinationMusgrove00033_NeighbourhoodServices_AdditionalClinicalServices_MassVaccinationProgramme,01/11/2024,1,0,
MassVaccinationMusgrove00033_NeighbourhoodServices_AdditionalClinicalServices_MassVaccinationProgramme,01/04/2025,2,0,
MassVaccinationMusgrove00033_NeighbourhoodServices_AdministrativeandClerical_MassVaccinationProgramme,01/06/2021,0,1,
MassVaccinationMusgrove00033_NeighbourhoodServices_AdministrativeandClerical_MassVaccinationProgramme,01/08/2021,0,1,
MassVaccinationMusgrove00033_NeighbourhoodServices_AdministrativeandClerical_MassVaccinationProgramme,01/09/2021,0,2,
MassVaccinationMusgrove00033_NeighbourhoodServices_AdministrativeandClerical_MassVaccinationProgramme,01/10/2021,0,1,
MassVaccinationMusgrove00033_NeighbourhoodServices_AdministrativeandClerical_MassVaccinationProgramme,01/12/2021,0,2,
MassVaccinationMusgrove00033_NeighbourhoodServices_AdministrativeandClerical_MassVaccinationProgramme,01/01/2022,0,4,
MassVaccinationMusgrove00033_NeighbourhoodServices_AdministrativeandClerical_MassVaccinationProgramme,01/06/2022,0,1,
MassVaccinationMusgrove00033_NeighbourhoodServices_AdministrativeandClerical_MassVaccinationProgramme,01/09/2022,0,1,
MassVaccinationMusgrove00033_NeighbourhoodServices_AdministrativeandClerical_MassVaccinationProgramme,01/05/2024,1,0,
MassVaccinationMusgrove00033_NeighbourhoodServices_AdministrativeandClerical_MassVaccinationProgramme,01/12/2024,2,0,
MassVaccinationMusgrove00033_NeighbourhoodServices_AdministrativeandClerical_MassVaccinationProgramme,01/02/2025,1,0,
MassVaccinationMusgrove00033_NeighbourhoodServices_AlliedHealthProfessionals_MassVaccinationProgramme,01/07/2021,0,1,
MassVaccinationYeovil00036_NeighbourhoodServices_NursingandMidwiferyRegistered_MassVaccinationProgramme,01/10/2021,0,1,
Maternity-Community45020_CYP&FamiliesServices_AdditionalClinicalServices_MaternityDEPT,01/09/2022,0,4,
Maternity-Community45020_CYP&FamiliesServices_AdditionalClinicalServices_MaternityDEPT,01/10/2022,0,1,
Maternity-Community45020_CYP&FamiliesServices_AdditionalClinicalServices_MaternityDEPT,01/02/2023,0,1,
Maternity-Community45020_CYP&FamiliesServices_AdditionalClinicalServices_MaternityDEPT,01/09/2023,0,1,
Maternity-Community45020_CYP&FamiliesServices_AdditionalClinicalServices_MaternityDEPT,01/01/2024,0,1,
Maternity-Community45020_CYP&FamiliesServices_NursingandMidwiferyRegistered_MaternityDEPT,01/07/2021,0,1,
Maternity-Community45020_CYP&FamiliesServices_NursingandMidwiferyRegistered_MaternityDEPT,01/01/2022,0,1,
Maternity-Community45020_CYP&FamiliesServices_NursingandMidwiferyRegistered_MaternityDEPT,01/05/2022,0,1,
Maternity-Community45020_CYP&FamiliesServices_NursingandMidwiferyRegistered_MaternityDEPT,01/05/2023,0,1,
Maternity-Community45020_CYP&FamiliesServices_NursingandMidwiferyRegistered_MaternityDEPT,01/09/2023,0,1,
Maternity-Community45020_CYP&FamiliesServices_NursingandMidwiferyRegistered_MaternityDEPT,01/10/2023,0,3,
Maternity-Community45020_CYP&FamiliesServices_NursingandMidwiferyRegistered_MaternityDEPT,01/11/2023,0,1,
Maternity-Community45020_CYP&FamiliesServices_NursingandMidwiferyRegistered_MaternityDEPT,01/01/2024,0,1,
MaternityAdminMPH49030_CYP&FamiliesServices_AdministrativeandClerical_MaternityDEPT,01/02/2022,0,1,
MaternityAdminMPH49030_CYP&FamiliesServices_AdministrativeandClerical_MaternityDEPT,01/06/2022,0,2,
MaternityAdminMPH49030_CYP&FamiliesServices_AdministrativeandClerical_MaternityDEPT,01/10/2022,0,1,
MaternityAdminMPH49030_CYP&FamiliesServices_AdministrativeandClerical_MaternityDEPT,01/01/2023,0,1,
MaternityAdminMPH49030_CYP&FamiliesServices_AdministrativeandClerical_MaternityDEPT,01/02/2023,0,2,
MaternityAdminMPH49030_CYP&FamiliesServices_AdministrativeandClerical_MaternityDEPT,01/10/2023,0,1,
MaternityAdminMPH49030_CYP&FamiliesServices_AdministrativeandClerical_MaternityDEPT,01/04/2025,1,0,
MaternityAdminYDH75744_CYP&FamiliesServices_AdministrativeandClerical_MaternityDEPT,01/09/2024,1,0,
MaxilloFacialMedStf12006_SurgicalServices_AddProfScientificandTechnic_MaxFax,01/06/2022,0,1,
MaxilloFacialMedStf12006_SurgicalServices_AddProfScientificandTechnic_MaxFax,01/08/2023,0,1,
MaxilloFacialMedStf12006_SurgicalServices_AdditionalClinicalServices_MaxFax,01/11/2021,0,1,
MaxilloFacialMedStf12006_SurgicalServices_AdditionalClinicalServices_MaxFax,01/05/2022,0,1,
MaxilloFacialMedStf12006_SurgicalServices_AdditionalClinicalServices_MaxFax,01/01/2024,0,2,
MaxilloFacialMedStf12006_SurgicalServices_AdditionalClinicalServices_MaxFax,01/10/2024,0,2,
MaxilloFacialMedStf12006_SurgicalServices_AdditionalClinicalServices_MaxFax,01/11/2024,1,0,
MaxilloFacialMedStf12006_SurgicalServices_AdditionalClinicalServices_MaxFax,01/12/2024,1,0,
MaxilloFacialMedStf12006_SurgicalServices_MedicalandDental_MaxFax,01/09/2021,0,3,
MaxilloFacialMedStf12006_SurgicalServices_MedicalandDental_MaxFax,01/01/2022,0,1,
MaxilloFacialMedStf12006_SurgicalServices_MedicalandDental_MaxFax,01/09/2022,0,4,
MaxilloFacialMedStf12006_SurgicalServices_MedicalandDental_MaxFax,01/10/2022,0,1,
MaxilloFacialMedStf12006_SurgicalServices_MedicalandDental_MaxFax,01/12/2022,0,1,
MaxilloFacialMedStf12006_SurgicalServices_MedicalandDental_MaxFax,01/09/2023,0,2,
MaxilloFacialMedStf12006_SurgicalServices_MedicalandDental_MaxFax,01/10/2023,0,2,
MaxilloFacialMedStf12006_SurgicalServices_MedicalandDental_MaxFax,01/11/2023,0,3,
MaxilloFacialMedStf12006_SurgicalServices_MedicalandDental_MaxFax,01/06/2024,2,0,
MaxilloFacialMedStf12006_SurgicalServices_MedicalandDental_MaxFax,01/07/2024,1,0,
MaxilloFacialMedStf12006_SurgicalServices_MedicalandDental_MaxFax,01/09/2024,1,8,
MaxilloFacialMedStf12006_SurgicalServices_NursingandMidwiferyRegistered_MaxFax,01/05/2022,0,1,
Med-CAMHS-EatingDisorders41010_CYP&FamiliesServices_MedicalandDental_CAMHSMedical,01/02/2025,1,0,
Med-CAMHS-SouthSomerset41050_CYP&FamiliesServices_MedicalandDental_CAMHSMedical,01/02/2025,1,0,
Med-CAMHS-Taunton41030_CYP&FamiliesServices_MedicalandDental_CAMHSMedical,01/03/2022,0,1,
Med-CAMHS-Taunton41030_CYP&FamiliesServices_MedicalandDental_CAMHSMedical,01/08/2022,0,1,
Med-CAMHS-Taunton41030_CYP&FamiliesServices_MedicalandDental_CAMHSMedical,01/09/2024,0,1,
Med-CAMHS-Taunton41030_CYP&FamiliesServices_MedicalandDental_CAMHSMedical,01/01/2025,0,1,
Med-WessexHouse41080_MentalHealthandLearningDisabilities_MedicalandDental_MedicalInpatients,01/02/2022,0,1,
Med-WessexHouse41080_MentalHealthandLearningDisabilities_MedicalandDental_MedicalInpatients,01/02/2023,0,1,
Med-WessexHouse41080_MentalHealthandLearningDisabilities_MedicalandDental_MedicalInpatients,01/02/2024,0,1,
Med-WessexHouse41080_MentalHealthandLearningDisabilities_MedicalandDental_MedicalInpatients,01/06/2024,1,0,
Med-WessexHouse41080_MentalHealthandLearningDisabilities_MedicalandDental_MedicalInpatients,01/07/2024,0,1,
MedCommHospInpCrewkerne21564_NeighbourhoodServices_MedicalandDental_CrewkerneCommunityHospital,01/01/2023,0,1,
MedCommHospInpCrewkerne21564_NeighbourhoodServices_NursingandMidwiferyRegistered_CrewkerneCommunityHospital,01/01/2024,0,1,
MedCommHospInpFrome21604_NeighbourhoodServices_NursingandMidwiferyRegistered_FromeCommunityHospital,01/04/2024,0,1,
MedCommHospInpWMendip21684_NeighbourhoodServices_MedicalandDental_WestMendipCommunityHospital,01/06/2023,0,1,
MedGenAdCommCMHTTaunton57112_MentalHealthandLearningDisabilities_MedicalandDental_MedicalCMHS,01/04/2022,0,1,
MedGenAdCommCMHTTaunton57112_MentalHealthandLearningDisabilities_MedicalandDental_MedicalCMHS,01/08/2024,0,1,
MedGenAdCommCMHTTaunton57112_MentalHealthandLearningDisabilities_MedicalandDental_MedicalCMHS,01/11/2024,0,1,
MedGenAdCommCMHTTaunton57112_MentalHealthandLearningDisabilities_NursingandMidwiferyRegistered_MedicalCMHS,01/01/2025,0,1,
MedGenAdCommEatingDis57212_MentalHealthandLearningDisabilities_MedicalandDental_MedicalSpecialist,01/04/2023,0,1,
MedGenAdInpRowanWard57213_MentalHealthandLearningDisabilities_MedicalandDental_MedicalInpatients,01/03/2024,0,1,
MedGenAdInpRydonWard157013_MentalHealthandLearningDisabilities_MedicalandDental_MedicalInpatients,01/10/2021,0,2,
MedGenAdInpRydonWard157013_MentalHealthandLearningDisabilities_MedicalandDental_MedicalInpatients,01/07/2022,0,1,
MedGenAdInpRydonWard157013_MentalHealthandLearningDisabilities_MedicalandDental_MedicalInpatients,01/02/2023,0,1,
MedGenAdInpRydonWard157013_MentalHealthandLearningDisabilities_MedicalandDental_MedicalInpatients,01/04/2024,1,1,
MedGenAdInpRydonWard157013_MentalHealthandLearningDisabilities_MedicalandDental_MedicalInpatients,01/06/2024,1,0,
MedGenAdInpRydonWard157013_MentalHealthandLearningDisabilities_MedicalandDental_MedicalInpatients,01/09/2024,0,1,
MedGenAdInpRydonWard157013_MentalHealthandLearningDisabilities_MedicalandDental_MedicalInpatients,01/01/2025,1,1,
MedGenAdInpRydonWard157013_MentalHealthandLearningDisabilities_MedicalandDental_MedicalInpatients,01/03/2025,1,0,
MedGenAdInpWillow57114_MentalHealthandLearningDisabilities_MedicalandDental_MedicalInpatients,01/11/2024,0,1,
MedGenAdInpWillow57114_MentalHealthandLearningDisabilities_MedicalandDental_MedicalInpatients,01/12/2024,1,0,
MedLiaisonPsychiatry57613_MentalHealthandLearningDisabilities_MedicalandDental_MedicalSpecialist,01/07/2022,0,1,
MedLiaisonPsychiatry57613_MentalHealthandLearningDisabilities_MedicalandDental_MedicalSpecialist,01/09/2023,0,1,
MedLiaisonPsychiatry57613_MentalHealthandLearningDisabilities_MedicalandDental_MedicalSpecialist,01/10/2024,1,0,
MedLiaisonPsychiatry57613_MentalHealthandLearningDisabilities_MedicalandDental_MedicalSpecialist,01/02/2025,0,1,
MedLiaisonPsychiatry57613_MentalHealthandLearningDisabilities_MedicalandDental_MedicalSpecialist,01/03/2025,0,1,
MedOPMHCommMendip262060_NeighbourhoodServices_MedicalandDental_MedicalDEPT,01/03/2023,0,1,
MedOPMHCommMendip262060_NeighbourhoodServices_MedicalandDental_MedicalDEPT,01/06/2023,0,1,
MedOPMHCommSedgemoor62050_NeighbourhoodServices_MedicalandDental_MedicalDEPT,01/07/2024,1,0,
MedOPMHCommSouthSom62090_NeighbourhoodServices_MedicalandDental_MedicalDEPT,01/03/2023,0,1,
MedOPMHInpPyrlandWard62070_MentalHealthandLearningDisabilities_MedicalandDental_MedicalInpatients,01/05/2021,0,2,
MedOPMHInpPyrlandWard62070_MentalHealthandLearningDisabilities_MedicalandDental_MedicalInpatients,01/08/2022,0,1,
MedOPMHInpPyrlandWard62070_MentalHealthandLearningDisabilities_MedicalandDental_MedicalInpatients,01/03/2023,0,1,
MedOPMHInpPyrlandWard62070_MentalHealthandLearningDisabilities_MedicalandDental_MedicalInpatients,01/08/2024,1,0,
MedOncMedicalStaff76228_ClinicalSupportandCancerServices_MedicalandDental_Oncology,01/06/2021,0,1,
MedOncMedicalStaff76228_ClinicalSupportandCancerServices_MedicalandDental_Oncology,01/08/2021,0,1,
MedOncMedicalStaff76228_ClinicalSupportandCancerServices_MedicalandDental_Oncology,01/11/2023,0,1,
MedStaff-AcutePhysicians76208DONOTUSE_MedicalServices_MedicalandDental_Acute/GeneralMedicineDEPT,01/07/2021,0,2,
MedStaff-AcutePhysicians76208DONOTUSE_MedicalServices_MedicalandDental_Acute/GeneralMedicineDEPT,01/12/2021,0,1,
MedStaff-AcutePhysicians76208DONOTUSE_MedicalServices_MedicalandDental_Acute/GeneralMedicineDEPT,01/05/2022,0,1,
MedStaff-AcutePhysicians76208DONOTUSE_MedicalServices_MedicalandDental_Acute/GeneralMedicineDEPT,01/07/2022,0,2,
MedStaff-AcutePhysicians76208DONOTUSE_MedicalServices_MedicalandDental_Acute/GeneralMedicineDEPT,01/07/2023,0,2,
MedStaff-AcutePhysicians76208DONOTUSE_MedicalServices_MedicalandDental_Acute/GeneralMedicineDEPT,01/03/2024,0,1,
MedStaff-AcutePhysicians76208DONOTUSE_MedicalServices_MedicalandDental_Acute/GeneralMedicineDEPT,01/07/2024,0,2,
MedicalCentralTeam00307_CorporateSupportServices_AdministrativeandClerical_MLTCentral,01/05/2024,1,0,
MedicalCentralTeam00307_CorporateSupportServices_HealthcareScientists_MLTCentral,01/07/2024,0,1,
MedicalCentralTeam00307_CorporateSupportServices_MedicalandDental_MLTCentral,01/05/2021,0,1,
MedicalCentralTeam00307_CorporateSupportServices_MedicalandDental_MLTCentral,01/10/2024,0,1,
MedicalCommunityMentalHealthService-Chard57312_MentalHealthandLearningDisabilities_MedicalandDental_MedicalCMHS,01/08/2021,0,7,
MedicalCommunityMentalHealthService-Chard57312_MentalHealthandLearningDisabilities_MedicalandDental_MedicalCMHS,01/08/2022,0,1,
MedicalCommunityMentalHealthService-Chard57312_MentalHealthandLearningDisabilities_MedicalandDental_MedicalCMHS,01/10/2022,0,1,
MedicalCommunityMentalHealthService-Chard57312_MentalHealthandLearningDisabilities_MedicalandDental_MedicalCMHS,01/01/2023,0,1,
MedicalCommunityMentalHealthService-Chard57312_MentalHealthandLearningDisabilities_MedicalandDental_MedicalCMHS,01/02/2023,0,1,
MedicalCommunityMentalHealthService-Chard57312_MentalHealthandLearningDisabilities_MedicalandDental_MedicalCMHS,01/08/2023,0,1,
MedicalCommunityMentalHealthService-Chard57312_MentalHealthandLearningDisabilities_MedicalandDental_MedicalCMHS,01/03/2024,0,1,
MedicalCommunityMentalHealthService-Chard57312_MentalHealthandLearningDisabilities_MedicalandDental_MedicalCMHS,01/08/2024,0,2,
MedicalCommunityMentalHealthService-Chard57312_MentalHealthandLearningDisabilities_MedicalandDental_MedicalCMHS,01/10/2024,0,1,
MedicalCommunityMentalHealthService-Chard57312_MentalHealthandLearningDisabilities_MedicalandDental_MedicalCMHS,01/11/2024,0,1,
MedicalCommunityMentalHealthService-Chard57312_MentalHealthandLearningDisabilities_MedicalandDental_MedicalCMHS,01/02/2025,0,1,
MedicalDayUnit20100_MedicalServices_AdditionalClinicalServices_MedicalDayCareDEPT,01/10/2021,0,2,
MedicalDayUnit20100_MedicalServices_AdditionalClinicalServices_MedicalDayCareDEPT,01/11/2021,0,2,
MedicalDayUnit20100_MedicalServices_AdditionalClinicalServices_MedicalDayCareDEPT,01/08/2022,0,1,
MedicalDayUnit20100_MedicalServices_AdditionalClinicalServices_MedicalDayCareDEPT,01/09/2022,0,1,
MedicalDayUnit20100_MedicalServices_AdditionalClinicalServices_MedicalDayCareDEPT,01/01/2023,0,1,
MedicalDayUnit20100_MedicalServices_AdditionalClinicalServices_MedicalDayCareDEPT,01/03/2023,0,1,
MedicalDayUnit20100_MedicalServices_AdditionalClinicalServices_MedicalDayCareDEPT,01/05/2023,0,1,
MedicalDayUnit20100_MedicalServices_AdditionalClinicalServices_MedicalDayCareDEPT,01/06/2023,0,1,
MedicalDayUnit20100_MedicalServices_AdministrativeandClerical_MedicalDayCareDEPT,01/11/2021,0,1,
MedicalDayUnit20100_MedicalServices_NursingandMidwiferyRegistered_MedicalDayCareDEPT,01/11/2021,0,1,
MedicalDayUnit20100_MedicalServices_NursingandMidwiferyRegistered_MedicalDayCareDEPT,01/01/2023,0,1,
MedicalDayUnit20100_MedicalServices_NursingandMidwiferyRegistered_MedicalDayCareDEPT,01/11/2023,0,1,
MedicalDirector75337_CorporateSupportServices_AddProfScientificandTechnic_MLTCentral,01/05/2022,0,1,
MedicalDirector75337_CorporateSupportServices_AddProfScientificandTechnic_MLTCentral,01/03/2023,0,2,
MedicalDirector75337_CorporateSupportServices_AddProfScientificandTechnic_MLTCentral,01/05/2023,0,1,
MedicalDirector75337_CorporateSupportServices_AddProfScientificandTechnic_MLTCentral,01/11/2023,0,1,
MedicalDirector75337_CorporateSupportServices_AddProfScientificandTechnic_MLTCentral,01/12/2023,0,1,
MedicalDirector75337_CorporateSupportServices_AddProfScientificandTechnic_MLTCentral,01/11/2024,1,0,
MedicalDirector75337_CorporateSupportServices_MedicalandDental_MLTCentral,01/02/2023,0,1,
MedicalDirector75337_CorporateSupportServices_MedicalandDental_MLTCentral,01/12/2023,0,2,
MedicalElectronics04310_CorporateSupportServices_AddProfScientificandTechnic_EstatesandFacilities-SFT,01/01/2022,0,1,
MedicalElectronics04310_CorporateSupportServices_AddProfScientificandTechnic_EstatesandFacilities-SFT,01/04/2022,0,1,
MedicalElectronics04310_CorporateSupportServices_AddProfScientificandTechnic_EstatesandFacilities-SFT,01/05/2022,0,2,
MedicalElectronics04310_CorporateSupportServices_AddProfScientificandTechnic_EstatesandFacilities-SFT,01/11/2023,0,1,
MedicalExaminer75459_CorporateSupportServices_MedicalandDental_MedicalExaminer,01/11/2021,0,1,
MedicalExaminers00311_CorporateSupportServices_MedicalandDental_MedicalExaminer,01/05/2021,0,1,
MedicalExaminers00311_CorporateSupportServices_MedicalandDental_MedicalExaminer,01/05/2022,0,2,
MedicalExaminers00311_CorporateSupportServices_MedicalandDental_MedicalExaminer,01/07/2022,0,1,
MedicalExaminers00311_CorporateSupportServices_MedicalandDental_MedicalExaminer,01/04/2024,0,1,
MedicalExaminers00311_CorporateSupportServices_MedicalandDental_MedicalExaminer,01/01/2025,1,0,
MedicalExaminers00311_CorporateSupportServices_MedicalandDental_MedicalExaminer,01/02/2025,1,1,
MedicalPhysics32100_ClinicalSupportandCancerServices_HealthcareScientists_MedicalImaging,01/10/2022,0,1,
MedicalPhysics32100_ClinicalSupportandCancerServices_HealthcareScientists_MedicalImaging,01/11/2022,0,4,
MedicalPhysics32100_ClinicalSupportandCancerServices_HealthcareScientists_MedicalImaging,01/01/2023,0,1,
MedicalPhysics32100_ClinicalSupportandCancerServices_HealthcareScientists_MedicalImaging,01/08/2023,0,2,
MedicalPhysics32100_ClinicalSupportandCancerServices_HealthcareScientists_MedicalImaging,01/01/2025,0,1,
MedicalPsychotherapyDay57012_MentalHealthandLearningDisabilities_MedicalandDental_MedicalSpecialist,01/08/2022,0,1,
MedicalRecords75438_CorporateSupportServices_AdministrativeandClerical_InformationGovernance,01/05/2021,0,2,
MedicalRecords75438_CorporateSupportServices_AdministrativeandClerical_InformationGovernance,01/02/2022,0,1,
MedicalRecords75438_CorporateSupportServices_AdministrativeandClerical_InformationGovernance,01/07/2022,0,1,
MedicalRecords75438_CorporateSupportServices_AdministrativeandClerical_InformationGovernance,01/08/2022,0,1,
MedicalRecords75438_CorporateSupportServices_AdministrativeandClerical_InformationGovernance,01/12/2022,0,1,
MedicalRecords75438_CorporateSupportServices_AdministrativeandClerical_InformationGovernance,01/10/2023,0,1,
MedicalRecords75438_CorporateSupportServices_AdministrativeandClerical_InformationGovernance,01/01/2024,0,1,
MedicalRecords75438_CorporateSupportServices_AdministrativeandClerical_InformationGovernance,01/05/2024,1,0,
MedicalRotaAdmin75419_CorporateSupportServices_AdministrativeandClerical_Resourcing,01/06/2021,0,1,
MedicalRotaAdmin75419_CorporateSupportServices_AdministrativeandClerical_Resourcing,01/10/2021,0,1,
MedicalRotaAdmin75419_CorporateSupportServices_AdministrativeandClerical_Resourcing,01/06/2022,0,1,
MedicalRotaAdmin75419_CorporateSupportServices_AdministrativeandClerical_Resourcing,01/01/2023,0,1,
MedicalServiceGrpManagement29000_MedicalServices_AdministrativeandClerical_MedicalServicesManagementDEPT,01/08/2021,0,1,
MedicalServiceGrpManagement29000_MedicalServices_AdministrativeandClerical_MedicalServicesManagementDEPT,01/11/2021,0,1,
MedicalServiceGrpManagement29000_MedicalServices_AdministrativeandClerical_MedicalServicesManagementDEPT,01/04/2022,0,1,
MedicalServiceGrpManagement29000_MedicalServices_AdministrativeandClerical_MedicalServicesManagementDEPT,01/05/2022,0,1,
MedicalServiceGrpManagement29000_MedicalServices_AdministrativeandClerical_MedicalServicesManagementDEPT,01/06/2022,0,1,
MedicalServiceGrpManagement29000_MedicalServices_AdministrativeandClerical_MedicalServicesManagementDEPT,01/10/2022,0,2,
MedicalServiceGrpManagement29000_MedicalServices_AdministrativeandClerical_MedicalServicesManagementDEPT,01/11/2022,0,3,
MedicalServiceGrpManagement29000_MedicalServices_AdministrativeandClerical_MedicalServicesManagementDEPT,01/12/2022,0,1,
MedicalServiceGrpManagement29000_MedicalServices_AdministrativeandClerical_MedicalServicesManagementDEPT,01/01/2023,0,1,
MedicalServiceGrpManagement29000_MedicalServices_AdministrativeandClerical_MedicalServicesManagementDEPT,01/05/2023,0,1,
MedicalServiceGrpManagement29000_MedicalServices_AdministrativeandClerical_MedicalServicesManagementDEPT,01/06/2023,0,1,
MedicalServiceGrpManagement29000_MedicalServices_AdministrativeandClerical_MedicalServicesManagementDEPT,01/09/2023,0,1,
MedicalServiceGrpManagement29000_MedicalServices_AdministrativeandClerical_MedicalServicesManagementDEPT,01/10/2023,0,2,
MedicalServiceGrpManagement29000_MedicalServices_AdministrativeandClerical_MedicalServicesManagementDEPT,01/11/2023,0,1,
MedicalServiceGrpManagement29000_MedicalServices_AdministrativeandClerical_MedicalServicesManagementDEPT,01/12/2023,0,2,
MedicalServiceGrpManagement29000_MedicalServices_AdministrativeandClerical_MedicalServicesManagementDEPT,01/03/2024,0,1,
MedicalServiceGrpManagement29000_MedicalServices_AdministrativeandClerical_MedicalServicesManagementDEPT,01/04/2024,1,1,
MedicalServiceGrpManagement29000_MedicalServices_AdministrativeandClerical_MedicalServicesManagementDEPT,01/06/2024,2,0,
MedicalServiceGrpManagement29000_MedicalServices_AdministrativeandClerical_MedicalServicesManagementDEPT,01/07/2024,0,1,
MedicalServiceGrpManagement29000_MedicalServices_AdministrativeandClerical_MedicalServicesManagementDEPT,01/09/2024,0,1,
MedicalServiceGrpManagement29000_MedicalServices_AdministrativeandClerical_MedicalServicesManagementDEPT,01/11/2024,1,0,
MedicalServiceGrpManagement29000_MedicalServices_AdministrativeandClerical_MedicalServicesManagementDEPT,01/12/2024,2,0,
MedicalServiceGrpManagement29000_MedicalServices_AdministrativeandClerical_MedicalServicesManagementDEPT,01/01/2025,1,0,
MedicalServiceGrpManagement29000_MedicalServices_AdministrativeandClerical_MedicalServicesManagementDEPT,01/02/2025,0,3,
MedicalServiceGrpManagement29000_MedicalServices_MedicalandDental_MedicalServicesManagementDEPT,01/07/2024,1,0,
MedicalSpecCommRehab57816_MentalHealthandLearningDisabilities_MedicalandDental_MedicalSpecialist,01/11/2024,0,1,
MedicalSpecCommRehab57816_MentalHealthandLearningDisabilities_MedicalandDental_MedicalSpecialist,01/12/2024,1,0,
MedicalSpecialitiesAdmin-SOM21106_MedicalServices_AdministrativeandClerical_Endocrinology,01/02/2025,0,1,
MedicalSpecialitiesAdmin-SOM21106_MedicalServices_AdministrativeandClerical_Endocrinology,01/04/2025,0,1,
MedicalStaffBank00505_CorporateSupportServices_MedicalandDental_CentralDEPT,01/06/2021,0,1,
MedicalStaffBank00505_CorporateSupportServices_MedicalandDental_CentralDEPT,01/07/2021,0,4,
MedicalStaffBank00505_CorporateSupportServices_MedicalandDental_CentralDEPT,01/08/2021,0,4,
MedicalStaffBank00505_CorporateSupportServices_MedicalandDental_CentralDEPT,01/09/2021,0,2,
MedicalStaffBank00505_CorporateSupportServices_MedicalandDental_CentralDEPT,01/10/2021,0,4,
MedicalStaffBank00505_CorporateSupportServices_MedicalandDental_CentralDEPT,01/11/2021,0,2,
MedicalStaffBank00505_CorporateSupportServices_MedicalandDental_CentralDEPT,01/12/2021,0,3,
MedicalStaffBank00505_CorporateSupportServices_MedicalandDental_CentralDEPT,01/01/2022,0,1,
MedicalStaffBank00505_CorporateSupportServices_MedicalandDental_CentralDEPT,01/02/2022,0,4,
MedicalStaffBank00505_CorporateSupportServices_MedicalandDental_CentralDEPT,01/03/2022,0,1,
MedicalStaffBank00505_CorporateSupportServices_MedicalandDental_CentralDEPT,01/04/2022,0,1,
MedicalStaffBank00505_CorporateSupportServices_MedicalandDental_CentralDEPT,01/05/2022,0,3,
MedicalStaffBank00505_CorporateSupportServices_MedicalandDental_CentralDEPT,01/06/2022,0,4,
MedicalStaffBank00505_CorporateSupportServices_MedicalandDental_CentralDEPT,01/07/2022,0,6,
MedicalStaffBank00505_CorporateSupportServices_MedicalandDental_CentralDEPT,01/08/2022,0,15,
MedicalStaffBank00505_CorporateSupportServices_MedicalandDental_CentralDEPT,01/09/2022,0,16,
MedicalStaffBank00505_CorporateSupportServices_MedicalandDental_CentralDEPT,01/10/2022,0,4,
MedicalStaffBank00505_CorporateSupportServices_MedicalandDental_CentralDEPT,01/11/2022,0,1,
MedicalStaffBank00505_CorporateSupportServices_MedicalandDental_CentralDEPT,01/12/2022,0,3,
MedicalStaffBank00505_CorporateSupportServices_MedicalandDental_CentralDEPT,01/01/2023,0,2,
MedicalStaffBank00505_CorporateSupportServices_MedicalandDental_CentralDEPT,01/02/2023,0,5,
MedicalStaffBank00505_CorporateSupportServices_MedicalandDental_CentralDEPT,01/03/2023,0,2,
MedicalStaffBank00505_CorporateSupportServices_MedicalandDental_CentralDEPT,01/04/2023,0,3,
MedicalStaffBank00505_CorporateSupportServices_MedicalandDental_CentralDEPT,01/05/2023,0,2,
MedicalStaffBank00505_CorporateSupportServices_MedicalandDental_CentralDEPT,01/07/2023,0,3,
MedicalStaffBank00505_CorporateSupportServices_MedicalandDental_CentralDEPT,01/08/2023,0,13,
MedicalStaffBank00505_CorporateSupportServices_MedicalandDental_CentralDEPT,01/09/2023,0,11,
MedicalStaffBank00505_CorporateSupportServices_MedicalandDental_CentralDEPT,01/10/2023,0,4,
MedicalStaffBank00505_CorporateSupportServices_MedicalandDental_CentralDEPT,01/11/2023,0,5,
MedicalStaffBank00505_CorporateSupportServices_MedicalandDental_CentralDEPT,01/12/2023,0,7,
MedicalStaffBank00505_CorporateSupportServices_MedicalandDental_CentralDEPT,01/01/2024,0,6,
MedicalStaffBank00505_CorporateSupportServices_MedicalandDental_CentralDEPT,01/02/2024,0,4,
MedicalStaffBank00505_CorporateSupportServices_MedicalandDental_CentralDEPT,01/03/2024,0,8,
MedicalStaffBank00505_CorporateSupportServices_MedicalandDental_CentralDEPT,01/04/2024,1,7,
MedicalStaffBank00505_CorporateSupportServices_MedicalandDental_CentralDEPT,01/05/2024,1,4,
MedicalStaffBank00505_CorporateSupportServices_MedicalandDental_CentralDEPT,01/06/2024,0,4,
MedicalStaffBank00505_CorporateSupportServices_MedicalandDental_CentralDEPT,01/07/2024,0,9,
MedicalStaffBank00505_CorporateSupportServices_MedicalandDental_CentralDEPT,01/08/2024,2,34,
MedicalStaffBank00505_CorporateSupportServices_MedicalandDental_CentralDEPT,01/09/2024,6,18,
MedicalStaffBank00505_CorporateSupportServices_MedicalandDental_CentralDEPT,01/10/2024,6,11,
MedicalStaffBank00505_CorporateSupportServices_MedicalandDental_CentralDEPT,01/11/2024,1,8,
MedicalStaffBank00505_CorporateSupportServices_MedicalandDental_CentralDEPT,01/12/2024,0,11,
MedicalStaffBank00505_CorporateSupportServices_MedicalandDental_CentralDEPT,01/01/2025,6,9,
MedicalStaffBank00505_CorporateSupportServices_MedicalandDental_CentralDEPT,01/02/2025,3,16,
MedicalStaffBank00505_CorporateSupportServices_MedicalandDental_CentralDEPT,01/03/2025,1,11,
MedicalStaffBank00505_CorporateSupportServices_MedicalandDental_CentralDEPT,01/04/2025,1,16,
MedicalSupportWorkers02069_CorporateSupportServices_AddProfScientificandTechnic_TrustwideSchemes,01/09/2021,0,11,
MedicalSupportWorkers02069_CorporateSupportServices_AddProfScientificandTechnic_TrustwideSchemes,01/10/2021,0,13,
MedicalSupportWorkers02069_CorporateSupportServices_AddProfScientificandTechnic_TrustwideSchemes,01/11/2021,0,3,
MedicalWorkforce02006_CorporateSupportServices_AdministrativeandClerical_Resourcing,01/06/2021,0,1,
MedicalWorkforce02006_CorporateSupportServices_AdministrativeandClerical_Resourcing,01/07/2021,0,2,
MedicalWorkforce02006_CorporateSupportServices_AdministrativeandClerical_Resourcing,01/11/2021,0,4,
MedicalWorkforce02006_CorporateSupportServices_AdministrativeandClerical_Resourcing,01/12/2021,0,1,
MedicalWorkforce02006_CorporateSupportServices_AdministrativeandClerical_Resourcing,01/01/2022,0,1,
MedicalWorkforce02006_CorporateSupportServices_AdministrativeandClerical_Resourcing,01/11/2022,0,2,
MedicalWorkforce02006_CorporateSupportServices_AdministrativeandClerical_Resourcing,01/02/2023,0,1,
MedicalWorkforce02006_CorporateSupportServices_AdministrativeandClerical_Resourcing,01/04/2023,0,1,
MedicalWorkforce02006_CorporateSupportServices_AdministrativeandClerical_Resourcing,01/11/2023,0,2,
MedicalWorkforce02006_CorporateSupportServices_AdministrativeandClerical_Resourcing,01/06/2024,1,1,
MedicalWorkforce02006_CorporateSupportServices_AdministrativeandClerical_Resourcing,01/07/2024,1,0,
MedicalWorkforce02006_CorporateSupportServices_AdministrativeandClerical_Resourcing,01/09/2024,1,0,
MedicalWorkforce02006_CorporateSupportServices_AdministrativeandClerical_Resourcing,01/11/2024,1,0,
MedicalWorkforce02006_CorporateSupportServices_AdministrativeandClerical_Resourcing,01/01/2025,1,0,
MedicalWorkforce02006_CorporateSupportServices_AdministrativeandClerical_Resourcing,01/02/2025,2,0,
MedicineWard7A76282_MedicalServices_AdditionalClinicalServices_Acute/GeneralMedicineDEPT,01/04/2022,0,1,
MedicineWard7A76282_MedicalServices_AdditionalClinicalServices_Acute/GeneralMedicineDEPT,01/09/2022,0,1,
MedicineWard7A76282_MedicalServices_AdditionalClinicalServices_Acute/GeneralMedicineDEPT,01/10/2022,0,1,
MedicineWard7A76282_MedicalServices_AdditionalClinicalServices_Acute/GeneralMedicineDEPT,01/01/2023,0,2,
MedicineWard7A76282_MedicalServices_AdditionalClinicalServices_Acute/GeneralMedicineDEPT,01/03/2023,0,1,
MedicineWard7A76282_MedicalServices_AdditionalClinicalServices_Acute/GeneralMedicineDEPT,01/10/2023,0,1,
MedicineWard7A76282_MedicalServices_AdditionalClinicalServices_Acute/GeneralMedicineDEPT,01/12/2023,0,1,
MedicineWard7A76282_MedicalServices_AdditionalClinicalServices_Acute/GeneralMedicineDEPT,01/04/2024,0,2,
MedicineWard7A76282_MedicalServices_AdditionalClinicalServices_Acute/GeneralMedicineDEPT,01/05/2024,3,0,
MedicineWard7A76282_MedicalServices_AdditionalClinicalServices_Acute/GeneralMedicineDEPT,01/06/2024,1,1,
MedicineWard7A76282_MedicalServices_AdditionalClinicalServices_Acute/GeneralMedicineDEPT,01/02/2025,1,0,
MedicineWard7A76282_MedicalServices_NursingandMidwiferyRegistered_Acute/GeneralMedicineDEPT,01/07/2021,0,1,
MedicineWard7A76282_MedicalServices_NursingandMidwiferyRegistered_Acute/GeneralMedicineDEPT,01/01/2024,0,1,
MedicineWard7A76282_MedicalServices_NursingandMidwiferyRegistered_Acute/GeneralMedicineDEPT,01/02/2025,1,0,
MedicineWard7A76282_MedicalServices_Students_Acute/GeneralMedicineDEPT,01/05/2021,0,2,
MedicineWard7A76282_MedicalServices_Students_Acute/GeneralMedicineDEPT,01/09/2021,0,1,
MedicineWard7A76282_MedicalServices_Students_Acute/GeneralMedicineDEPT,01/10/2021,0,1,
MedicineWard7A76282_MedicalServices_Students_Acute/GeneralMedicineDEPT,01/11/2021,0,1,
MedicineWard7A76282_MedicalServices_Students_Acute/GeneralMedicineDEPT,01/02/2022,0,1,
MedicineWard7A76282_MedicalServices_Students_Acute/GeneralMedicineDEPT,01/03/2022,0,1,
MedicineWard7A76282_MedicalServices_Students_Acute/GeneralMedicineDEPT,01/04/2022,0,2,
MedicineWard7A76282_MedicalServices_Students_Acute/GeneralMedicineDEPT,01/10/2022,0,2,
MedicineWard7A76282_MedicalServices_Students_Acute/GeneralMedicineDEPT,01/02/2023,0,2,
MedicineWard7A76282_MedicalServices_Students_Acute/GeneralMedicineDEPT,01/03/2023,0,2,
MedicineWard7A76282_MedicalServices_Students_Acute/GeneralMedicineDEPT,01/08/2023,0,1,
MedicineWard7A76282_MedicalServices_Students_Acute/GeneralMedicineDEPT,01/10/2023,0,1,
MedicineWard7A76282_MedicalServices_Students_Acute/GeneralMedicineDEPT,01/11/2023,0,1,
MedicineWard7A76282_MedicalServices_Students_Acute/GeneralMedicineDEPT,01/04/2024,0,1,
MedicineWard7A76282_MedicalServices_Students_Acute/GeneralMedicineDEPT,01/05/2024,0,1,
MedicineWard8A76280_MedicalServices_AdditionalClinicalServices_Cardiology,01/05/2021,0,1,
MedicineWard8A76280_MedicalServices_AdditionalClinicalServices_Cardiology,01/06/2021,0,1,
MedicineWard8A76280_MedicalServices_AdditionalClinicalServices_Cardiology,01/09/2021,0,1,
MedicineWard8A76280_MedicalServices_AdditionalClinicalServices_Cardiology,01/10/2021,0,2,
MedicineWard8A76280_MedicalServices_AdditionalClinicalServices_Cardiology,01/02/2022,0,1,
MedicineWard8A76280_MedicalServices_AdditionalClinicalServices_Cardiology,01/03/2022,0,2,
MedicineWard8A76280_MedicalServices_AdditionalClinicalServices_Cardiology,01/04/2022,0,2,
MedicineWard8A76280_MedicalServices_AdditionalClinicalServices_Cardiology,01/05/2022,0,3,
MedicineWard8A76280_MedicalServices_AdditionalClinicalServices_Cardiology,01/06/2022,0,2,
MedicineWard8A76280_MedicalServices_AdditionalClinicalServices_Cardiology,01/09/2022,0,3,
MedicineWard8A76280_MedicalServices_AdditionalClinicalServices_Cardiology,01/01/2023,0,1,
MedicineWard8A76280_MedicalServices_AdditionalClinicalServices_Cardiology,01/09/2023,0,1,
MedicineWard8A76280_MedicalServices_AdditionalClinicalServices_Cardiology,01/02/2024,0,2,
MedicineWard8A76280_MedicalServices_NursingandMidwiferyRegistered_Cardiology,01/09/2022,0,1,
MedicineWard8A76280_MedicalServices_NursingandMidwiferyRegistered_Cardiology,01/11/2022,0,1,
MedicineWard8A76280_MedicalServices_NursingandMidwiferyRegistered_Cardiology,01/03/2023,0,1,
MedicineWard8A76280_MedicalServices_NursingandMidwiferyRegistered_Cardiology,01/11/2023,0,1,
MedicineWard8A76280_MedicalServices_NursingandMidwiferyRegistered_Cardiology,01/07/2024,2,0,
MedicineWard8A76280_MedicalServices_NursingandMidwiferyRegistered_Cardiology,01/04/2025,1,0,
MedicineWard8A76280_MedicalServices_Students_Cardiology,01/05/2021,0,1,
MedicineWard8A76280_MedicalServices_Students_Cardiology,01/07/2021,0,1,
MedicineWard8A76280_MedicalServices_Students_Cardiology,01/11/2021,0,1,
MedicineWard8A76280_MedicalServices_Students_Cardiology,01/12/2021,0,1,
MedicineWard8A76280_MedicalServices_Students_Cardiology,01/02/2022,0,1,
MedicineWard8A76280_MedicalServices_Students_Cardiology,01/03/2022,0,1,
MedicineWard8A76280_MedicalServices_Students_Cardiology,01/08/2022,0,1,
MedicineWard8A76280_MedicalServices_Students_Cardiology,01/10/2022,0,1,
MedicineWard8A76280_MedicalServices_Students_Cardiology,01/02/2023,0,1,
MedicineWard8A76280_MedicalServices_Students_Cardiology,01/03/2023,0,1,
MedicineWard8A76280_MedicalServices_Students_Cardiology,01/08/2023,0,1,
MedicineWard8A76280_MedicalServices_Students_Cardiology,01/10/2023,0,1,
MedicineWard8A76280_MedicalServices_Students_Cardiology,01/04/2024,0,1,
MedicineWard9A76281_MedicalServices_AdditionalClinicalServices_Respiratory,01/06/2021,0,1,
MedicineWard9A76281_MedicalServices_AdditionalClinicalServices_Respiratory,01/09/2021,0,1,
MedicineWard9A76281_MedicalServices_AdditionalClinicalServices_Respiratory,01/06/2022,0,1,
MedicineWard9A76281_MedicalServices_AdditionalClinicalServices_Respiratory,01/10/2022,0,1,
MedicineWard9A76281_MedicalServices_AdditionalClinicalServices_Respiratory,01/06/2023,0,2,
MedicineWard9A76281_MedicalServices_AdditionalClinicalServices_Respiratory,01/12/2023,0,1,
MedicineWard9A76281_MedicalServices_AdditionalClinicalServices_Respiratory,01/05/2024,1,0,
MedicineWard9A76281_MedicalServices_AdditionalClinicalServices_Respiratory,01/09/2024,1,0,
MedicineWard9A76281_MedicalServices_NursingandMidwiferyRegistered_Respiratory,01/06/2021,0,1,
MedicineWard9A76281_MedicalServices_NursingandMidwiferyRegistered_Respiratory,01/09/2022,0,2,
MedicineWard9A76281_MedicalServices_NursingandMidwiferyRegistered_Respiratory,01/04/2024,0,1,
MedicineWard9A76281_MedicalServices_NursingandMidwiferyRegistered_Respiratory,01/12/2024,1,1,
MedicineWard9A76281_MedicalServices_Students_Respiratory,01/10/2021,0,1,
MedicineWard9A76281_MedicalServices_Students_Respiratory,01/01/2022,0,1,
MedicineWard9A76281_MedicalServices_Students_Respiratory,01/03/2022,0,1,
MedicineWard9A76281_MedicalServices_Students_Respiratory,01/05/2022,0,1,
MedicineWard9A76281_MedicalServices_Students_Respiratory,01/06/2022,0,2,
MedicineWard9A76281_MedicalServices_Students_Respiratory,01/10/2022,0,1,
MedicineWard9A76281_MedicalServices_Students_Respiratory,01/11/2023,0,1,
MedicineWard9A76281_MedicalServices_Students_Respiratory,01/02/2024,0,1,
MedicineWard9A76281_MedicalServices_Students_Respiratory,01/05/2024,0,1,
MemoryAssessmentService68400_NeighbourhoodServices_NursingandMidwiferyRegistered_MemoryAssessmentServiceDEPT,01/11/2022,0,1,
MemoryAssessmentService68400_NeighbourhoodServices_NursingandMidwiferyRegistered_MemoryAssessmentServiceDEPT,01/07/2023,0,1,
MemoryAssessmentService68400_NeighbourhoodServices_NursingandMidwiferyRegistered_MemoryAssessmentServiceDEPT,01/09/2024,1,0,
MendipAssertiveOutreachTeam51200_MentalHealthandLearningDisabilities_AddProfScientificandTechnic_AOTEast,01/06/2022,0,1,
MendipAssertiveOutreachTeam51200_MentalHealthandLearningDisabilities_AdditionalClinicalServices_AOTEast,01/03/2025,1,0,
MendipAssertiveOutreachTeam51200_MentalHealthandLearningDisabilities_AlliedHealthProfessionals_AOTEast,01/08/2024,1,0,
MendipAssertiveOutreachTeam51200_MentalHealthandLearningDisabilities_NursingandMidwiferyRegistered_AOTEast,01/11/2021,0,1,
MendipAssertiveOutreachTeam51200_MentalHealthandLearningDisabilities_NursingandMidwiferyRegistered_AOTEast,01/10/2023,0,1,
MendipAssertiveOutreachTeam51200_MentalHealthandLearningDisabilities_NursingandMidwiferyRegistered_AOTEast,01/08/2024,1,0,
MendipCMHT51210_MentalHealthandLearningDisabilities_AddProfScientificandTechnic_CMHSEast,01/01/2024,0,3,
MendipCMHT51210_MentalHealthandLearningDisabilities_AddProfScientificandTechnic_CMHSEast,01/03/2024,0,1,
MendipCMHT51210_MentalHealthandLearningDisabilities_AddProfScientificandTechnic_CMHSEast,01/06/2024,1,0,
MendipCMHT51210_MentalHealthandLearningDisabilities_AddProfScientificandTechnic_CMHSEast,01/02/2025,0,1,
MendipCMHT51210_MentalHealthandLearningDisabilities_AdditionalClinicalServices_CMHSEast,01/09/2021,0,1,
MendipCMHT51210_MentalHealthandLearningDisabilities_AdditionalClinicalServices_CMHSEast,01/10/2021,0,1,
MendipCMHT51210_MentalHealthandLearningDisabilities_AdditionalClinicalServices_CMHSEast,01/11/2021,0,1,
MendipCMHT51210_MentalHealthandLearningDisabilities_AdditionalClinicalServices_CMHSEast,01/09/2022,0,2,
MendipCMHT51210_MentalHealthandLearningDisabilities_AdditionalClinicalServices_CMHSEast,01/10/2022,0,2,
MendipCMHT51210_MentalHealthandLearningDisabilities_AdditionalClinicalServices_CMHSEast,01/12/2022,0,1,
MendipCMHT51210_MentalHealthandLearningDisabilities_AdditionalClinicalServices_CMHSEast,01/02/2023,0,1,
MendipCMHT51210_MentalHealthandLearningDisabilities_AdditionalClinicalServices_CMHSEast,01/09/2023,0,2,
MendipCMHT51210_MentalHealthandLearningDisabilities_AdditionalClinicalServices_CMHSEast,01/10/2023,0,1,
MendipCMHT51210_MentalHealthandLearningDisabilities_AdditionalClinicalServices_CMHSEast,01/02/2024,0,1,
MendipCMHT51210_MentalHealthandLearningDisabilities_AdditionalClinicalServices_CMHSEast,01/04/2024,0,1,
MendipCMHT51210_MentalHealthandLearningDisabilities_AdditionalClinicalServices_CMHSEast,01/11/2024,0,1,
MendipCMHT51210_MentalHealthandLearningDisabilities_AdditionalClinicalServices_CMHSEast,01/12/2024,1,0,
MendipCMHT51210_MentalHealthandLearningDisabilities_AdditionalClinicalServices_CMHSEast,01/03/2025,0,1,
MendipCMHT51210_MentalHealthandLearningDisabilities_AlliedHealthProfessionals_CMHSEast,01/04/2022,0,1,
MendipCMHT51210_MentalHealthandLearningDisabilities_AlliedHealthProfessionals_CMHSEast,01/02/2023,0,1,
MendipCMHT51210_MentalHealthandLearningDisabilities_NursingandMidwiferyRegistered_CMHSEast,01/01/2022,0,1,
MendipCMHT51210_MentalHealthandLearningDisabilities_NursingandMidwiferyRegistered_CMHSEast,01/08/2023,0,1,
MendipCMHT51210_MentalHealthandLearningDisabilities_NursingandMidwiferyRegistered_CMHSEast,01/02/2024,0,1,
MendipCMHT51210_MentalHealthandLearningDisabilities_NursingandMidwiferyRegistered_CMHSEast,01/05/2024,1,0,
MendipCrisisResolutionTeam52200_MentalHealthandLearningDisabilities_AddProfScientificandTechnic_UrgentCare&ForensicServs,01/03/2023,0,1,
MendipCrisisResolutionTeam52200_MentalHealthandLearningDisabilities_AdditionalClinicalServices_UrgentCare&ForensicServs,01/09/2021,0,1,
MendipCrisisResolutionTeam52200_MentalHealthandLearningDisabilities_AdditionalClinicalServices_UrgentCare&ForensicServs,01/07/2022,0,1,
MendipCrisisResolutionTeam52200_MentalHealthandLearningDisabilities_AdditionalClinicalServices_UrgentCare&ForensicServs,01/02/2023,0,1,
MendipCrisisResolutionTeam52200_MentalHealthandLearningDisabilities_AdditionalClinicalServices_UrgentCare&ForensicServs,01/10/2024,1,0,
MendipCrisisResolutionTeam52200_MentalHealthandLearningDisabilities_NursingandMidwiferyRegistered_UrgentCare&ForensicServs,01/08/2021,0,1,
MendipCrisisResolutionTeam52200_MentalHealthandLearningDisabilities_NursingandMidwiferyRegistered_UrgentCare&ForensicServs,01/11/2021,0,1,
MendipCrisisResolutionTeam52200_MentalHealthandLearningDisabilities_NursingandMidwiferyRegistered_UrgentCare&ForensicServs,01/04/2022,0,1,
MendipCrisisResolutionTeam52200_MentalHealthandLearningDisabilities_NursingandMidwiferyRegistered_UrgentCare&ForensicServs,01/10/2022,0,1,
MendipCrisisResolutionTeam52200_MentalHealthandLearningDisabilities_NursingandMidwiferyRegistered_UrgentCare&ForensicServs,01/09/2023,0,1,
MendipCrisisResolutionTeam52200_MentalHealthandLearningDisabilities_NursingandMidwiferyRegistered_UrgentCare&ForensicServs,01/03/2025,0,1,
MendipIntTeamAdminServices61212_NeighbourhoodServices_AdministrativeandClerical_IntegratedTeamMendip,01/06/2021,0,1,
MendipIntTeamAdminServices61212_NeighbourhoodServices_AdministrativeandClerical_IntegratedTeamMendip,01/04/2022,0,1,
MendipIntTeamAdminServices61212_NeighbourhoodServices_AdministrativeandClerical_IntegratedTeamMendip,01/07/2022,0,1,
MendipIntTeamAdminServices61212_NeighbourhoodServices_AdministrativeandClerical_IntegratedTeamMendip,01/08/2022,0,1,
MendipIntTeamAdminServices61212_NeighbourhoodServices_AdministrativeandClerical_IntegratedTeamMendip,01/06/2023,0,1,
MendipIntTeamAdminServices61212_NeighbourhoodServices_AdministrativeandClerical_IntegratedTeamMendip,01/09/2023,0,1,
MendipIntTeamAdminServices61212_NeighbourhoodServices_AdministrativeandClerical_IntegratedTeamMendip,01/11/2023,0,3,
MendipIntTeamAdminServices61212_NeighbourhoodServices_AdministrativeandClerical_IntegratedTeamMendip,01/11/2024,1,1,
MendipIntTeamAdminServices61212_NeighbourhoodServices_AdministrativeandClerical_IntegratedTeamMendip,01/12/2024,1,0,
MendipIntTeamAdminServices61212_NeighbourhoodServices_AdministrativeandClerical_IntegratedTeamMendip,01/02/2025,2,0,
MendipIntegratedRehabilitationCentral&West61602_NeighbourhoodServices_AdditionalClinicalServices_IntegratedTeamMendip,01/02/2022,0,1,
MendipIntegratedRehabilitationCentral&West61602_NeighbourhoodServices_AdditionalClinicalServices_IntegratedTeamMendip,01/05/2023,0,1,
MendipIntegratedRehabilitationCentral&West61602_NeighbourhoodServices_AdditionalClinicalServices_IntegratedTeamMendip,01/12/2023,0,1,
MendipIntegratedRehabilitationCentral&West61602_NeighbourhoodServices_AdditionalClinicalServices_IntegratedTeamMendip,01/11/2024,1,0,
MendipIntegratedRehabilitationCentral&West61602_NeighbourhoodServices_AdministrativeandClerical_IntegratedTeamMendip,01/12/2021,0,1,
MendipIntegratedRehabilitationCentral&West61602_NeighbourhoodServices_AlliedHealthProfessionals_IntegratedTeamMendip,01/11/2021,0,1,
MendipIntegratedRehabilitationCentral&West61602_NeighbourhoodServices_AlliedHealthProfessionals_IntegratedTeamMendip,01/05/2022,0,1,
MendipIntegratedRehabilitationCentral&West61602_NeighbourhoodServices_AlliedHealthProfessionals_IntegratedTeamMendip,01/09/2024,1,0,
MendipIntegratedRehabilitationEast61201_NeighbourhoodServices_AlliedHealthProfessionals_IntegratedTeamMendip,01/05/2021,0,1,
MendipOPMHTeam-West61603_NeighbourhoodServices_AdditionalClinicalServices_IntegratedTeamMendip,01/11/2021,0,1,
MendipOPMHTeam-West61603_NeighbourhoodServices_AdditionalClinicalServices_IntegratedTeamMendip,01/10/2023,0,1,
MendipOPMHTeam-West61603_NeighbourhoodServices_AdditionalClinicalServices_IntegratedTeamMendip,01/01/2024,0,1,
MendipOPMHTeam-West61603_NeighbourhoodServices_AlliedHealthProfessionals_IntegratedTeamMendip,01/11/2023,0,1,
MendipOPMHTeam-West61603_NeighbourhoodServices_NursingandMidwiferyRegistered_IntegratedTeamMendip,01/12/2021,0,1,
MendipOPMHTeam-West61603_NeighbourhoodServices_NursingandMidwiferyRegistered_IntegratedTeamMendip,01/03/2023,0,1,
MendipOPMHTeam-West61603_NeighbourhoodServices_NursingandMidwiferyRegistered_IntegratedTeamMendip,01/01/2024,0,1,
MendipOPMHTeam-West61603_NeighbourhoodServices_NursingandMidwiferyRegistered_IntegratedTeamMendip,01/05/2024,0,1,
MendipOlderPeople61204_NeighbourhoodServices_AdditionalClinicalServices_IntegratedTeamMendip,01/10/2022,0,1,
MendipOlderPeople61204_NeighbourhoodServices_NursingandMidwiferyRegistered_IntegratedTeamMendip,01/07/2024,0,2,
MendipOlderPeople61204_NeighbourhoodServices_NursingandMidwiferyRegistered_IntegratedTeamMendip,01/04/2025,0,1,
MendipOlderPeopleCMHTeam-East61206_NeighbourhoodServices_AdministrativeandClerical_IntegratedTeamMendip,01/07/2021,0,1,
MendipOlderPeopleCMHTeam-East61206_NeighbourhoodServices_AdministrativeandClerical_IntegratedTeamMendip,01/10/2021,0,1,
MentalHealthActAdministrationTeam00409_MentalHealthandLearningDisabilities_AdministrativeandClerical_MentalHealthActTeamDEPT,01/12/2024,1,0,
Merger&Alliance00147_CorporateSupportServices_AdministrativeandClerical_Merger&AllianceDEPT,01/01/2023,0,1,
MergersandAcquisitions75329_CorporateSupportServices_NursingandMidwiferyRegistered_Merger&AllianceDEPT,01/06/2021,0,1,
MidwiferyMPH45010_CYP&FamiliesServices_AdditionalClinicalServices_MaternityDEPT,01/08/2021,0,1,
MidwiferyMPH45010_CYP&FamiliesServices_AdditionalClinicalServices_MaternityDEPT,01/11/2021,0,1,
MidwiferyMPH45010_CYP&FamiliesServices_AdditionalClinicalServices_MaternityDEPT,01/04/2022,0,2,
MidwiferyMPH45010_CYP&FamiliesServices_AdditionalClinicalServices_MaternityDEPT,01/08/2022,0,1,
MidwiferyMPH45010_CYP&FamiliesServices_AdditionalClinicalServices_MaternityDEPT,01/01/2023,0,2,
MidwiferyMPH45010_CYP&FamiliesServices_AdditionalClinicalServices_MaternityDEPT,01/03/2023,0,2,
MidwiferyMPH45010_CYP&FamiliesServices_AdditionalClinicalServices_MaternityDEPT,01/07/2023,0,2,
MidwiferyMPH45010_CYP&FamiliesServices_AdditionalClinicalServices_MaternityDEPT,01/08/2023,0,2,
MidwiferyMPH45010_CYP&FamiliesServices_AdditionalClinicalServices_MaternityDEPT,01/11/2023,0,2,
MidwiferyMPH45010_CYP&FamiliesServices_AdditionalClinicalServices_MaternityDEPT,01/12/2023,0,2,
MidwiferyMPH45010_CYP&FamiliesServices_AdditionalClinicalServices_MaternityDEPT,01/01/2024,0,4,
MidwiferyMPH45010_CYP&FamiliesServices_AdditionalClinicalServices_MaternityDEPT,01/03/2024,0,1,
MidwiferyMPH45010_CYP&FamiliesServices_AdditionalClinicalServices_MaternityDEPT,01/05/2024,0,1,
MidwiferyMPH45010_CYP&FamiliesServices_AdditionalClinicalServices_MaternityDEPT,01/07/2024,1,1,
MidwiferyMPH45010_CYP&FamiliesServices_AdditionalClinicalServices_MaternityDEPT,01/08/2024,2,0,
MidwiferyMPH45010_CYP&FamiliesServices_AdditionalClinicalServices_MaternityDEPT,01/09/2024,1,0,
MidwiferyMPH45010_CYP&FamiliesServices_AdditionalClinicalServices_MaternityDEPT,01/10/2024,1,1,
MidwiferyMPH45010_CYP&FamiliesServices_AdditionalClinicalServices_MaternityDEPT,01/11/2024,1,0,
MidwiferyMPH45010_CYP&FamiliesServices_AdditionalClinicalServices_MaternityDEPT,01/12/2024,2,0,
MidwiferyMPH45010_CYP&FamiliesServices_AdditionalClinicalServices_MaternityDEPT,01/04/2025,2,0,
MidwiferyMPH45010_CYP&FamiliesServices_NursingandMidwiferyRegistered_MaternityDEPT,01/05/2021,0,3,
MidwiferyMPH45010_CYP&FamiliesServices_NursingandMidwiferyRegistered_MaternityDEPT,01/06/2021,0,1,
MidwiferyMPH45010_CYP&FamiliesServices_NursingandMidwiferyRegistered_MaternityDEPT,01/09/2021,0,3,
MidwiferyMPH45010_CYP&FamiliesServices_NursingandMidwiferyRegistered_MaternityDEPT,01/11/2021,0,4,
MidwiferyMPH45010_CYP&FamiliesServices_NursingandMidwiferyRegistered_MaternityDEPT,01/01/2022,0,4,
MidwiferyMPH45010_CYP&FamiliesServices_NursingandMidwiferyRegistered_MaternityDEPT,01/04/2022,0,8,
MidwiferyMPH45010_CYP&FamiliesServices_NursingandMidwiferyRegistered_MaternityDEPT,01/05/2022,0,1,
MidwiferyMPH45010_CYP&FamiliesServices_NursingandMidwiferyRegistered_MaternityDEPT,01/06/2022,0,2,
MidwiferyMPH45010_CYP&FamiliesServices_NursingandMidwiferyRegistered_MaternityDEPT,01/08/2022,0,1,
MidwiferyMPH45010_CYP&FamiliesServices_NursingandMidwiferyRegistered_MaternityDEPT,01/09/2022,0,4,
MidwiferyMPH45010_CYP&FamiliesServices_NursingandMidwiferyRegistered_MaternityDEPT,01/10/2022,0,2,
MidwiferyMPH45010_CYP&FamiliesServices_NursingandMidwiferyRegistered_MaternityDEPT,01/11/2022,0,4,
MidwiferyMPH45010_CYP&FamiliesServices_NursingandMidwiferyRegistered_MaternityDEPT,01/01/2023,0,5,
MidwiferyMPH45010_CYP&FamiliesServices_NursingandMidwiferyRegistered_MaternityDEPT,01/02/2023,0,1,
MidwiferyMPH45010_CYP&FamiliesServices_NursingandMidwiferyRegistered_MaternityDEPT,01/07/2023,0,1,
MidwiferyMPH45010_CYP&FamiliesServices_NursingandMidwiferyRegistered_MaternityDEPT,01/09/2023,0,1,
MidwiferyMPH45010_CYP&FamiliesServices_NursingandMidwiferyRegistered_MaternityDEPT,01/10/2023,0,8,
MidwiferyMPH45010_CYP&FamiliesServices_NursingandMidwiferyRegistered_MaternityDEPT,01/12/2023,0,1,
MidwiferyMPH45010_CYP&FamiliesServices_NursingandMidwiferyRegistered_MaternityDEPT,01/01/2024,0,1,
MidwiferyMPH45010_CYP&FamiliesServices_NursingandMidwiferyRegistered_MaternityDEPT,01/03/2024,0,2,
MidwiferyMPH45010_CYP&FamiliesServices_NursingandMidwiferyRegistered_MaternityDEPT,01/04/2024,0,1,
MidwiferyMPH45010_CYP&FamiliesServices_NursingandMidwiferyRegistered_MaternityDEPT,01/05/2024,1,1,
MidwiferyMPH45010_CYP&FamiliesServices_NursingandMidwiferyRegistered_MaternityDEPT,01/06/2024,1,0,
MidwiferyMPH45010_CYP&FamiliesServices_NursingandMidwiferyRegistered_MaternityDEPT,01/07/2024,1,0,
MidwiferyMPH45010_CYP&FamiliesServices_NursingandMidwiferyRegistered_MaternityDEPT,01/08/2024,1,0,
MidwiferyMPH45010_CYP&FamiliesServices_NursingandMidwiferyRegistered_MaternityDEPT,01/09/2024,1,0,
MidwiferyMPH45010_CYP&FamiliesServices_NursingandMidwiferyRegistered_MaternityDEPT,01/11/2024,4,1,
MidwiferyMPH45010_CYP&FamiliesServices_NursingandMidwiferyRegistered_MaternityDEPT,01/01/2025,0,2,
MidwiferyMPH45010_CYP&FamiliesServices_NursingandMidwiferyRegistered_MaternityDEPT,01/03/2025,2,0,
MidwiferyYDH75738_CYP&FamiliesServices_AdditionalClinicalServices_MaternityDEPT,01/07/2021,0,1,
MidwiferyYDH75738_CYP&FamiliesServices_AdditionalClinicalServices_MaternityDEPT,01/09/2021,0,3,
MidwiferyYDH75738_CYP&FamiliesServices_AdditionalClinicalServices_MaternityDEPT,01/10/2021,0,3,
MidwiferyYDH75738_CYP&FamiliesServices_AdditionalClinicalServices_MaternityDEPT,01/11/2021,0,1,
MidwiferyYDH75738_CYP&FamiliesServices_AdditionalClinicalServices_MaternityDEPT,01/01/2022,0,5,
MidwiferyYDH75738_CYP&FamiliesServices_AdditionalClinicalServices_MaternityDEPT,01/03/2022,0,1,
MidwiferyYDH75738_CYP&FamiliesServices_AdditionalClinicalServices_MaternityDEPT,01/07/2022,0,2,
MidwiferyYDH75738_CYP&FamiliesServices_AdditionalClinicalServices_MaternityDEPT,01/08/2022,0,1,
MidwiferyYDH75738_CYP&FamiliesServices_AdditionalClinicalServices_MaternityDEPT,01/01/2023,0,5,
MidwiferyYDH75738_CYP&FamiliesServices_AdditionalClinicalServices_MaternityDEPT,01/07/2024,1,0,
MidwiferyYDH75738_CYP&FamiliesServices_AdditionalClinicalServices_MaternityDEPT,01/09/2024,1,0,
MidwiferyYDH75738_CYP&FamiliesServices_AdditionalClinicalServices_MaternityDEPT,01/01/2025,0,1,
MidwiferyYDH75738_CYP&FamiliesServices_AdministrativeandClerical_MaternityDEPT,01/10/2021,0,1,
MidwiferyYDH75738_CYP&FamiliesServices_AdministrativeandClerical_MaternityDEPT,01/07/2022,0,1,
MidwiferyYDH75738_CYP&FamiliesServices_AdministrativeandClerical_MaternityDEPT,01/09/2024,1,0,
MidwiferyYDH75738_CYP&FamiliesServices_NursingandMidwiferyRegistered_MaternityDEPT,01/05/2021,0,3,
MidwiferyYDH75738_CYP&FamiliesServices_NursingandMidwiferyRegistered_MaternityDEPT,01/06/2021,0,4,
MidwiferyYDH75738_CYP&FamiliesServices_NursingandMidwiferyRegistered_MaternityDEPT,01/07/2021,0,1,
MidwiferyYDH75738_CYP&FamiliesServices_NursingandMidwiferyRegistered_MaternityDEPT,01/08/2021,0,1,
MidwiferyYDH75738_CYP&FamiliesServices_NursingandMidwiferyRegistered_MaternityDEPT,01/09/2021,0,2,
MidwiferyYDH75738_CYP&FamiliesServices_NursingandMidwiferyRegistered_MaternityDEPT,01/10/2021,0,4,
MidwiferyYDH75738_CYP&FamiliesServices_NursingandMidwiferyRegistered_MaternityDEPT,01/11/2021,0,2,
MidwiferyYDH75738_CYP&FamiliesServices_NursingandMidwiferyRegistered_MaternityDEPT,01/12/2021,0,1,
MidwiferyYDH75738_CYP&FamiliesServices_NursingandMidwiferyRegistered_MaternityDEPT,01/01/2022,0,4,
MidwiferyYDH75738_CYP&FamiliesServices_NursingandMidwiferyRegistered_MaternityDEPT,01/02/2022,0,1,
MidwiferyYDH75738_CYP&FamiliesServices_NursingandMidwiferyRegistered_MaternityDEPT,01/03/2022,0,1,
MidwiferyYDH75738_CYP&FamiliesServices_NursingandMidwiferyRegistered_MaternityDEPT,01/06/2022,0,1,
MidwiferyYDH75738_CYP&FamiliesServices_NursingandMidwiferyRegistered_MaternityDEPT,01/07/2022,0,2,
MidwiferyYDH75738_CYP&FamiliesServices_NursingandMidwiferyRegistered_MaternityDEPT,01/08/2022,0,2,
MidwiferyYDH75738_CYP&FamiliesServices_NursingandMidwiferyRegistered_MaternityDEPT,01/09/2022,0,2,
MidwiferyYDH75738_CYP&FamiliesServices_NursingandMidwiferyRegistered_MaternityDEPT,01/10/2022,0,7,
MidwiferyYDH75738_CYP&FamiliesServices_NursingandMidwiferyRegistered_MaternityDEPT,01/11/2022,0,2,
MidwiferyYDH75738_CYP&FamiliesServices_NursingandMidwiferyRegistered_MaternityDEPT,01/01/2023,0,1,
MidwiferyYDH75738_CYP&FamiliesServices_NursingandMidwiferyRegistered_MaternityDEPT,01/03/2023,0,2,
MidwiferyYDH75738_CYP&FamiliesServices_NursingandMidwiferyRegistered_MaternityDEPT,01/04/2023,0,1,
MidwiferyYDH75738_CYP&FamiliesServices_NursingandMidwiferyRegistered_MaternityDEPT,01/05/2023,0,2,
MidwiferyYDH75738_CYP&FamiliesServices_NursingandMidwiferyRegistered_MaternityDEPT,01/06/2023,0,1,
MidwiferyYDH75738_CYP&FamiliesServices_NursingandMidwiferyRegistered_MaternityDEPT,01/07/2023,0,2,
MidwiferyYDH75738_CYP&FamiliesServices_NursingandMidwiferyRegistered_MaternityDEPT,01/09/2023,0,1,
MidwiferyYDH75738_CYP&FamiliesServices_NursingandMidwiferyRegistered_MaternityDEPT,01/10/2023,0,4,
MidwiferyYDH75738_CYP&FamiliesServices_NursingandMidwiferyRegistered_MaternityDEPT,01/01/2024,0,2,
MidwiferyYDH75738_CYP&FamiliesServices_NursingandMidwiferyRegistered_MaternityDEPT,01/06/2024,3,0,
MidwiferyYDH75738_CYP&FamiliesServices_NursingandMidwiferyRegistered_MaternityDEPT,01/07/2024,1,0,
MidwiferyYDH75738_CYP&FamiliesServices_NursingandMidwiferyRegistered_MaternityDEPT,01/09/2024,2,0,
MidwiferyYDH75738_CYP&FamiliesServices_NursingandMidwiferyRegistered_MaternityDEPT,01/10/2024,1,0,
MidwiferyYDH75738_CYP&FamiliesServices_NursingandMidwiferyRegistered_MaternityDEPT,01/11/2024,2,5,
MidwiferyYDH75738_CYP&FamiliesServices_NursingandMidwiferyRegistered_MaternityDEPT,01/12/2024,2,0,
MidwiferyYDH75738_CYP&FamiliesServices_NursingandMidwiferyRegistered_MaternityDEPT,01/01/2025,2,0,
MidwiferyYDH75738_CYP&FamiliesServices_NursingandMidwiferyRegistered_MaternityDEPT,01/02/2025,1,0,
MidwiferyYDH75738_CYP&FamiliesServices_NursingandMidwiferyRegistered_MaternityDEPT,01/04/2025,3,0,
MidwiferyYDH75738_CYP&FamiliesServices_Students_MaternityDEPT,01/07/2022,0,2,
MidwiferyYDH75738_CYP&FamiliesServices_Students_MaternityDEPT,01/01/2023,0,1,
MidwiferyYDH75738_CYP&FamiliesServices_Students_MaternityDEPT,01/02/2023,0,1,
MidwiferyYDH75738_CYP&FamiliesServices_Students_MaternityDEPT,01/07/2023,0,2,
MidwiferyYDH75738_CYP&FamiliesServices_Students_MaternityDEPT,01/11/2023,0,1,
MidwiferyYDH75738_CYP&FamiliesServices_Students_MaternityDEPT,01/02/2024,0,1,
MidwiferyYDH75738_CYP&FamiliesServices_Students_MaternityDEPT,01/05/2024,0,1,
MidwiferyYDH75738_CYP&FamiliesServices_Students_MaternityDEPT,01/10/2024,1,0,
MineheadAdministration21620_NeighbourhoodServices_AdministrativeandClerical_MineheadCommunityHospital,01/11/2021,0,1,
MineheadAdministration21620_NeighbourhoodServices_AdministrativeandClerical_MineheadCommunityHospital,01/05/2023,0,1,
MineheadHotelServices21622_CorporateSupportServices_EstatesandAncillary_EstatesandFacilities-SFT,01/05/2021,0,1,
MineheadHotelServices21622_CorporateSupportServices_EstatesandAncillary_EstatesandFacilities-SFT,01/06/2021,0,1,
MineheadHotelServices21622_CorporateSupportServices_EstatesandAncillary_EstatesandFacilities-SFT,01/11/2021,0,1,
MineheadHotelServices21622_CorporateSupportServices_EstatesandAncillary_EstatesandFacilities-SFT,01/01/2022,0,1,
MineheadHotelServices21622_CorporateSupportServices_EstatesandAncillary_EstatesandFacilities-SFT,01/05/2022,0,1,
MineheadHotelServices21622_CorporateSupportServices_EstatesandAncillary_EstatesandFacilities-SFT,01/09/2022,0,1,
MineheadHotelServices21622_CorporateSupportServices_EstatesandAncillary_EstatesandFacilities-SFT,01/06/2023,0,2,
MineheadHotelServices21622_CorporateSupportServices_EstatesandAncillary_EstatesandFacilities-SFT,01/08/2023,0,1,
MineheadHotelServices21622_CorporateSupportServices_EstatesandAncillary_EstatesandFacilities-SFT,01/12/2023,0,1,
MineheadHotelServices21622_CorporateSupportServices_EstatesandAncillary_EstatesandFacilities-SFT,01/01/2024,0,1,
MineheadHotelServices21622_CorporateSupportServices_EstatesandAncillary_EstatesandFacilities-SFT,01/07/2024,0,1,
MineheadMIU20027_NeighbourhoodServices_AdditionalClinicalServices_MinorInjuryDEPT,01/06/2024,1,0,
MineheadMIU20027_NeighbourhoodServices_AdditionalClinicalServices_MinorInjuryDEPT,01/07/2024,0,1,
MineheadMIU20027_NeighbourhoodServices_AdditionalClinicalServices_MinorInjuryDEPT,01/12/2024,0,1,
MineheadMIU20027_NeighbourhoodServices_AdditionalClinicalServices_MinorInjuryDEPT,01/03/2025,1,0,
MineheadMIU20027_NeighbourhoodServices_AdministrativeandClerical_MinorInjuryDEPT,01/08/2021,0,1,
MineheadMIU20027_NeighbourhoodServices_AdministrativeandClerical_MinorInjuryDEPT,01/12/2022,0,1,
MineheadMIU20027_NeighbourhoodServices_AdministrativeandClerical_MinorInjuryDEPT,01/08/2024,1,0,
MineheadMIU20027_NeighbourhoodServices_AdministrativeandClerical_MinorInjuryDEPT,01/04/2025,1,0,
MineheadMIU20027_NeighbourhoodServices_NursingandMidwiferyRegistered_MinorInjuryDEPT,01/05/2021,0,1,
MineheadMIU20027_NeighbourhoodServices_NursingandMidwiferyRegistered_MinorInjuryDEPT,01/11/2022,0,1,
MineheadMedical_SomersetPartnershipNHSFoundationTrust_MedicalandDental_HeadofDivisionWestSomersetCommunityServices,01/02/2022,0,1,
MineheadOPD21406_NeighbourhoodServices_AdditionalClinicalServices_MineheadCommunityHospital,01/04/2024,1,0,
MineheadOPD21406_NeighbourhoodServices_AdministrativeandClerical_MineheadCommunityHospital,01/05/2023,0,1,
MineheadOPD21406_NeighbourhoodServices_AdministrativeandClerical_MineheadCommunityHospital,01/06/2024,0,1,
MineheadOPD21406_NeighbourhoodServices_NursingandMidwiferyRegistered_MineheadCommunityHospital,01/05/2023,0,1,
MineheadSurgical21624_SurgicalServices_NursingandMidwiferyRegistered_Theatres&DSC,01/01/2024,0,1,
MineheadSurgical21624_SurgicalServices_NursingandMidwiferyRegistered_Theatres&DSC,01/05/2024,1,0,
MineheadWards21623_NeighbourhoodServices_AdditionalClinicalServices_MineheadCommunityHospital,01/10/2021,0,1,
MineheadWards21623_NeighbourhoodServices_AdditionalClinicalServices_MineheadCommunityHospital,01/11/2021,0,3,
MineheadWards21623_NeighbourhoodServices_AdditionalClinicalServices_MineheadCommunityHospital,01/12/2021,0,1,
MineheadWards21623_NeighbourhoodServices_AdditionalClinicalServices_MineheadCommunityHospital,01/05/2022,0,1,
MineheadWards21623_NeighbourhoodServices_AdditionalClinicalServices_MineheadCommunityHospital,01/06/2022,0,1,
MineheadWards21623_NeighbourhoodServices_AdditionalClinicalServices_MineheadCommunityHospital,01/11/2022,0,5,
MineheadWards21623_NeighbourhoodServices_AdditionalClinicalServices_MineheadCommunityHospital,01/03/2023,0,2,
MineheadWards21623_NeighbourhoodServices_AdditionalClinicalServices_MineheadCommunityHospital,01/05/2023,0,1,
MineheadWards21623_NeighbourhoodServices_AdditionalClinicalServices_MineheadCommunityHospital,01/11/2023,0,1,
MineheadWards21623_NeighbourhoodServices_AdditionalClinicalServices_MineheadCommunityHospital,01/05/2024,1,0,
MineheadWards21623_NeighbourhoodServices_AdditionalClinicalServices_MineheadCommunityHospital,01/06/2024,0,1,
MineheadWards21623_NeighbourhoodServices_AdditionalClinicalServices_MineheadCommunityHospital,01/10/2024,1,1,
MineheadWards21623_NeighbourhoodServices_AdditionalClinicalServices_MineheadCommunityHospital,01/11/2024,0,2,
MineheadWards21623_NeighbourhoodServices_AdditionalClinicalServices_MineheadCommunityHospital,01/12/2024,1,1,
MineheadWards21623_NeighbourhoodServices_AdditionalClinicalServices_MineheadCommunityHospital,01/03/2025,0,1,
MineheadWards21623_NeighbourhoodServices_NursingandMidwiferyRegistered_MineheadCommunityHospital,01/12/2021,0,1,
MineheadWards21623_NeighbourhoodServices_NursingandMidwiferyRegistered_MineheadCommunityHospital,01/02/2022,0,1,
MineheadWards21623_NeighbourhoodServices_NursingandMidwiferyRegistered_MineheadCommunityHospital,01/01/2023,0,2,
MineheadWards21623_NeighbourhoodServices_NursingandMidwiferyRegistered_MineheadCommunityHospital,01/01/2024,0,1,
MineheadWards21623_NeighbourhoodServices_NursingandMidwiferyRegistered_MineheadCommunityHospital,01/09/2024,1,0,
MineheadWards21623_NeighbourhoodServices_NursingandMidwiferyRegistered_MineheadCommunityHospital,01/11/2024,0,1,
MineheadWards21623_NeighbourhoodServices_NursingandMidwiferyRegistered_MineheadCommunityHospital,01/03/2025,1,0,
MontacuteNorth00004_SurgicalServices_AdditionalClinicalServices_AcuteSurgery,01/01/2023,0,1,
MontacuteNorth00004_SurgicalServices_AdditionalClinicalServices_AcuteSurgery,01/10/2023,0,1,
MontacuteNorth00004_SurgicalServices_AdditionalClinicalServices_AcuteSurgery,01/01/2024,0,1,
MontacuteNorth00004_SurgicalServices_AdditionalClinicalServices_AcuteSurgery,01/02/2024,0,1,
MontacuteNorth00004_SurgicalServices_AdditionalClinicalServices_AcuteSurgery,01/03/2024,0,1,
MontacuteNorth00004_SurgicalServices_AdditionalClinicalServices_AcuteSurgery,01/09/2024,1,0,
MontacuteNorth00004_SurgicalServices_AdditionalClinicalServices_AcuteSurgery,01/12/2024,2,0,
MontacuteNorth00004_SurgicalServices_AdditionalClinicalServices_AcuteSurgery,01/01/2025,1,0,
MontacuteNorth00004_SurgicalServices_AdditionalClinicalServices_AcuteSurgery,01/03/2025,1,0,
MontacuteNorth00004_SurgicalServices_AdministrativeandClerical_AcuteSurgery,01/03/2025,1,0,
MontacuteNorth00004_SurgicalServices_NursingandMidwiferyRegistered_AcuteSurgery,01/04/2024,0,1,
MontacuteNorth00004_SurgicalServices_NursingandMidwiferyRegistered_AcuteSurgery,01/10/2024,1,1,
MontacuteNorth00004_SurgicalServices_NursingandMidwiferyRegistered_AcuteSurgery,01/02/2025,0,1,
MontacuteSouth10008_SurgicalServices_AdditionalClinicalServices_AcuteSurgery,01/10/2021,0,2,
MontacuteSouth10008_SurgicalServices_AdditionalClinicalServices_AcuteSurgery,01/01/2022,0,3,
MontacuteSouth10008_SurgicalServices_AdditionalClinicalServices_AcuteSurgery,01/02/2022,0,1,
MontacuteSouth10008_SurgicalServices_AdditionalClinicalServices_AcuteSurgery,01/04/2022,0,3,
MontacuteSouth10008_SurgicalServices_AdditionalClinicalServices_AcuteSurgery,01/07/2022,0,3,
MontacuteSouth10008_SurgicalServices_AdditionalClinicalServices_AcuteSurgery,01/08/2022,0,1,
MontacuteSouth10008_SurgicalServices_AdditionalClinicalServices_AcuteSurgery,01/09/2022,0,8,
MontacuteSouth10008_SurgicalServices_AdditionalClinicalServices_AcuteSurgery,01/10/2022,0,4,
MontacuteSouth10008_SurgicalServices_AdditionalClinicalServices_AcuteSurgery,01/02/2023,0,1,
MontacuteSouth10008_SurgicalServices_AdditionalClinicalServices_AcuteSurgery,01/03/2023,0,2,
MontacuteSouth10008_SurgicalServices_AdditionalClinicalServices_AcuteSurgery,01/04/2023,0,1,
MontacuteSouth10008_SurgicalServices_AdditionalClinicalServices_AcuteSurgery,01/05/2023,0,3,
MontacuteSouth10008_SurgicalServices_AdditionalClinicalServices_AcuteSurgery,01/06/2023,0,1,
MontacuteSouth10008_SurgicalServices_AdditionalClinicalServices_AcuteSurgery,01/11/2024,1,2,
MontacuteSouth10008_SurgicalServices_AdditionalClinicalServices_AcuteSurgery,01/03/2025,1,1,
MontacuteSouth10008_SurgicalServices_AdministrativeandClerical_AcuteSurgery,01/01/2022,0,1,
MontacuteSouth10008_SurgicalServices_AdministrativeandClerical_AcuteSurgery,01/06/2022,0,1,
MontacuteSouth10008_SurgicalServices_AdministrativeandClerical_AcuteSurgery,01/07/2022,0,1,
MontacuteSouth10008_SurgicalServices_AdministrativeandClerical_AcuteSurgery,01/04/2023,0,1,
MontacuteSouth10008_SurgicalServices_AdministrativeandClerical_AcuteSurgery,01/10/2023,0,1,
MontacuteSouth10008_SurgicalServices_AdministrativeandClerical_AcuteSurgery,01/11/2024,0,1,
MontacuteSouth10008_SurgicalServices_NursingandMidwiferyRegistered_AcuteSurgery,01/05/2021,0,1,
MontacuteSouth10008_SurgicalServices_NursingandMidwiferyRegistered_AcuteSurgery,01/07/2022,0,1,
MontacuteSouth10008_SurgicalServices_NursingandMidwiferyRegistered_AcuteSurgery,01/04/2024,1,0,
Mortuary31200_ClinicalSupportandCancerServices_AddProfScientificandTechnic_Pathology,01/12/2022,0,1,
Mortuary31200_ClinicalSupportandCancerServices_AddProfScientificandTechnic_Pathology,01/01/2023,0,1,
MortuaryYDH76331_ClinicalSupportandCancerServices_AdditionalClinicalServices_Pathology,01/01/2023,0,1,
MortuaryYDH76331_ClinicalSupportandCancerServices_AdditionalClinicalServices_Pathology,01/03/2024,0,1,
Musculo-skeletalInterfaceOASIS18009_SurgicalServices_AdministrativeandClerical_T&O,01/07/2021,0,5,
Musculo-skeletalInterfaceOASIS18009_SurgicalServices_AdministrativeandClerical_T&O,01/03/2023,0,1,
Musculo-skeletalInterfaceOASIS18009_SurgicalServices_AdministrativeandClerical_T&O,01/09/2023,0,1,
Musculo-skeletalInterfaceOASIS18009_SurgicalServices_AlliedHealthProfessionals_T&O,01/07/2021,0,2,
Musculo-skeletalInterfaceOASIS18009_SurgicalServices_AlliedHealthProfessionals_T&O,01/04/2022,0,1,
Musculo-skeletalInterfaceOASIS18009_SurgicalServices_AlliedHealthProfessionals_T&O,01/05/2023,0,1,
Musculo-skeletalInterfaceOASIS18009_SurgicalServices_AlliedHealthProfessionals_T&O,01/07/2023,0,1,
Musculo-skeletalInterfaceOASIS18009_SurgicalServices_AlliedHealthProfessionals_T&O,01/11/2023,0,1,
Musculo-skeletalInterfaceOASIS18009_SurgicalServices_AlliedHealthProfessionals_T&O,01/10/2024,1,0,
Musculo-skeletalInterfaceOASIS18009_SurgicalServices_MedicalandDental_T&O,01/07/2021,0,1,
MusculoSkeletalSecretaries18001_SurgicalServices_AdministrativeandClerical_T&O,01/11/2021,0,1,
MusculoSkeletalSecretaries18001_SurgicalServices_AdministrativeandClerical_T&O,01/08/2022,0,1,
MusculoSkeletalSecretaries18001_SurgicalServices_AdministrativeandClerical_T&O,01/10/2022,0,1,
MusculoSkeletalSecretaries18001_SurgicalServices_AdministrativeandClerical_T&O,01/05/2023,0,1,
MusculoSkeletalSecretaries18001_SurgicalServices_AdministrativeandClerical_T&O,01/03/2024,0,1,
MusculoSkeletalSecretaries18001_SurgicalServices_AdministrativeandClerical_T&O,01/05/2024,1,0,
MusculoSkeletalSecretaries18001_SurgicalServices_AdministrativeandClerical_T&O,01/07/2024,2,1,
MusculoSkeletalSecretaries18001_SurgicalServices_AdministrativeandClerical_T&O,01/02/2025,0,1,
MusculoSkeletalSecretaries18001_SurgicalServices_AdministrativeandClerical_T&O,01/03/2025,0,1,
NDCAMHS40100_CYP&FamiliesServices_AddProfScientificandTechnic_EarlyIntervention&SpecSvs,01/10/2024,1,0,
NDCAMHS40100_CYP&FamiliesServices_AdditionalClinicalServices_EarlyIntervention&SpecSvs,01/12/2023,0,1,
NDCAMHS40100_CYP&FamiliesServices_AdministrativeandClerical_EarlyIntervention&SpecSvs,01/04/2022,0,1,
NDCAMHS40100_CYP&FamiliesServices_AlliedHealthProfessionals_EarlyIntervention&SpecSvs,01/03/2022,0,1,
NDCAMHS40100_CYP&FamiliesServices_AlliedHealthProfessionals_EarlyIntervention&SpecSvs,01/05/2023,0,1,
NDCAMHS40100_CYP&FamiliesServices_AlliedHealthProfessionals_EarlyIntervention&SpecSvs,01/10/2023,0,1,
NDCAMHS40100_CYP&FamiliesServices_AlliedHealthProfessionals_EarlyIntervention&SpecSvs,01/12/2023,0,1,
NDCAMHS40100_CYP&FamiliesServices_AlliedHealthProfessionals_EarlyIntervention&SpecSvs,01/05/2024,1,0,
NDCAMHS40100_CYP&FamiliesServices_AlliedHealthProfessionals_EarlyIntervention&SpecSvs,01/06/2024,1,0,
NDCAMHS40100_CYP&FamiliesServices_NursingandMidwiferyRegistered_EarlyIntervention&SpecSvs,01/01/2024,0,1,
NHS@Home-Frailty60641_NeighbourhoodServices_AdditionalClinicalServices_NHSatHome,01/02/2023,0,1,
NHS@Home-Frailty60641_NeighbourhoodServices_AdministrativeandClerical_NHSatHome,01/09/2024,2,0,
NHS@Home-Frailty60641_NeighbourhoodServices_MedicalandDental_NHSatHome,01/09/2023,0,1,
NHS@Home-Frailty60641_NeighbourhoodServices_MedicalandDental_NHSatHome,01/11/2023,0,1,
NHS@Home-Frailty60641_NeighbourhoodServices_MedicalandDental_NHSatHome,01/07/2024,0,1,
NHS@Home-Frailty60641_NeighbourhoodServices_NursingandMidwiferyRegistered_NHSatHome,01/01/2023,0,1,
NHS@Home-Frailty60641_NeighbourhoodServices_NursingandMidwiferyRegistered_NHSatHome,01/12/2024,1,0,
NHS@Home-Frailty60641_NeighbourhoodServices_NursingandMidwiferyRegistered_NHSatHome,01/04/2025,1,0,
NHS@Home-Respiratory60642_NeighbourhoodServices_AdditionalClinicalServices_NHSatHome,01/11/2022,0,1,
NHS@Home-Respiratory60642_NeighbourhoodServices_AdditionalClinicalServices_NHSatHome,01/04/2023,0,1,
NHS@Home-Respiratory60642_NeighbourhoodServices_AlliedHealthProfessionals_NHSatHome,01/05/2024,1,0,
NHS@Home-Respiratory60642_NeighbourhoodServices_NursingandMidwiferyRegistered_NHSatHome,01/10/2022,0,1,
NHS@Home-Respiratory60642_NeighbourhoodServices_NursingandMidwiferyRegistered_NHSatHome,01/12/2022,0,1,
NHS@Home-Respiratory60642_NeighbourhoodServices_NursingandMidwiferyRegistered_NHSatHome,01/02/2023,0,1,
NHS@Home-Respiratory60642_NeighbourhoodServices_NursingandMidwiferyRegistered_NHSatHome,01/07/2024,0,1,
NHS@Home-Respiratory60642_NeighbourhoodServices_NursingandMidwiferyRegistered_NHSatHome,01/04/2025,1,0,
NMET02025_CorporateSupportServices_AdditionalClinicalServices_StudentSupport,01/07/2022,0,1,
NMET02025_CorporateSupportServices_AdministrativeandClerical_StudentSupport,01/05/2023,0,1,
NMET02025_CorporateSupportServices_AlliedHealthProfessionals_StudentSupport,01/09/2024,1,0,
NamedPatientsRecoveryTeam59300_MentalHealthandLearningDisabilities_AdministrativeandClerical_NamedPatients,01/07/2021,0,1,
NamedPatientsRecoveryTeam59300_MentalHealthandLearningDisabilities_AdministrativeandClerical_NamedPatients,01/04/2023,0,1,
NeighbourhoodDevelopmentManagers69000_NeighbourhoodServices_AdditionalClinicalServices_ServGrpMngmntNeighbourhoods,01/10/2021,0,3,
NeighbourhoodDevelopmentManagers69000_NeighbourhoodServices_AdditionalClinicalServices_ServGrpMngmntNeighbourhoods,01/08/2023,0,1,
NeighbourhoodDevelopmentManagers69000_NeighbourhoodServices_AdministrativeandClerical_ServGrpMngmntNeighbourhoods,01/04/2024,1,0,
NeighbourhoodDevelopmentManagers69000_NeighbourhoodServices_AlliedHealthProfessionals_ServGrpMngmntNeighbourhoods,01/09/2022,0,2,
NeighbourhoodDevelopmentManagers69000_NeighbourhoodServices_AlliedHealthProfessionals_ServGrpMngmntNeighbourhoods,01/01/2024,0,1,
NeighbourhoodDevelopmentManagers69000_NeighbourhoodServices_NursingandMidwiferyRegistered_ServGrpMngmntNeighbourhoods,01/04/2024,1,0,
NeighbourhoodDevelopmentManagers69000_NeighbourhoodServices_NursingandMidwiferyRegistered_ServGrpMngmntNeighbourhoods,01/05/2024,0,1,
NephrologyMedStf21300_MedicalServices_AlliedHealthProfessionals_NephrologyDEPT,01/11/2023,0,1,
NephrologyMedStf21300_MedicalServices_AlliedHealthProfessionals_NephrologyDEPT,01/03/2025,1,0,
NephrologyMedStf21300_MedicalServices_NursingandMidwiferyRegistered_NephrologyDEPT,01/02/2022,0,1,
NeurodevelopmentalP/shipCYP42110_CYP&FamiliesServices_AddProfScientificandTechnic_CommunityPaediatrics,01/12/2021,0,1,
NeurodevelopmentalP/shipCYP42110_CYP&FamiliesServices_AddProfScientificandTechnic_CommunityPaediatrics,01/07/2024,0,1,
NeurodevelopmentalP/shipCYP42110_CYP&FamiliesServices_AdditionalClinicalServices_CommunityPaediatrics,01/07/2021,0,1,
NeurodevelopmentalP/shipCYP42110_CYP&FamiliesServices_AdditionalClinicalServices_CommunityPaediatrics,01/01/2022,0,1,
NeurodevelopmentalP/shipCYP42110_CYP&FamiliesServices_AdditionalClinicalServices_CommunityPaediatrics,01/11/2023,0,2,
NeurodevelopmentalP/shipCYP42110_CYP&FamiliesServices_AdministrativeandClerical_CommunityPaediatrics,01/09/2022,0,1,
NeurodevelopmentalP/shipCYP42110_CYP&FamiliesServices_AdministrativeandClerical_CommunityPaediatrics,01/09/2023,0,1,
NeurodevelopmentalP/shipCYP42110_CYP&FamiliesServices_AdministrativeandClerical_CommunityPaediatrics,01/02/2025,2,0,
NeurodevelopmentalP/shipCYP42110_CYP&FamiliesServices_AlliedHealthProfessionals_CommunityPaediatrics,01/08/2022,0,1,
NeurodevelopmentalP/shipCYP42110_CYP&FamiliesServices_AlliedHealthProfessionals_CommunityPaediatrics,01/10/2022,0,1,
NeurodevelopmentalP/shipCYP42110_CYP&FamiliesServices_MedicalandDental_CommunityPaediatrics,01/05/2022,0,1,
NeurodevelopmentalP/shipCYP42110_CYP&FamiliesServices_NursingandMidwiferyRegistered_CommunityPaediatrics,01/09/2022,0,1,
NeurodevelopmentalP/shipCYP42110_CYP&FamiliesServices_NursingandMidwiferyRegistered_CommunityPaediatrics,01/05/2024,1,0,
NeurodevelopmentalP/shipCYP42110_CYP&FamiliesServices_NursingandMidwiferyRegistered_CommunityPaediatrics,01/09/2024,0,1,
NeurologyAdmin20706_MedicalServices_AdministrativeandClerical_Neurology,01/03/2025,0,1,
NeurologyMedStf20700_MedicalServices_AdditionalClinicalServices_Neurology,01/09/2023,0,1,
NeurologyMedStf20700_MedicalServices_MedicalandDental_Neurology,01/08/2021,0,3,
NeurologyMedStf20700_MedicalServices_MedicalandDental_Neurology,01/01/2022,0,2,
NeurologyMedStf20700_MedicalServices_MedicalandDental_Neurology,01/03/2022,0,1,
NeurologyMedStf20700_MedicalServices_MedicalandDental_Neurology,01/08/2022,0,1,
NeurologyMedStf20700_MedicalServices_MedicalandDental_Neurology,01/07/2023,0,1,
NeurologyMedStf20700_MedicalServices_MedicalandDental_Neurology,01/08/2023,0,1,
NeurologyMedStf20700_MedicalServices_MedicalandDental_Neurology,01/02/2024,0,1,
NeurologyMedStf20700_MedicalServices_MedicalandDental_Neurology,01/08/2024,0,1,
NeurologyMedStf20700_MedicalServices_MedicalandDental_Neurology,01/01/2025,0,1,
NeurologyMedStf20700_MedicalServices_NursingandMidwiferyRegistered_Neurology,01/11/2022,0,1,
NeurologyMedStf20700_MedicalServices_NursingandMidwiferyRegistered_Neurology,01/03/2025,1,0,
NeurophysioMedStf20701_MedicalServices_MedicalandDental_Neurology,01/11/2021,0,1,
Neurophysiology20702_MedicalServices_AdditionalClinicalServices_Neurology,01/07/2023,0,1,
Neurophysiology20702_MedicalServices_AdditionalClinicalServices_Neurology,01/06/2024,0,1,
Neurophysiology20702_MedicalServices_HealthcareScientists_Neurology,01/11/2022,0,1,
Neurophysiology20702_MedicalServices_HealthcareScientists_Neurology,01/09/2023,0,1,
Neurophysiology20702_MedicalServices_HealthcareScientists_Neurology,01/01/2024,0,2,
NewbornHearingMPH45070_CYP&FamiliesServices_AdditionalClinicalServices_MaternityDEPT,01/07/2021,0,1,
NewbornHearingMPH45070_CYP&FamiliesServices_AdditionalClinicalServices_MaternityDEPT,01/01/2022,0,1,
NewbornHearingMPH45070_CYP&FamiliesServices_AdditionalClinicalServices_MaternityDEPT,01/02/2022,0,1,
NewbornHearingMPH45070_CYP&FamiliesServices_AdditionalClinicalServices_MaternityDEPT,01/03/2022,0,1,
NewbornHearingMPH45070_CYP&FamiliesServices_AdditionalClinicalServices_MaternityDEPT,01/09/2023,0,1,
NewbornHearingMPH45070_CYP&FamiliesServices_AdditionalClinicalServices_MaternityDEPT,01/10/2023,0,1,
NewbornHearingMPH45070_CYP&FamiliesServices_AdditionalClinicalServices_MaternityDEPT,01/08/2024,1,0,
NewbornHearingMPH45070_CYP&FamiliesServices_AdditionalClinicalServices_MaternityDEPT,01/09/2024,0,1,
NewbornHearingMPH45070_CYP&FamiliesServices_HealthcareScientists_MaternityDEPT,01/08/2022,0,1,
NorthPethertonSurgery63050_CorporateSupportServices_AdministrativeandClerical_GPSurgeriesDEPT,01/05/2021,0,1,
NorthPethertonSurgery63050_CorporateSupportServices_AdministrativeandClerical_GPSurgeriesDEPT,01/06/2021,0,1,
NorthSedgemoorIntegratedRehabilitationTeam61301_NeighbourhoodServices_AdditionalClinicalServices_IntTeamNSedge&B'Water,01/04/2024,0,1,
NorthSedgemoorIntegratedRehabilitationTeam61301_NeighbourhoodServices_AdditionalClinicalServices_IntTeamNSedge&B'Water,01/08/2024,1,0,
NorthSedgemoorIntegratedRehabilitationTeam61301_NeighbourhoodServices_AdditionalClinicalServices_IntTeamNSedge&B'Water,01/01/2025,0,1,
NorthSedgemoorIntegratedRehabilitationTeam61301_NeighbourhoodServices_AlliedHealthProfessionals_IntTeamNSedge&B'Water,01/11/2021,0,1,
NorthSedgemoorIntegratedRehabilitationTeam61301_NeighbourhoodServices_AlliedHealthProfessionals_IntTeamNSedge&B'Water,01/09/2022,0,1,
NorthSedgemoorIntegratedRehabilitationTeam61301_NeighbourhoodServices_AlliedHealthProfessionals_IntTeamNSedge&B'Water,01/11/2022,0,1,
NorthSedgemoorIntegratedRehabilitationTeam61301_NeighbourhoodServices_AlliedHealthProfessionals_IntTeamNSedge&B'Water,01/10/2024,0,1,
NorthSedgemoorOlderPeopleMentalHealth61302_NeighbourhoodServices_AddProfScientificandTechnic_IntTeamNSedge&B'Water,01/11/2022,0,1,
NorthSedgemoorOlderPeopleMentalHealth61302_NeighbourhoodServices_AddProfScientificandTechnic_IntTeamNSedge&B'Water,01/11/2024,1,0,
NorthSedgemoorOlderPeopleMentalHealth61302_NeighbourhoodServices_AdditionalClinicalServices_IntTeamNSedge&B'Water,01/08/2021,0,1,
NorthSedgemoorOlderPeopleMentalHealth61302_NeighbourhoodServices_AdditionalClinicalServices_IntTeamNSedge&B'Water,01/04/2022,0,1,
NorthSedgemoorOlderPeopleMentalHealth61302_NeighbourhoodServices_AdditionalClinicalServices_IntTeamNSedge&B'Water,01/05/2022,0,1,
NorthSedgemoorOlderPeopleMentalHealth61302_NeighbourhoodServices_AdditionalClinicalServices_IntTeamNSedge&B'Water,01/07/2022,0,1,
NorthSedgemoorOlderPeopleMentalHealth61302_NeighbourhoodServices_AdditionalClinicalServices_IntTeamNSedge&B'Water,01/08/2022,0,1,
NorthSedgemoorOlderPeopleMentalHealth61302_NeighbourhoodServices_AdditionalClinicalServices_IntTeamNSedge&B'Water,01/10/2022,0,1,
NorthSedgemoorOlderPeopleMentalHealth61302_NeighbourhoodServices_AdditionalClinicalServices_IntTeamNSedge&B'Water,01/11/2022,0,1,
NorthSedgemoorOlderPeopleMentalHealth61302_NeighbourhoodServices_AdditionalClinicalServices_IntTeamNSedge&B'Water,01/06/2023,0,1,
NorthSedgemoorOlderPeopleMentalHealth61302_NeighbourhoodServices_AdditionalClinicalServices_IntTeamNSedge&B'Water,01/06/2024,0,1,
NorthSedgemoorOlderPeopleMentalHealth61302_NeighbourhoodServices_AdditionalClinicalServices_IntTeamNSedge&B'Water,01/07/2024,1,0,
NorthSedgemoorOlderPeopleMentalHealth61302_NeighbourhoodServices_AdditionalClinicalServices_IntTeamNSedge&B'Water,01/09/2024,2,1,
NorthSedgemoorOlderPeopleMentalHealth61302_NeighbourhoodServices_AdditionalClinicalServices_IntTeamNSedge&B'Water,01/02/2025,0,1,
NorthSedgemoorOlderPeopleMentalHealth61302_NeighbourhoodServices_NursingandMidwiferyRegistered_IntTeamNSedge&B'Water,01/09/2021,0,1,
NorthSedgemoorOlderPeopleMentalHealth61302_NeighbourhoodServices_NursingandMidwiferyRegistered_IntTeamNSedge&B'Water,01/12/2024,2,0,
ODPTraining17005_SurgicalServices_AdditionalClinicalServices_Theatres&DSC,01/01/2023,0,1,
ODPTraining17005_SurgicalServices_AdditionalClinicalServices_Theatres&DSC,01/06/2023,0,4,
ODPTraining17005_SurgicalServices_AdditionalClinicalServices_Theatres&DSC,01/01/2024,0,6,
ODPTraining17005_SurgicalServices_AdditionalClinicalServices_Theatres&DSC,01/05/2024,1,5,
ODPTraining17005_SurgicalServices_AdditionalClinicalServices_Theatres&DSC,01/01/2025,0,8,
OPD(A&W)54402_MentalHealthandLearningDisabilities_AddProfScientificandTechnic_UrgentCare&ForensicServs,01/05/2022,0,1,
OPD(A&W)54402_MentalHealthandLearningDisabilities_AddProfScientificandTechnic_UrgentCare&ForensicServs,01/10/2024,1,0,
OPD(A&W)54402_MentalHealthandLearningDisabilities_AddProfScientificandTechnic_UrgentCare&ForensicServs,01/03/2025,0,1,
OPD(A&W)54402_MentalHealthandLearningDisabilities_AdditionalClinicalServices_UrgentCare&ForensicServs,01/10/2023,0,1,
OPD(A&W)54402_MentalHealthandLearningDisabilities_AdditionalClinicalServices_UrgentCare&ForensicServs,01/10/2024,0,1,
OPD(A&W)54402_MentalHealthandLearningDisabilities_AlliedHealthProfessionals_UrgentCare&ForensicServs,01/11/2024,0,1,
OPMHResidentDoctors62020_NeighbourhoodServices_MedicalandDental_MedicalDEPT,01/08/2021,0,2,
OPMHResidentDoctors62020_NeighbourhoodServices_MedicalandDental_MedicalDEPT,01/08/2024,0,1,
OSCEIR75522_CorporateSupportServices_AdministrativeandClerical_OverseasDEPT,01/06/2021,0,1,
Obs&GynaeAdminSupportMPH49020_CYP&FamiliesServices_AdministrativeandClerical_Women'sServices,01/05/2021,0,1,
Obs&GynaeAdminSupportMPH49020_CYP&FamiliesServices_AdministrativeandClerical_Women'sServices,01/09/2021,0,1,
Obs&GynaeAdminSupportMPH49020_CYP&FamiliesServices_AdministrativeandClerical_Women'sServices,01/12/2021,0,1,
Obs&GynaeAdminSupportMPH49020_CYP&FamiliesServices_AdministrativeandClerical_Women'sServices,01/04/2022,0,1,
Obs&GynaeAdminSupportMPH49020_CYP&FamiliesServices_AdministrativeandClerical_Women'sServices,01/09/2022,0,1,
Obs&GynaeAdminSupportMPH49020_CYP&FamiliesServices_AdministrativeandClerical_Women'sServices,01/01/2023,0,1,
Obs&GynaeAdminSupportMPH49020_CYP&FamiliesServices_AdministrativeandClerical_Women'sServices,01/05/2024,0,1,
Obs&GynaeAdminSupportMPH49020_CYP&FamiliesServices_AdministrativeandClerical_Women'sServices,01/06/2024,1,0,
Obs&GynaeAdminSupportMPH49020_CYP&FamiliesServices_AdministrativeandClerical_Women'sServices,01/08/2024,0,1,
Obs&GynaeAdminSupportMPH49020_CYP&FamiliesServices_AdministrativeandClerical_Women'sServices,01/12/2024,1,0,
Obs&GynaeAdminSupportMPH49020_CYP&FamiliesServices_AdministrativeandClerical_Women'sServices,01/02/2025,0,1,
Obs&GynaeAdminSupportYDH75736_CYP&FamiliesServices_AdministrativeandClerical_Women'sServices,01/08/2021,0,1,
Obs&GynaeAdminSupportYDH75736_CYP&FamiliesServices_AdministrativeandClerical_Women'sServices,01/09/2021,0,1,
Obs&GynaeAdminSupportYDH75736_CYP&FamiliesServices_AdministrativeandClerical_Women'sServices,01/11/2021,0,1,
Obs&GynaeAdminSupportYDH75736_CYP&FamiliesServices_AdministrativeandClerical_Women'sServices,01/12/2021,0,2,
Obs&GynaeAdminSupportYDH75736_CYP&FamiliesServices_AdministrativeandClerical_Women'sServices,01/01/2022,0,3,
Obs&GynaeAdminSupportYDH75736_CYP&FamiliesServices_AdministrativeandClerical_Women'sServices,01/03/2022,0,2,
Obs&GynaeAdminSupportYDH75736_CYP&FamiliesServices_AdministrativeandClerical_Women'sServices,01/06/2022,0,1,
Obs&GynaeAdminSupportYDH75736_CYP&FamiliesServices_AdministrativeandClerical_Women'sServices,01/07/2022,0,1,
Obs&GynaeAdminSupportYDH75736_CYP&FamiliesServices_AdministrativeandClerical_Women'sServices,01/08/2022,0,1,
Obs&GynaeAdminSupportYDH75736_CYP&FamiliesServices_AdministrativeandClerical_Women'sServices,01/09/2022,0,1,
Obs&GynaeAdminSupportYDH75736_CYP&FamiliesServices_AdministrativeandClerical_Women'sServices,01/11/2022,0,1,
Obs&GynaeAdminSupportYDH75736_CYP&FamiliesServices_AdministrativeandClerical_Women'sServices,01/01/2023,0,1,
Obs&GynaeAdminSupportYDH75736_CYP&FamiliesServices_AdministrativeandClerical_Women'sServices,01/03/2023,0,1,
Obs&GynaeAdminSupportYDH75736_CYP&FamiliesServices_AdministrativeandClerical_Women'sServices,01/10/2023,0,2,
Obs&GynaeAdminSupportYDH75736_CYP&FamiliesServices_AdministrativeandClerical_Women'sServices,01/02/2024,0,1,
Obs&GynaeAdminSupportYDH75736_CYP&FamiliesServices_AdministrativeandClerical_Women'sServices,01/03/2024,0,1,
Obs&GynaeAdminSupportYDH75736_CYP&FamiliesServices_AdministrativeandClerical_Women'sServices,01/09/2024,0,1,
Obs&GynaeAdminSupportYDH75736_CYP&FamiliesServices_AdministrativeandClerical_Women'sServices,01/01/2025,1,0,
Obs&GynaeAdminSupportYDH75736_CYP&FamiliesServices_AdministrativeandClerical_Women'sServices,01/02/2025,1,0,
Obs/GynaeMedicalStaffing43090_CYP&FamiliesServices_MedicalandDental_MedicalAcute,01/05/2021,0,1,
Obs/GynaeMedicalStaffing43090_CYP&FamiliesServices_MedicalandDental_MedicalAcute,01/06/2021,0,1,
Obs/GynaeMedicalStaffing43090_CYP&FamiliesServices_MedicalandDental_MedicalAcute,01/08/2021,0,7,
Obs/GynaeMedicalStaffing43090_CYP&FamiliesServices_MedicalandDental_MedicalAcute,01/01/2022,0,1,
Obs/GynaeMedicalStaffing43090_CYP&FamiliesServices_MedicalandDental_MedicalAcute,01/02/2022,0,2,
Obs/GynaeMedicalStaffing43090_CYP&FamiliesServices_MedicalandDental_MedicalAcute,01/08/2022,0,7,
Obs/GynaeMedicalStaffing43090_CYP&FamiliesServices_MedicalandDental_MedicalAcute,01/09/2022,0,1,
Obs/GynaeMedicalStaffing43090_CYP&FamiliesServices_MedicalandDental_MedicalAcute,01/10/2022,0,1,
Obs/GynaeMedicalStaffing43090_CYP&FamiliesServices_MedicalandDental_MedicalAcute,01/02/2023,0,4,
Obs/GynaeMedicalStaffing43090_CYP&FamiliesServices_MedicalandDental_MedicalAcute,01/05/2023,0,1,
Obs/GynaeMedicalStaffing43090_CYP&FamiliesServices_MedicalandDental_MedicalAcute,01/07/2023,0,1,
Obs/GynaeMedicalStaffing43090_CYP&FamiliesServices_MedicalandDental_MedicalAcute,01/08/2023,0,11,
Obs/GynaeMedicalStaffing43090_CYP&FamiliesServices_MedicalandDental_MedicalAcute,01/11/2023,0,1,
Obs/GynaeMedicalStaffing43090_CYP&FamiliesServices_MedicalandDental_MedicalAcute,01/02/2024,0,4,
Obs/GynaeMedicalStaffing43090_CYP&FamiliesServices_MedicalandDental_MedicalAcute,01/03/2024,0,1,
Obs/GynaeMedicalStaffing43090_CYP&FamiliesServices_MedicalandDental_MedicalAcute,01/04/2024,0,1,
Obs/GynaeMedicalStaffing43090_CYP&FamiliesServices_MedicalandDental_MedicalAcute,01/08/2024,0,8,
Obs/GynaeMedicalStaffing43090_CYP&FamiliesServices_MedicalandDental_MedicalAcute,01/11/2024,0,1,
Obs/GynaeMedicalStaffing43090_CYP&FamiliesServices_MedicalandDental_MedicalAcute,01/02/2025,0,7,
OccTherapy-MPH38400_ClinicalSupportandCancerServices_AddProfScientificandTechnic_TherapiesDEPT,01/07/2021,0,1,
OccTherapy-MPH38400_ClinicalSupportandCancerServices_AddProfScientificandTechnic_TherapiesDEPT,01/11/2021,0,1,
OccTherapy-MPH38400_ClinicalSupportandCancerServices_AddProfScientificandTechnic_TherapiesDEPT,01/07/2024,0,1,
OccTherapy-MPH38400_ClinicalSupportandCancerServices_AdditionalClinicalServices_TherapiesDEPT,01/05/2021,0,1,
OccTherapy-MPH38400_ClinicalSupportandCancerServices_AdditionalClinicalServices_TherapiesDEPT,01/12/2021,0,1,
OccTherapy-MPH38400_ClinicalSupportandCancerServices_AdditionalClinicalServices_TherapiesDEPT,01/02/2022,0,2,
OccTherapy-MPH38400_ClinicalSupportandCancerServices_AdditionalClinicalServices_TherapiesDEPT,01/03/2022,0,1,
OccTherapy-MPH38400_ClinicalSupportandCancerServices_AdditionalClinicalServices_TherapiesDEPT,01/08/2022,0,1,
OccTherapy-MPH38400_ClinicalSupportandCancerServices_AdditionalClinicalServices_TherapiesDEPT,01/09/2022,0,3,
OccTherapy-MPH38400_ClinicalSupportandCancerServices_AdditionalClinicalServices_TherapiesDEPT,01/10/2022,0,1,
OccTherapy-MPH38400_ClinicalSupportandCancerServices_AdditionalClinicalServices_TherapiesDEPT,01/11/2022,0,1,
OccTherapy-MPH38400_ClinicalSupportandCancerServices_AdditionalClinicalServices_TherapiesDEPT,01/12/2022,0,1,
OccTherapy-MPH38400_ClinicalSupportandCancerServices_AdditionalClinicalServices_TherapiesDEPT,01/01/2023,0,1,
OccTherapy-MPH38400_ClinicalSupportandCancerServices_AdditionalClinicalServices_TherapiesDEPT,01/08/2023,0,1,
OccTherapy-MPH38400_ClinicalSupportandCancerServices_AdditionalClinicalServices_TherapiesDEPT,01/09/2023,0,2,
OccTherapy-MPH38400_ClinicalSupportandCancerServices_AdditionalClinicalServices_TherapiesDEPT,01/10/2024,1,0,
OccTherapy-MPH38400_ClinicalSupportandCancerServices_AdministrativeandClerical_TherapiesDEPT,01/09/2021,0,1,
OccTherapy-MPH38400_ClinicalSupportandCancerServices_AdministrativeandClerical_TherapiesDEPT,01/08/2024,1,0,
OccTherapy-MPH38400_ClinicalSupportandCancerServices_AdministrativeandClerical_TherapiesDEPT,01/09/2024,0,1,
OccTherapy-MPH38400_ClinicalSupportandCancerServices_AlliedHealthProfessionals_TherapiesDEPT,01/10/2021,0,1,
OccTherapy-MPH38400_ClinicalSupportandCancerServices_AlliedHealthProfessionals_TherapiesDEPT,01/05/2022,0,1,
OccTherapy-MPH38400_ClinicalSupportandCancerServices_AlliedHealthProfessionals_TherapiesDEPT,01/06/2022,0,1,
OccTherapy-MPH38400_ClinicalSupportandCancerServices_AlliedHealthProfessionals_TherapiesDEPT,01/09/2022,0,1,
OccTherapy-MPH38400_ClinicalSupportandCancerServices_AlliedHealthProfessionals_TherapiesDEPT,01/11/2022,0,1,
OccTherapy-MPH38400_ClinicalSupportandCancerServices_AlliedHealthProfessionals_TherapiesDEPT,01/01/2023,0,3,
OccTherapy-MPH38400_ClinicalSupportandCancerServices_AlliedHealthProfessionals_TherapiesDEPT,01/03/2023,0,1,
OccTherapy-MPH38400_ClinicalSupportandCancerServices_AlliedHealthProfessionals_TherapiesDEPT,01/09/2023,0,1,
OccTherapy-MPH38400_ClinicalSupportandCancerServices_AlliedHealthProfessionals_TherapiesDEPT,01/06/2024,0,1,
OccTherapy-MPH38400_ClinicalSupportandCancerServices_AlliedHealthProfessionals_TherapiesDEPT,01/08/2024,1,1,
OccTherapy-MPH38400_ClinicalSupportandCancerServices_AlliedHealthProfessionals_TherapiesDEPT,01/03/2025,2,1,
OccTherapy-MPH38400_ClinicalSupportandCancerServices_AlliedHealthProfessionals_TherapiesDEPT,01/04/2025,1,0,
OccupationalTherapist75839_ClinicalSupportandCancerServices_AdditionalClinicalServices_TherapiesDEPT,01/07/2022,0,1,
OccupationalTherapist75839_ClinicalSupportandCancerServices_AdditionalClinicalServices_TherapiesDEPT,01/08/2022,0,1,
OccupationalTherapist75839_ClinicalSupportandCancerServices_AdditionalClinicalServices_TherapiesDEPT,01/06/2023,0,1,
OccupationalTherapist75839_ClinicalSupportandCancerServices_AdditionalClinicalServices_TherapiesDEPT,01/08/2024,0,1,
OccupationalTherapist75839_ClinicalSupportandCancerServices_AlliedHealthProfessionals_TherapiesDEPT,01/06/2021,0,2,
OccupationalTherapist75839_ClinicalSupportandCancerServices_AlliedHealthProfessionals_TherapiesDEPT,01/07/2021,0,1,
OccupationalTherapist75839_ClinicalSupportandCancerServices_AlliedHealthProfessionals_TherapiesDEPT,01/09/2021,0,1,
OccupationalTherapist75839_ClinicalSupportandCancerServices_AlliedHealthProfessionals_TherapiesDEPT,01/11/2021,0,1,
OccupationalTherapist75839_ClinicalSupportandCancerServices_AlliedHealthProfessionals_TherapiesDEPT,01/01/2022,0,2,
OccupationalTherapist75839_ClinicalSupportandCancerServices_AlliedHealthProfessionals_TherapiesDEPT,01/10/2022,0,2,
OccupationalTherapist75839_ClinicalSupportandCancerServices_AlliedHealthProfessionals_TherapiesDEPT,01/01/2023,0,1,
OccupationalTherapist75839_ClinicalSupportandCancerServices_AlliedHealthProfessionals_TherapiesDEPT,01/03/2023,0,1,
OccupationalTherapist75839_ClinicalSupportandCancerServices_AlliedHealthProfessionals_TherapiesDEPT,01/04/2023,0,1,
OccupationalTherapist75839_ClinicalSupportandCancerServices_AlliedHealthProfessionals_TherapiesDEPT,01/05/2023,0,1,
OccupationalTherapist75839_ClinicalSupportandCancerServices_AlliedHealthProfessionals_TherapiesDEPT,01/06/2023,0,1,
OccupationalTherapist75839_ClinicalSupportandCancerServices_AlliedHealthProfessionals_TherapiesDEPT,01/08/2023,0,1,
OccupationalTherapist75839_ClinicalSupportandCancerServices_AlliedHealthProfessionals_TherapiesDEPT,01/11/2023,0,1,
OccupationalTherapist75839_ClinicalSupportandCancerServices_AlliedHealthProfessionals_TherapiesDEPT,01/09/2024,1,1,
OccupationalTherapist75839_ClinicalSupportandCancerServices_AlliedHealthProfessionals_TherapiesDEPT,01/12/2024,1,0,
OccupationalTherapist75839_ClinicalSupportandCancerServices_AlliedHealthProfessionals_TherapiesDEPT,01/03/2025,0,1,
OlderPeoplePsychologyTeam66000_NeighbourhoodServices_AddProfScientificandTechnic_PsychologyOlderPeopleDEPT,01/09/2022,0,1,
Oncology/HaematologyNursing35000_ClinicalSupportandCancerServices_AdditionalClinicalServices_OtherHOPEandPalliativeCare,01/09/2021,0,2,
Oncology/HaematologyNursing35000_ClinicalSupportandCancerServices_AdditionalClinicalServices_OtherHOPEandPalliativeCare,01/09/2022,0,1,
Oncology/HaematologyNursing35000_ClinicalSupportandCancerServices_AdditionalClinicalServices_OtherHOPEandPalliativeCare,01/02/2023,0,1,
Oncology/HaematologyNursing35000_ClinicalSupportandCancerServices_AdditionalClinicalServices_OtherHOPEandPalliativeCare,01/08/2023,0,1,
Oncology/HaematologyNursing35000_ClinicalSupportandCancerServices_AdditionalClinicalServices_OtherHOPEandPalliativeCare,01/11/2023,0,1,
Oncology/HaematologyNursing35000_ClinicalSupportandCancerServices_AdditionalClinicalServices_OtherHOPEandPalliativeCare,01/12/2023,0,1,
Oncology/HaematologyNursing35000_ClinicalSupportandCancerServices_AdditionalClinicalServices_OtherHOPEandPalliativeCare,01/01/2024,0,1,
Oncology/HaematologyNursing35000_ClinicalSupportandCancerServices_NursingandMidwiferyRegistered_OtherHOPEandPalliativeCare,01/06/2021,0,1,
Oncology/HaematologyNursing35000_ClinicalSupportandCancerServices_NursingandMidwiferyRegistered_OtherHOPEandPalliativeCare,01/08/2021,0,1,
Oncology/HaematologyNursing35000_ClinicalSupportandCancerServices_NursingandMidwiferyRegistered_OtherHOPEandPalliativeCare,01/12/2021,0,1,
Oncology/HaematologyNursing35000_ClinicalSupportandCancerServices_NursingandMidwiferyRegistered_OtherHOPEandPalliativeCare,01/07/2022,0,1,
Oncology/HaematologyNursing35000_ClinicalSupportandCancerServices_NursingandMidwiferyRegistered_OtherHOPEandPalliativeCare,01/12/2022,0,1,
Oncology/HaematologyNursing35000_ClinicalSupportandCancerServices_NursingandMidwiferyRegistered_OtherHOPEandPalliativeCare,01/01/2023,0,1,
Oncology/HaematologyNursing35000_ClinicalSupportandCancerServices_NursingandMidwiferyRegistered_OtherHOPEandPalliativeCare,01/04/2023,0,1,
Oncology/HaematologyNursing35000_ClinicalSupportandCancerServices_NursingandMidwiferyRegistered_OtherHOPEandPalliativeCare,01/09/2023,0,1,
Oncology/HaematologyNursing35000_ClinicalSupportandCancerServices_NursingandMidwiferyRegistered_OtherHOPEandPalliativeCare,01/02/2024,0,1,
Oncology/HaematologyNursing35000_ClinicalSupportandCancerServices_NursingandMidwiferyRegistered_OtherHOPEandPalliativeCare,01/04/2024,1,0,
Oncology/HaematologyNursing35000_ClinicalSupportandCancerServices_NursingandMidwiferyRegistered_OtherHOPEandPalliativeCare,01/02/2025,1,0,
OpenMentalHealthRehab55307_MentalHealthandLearningDisabilities_NursingandMidwiferyRegistered_CommunityRehabDEPT,01/06/2024,1,0,
OperationalManagement00001_OperationalManagement_AdministrativeandClerical_OperationalManagementDEPT,01/11/2023,0,1,
OperationalManagement00001_OperationalManagement_AdministrativeandClerical_OperationalManagementDEPT,01/04/2024,0,1,
OperationalManagement00001_OperationalManagement_AdministrativeandClerical_OperationalManagementDEPT,01/05/2024,1,0,
OperationalManagement00001_OperationalManagement_AdministrativeandClerical_OperationalManagementDEPT,01/06/2024,1,2,
OperationalManagement00001_OperationalManagement_AdministrativeandClerical_OperationalManagementDEPT,01/12/2024,1,0,
OperationalManagement00001_OperationalManagement_AdministrativeandClerical_OperationalManagementDEPT,01/04/2025,1,1,
OperationalManagement00001_OperationalManagement_NursingandMidwiferyRegistered_OperationalManagementDEPT,01/03/2024,0,1,
OperationalManagement00001_OperationalManagement_NursingandMidwiferyRegistered_OperationalManagementDEPT,01/04/2024,1,1,
OphthalMedicalStaffYDH75797_SurgicalServices_MedicalandDental_Ophthalmology,01/06/2021,0,2,
OphthalMedicalStaffYDH75797_SurgicalServices_MedicalandDental_Ophthalmology,01/09/2021,0,1,
OphthalMedicalStaffYDH75797_SurgicalServices_MedicalandDental_Ophthalmology,01/10/2021,0,1,
OphthalMedicalStaffYDH75797_SurgicalServices_MedicalandDental_Ophthalmology,01/11/2021,0,1,
OphthalMedicalStaffYDH75797_SurgicalServices_MedicalandDental_Ophthalmology,01/06/2022,0,1,
OphthalMedicalStaffYDH75797_SurgicalServices_MedicalandDental_Ophthalmology,01/08/2022,0,1,
OphthalMedicalStaffYDH75797_SurgicalServices_MedicalandDental_Ophthalmology,01/10/2022,0,1,
OphthalMedicalStaffYDH75797_SurgicalServices_MedicalandDental_Ophthalmology,01/11/2022,0,1,
OphthalMedicalStaffYDH75797_SurgicalServices_MedicalandDental_Ophthalmology,01/04/2023,0,2,
OphthalMedicalStaffYDH75797_SurgicalServices_MedicalandDental_Ophthalmology,01/12/2023,0,1,
OphthalMedicalStaffYDH75797_SurgicalServices_MedicalandDental_Ophthalmology,01/01/2024,0,1,
OphthalMedicalStaffYDH75797_SurgicalServices_MedicalandDental_Ophthalmology,01/04/2024,1,0,
OphthalMedicalStaffYDH75797_SurgicalServices_MedicalandDental_Ophthalmology,01/06/2024,0,1,
OphthalMedicalStaffYDH75797_SurgicalServices_MedicalandDental_Ophthalmology,01/08/2024,0,2,
OphthalmicOPD14002_SurgicalServices_AdditionalClinicalServices_Ophthalmology,01/05/2021,0,1,
OphthalmicOPD14002_SurgicalServices_AdditionalClinicalServices_Ophthalmology,01/06/2021,0,1,
OphthalmicOPD14002_SurgicalServices_AdditionalClinicalServices_Ophthalmology,01/01/2022,0,1,
OphthalmicOPD14002_SurgicalServices_AdditionalClinicalServices_Ophthalmology,01/03/2022,0,1,
OphthalmicOPD14002_SurgicalServices_AdditionalClinicalServices_Ophthalmology,01/07/2022,0,1,
OphthalmicOPD14002_SurgicalServices_AdditionalClinicalServices_Ophthalmology,01/12/2022,0,1,
OphthalmicOPD14002_SurgicalServices_AdditionalClinicalServices_Ophthalmology,01/05/2023,0,1,
OphthalmicOPD14002_SurgicalServices_AdditionalClinicalServices_Ophthalmology,01/07/2024,0,1,
OphthalmicOPD14002_SurgicalServices_NursingandMidwiferyRegistered_Ophthalmology,01/09/2023,0,1,
OphthalmicOPD14002_SurgicalServices_NursingandMidwiferyRegistered_Ophthalmology,01/10/2024,1,0,
OphthalmicTheatreSuite17022_SurgicalServices_AdditionalClinicalServices_Theatres&DSC,01/04/2024,1,0,
OphthalmicTheatreSuite17022_SurgicalServices_NursingandMidwiferyRegistered_Theatres&DSC,01/12/2024,1,0,
OphthalmologyAdmin14007_SurgicalServices_AdministrativeandClerical_Ophthalmology,01/01/2025,0,2,
OphthalmologyAdmin14007_SurgicalServices_AdministrativeandClerical_Ophthalmology,01/02/2025,1,0,
OphthalmologyAdmin14007_SurgicalServices_AdministrativeandClerical_Ophthalmology,01/04/2025,1,0,
OphthalmologyMedStaffMPH14001_SurgicalServices_AddProfScientificandTechnic_Ophthalmology,01/07/2021,0,1,
OphthalmologyMedStaffMPH14001_SurgicalServices_AddProfScientificandTechnic_Ophthalmology,01/09/2024,1,0,
OphthalmologyMedStaffMPH14001_SurgicalServices_AddProfScientificandTechnic_Ophthalmology,01/10/2024,0,1,
OphthalmologyMedStaffMPH14001_SurgicalServices_AddProfScientificandTechnic_Ophthalmology,01/04/2025,1,0,
OphthalmologyMedStaffMPH14001_SurgicalServices_AdditionalClinicalServices_Ophthalmology,01/03/2022,0,1,
OphthalmologyMedStaffMPH14001_SurgicalServices_AdditionalClinicalServices_Ophthalmology,01/09/2022,0,1,
OphthalmologyMedStaffMPH14001_SurgicalServices_MedicalandDental_Ophthalmology,01/08/2021,0,4,
OphthalmologyMedStaffMPH14001_SurgicalServices_MedicalandDental_Ophthalmology,01/11/2021,0,1,
OphthalmologyMedStaffMPH14001_SurgicalServices_MedicalandDental_Ophthalmology,01/06/2022,0,1,
OphthalmologyMedStaffMPH14001_SurgicalServices_MedicalandDental_Ophthalmology,01/08/2022,0,5,
OphthalmologyMedStaffMPH14001_SurgicalServices_MedicalandDental_Ophthalmology,01/09/2022,0,2,
OphthalmologyMedStaffMPH14001_SurgicalServices_MedicalandDental_Ophthalmology,01/05/2023,0,1,
OphthalmologyMedStaffMPH14001_SurgicalServices_MedicalandDental_Ophthalmology,01/08/2023,0,5,
OphthalmologyMedStaffMPH14001_SurgicalServices_MedicalandDental_Ophthalmology,01/08/2024,0,5,
OphthalmologyMedStaffMPH14001_SurgicalServices_NursingandMidwiferyRegistered_Ophthalmology,01/09/2023,0,1,
OphthalmologyMedStaffMPH14001_SurgicalServices_NursingandMidwiferyRegistered_Ophthalmology,01/10/2023,0,1,
OpticalAHP75828_SurgicalServices_AddProfScientificandTechnic_Ophthalmology,01/08/2021,0,1,
OpticalAHP75828_SurgicalServices_AddProfScientificandTechnic_Ophthalmology,01/06/2024,1,0,
OpticalNursing75800_SurgicalServices_AdditionalClinicalServices_Ophthalmology,01/10/2021,0,1,
OpticalNursing75800_SurgicalServices_AdditionalClinicalServices_Ophthalmology,01/03/2022,0,2,
OpticalNursing75800_SurgicalServices_AdditionalClinicalServices_Ophthalmology,01/07/2022,0,3,
OpticalNursing75800_SurgicalServices_AdditionalClinicalServices_Ophthalmology,01/03/2023,0,1,
OpticalNursing75800_SurgicalServices_AdditionalClinicalServices_Ophthalmology,01/05/2023,0,2,
OpticalNursing75800_SurgicalServices_AdditionalClinicalServices_Ophthalmology,01/07/2023,0,1,
OpticalNursing75800_SurgicalServices_AdditionalClinicalServices_Ophthalmology,01/08/2023,0,1,
OpticalNursing75800_SurgicalServices_AdditionalClinicalServices_Ophthalmology,01/09/2023,0,1,
OpticalNursing75800_SurgicalServices_AdditionalClinicalServices_Ophthalmology,01/12/2023,0,1,
OpticalNursing75800_SurgicalServices_AdditionalClinicalServices_Ophthalmology,01/12/2024,1,0,
OpticalNursing75800_SurgicalServices_AlliedHealthProfessionals_Ophthalmology,01/07/2024,1,0,
OpticalNursing75800_SurgicalServices_NursingandMidwiferyRegistered_Ophthalmology,01/05/2021,0,1,
OpticalNursing75800_SurgicalServices_NursingandMidwiferyRegistered_Ophthalmology,01/11/2023,0,1,
OrthodonticsMedStf12008_SurgicalServices_MedicalandDental_Orthodontics,01/12/2022,0,1,
OrthodonticsMedStf12008_SurgicalServices_MedicalandDental_Orthodontics,01/06/2024,1,0,
OrthodonticsMedStf12008_SurgicalServices_MedicalandDental_Orthodontics,01/12/2024,1,0,
OrthopaedicMedStfMPH18002_SurgicalServices_MedicalandDental_T&O,01/06/2021,0,1,
OrthopaedicMedStfMPH18002_SurgicalServices_MedicalandDental_T&O,01/08/2021,0,7,
OrthopaedicMedStfMPH18002_SurgicalServices_MedicalandDental_T&O,01/02/2022,0,5,
OrthopaedicMedStfMPH18002_SurgicalServices_MedicalandDental_T&O,01/08/2022,0,9,
OrthopaedicMedStfMPH18002_SurgicalServices_MedicalandDental_T&O,01/09/2022,0,1,
OrthopaedicMedStfMPH18002_SurgicalServices_MedicalandDental_T&O,01/01/2023,0,1,
OrthopaedicMedStfMPH18002_SurgicalServices_MedicalandDental_T&O,01/02/2023,0,5,
OrthopaedicMedStfMPH18002_SurgicalServices_MedicalandDental_T&O,01/03/2023,0,1,
OrthopaedicMedStfMPH18002_SurgicalServices_MedicalandDental_T&O,01/07/2023,0,1,
OrthopaedicMedStfMPH18002_SurgicalServices_MedicalandDental_T&O,01/08/2023,0,15,
OrthopaedicMedStfMPH18002_SurgicalServices_MedicalandDental_T&O,01/11/2023,0,2,
OrthopaedicMedStfMPH18002_SurgicalServices_MedicalandDental_T&O,01/02/2024,0,3,
OrthopaedicMedStfMPH18002_SurgicalServices_MedicalandDental_T&O,01/04/2024,0,1,
OrthopaedicMedStfMPH18002_SurgicalServices_MedicalandDental_T&O,01/05/2024,1,1,
OrthopaedicMedStfMPH18002_SurgicalServices_MedicalandDental_T&O,01/08/2024,0,12,
OrthopaedicMedStfMPH18002_SurgicalServices_MedicalandDental_T&O,01/09/2024,0,1,
OrthopaedicMedStfMPH18002_SurgicalServices_MedicalandDental_T&O,01/10/2024,1,1,
OrthopaedicMedStfMPH18002_SurgicalServices_MedicalandDental_T&O,01/11/2024,2,0,
OrthopaedicMedStfMPH18002_SurgicalServices_MedicalandDental_T&O,01/02/2025,0,5,
OrthopaedicMedStfMPH18002_SurgicalServices_MedicalandDental_T&O,01/03/2025,0,1,
OrthopaedicMedicalStaffYDH75752_SurgicalServices_MedicalandDental_T&O,01/08/2021,0,7,
OrthopaedicMedicalStaffYDH75752_SurgicalServices_MedicalandDental_T&O,01/11/2021,0,1,
OrthopaedicMedicalStaffYDH75752_SurgicalServices_MedicalandDental_T&O,01/02/2022,0,1,
OrthopaedicMedicalStaffYDH75752_SurgicalServices_MedicalandDental_T&O,01/08/2022,0,5,
OrthopaedicMedicalStaffYDH75752_SurgicalServices_MedicalandDental_T&O,01/09/2022,0,1,
OrthopaedicMedicalStaffYDH75752_SurgicalServices_MedicalandDental_T&O,01/02/2023,0,2,
OrthopaedicMedicalStaffYDH75752_SurgicalServices_MedicalandDental_T&O,01/08/2023,0,8,
OrthopaedicMedicalStaffYDH75752_SurgicalServices_MedicalandDental_T&O,01/11/2023,0,1,
OrthopaedicMedicalStaffYDH75752_SurgicalServices_MedicalandDental_T&O,01/04/2024,0,2,
OrthopaedicMedicalStaffYDH75752_SurgicalServices_MedicalandDental_T&O,01/07/2024,1,0,
OrthopaedicMedicalStaffYDH75752_SurgicalServices_MedicalandDental_T&O,01/08/2024,0,5,
OrthopaedicMedicalStaffYDH75752_SurgicalServices_MedicalandDental_T&O,01/11/2024,1,0,
OrthopaedicMedicalStaffYDH75752_SurgicalServices_MedicalandDental_T&O,01/02/2025,0,1,
OrthopaedicMedicalStaffYDH75752_SurgicalServices_MedicalandDental_T&O,01/04/2025,1,0,
OrthopaedicOPDYDH75757_SurgicalServices_AdditionalClinicalServices_T&O,01/08/2024,1,1,
OrthopaedicOPDYDH75757_SurgicalServices_AdministrativeandClerical_T&O,01/04/2022,0,1,
OrthopaedicOPDYDH75757_SurgicalServices_AdministrativeandClerical_T&O,01/12/2022,0,1,
OrthopaedicOPDYDH75757_SurgicalServices_AdministrativeandClerical_T&O,01/06/2024,1,1,
OrthopaedicOPDYDH75757_SurgicalServices_AdministrativeandClerical_T&O,01/09/2024,1,0,
OrthopaedicOPDYDH75757_SurgicalServices_NursingandMidwiferyRegistered_T&O,01/10/2023,0,1,
OrthopaedicOPDYDH75757_SurgicalServices_NursingandMidwiferyRegistered_T&O,01/09/2024,1,1,
OrthopaedicOPDYDH75757_SurgicalServices_NursingandMidwiferyRegistered_T&O,01/01/2025,1,0,
OrthopaedicPathwayAdmin75758_SurgicalServices_AdministrativeandClerical_T&O,01/10/2021,0,1,
OrthopaedicSpecialistNurses75759_SurgicalServices_NursingandMidwiferyRegistered_T&O,01/03/2025,1,0,
Orthoptists14003_SurgicalServices_AdditionalClinicalServices_Ophthalmology,01/10/2023,0,1,
Orthoptists14003_SurgicalServices_AdministrativeandClerical_Ophthalmology,01/06/2024,1,0,
Orthoptists14003_SurgicalServices_AlliedHealthProfessionals_Ophthalmology,01/05/2022,0,1,
Orthoptists14003_SurgicalServices_AlliedHealthProfessionals_Ophthalmology,01/09/2024,1,1,
Orthotics75840_ClinicalSupportandCancerServices_AdministrativeandClerical_TherapiesDEPT,01/01/2023,0,1,
Orthotics75840_ClinicalSupportandCancerServices_AlliedHealthProfessionals_TherapiesDEPT,01/10/2021,0,1,
Orthotics75840_ClinicalSupportandCancerServices_AlliedHealthProfessionals_TherapiesDEPT,01/03/2022,0,1,
Orthotics75840_ClinicalSupportandCancerServices_AlliedHealthProfessionals_TherapiesDEPT,01/03/2024,0,1,
Orthotics75840_ClinicalSupportandCancerServices_AlliedHealthProfessionals_TherapiesDEPT,01/07/2024,1,0,
Outpat-OrthopaedicMPH18005_SurgicalServices_AdditionalClinicalServices_T&O,01/05/2021,0,1,
Outpat-OrthopaedicMPH18005_SurgicalServices_AdditionalClinicalServices_T&O,01/07/2023,0,1,
Outpat-OrthopaedicMPH18005_SurgicalServices_AdditionalClinicalServices_T&O,01/04/2024,0,2,
Outpat-OrthopaedicMPH18005_SurgicalServices_AdditionalClinicalServices_T&O,01/05/2024,1,1,
Outpat-OrthopaedicMPH18005_SurgicalServices_AdditionalClinicalServices_T&O,01/07/2024,1,0,
Outpat-OrthopaedicMPH18005_SurgicalServices_NursingandMidwiferyRegistered_T&O,01/09/2022,0,1,
Outpat-OrthopaedicMPH18005_SurgicalServices_NursingandMidwiferyRegistered_T&O,01/05/2023,0,1,
Outpat-OrthopaedicMPH18005_SurgicalServices_NursingandMidwiferyRegistered_T&O,01/09/2023,0,1,
Outpat-OrthopaedicMPH18005_SurgicalServices_NursingandMidwiferyRegistered_T&O,01/07/2024,1,0,
Outpat-OrthopaedicMPH18005_SurgicalServices_NursingandMidwiferyRegistered_T&O,01/03/2025,1,0,
OutpatientTherapists75841_ClinicalSupportandCancerServices_AdditionalClinicalServices_TherapiesDEPT,01/09/2021,0,1,
OutpatientTherapists75841_ClinicalSupportandCancerServices_AdditionalClinicalServices_TherapiesDEPT,01/04/2022,0,1,
OutpatientTherapists75841_ClinicalSupportandCancerServices_AdditionalClinicalServices_TherapiesDEPT,01/10/2022,0,1,
OutpatientTherapists75841_ClinicalSupportandCancerServices_AdditionalClinicalServices_TherapiesDEPT,01/03/2023,0,1,
OutpatientTherapists75841_ClinicalSupportandCancerServices_AdditionalClinicalServices_TherapiesDEPT,01/05/2024,1,0,
OutpatientTherapists75841_ClinicalSupportandCancerServices_AdministrativeandClerical_TherapiesDEPT,01/05/2022,0,1,
OutpatientTherapists75841_ClinicalSupportandCancerServices_AdministrativeandClerical_TherapiesDEPT,01/01/2023,0,1,
OutpatientTherapists75841_ClinicalSupportandCancerServices_AdministrativeandClerical_TherapiesDEPT,01/10/2023,0,1,
OutpatientTherapists75841_ClinicalSupportandCancerServices_AdministrativeandClerical_TherapiesDEPT,01/09/2024,1,0,
OutpatientTherapists75841_ClinicalSupportandCancerServices_AdministrativeandClerical_TherapiesDEPT,01/11/2024,1,1,
OutpatientTherapists75841_ClinicalSupportandCancerServices_AdministrativeandClerical_TherapiesDEPT,01/01/2025,0,1,
OutpatientTherapists75841_ClinicalSupportandCancerServices_AdministrativeandClerical_TherapiesDEPT,01/03/2025,0,1,
OutpatientTherapists75841_ClinicalSupportandCancerServices_AlliedHealthProfessionals_TherapiesDEPT,01/05/2021,0,1,
OutpatientTherapists75841_ClinicalSupportandCancerServices_AlliedHealthProfessionals_TherapiesDEPT,01/06/2021,0,1,
OutpatientTherapists75841_ClinicalSupportandCancerServices_AlliedHealthProfessionals_TherapiesDEPT,01/11/2021,0,1,
OutpatientTherapists75841_ClinicalSupportandCancerServices_AlliedHealthProfessionals_TherapiesDEPT,01/11/2022,0,1,
OutpatientTherapists75841_ClinicalSupportandCancerServices_AlliedHealthProfessionals_TherapiesDEPT,01/01/2023,0,1,
OutpatientTherapists75841_ClinicalSupportandCancerServices_AlliedHealthProfessionals_TherapiesDEPT,01/02/2023,0,1,
OutpatientTherapists75841_ClinicalSupportandCancerServices_AlliedHealthProfessionals_TherapiesDEPT,01/09/2023,0,1,
OutpatientTherapists75841_ClinicalSupportandCancerServices_AlliedHealthProfessionals_TherapiesDEPT,01/09/2024,0,1,
OutpatientTherapists75841_ClinicalSupportandCancerServices_AlliedHealthProfessionals_TherapiesDEPT,01/03/2025,1,0,
OutpatientTherapists75841_ClinicalSupportandCancerServices_AlliedHealthProfessionals_TherapiesDEPT,01/04/2025,1,0,
OutpatientsAdmin15001_SurgicalServices_AdministrativeandClerical_Outpatients,01/05/2021,0,2,
OutpatientsAdmin15001_SurgicalServices_AdministrativeandClerical_Outpatients,01/07/2021,0,2,
OutpatientsAdmin15001_SurgicalServices_AdministrativeandClerical_Outpatients,01/08/2021,0,1,
OutpatientsAdmin15001_SurgicalServices_AdministrativeandClerical_Outpatients,01/09/2021,0,1,
OutpatientsAdmin15001_SurgicalServices_AdministrativeandClerical_Outpatients,01/11/2021,0,1,
OutpatientsAdmin15001_SurgicalServices_AdministrativeandClerical_Outpatients,01/01/2022,0,3,
OutpatientsAdmin15001_SurgicalServices_AdministrativeandClerical_Outpatients,01/02/2022,0,1,
OutpatientsAdmin15001_SurgicalServices_AdministrativeandClerical_Outpatients,01/03/2022,0,4,
OutpatientsAdmin15001_SurgicalServices_AdministrativeandClerical_Outpatients,01/05/2022,0,1,
OutpatientsAdmin15001_SurgicalServices_AdministrativeandClerical_Outpatients,01/06/2022,0,3,
OutpatientsAdmin15001_SurgicalServices_AdministrativeandClerical_Outpatients,01/07/2022,0,1,
OutpatientsAdmin15001_SurgicalServices_AdministrativeandClerical_Outpatients,01/08/2022,0,2,
OutpatientsAdmin15001_SurgicalServices_AdministrativeandClerical_Outpatients,01/09/2022,0,2,
OutpatientsAdmin15001_SurgicalServices_AdministrativeandClerical_Outpatients,01/10/2022,0,3,
OutpatientsAdmin15001_SurgicalServices_AdministrativeandClerical_Outpatients,01/11/2022,0,1,
OutpatientsAdmin15001_SurgicalServices_AdministrativeandClerical_Outpatients,01/01/2023,0,3,
OutpatientsAdmin15001_SurgicalServices_AdministrativeandClerical_Outpatients,01/03/2023,0,1,
OutpatientsAdmin15001_SurgicalServices_AdministrativeandClerical_Outpatients,01/04/2023,0,1,
OutpatientsAdmin15001_SurgicalServices_AdministrativeandClerical_Outpatients,01/05/2023,0,2,
OutpatientsAdmin15001_SurgicalServices_AdministrativeandClerical_Outpatients,01/06/2023,0,1,
OutpatientsAdmin15001_SurgicalServices_AdministrativeandClerical_Outpatients,01/09/2023,0,2,
OutpatientsAdmin15001_SurgicalServices_AdministrativeandClerical_Outpatients,01/10/2023,0,2,
OutpatientsAdmin15001_SurgicalServices_AdministrativeandClerical_Outpatients,01/11/2023,0,2,
OutpatientsAdmin15001_SurgicalServices_AdministrativeandClerical_Outpatients,01/03/2024,0,3,
OutpatientsAdmin15001_SurgicalServices_AdministrativeandClerical_Outpatients,01/04/2024,2,5,
OutpatientsAdmin15001_SurgicalServices_AdministrativeandClerical_Outpatients,01/05/2024,2,1,
OutpatientsAdmin15001_SurgicalServices_AdministrativeandClerical_Outpatients,01/07/2024,2,5,
OutpatientsAdmin15001_SurgicalServices_AdministrativeandClerical_Outpatients,01/08/2024,1,0,
OutpatientsAdmin15001_SurgicalServices_AdministrativeandClerical_Outpatients,01/09/2024,3,4,
OutpatientsAdmin15001_SurgicalServices_AdministrativeandClerical_Outpatients,01/10/2024,3,4,
OutpatientsAdmin15001_SurgicalServices_AdministrativeandClerical_Outpatients,01/11/2024,2,0,
OutpatientsAdmin15001_SurgicalServices_AdministrativeandClerical_Outpatients,01/01/2025,1,1,
OutpatientsAdmin15001_SurgicalServices_AdministrativeandClerical_Outpatients,01/03/2025,2,0,
OutpatientsAdmin15001_SurgicalServices_AdministrativeandClerical_Outpatients,01/04/2025,2,4,
OutpatientsNursing15002_SurgicalServices_AdditionalClinicalServices_Outpatients,01/07/2021,0,1,
OutpatientsNursing15002_SurgicalServices_AdditionalClinicalServices_Outpatients,01/10/2021,0,1,
OutpatientsNursing15002_SurgicalServices_AdditionalClinicalServices_Outpatients,01/12/2021,0,1,
OutpatientsNursing15002_SurgicalServices_AdditionalClinicalServices_Outpatients,01/04/2022,0,1,
OutpatientsNursing15002_SurgicalServices_AdditionalClinicalServices_Outpatients,01/06/2022,0,1,
OutpatientsNursing15002_SurgicalServices_AdditionalClinicalServices_Outpatients,01/04/2023,0,1,
OutpatientsNursing15002_SurgicalServices_AdditionalClinicalServices_Outpatients,01/04/2024,0,1,
OutpatientsNursing15002_SurgicalServices_AdditionalClinicalServices_Outpatients,01/09/2024,1,0,
OutpatientsNursing15002_SurgicalServices_AdditionalClinicalServices_Outpatients,01/10/2024,1,1,
OutpatientsNursing15002_SurgicalServices_NursingandMidwiferyRegistered_Outpatients,01/01/2024,0,1,
OutpatientsNursing15002_SurgicalServices_NursingandMidwiferyRegistered_Outpatients,01/09/2024,1,0,
OutpatientsNursing15002_SurgicalServices_NursingandMidwiferyRegistered_Outpatients,01/03/2025,1,0,
OutpatientsNursing15002_SurgicalServices_NursingandMidwiferyRegistered_Outpatients,01/04/2025,0,1,
PACU17013_SurgicalServices_NursingandMidwiferyRegistered_Theatres&DSC,01/10/2021,0,1,
PACU17013_SurgicalServices_NursingandMidwiferyRegistered_Theatres&DSC,01/09/2024,1,0,
PACU17013_SurgicalServices_NursingandMidwiferyRegistered_Theatres&DSC,01/04/2025,1,0,
PCNOTARRS68100_ClinicalSupportandCancerServices_AlliedHealthProfessionals_TherapiesDEPT,01/03/2022,0,2,
PCNOTARRS68100_ClinicalSupportandCancerServices_AlliedHealthProfessionals_TherapiesDEPT,01/04/2022,0,2,
PCNOTARRS68100_ClinicalSupportandCancerServices_AlliedHealthProfessionals_TherapiesDEPT,01/12/2022,0,1,
PCNOTARRS68100_ClinicalSupportandCancerServices_AlliedHealthProfessionals_TherapiesDEPT,01/08/2023,0,1,
PCNOTARRS68100_ClinicalSupportandCancerServices_AlliedHealthProfessionals_TherapiesDEPT,01/01/2024,0,1,
PCNOTARRS68100_ClinicalSupportandCancerServices_AlliedHealthProfessionals_TherapiesDEPT,01/02/2024,0,1,
PCNOTARRS68100_ClinicalSupportandCancerServices_AlliedHealthProfessionals_TherapiesDEPT,01/03/2025,1,0,
PICC/AcutePainTeam17012_SurgicalServices_NursingandMidwiferyRegistered_CriticalCare,01/07/2024,1,0,
PMO05012_CorporateSupportServices_AdministrativeandClerical_Digital,01/03/2025,1,0,
PMO05012_CorporateSupportServices_AdministrativeandClerical_Digital,01/04/2025,0,1,
PMOTeam76007_CorporateSupportServices_AdministrativeandClerical_Improvement,01/09/2022,0,2,
PUVAClinic12003_MedicalServices_NursingandMidwiferyRegistered_Dermatology,01/07/2024,1,1,
PaediatricAcuteAdmin43130_CYP&FamiliesServices_AdministrativeandClerical_AcutePaediatrics,01/04/2022,0,1,
PaediatricAcuteAdmin43130_CYP&FamiliesServices_AdministrativeandClerical_AcutePaediatrics,01/05/2022,0,1,
PaediatricAcuteAdmin43130_CYP&FamiliesServices_AdministrativeandClerical_AcutePaediatrics,01/03/2023,0,1,
PaediatricAcuteAdmin43130_CYP&FamiliesServices_AdministrativeandClerical_AcutePaediatrics,01/04/2023,0,1,
PaediatricAcuteAdmin43130_CYP&FamiliesServices_AdministrativeandClerical_AcutePaediatrics,01/05/2023,0,2,
PaediatricAcuteAdmin43130_CYP&FamiliesServices_AdministrativeandClerical_AcutePaediatrics,01/08/2023,0,2,
PaediatricAcuteAdmin43130_CYP&FamiliesServices_AdministrativeandClerical_AcutePaediatrics,01/01/2024,0,4,
PaediatricAcuteAdmin43130_CYP&FamiliesServices_AdministrativeandClerical_AcutePaediatrics,01/05/2024,1,0,
PaediatricAcuteAdmin43130_CYP&FamiliesServices_AdministrativeandClerical_AcutePaediatrics,01/06/2024,0,1,
PaediatricAcuteAdmin43130_CYP&FamiliesServices_AdministrativeandClerical_AcutePaediatrics,01/07/2024,1,1,
PaediatricAcuteAdmin43130_CYP&FamiliesServices_AdministrativeandClerical_AcutePaediatrics,01/08/2024,1,0,
PaediatricAcuteAdmin43130_CYP&FamiliesServices_AdministrativeandClerical_AcutePaediatrics,01/09/2024,0,2,
PaediatricAcuteAdmin43130_CYP&FamiliesServices_AdministrativeandClerical_AcutePaediatrics,01/01/2025,1,0,
PaediatricAcuteAdmin43130_CYP&FamiliesServices_AdministrativeandClerical_AcutePaediatrics,01/03/2025,1,0,
PaediatricAcuteAdmin43130_CYP&FamiliesServices_AdministrativeandClerical_AcutePaediatrics,01/04/2025,0,2,
PaediatricAdminSupport76243_CYP&FamiliesServices_AdministrativeandClerical_AcutePaediatrics,01/07/2021,0,1,
PaediatricAdminSupport76243_CYP&FamiliesServices_AdministrativeandClerical_AcutePaediatrics,01/12/2021,0,1,
PaediatricAdminSupport76243_CYP&FamiliesServices_AdministrativeandClerical_AcutePaediatrics,01/09/2022,0,1,
PaediatricDiabetesTeam43050_CYP&FamiliesServices_AdditionalClinicalServices_AcutePaediatrics,01/07/2024,1,0,
PaediatricDiabetesTeam43050_CYP&FamiliesServices_NursingandMidwiferyRegistered_AcutePaediatrics,01/03/2023,0,1,
PaediatricTherapiesMendip42010_CYP&FamiliesServices_AdditionalClinicalServices_CommunityPaediatrics,01/01/2022,0,1,
PaediatricTherapiesMendip42010_CYP&FamiliesServices_AdditionalClinicalServices_CommunityPaediatrics,01/08/2023,0,1,
PaediatricTherapiesMendip42010_CYP&FamiliesServices_AdditionalClinicalServices_CommunityPaediatrics,01/02/2024,0,1,
PaediatricTherapiesMendip42010_CYP&FamiliesServices_AdministrativeandClerical_CommunityPaediatrics,01/10/2023,0,1,
PaediatricTherapiesMendip42010_CYP&FamiliesServices_AdministrativeandClerical_CommunityPaediatrics,01/10/2024,0,1,
PaediatricTherapiesMendip42010_CYP&FamiliesServices_AdministrativeandClerical_CommunityPaediatrics,01/04/2025,1,0,
PaediatricTherapiesMendip42010_CYP&FamiliesServices_AlliedHealthProfessionals_CommunityPaediatrics,01/05/2021,0,1,
PaediatricTherapiesMendip42010_CYP&FamiliesServices_AlliedHealthProfessionals_CommunityPaediatrics,01/01/2022,0,1,
PaediatricTherapiesMendip42010_CYP&FamiliesServices_AlliedHealthProfessionals_CommunityPaediatrics,01/07/2023,0,2,
PaediatricTherapiesMendip42010_CYP&FamiliesServices_AlliedHealthProfessionals_CommunityPaediatrics,01/08/2023,0,1,
PaediatricTherapiesMendip42010_CYP&FamiliesServices_AlliedHealthProfessionals_CommunityPaediatrics,01/02/2024,0,1,
PaediatricTherapiesMendip42010_CYP&FamiliesServices_AlliedHealthProfessionals_CommunityPaediatrics,01/06/2024,1,0,
PaediatricTherapiesMendip42010_CYP&FamiliesServices_AlliedHealthProfessionals_CommunityPaediatrics,01/07/2024,1,2,
PaediatricTherapiesMendip42010_CYP&FamiliesServices_AlliedHealthProfessionals_CommunityPaediatrics,01/01/2025,0,1,
PaediatricTherapiesTaunton42010_CYP&FamiliesServices_AdditionalClinicalServices_CommunityPaediatrics,01/09/2022,0,2,
PaediatricTherapiesTaunton42010_CYP&FamiliesServices_AdditionalClinicalServices_CommunityPaediatrics,01/10/2022,0,2,
PaediatricTherapiesTaunton42010_CYP&FamiliesServices_AdditionalClinicalServices_CommunityPaediatrics,01/01/2023,0,1,
PaediatricTherapiesTaunton42010_CYP&FamiliesServices_AdditionalClinicalServices_CommunityPaediatrics,01/05/2023,0,1,
PaediatricTherapiesTaunton42010_CYP&FamiliesServices_AdditionalClinicalServices_CommunityPaediatrics,01/10/2023,0,1,
PaediatricTherapiesTaunton42010_CYP&FamiliesServices_AdditionalClinicalServices_CommunityPaediatrics,01/09/2024,0,1,
PaediatricTherapiesTaunton42010_CYP&FamiliesServices_AdministrativeandClerical_CommunityPaediatrics,01/07/2021,0,1,
PaediatricTherapiesTaunton42010_CYP&FamiliesServices_AdministrativeandClerical_CommunityPaediatrics,01/04/2022,0,1,
PaediatricTherapiesTaunton42010_CYP&FamiliesServices_AlliedHealthProfessionals_CommunityPaediatrics,01/05/2021,0,1,
PaediatricTherapiesTaunton42010_CYP&FamiliesServices_AlliedHealthProfessionals_CommunityPaediatrics,01/10/2021,0,2,
PaediatricTherapiesTaunton42010_CYP&FamiliesServices_AlliedHealthProfessionals_CommunityPaediatrics,01/11/2021,0,1,
PaediatricTherapiesTaunton42010_CYP&FamiliesServices_AlliedHealthProfessionals_CommunityPaediatrics,01/06/2022,0,1,
PaediatricTherapiesTaunton42010_CYP&FamiliesServices_AlliedHealthProfessionals_CommunityPaediatrics,01/07/2022,0,1,
PaediatricTherapiesTaunton42010_CYP&FamiliesServices_AlliedHealthProfessionals_CommunityPaediatrics,01/09/2022,0,1,
PaediatricTherapiesTaunton42010_CYP&FamiliesServices_AlliedHealthProfessionals_CommunityPaediatrics,01/02/2023,0,1,
PaediatricTherapiesTaunton42010_CYP&FamiliesServices_AlliedHealthProfessionals_CommunityPaediatrics,01/05/2023,0,1,
PaediatricTherapiesTaunton42010_CYP&FamiliesServices_AlliedHealthProfessionals_CommunityPaediatrics,01/09/2023,0,2,
PaediatricTherapiesTaunton42010_CYP&FamiliesServices_AlliedHealthProfessionals_CommunityPaediatrics,01/11/2023,0,1,
PaediatricTherapiesTaunton42010_CYP&FamiliesServices_AlliedHealthProfessionals_CommunityPaediatrics,01/05/2024,1,0,
PaediatricTherapiesTaunton42010_CYP&FamiliesServices_AlliedHealthProfessionals_CommunityPaediatrics,01/06/2024,0,1,
PaediatricTherapiesYeovil42010_CYP&FamiliesServices_AdditionalClinicalServices_CommunityPaediatrics,01/10/2021,0,1,
PaediatricTherapiesYeovil42010_CYP&FamiliesServices_AdditionalClinicalServices_CommunityPaediatrics,01/11/2021,0,1,
PaediatricTherapiesYeovil42010_CYP&FamiliesServices_AdditionalClinicalServices_CommunityPaediatrics,01/05/2023,0,1,
PaediatricTherapiesYeovil42010_CYP&FamiliesServices_AdditionalClinicalServices_CommunityPaediatrics,01/01/2024,0,1,
PaediatricTherapiesYeovil42010_CYP&FamiliesServices_AdditionalClinicalServices_CommunityPaediatrics,01/04/2024,0,1,
PaediatricTherapiesYeovil42010_CYP&FamiliesServices_AdministrativeandClerical_CommunityPaediatrics,01/04/2022,0,1,
PaediatricTherapiesYeovil42010_CYP&FamiliesServices_AdministrativeandClerical_CommunityPaediatrics,01/07/2022,0,1,
PaediatricTherapiesYeovil42010_CYP&FamiliesServices_AdministrativeandClerical_CommunityPaediatrics,01/12/2022,0,1,
PaediatricTherapiesYeovil42010_CYP&FamiliesServices_AdministrativeandClerical_CommunityPaediatrics,01/12/2023,0,1,
PaediatricTherapiesYeovil42010_CYP&FamiliesServices_AlliedHealthProfessionals_CommunityPaediatrics,01/06/2021,0,1,
PaediatricTherapiesYeovil42010_CYP&FamiliesServices_AlliedHealthProfessionals_CommunityPaediatrics,01/07/2021,0,1,
PaediatricTherapiesYeovil42010_CYP&FamiliesServices_AlliedHealthProfessionals_CommunityPaediatrics,01/11/2021,0,2,
PaediatricTherapiesYeovil42010_CYP&FamiliesServices_AlliedHealthProfessionals_CommunityPaediatrics,01/02/2022,0,1,
PaediatricTherapiesYeovil42010_CYP&FamiliesServices_AlliedHealthProfessionals_CommunityPaediatrics,01/09/2023,0,1,
PaediatricTherapiesYeovil42010_CYP&FamiliesServices_AlliedHealthProfessionals_CommunityPaediatrics,01/04/2024,1,1,
PaediatricTherapiesYeovil42010_CYP&FamiliesServices_AlliedHealthProfessionals_CommunityPaediatrics,01/07/2024,1,1,
PaediatricTherapiesYeovil42010_CYP&FamiliesServices_AlliedHealthProfessionals_CommunityPaediatrics,01/08/2024,1,0,
PaediatricTherapiesYeovil42010_CYP&FamiliesServices_AlliedHealthProfessionals_CommunityPaediatrics,01/09/2024,0,1,
PaediatricTherapiesYeovil42010_CYP&FamiliesServices_AlliedHealthProfessionals_CommunityPaediatrics,01/03/2025,1,0,
PaediatricTherapiesYeovil42010_CYP&FamiliesServices_AlliedHealthProfessionals_CommunityPaediatrics,01/04/2025,0,2,
PaediatricsNurseOPD76244_CYP&FamiliesServices_AdditionalClinicalServices_AcutePaediatrics,01/04/2024,1,0,
PaediatricsNurseOPD76244_CYP&FamiliesServices_AdditionalClinicalServices_AcutePaediatrics,01/11/2024,0,1,
PaediatricsNurseOPD76244_CYP&FamiliesServices_AdditionalClinicalServices_AcutePaediatrics,01/03/2025,1,0,
PaedsMedicalStaffingMPH43060_CYP&FamiliesServices_MedicalandDental_MedicalPaediatrics,01/07/2021,0,3,
PaedsMedicalStaffingMPH43060_CYP&FamiliesServices_MedicalandDental_MedicalPaediatrics,01/08/2021,0,1,
PaedsMedicalStaffingMPH43060_CYP&FamiliesServices_MedicalandDental_MedicalPaediatrics,01/09/2021,0,6,
PaedsMedicalStaffingMPH43060_CYP&FamiliesServices_MedicalandDental_MedicalPaediatrics,01/10/2021,0,1,
PaedsMedicalStaffingMPH43060_CYP&FamiliesServices_MedicalandDental_MedicalPaediatrics,01/03/2022,0,6,
PaedsMedicalStaffingMPH43060_CYP&FamiliesServices_MedicalandDental_MedicalPaediatrics,01/04/2022,0,1,
PaedsMedicalStaffingMPH43060_CYP&FamiliesServices_MedicalandDental_MedicalPaediatrics,01/05/2022,0,1,
PaedsMedicalStaffingMPH43060_CYP&FamiliesServices_MedicalandDental_MedicalPaediatrics,01/07/2022,0,1,
PaedsMedicalStaffingMPH43060_CYP&FamiliesServices_MedicalandDental_MedicalPaediatrics,01/08/2022,0,1,
PaedsMedicalStaffingMPH43060_CYP&FamiliesServices_MedicalandDental_MedicalPaediatrics,01/09/2022,0,8,
PaedsMedicalStaffingMPH43060_CYP&FamiliesServices_MedicalandDental_MedicalPaediatrics,01/11/2022,0,1,
PaedsMedicalStaffingMPH43060_CYP&FamiliesServices_MedicalandDental_MedicalPaediatrics,01/03/2023,0,5,
PaedsMedicalStaffingMPH43060_CYP&FamiliesServices_MedicalandDental_MedicalPaediatrics,01/04/2023,0,1,
PaedsMedicalStaffingMPH43060_CYP&FamiliesServices_MedicalandDental_MedicalPaediatrics,01/05/2023,0,1,
PaedsMedicalStaffingMPH43060_CYP&FamiliesServices_MedicalandDental_MedicalPaediatrics,01/07/2023,0,1,
PaedsMedicalStaffingMPH43060_CYP&FamiliesServices_MedicalandDental_MedicalPaediatrics,01/08/2023,0,2,
PaedsMedicalStaffingMPH43060_CYP&FamiliesServices_MedicalandDental_MedicalPaediatrics,01/09/2023,0,5,
PaedsMedicalStaffingMPH43060_CYP&FamiliesServices_MedicalandDental_MedicalPaediatrics,01/01/2024,0,1,
PaedsMedicalStaffingMPH43060_CYP&FamiliesServices_MedicalandDental_MedicalPaediatrics,01/03/2024,0,5,
PaedsMedicalStaffingMPH43060_CYP&FamiliesServices_MedicalandDental_MedicalPaediatrics,01/04/2024,0,1,
PaedsMedicalStaffingMPH43060_CYP&FamiliesServices_MedicalandDental_MedicalPaediatrics,01/05/2024,0,1,
PaedsMedicalStaffingMPH43060_CYP&FamiliesServices_MedicalandDental_MedicalPaediatrics,01/07/2024,1,1,
PaedsMedicalStaffingMPH43060_CYP&FamiliesServices_MedicalandDental_MedicalPaediatrics,01/08/2024,0,1,
PaedsMedicalStaffingMPH43060_CYP&FamiliesServices_MedicalandDental_MedicalPaediatrics,01/09/2024,1,11,
PaedsMedicalStaffingMPH43060_CYP&FamiliesServices_MedicalandDental_MedicalPaediatrics,01/12/2024,0,2,
PaedsMedicalStaffingMPH43060_CYP&FamiliesServices_MedicalandDental_MedicalPaediatrics,01/01/2025,1,1,
PaedsMedicalStaffingMPH43060_CYP&FamiliesServices_MedicalandDental_MedicalPaediatrics,01/02/2025,0,1,
PaedsMedicalStaffingMPH43060_CYP&FamiliesServices_MedicalandDental_MedicalPaediatrics,01/03/2025,0,3,
PaedsMedicalStaffingYDH76246_CYP&FamiliesServices_MedicalandDental_MedicalPaediatrics,01/07/2021,0,2,
PaedsMedicalStaffingYDH76246_CYP&FamiliesServices_MedicalandDental_MedicalPaediatrics,01/08/2021,0,3,
PaedsMedicalStaffingYDH76246_CYP&FamiliesServices_MedicalandDental_MedicalPaediatrics,01/09/2021,0,5,
PaedsMedicalStaffingYDH76246_CYP&FamiliesServices_MedicalandDental_MedicalPaediatrics,01/03/2022,0,2,
PaedsMedicalStaffingYDH76246_CYP&FamiliesServices_MedicalandDental_MedicalPaediatrics,01/07/2022,0,1,
PaedsMedicalStaffingYDH76246_CYP&FamiliesServices_MedicalandDental_MedicalPaediatrics,01/08/2022,0,4,
PaedsMedicalStaffingYDH76246_CYP&FamiliesServices_MedicalandDental_MedicalPaediatrics,01/09/2022,0,4,
PaedsMedicalStaffingYDH76246_CYP&FamiliesServices_MedicalandDental_MedicalPaediatrics,01/10/2022,0,2,
PaedsMedicalStaffingYDH76246_CYP&FamiliesServices_MedicalandDental_MedicalPaediatrics,01/03/2023,0,2,
PaedsMedicalStaffingYDH76246_CYP&FamiliesServices_MedicalandDental_MedicalPaediatrics,01/04/2023,0,1,
PaedsMedicalStaffingYDH76246_CYP&FamiliesServices_MedicalandDental_MedicalPaediatrics,01/07/2023,0,1,
PaedsMedicalStaffingYDH76246_CYP&FamiliesServices_MedicalandDental_MedicalPaediatrics,01/08/2023,0,2,
PaedsMedicalStaffingYDH76246_CYP&FamiliesServices_MedicalandDental_MedicalPaediatrics,01/09/2023,0,2,
PaedsMedicalStaffingYDH76246_CYP&FamiliesServices_MedicalandDental_MedicalPaediatrics,01/10/2023,0,2,
PaedsMedicalStaffingYDH76246_CYP&FamiliesServices_MedicalandDental_MedicalPaediatrics,01/12/2023,0,1,
PaedsMedicalStaffingYDH76246_CYP&FamiliesServices_MedicalandDental_MedicalPaediatrics,01/03/2024,0,2,
PaedsMedicalStaffingYDH76246_CYP&FamiliesServices_MedicalandDental_MedicalPaediatrics,01/04/2024,0,1,
PaedsMedicalStaffingYDH76246_CYP&FamiliesServices_MedicalandDental_MedicalPaediatrics,01/05/2024,0,1,
PaedsMedicalStaffingYDH76246_CYP&FamiliesServices_MedicalandDental_MedicalPaediatrics,01/07/2024,0,2,
PaedsMedicalStaffingYDH76246_CYP&FamiliesServices_MedicalandDental_MedicalPaediatrics,01/08/2024,0,2,
PaedsMedicalStaffingYDH76246_CYP&FamiliesServices_MedicalandDental_MedicalPaediatrics,01/09/2024,1,5,
PaedsMedicalStaffingYDH76246_CYP&FamiliesServices_MedicalandDental_MedicalPaediatrics,01/10/2024,1,0,
PainService60010_NeighbourhoodServices_AdditionalClinicalServices_PainServicePCN,01/03/2022,0,1,
PainService60010_NeighbourhoodServices_AdministrativeandClerical_PainServicePCN,01/03/2023,0,1,
PainService60010_NeighbourhoodServices_AdministrativeandClerical_PainServicePCN,01/12/2024,1,0,
PainService60010_NeighbourhoodServices_AdministrativeandClerical_PainServicePCN,01/03/2025,0,1,
PainService60010_NeighbourhoodServices_NursingandMidwiferyRegistered_PainServicePCN,01/05/2021,0,1,
PalliativeCareCo-Ordination68200_NeighbourhoodServices_AdministrativeandClerical_IntermediateCareDEPT,01/05/2021,0,1,
PalliativeCareCo-Ordination68200_NeighbourhoodServices_AdministrativeandClerical_IntermediateCareDEPT,01/08/2021,0,1,
PalliativeCareCo-Ordination68200_NeighbourhoodServices_AdministrativeandClerical_IntermediateCareDEPT,01/01/2023,0,1,
PalliativeCareCo-Ordination68200_NeighbourhoodServices_AdministrativeandClerical_IntermediateCareDEPT,01/03/2025,1,0,
PalliativeCareMedicalTeam62010_NeighbourhoodServices_AdministrativeandClerical_PalliativeCareDEPT,01/09/2021,0,1,
PalliativeCareMedicalTeam62010_NeighbourhoodServices_AdministrativeandClerical_PalliativeCareDEPT,01/05/2022,0,1,
PalliativeCareMedicalTeam62010_NeighbourhoodServices_MedicalandDental_PalliativeCareDEPT,01/07/2021,0,1,
PalliativeCareMedicalTeam62010_NeighbourhoodServices_MedicalandDental_PalliativeCareDEPT,01/09/2021,0,1,
PalliativeCareMedicalTeam62010_NeighbourhoodServices_MedicalandDental_PalliativeCareDEPT,01/02/2022,0,1,
PalliativeCareMedicalTeam62010_NeighbourhoodServices_MedicalandDental_PalliativeCareDEPT,01/07/2022,0,1,
PalliativeCareMedicalTeam62010_NeighbourhoodServices_MedicalandDental_PalliativeCareDEPT,01/11/2022,0,1,
PalliativeCareMedicalTeam62010_NeighbourhoodServices_MedicalandDental_PalliativeCareDEPT,01/07/2023,0,1,
PalliativeCareMedicalTeam62010_NeighbourhoodServices_MedicalandDental_PalliativeCareDEPT,01/02/2024,0,1,
PalliativeCareMedicalTeam62010_NeighbourhoodServices_MedicalandDental_PalliativeCareDEPT,01/04/2024,1,1,
PalliativeCareMedicalTeam62010_NeighbourhoodServices_MedicalandDental_PalliativeCareDEPT,01/07/2024,1,3,
PalliativeCareMedicalTeam62010_NeighbourhoodServices_MedicalandDental_PalliativeCareDEPT,01/01/2025,0,1,
PalliativeCareMedicalTeam62010_NeighbourhoodServices_MedicalandDental_PalliativeCareDEPT,01/04/2025,1,0,
PalliativeCareMedicalTeam62010_NeighbourhoodServices_NursingandMidwiferyRegistered_PalliativeCareDEPT,01/04/2023,0,1,
PalliativeCareNurses76227_NeighbourhoodServices_NursingandMidwiferyRegistered_PalliativeCareDEPT,01/10/2024,1,0,
Parkside00121_SurgicalServices_AdditionalClinicalServices_PrivatePatients,01/06/2021,0,1,
Parkside00121_SurgicalServices_AdditionalClinicalServices_PrivatePatients,01/01/2022,0,1,
Parkside00121_SurgicalServices_AdditionalClinicalServices_PrivatePatients,01/04/2022,0,2,
Parkside00121_SurgicalServices_AdditionalClinicalServices_PrivatePatients,01/05/2022,0,2,
Parkside00121_SurgicalServices_AdditionalClinicalServices_PrivatePatients,01/06/2022,0,1,
Parkside00121_SurgicalServices_AdditionalClinicalServices_PrivatePatients,01/08/2022,0,2,
Parkside00121_SurgicalServices_AdditionalClinicalServices_PrivatePatients,01/09/2022,0,2,
Parkside00121_SurgicalServices_AdditionalClinicalServices_PrivatePatients,01/01/2024,0,1,
Parkside00121_SurgicalServices_AdditionalClinicalServices_PrivatePatients,01/06/2024,1,0,
Parkside00121_SurgicalServices_AdditionalClinicalServices_PrivatePatients,01/10/2024,1,0,
Parkside00121_SurgicalServices_AdministrativeandClerical_PrivatePatients,01/03/2022,0,1,
Parkside00121_SurgicalServices_AdministrativeandClerical_PrivatePatients,01/11/2023,0,1,
Parkside00121_SurgicalServices_AdministrativeandClerical_PrivatePatients,01/04/2024,1,0,
Parkside00121_SurgicalServices_AdministrativeandClerical_PrivatePatients,01/06/2024,2,0,
Parkside00121_SurgicalServices_AdministrativeandClerical_PrivatePatients,01/07/2024,0,1,
Parkside00121_SurgicalServices_AdministrativeandClerical_PrivatePatients,01/09/2024,1,0,
Parkside00121_SurgicalServices_AdministrativeandClerical_PrivatePatients,01/11/2024,1,1,
Parkside00121_SurgicalServices_EstatesandAncillary_PrivatePatients,01/05/2021,0,1,
Parkside00121_SurgicalServices_EstatesandAncillary_PrivatePatients,01/11/2021,0,1,
Parkside00121_SurgicalServices_EstatesandAncillary_PrivatePatients,01/05/2022,0,1,
Parkside00121_SurgicalServices_EstatesandAncillary_PrivatePatients,01/11/2022,0,1,
Parkside00121_SurgicalServices_EstatesandAncillary_PrivatePatients,01/02/2024,0,1,
Parkside00121_SurgicalServices_EstatesandAncillary_PrivatePatients,01/08/2024,1,0,
Parkside00121_SurgicalServices_EstatesandAncillary_PrivatePatients,01/02/2025,0,1,
Parkside00121_SurgicalServices_NursingandMidwiferyRegistered_PrivatePatients,01/10/2021,0,1,
Path&RadAdminSupport76359_ClinicalSupportandCancerServices_AdministrativeandClerical_MedicalImaging,01/02/2023,0,1,
Path&RadAdminSupport76359_ClinicalSupportandCancerServices_AdministrativeandClerical_MedicalImaging,01/10/2024,0,1,
Path&RadAdminSupport76359_ClinicalSupportandCancerServices_AdministrativeandClerical_MedicalImaging,01/12/2024,0,1,
Pathology-MPH31000_ClinicalSupportandCancerServices_AddProfScientificandTechnic_Pathology,01/10/2022,0,1,
Pathology-MPH31000_ClinicalSupportandCancerServices_AdministrativeandClerical_Pathology,01/12/2022,0,1,
Pathology-MPH31000_ClinicalSupportandCancerServices_AdministrativeandClerical_Pathology,01/03/2024,0,1,
Pathology-MPH31000_ClinicalSupportandCancerServices_HealthcareScientists_Pathology,01/08/2021,0,1,
Pathology-MPH31000_ClinicalSupportandCancerServices_HealthcareScientists_Pathology,01/09/2021,0,1,
Pathology-MPH31000_ClinicalSupportandCancerServices_HealthcareScientists_Pathology,01/10/2022,0,1,
Pathology-MPH31000_ClinicalSupportandCancerServices_HealthcareScientists_Pathology,01/10/2023,0,1,
Pathology-MPH31000_ClinicalSupportandCancerServices_HealthcareScientists_Pathology,01/04/2025,0,2,
Pathology-MPH31000_ClinicalSupportandCancerServices_MedicalandDental_Pathology,01/08/2021,0,1,
Pathology-MPH31000_ClinicalSupportandCancerServices_MedicalandDental_Pathology,01/10/2021,0,1,
Pathology-MPH31000_ClinicalSupportandCancerServices_MedicalandDental_Pathology,01/12/2021,0,1,
Pathology-MPH31000_ClinicalSupportandCancerServices_MedicalandDental_Pathology,01/08/2022,0,2,
Pathology-MPH31000_ClinicalSupportandCancerServices_MedicalandDental_Pathology,01/11/2022,0,1,
Pathology-MPH31000_ClinicalSupportandCancerServices_MedicalandDental_Pathology,01/02/2023,0,1,
Pathology-MPH31000_ClinicalSupportandCancerServices_MedicalandDental_Pathology,01/03/2023,0,1,
Pathology-MPH31000_ClinicalSupportandCancerServices_MedicalandDental_Pathology,01/12/2023,0,1,
Pathology-MPH31000_ClinicalSupportandCancerServices_MedicalandDental_Pathology,01/04/2024,0,2,
Pathology-MPH31000_ClinicalSupportandCancerServices_MedicalandDental_Pathology,01/06/2024,1,0,
Pathology-MPH31000_ClinicalSupportandCancerServices_MedicalandDental_Pathology,01/07/2024,2,0,
Pathology-MPH31000_ClinicalSupportandCancerServices_MedicalandDental_Pathology,01/08/2024,0,2,
Pathology-MPH31000_ClinicalSupportandCancerServices_MedicalandDental_Pathology,01/09/2024,0,2,
Pathology-MPH31000_ClinicalSupportandCancerServices_MedicalandDental_Pathology,01/01/2025,1,0,
Pathway2/365801_NeighbourhoodServices_AdditionalClinicalServices_IntermediateCareDEPT,01/09/2021,0,1,
Pathway2/365801_NeighbourhoodServices_AdditionalClinicalServices_IntermediateCareDEPT,01/01/2022,0,1,
Pathway2/365801_NeighbourhoodServices_AdditionalClinicalServices_IntermediateCareDEPT,01/09/2022,0,1,
Pathway2/365801_NeighbourhoodServices_AdditionalClinicalServices_IntermediateCareDEPT,01/10/2022,0,1,
Pathway2/365801_NeighbourhoodServices_AdditionalClinicalServices_IntermediateCareDEPT,01/11/2022,0,1,
Pathway2/365801_NeighbourhoodServices_AdditionalClinicalServices_IntermediateCareDEPT,01/03/2023,0,1,
Pathway2/365801_NeighbourhoodServices_AdditionalClinicalServices_IntermediateCareDEPT,01/09/2023,0,1,
Pathway2/365801_NeighbourhoodServices_AdditionalClinicalServices_IntermediateCareDEPT,01/07/2024,1,0,
Pathway2/365801_NeighbourhoodServices_AdditionalClinicalServices_IntermediateCareDEPT,01/08/2024,1,0,
Pathway2/365801_NeighbourhoodServices_AdditionalClinicalServices_IntermediateCareDEPT,01/10/2024,0,1,
Pathway2/365801_NeighbourhoodServices_AdditionalClinicalServices_IntermediateCareDEPT,01/01/2025,0,2,
Pathway2/365801_NeighbourhoodServices_AdditionalClinicalServices_IntermediateCareDEPT,01/03/2025,1,0,
Pathway2/365801_NeighbourhoodServices_AdministrativeandClerical_IntermediateCareDEPT,01/09/2022,0,1,
Pathway2/365801_NeighbourhoodServices_AdministrativeandClerical_IntermediateCareDEPT,01/10/2022,0,1,
Pathway2/365801_NeighbourhoodServices_AdministrativeandClerical_IntermediateCareDEPT,01/07/2024,1,0,
Pathway2/365801_NeighbourhoodServices_AdministrativeandClerical_IntermediateCareDEPT,01/11/2024,1,0,
Pathway2/365801_NeighbourhoodServices_AdministrativeandClerical_IntermediateCareDEPT,01/01/2025,0,1,
Pathway2/365801_NeighbourhoodServices_AdministrativeandClerical_IntermediateCareDEPT,01/02/2025,0,1,
Pathway2/365801_NeighbourhoodServices_AlliedHealthProfessionals_IntermediateCareDEPT,01/06/2021,0,1,
Pathway2/365801_NeighbourhoodServices_AlliedHealthProfessionals_IntermediateCareDEPT,01/01/2022,0,1,
Pathway2/365801_NeighbourhoodServices_AlliedHealthProfessionals_IntermediateCareDEPT,01/04/2022,0,1,
Pathway2/365801_NeighbourhoodServices_AlliedHealthProfessionals_IntermediateCareDEPT,01/05/2023,0,1,
Pathway2/365801_NeighbourhoodServices_AlliedHealthProfessionals_IntermediateCareDEPT,01/09/2023,0,1,
Pathway2/365801_NeighbourhoodServices_AlliedHealthProfessionals_IntermediateCareDEPT,01/11/2023,0,1,
Pathway2/365801_NeighbourhoodServices_AlliedHealthProfessionals_IntermediateCareDEPT,01/12/2023,0,1,
Pathway2/365801_NeighbourhoodServices_AlliedHealthProfessionals_IntermediateCareDEPT,01/07/2024,0,1,
Pathway2/365801_NeighbourhoodServices_AlliedHealthProfessionals_IntermediateCareDEPT,01/10/2024,0,1,
Pathway2/365801_NeighbourhoodServices_AlliedHealthProfessionals_IntermediateCareDEPT,01/11/2024,0,2,
Pathway2/365801_NeighbourhoodServices_AlliedHealthProfessionals_IntermediateCareDEPT,01/02/2025,1,0,
Pathway2/365801_NeighbourhoodServices_AlliedHealthProfessionals_IntermediateCareDEPT,01/04/2025,1,0,
Patient&FamilyCentredCare00201_CorporateSupportServices_AdministrativeandClerical_DirofQuality&Involvement,01/12/2021,0,2,
Patient&FamilyCentredCare00201_CorporateSupportServices_AdministrativeandClerical_DirofQuality&Involvement,01/10/2023,0,1,
Patient&FamilyCentredCare00201_CorporateSupportServices_AdministrativeandClerical_DirofQuality&Involvement,01/03/2024,0,3,
Patient&FamilyCentredCare00201_CorporateSupportServices_AdministrativeandClerical_DirofQuality&Involvement,01/04/2024,1,0,
Patient&FamilyCentredCare00201_CorporateSupportServices_AdministrativeandClerical_DirofQuality&Involvement,01/06/2024,1,0,
Patient&FamilyCentredCare00201_CorporateSupportServices_AdministrativeandClerical_DirofQuality&Involvement,01/08/2024,1,0,
Patient&FamilyCentredCare00201_CorporateSupportServices_AdministrativeandClerical_DirofQuality&Involvement,01/09/2024,2,0,
Patient&FamilyCentredCare00201_CorporateSupportServices_AdministrativeandClerical_DirofQuality&Involvement,01/10/2024,0,1,
Patient&FamilyCentredCare00201_CorporateSupportServices_AdministrativeandClerical_DirofQuality&Involvement,01/11/2024,1,0,
Patient&FamilyCentredCare00201_CorporateSupportServices_AdministrativeandClerical_DirofQuality&Involvement,01/12/2024,0,2,
Patient&FamilyCentredCare00201_CorporateSupportServices_AdministrativeandClerical_DirofQuality&Involvement,01/03/2025,0,1,
Patient&FamilyCentredCare00201_CorporateSupportServices_NursingandMidwiferyRegistered_DirofQuality&Involvement,01/06/2024,1,0,
PatientSafety02058_CorporateSupportServices_AdministrativeandClerical_Experience&Learning,01/02/2025,1,0,
PatientSafety02058_CorporateSupportServices_NursingandMidwiferyRegistered_Experience&Learning,01/01/2025,1,0,
PatientTransport76332_OperationalManagement_AdministrativeandClerical_AmbulanceServiceDEPT,01/08/2023,0,1,
PatientTransport76332_OperationalManagement_AdministrativeandClerical_AmbulanceServiceDEPT,01/04/2025,1,0,
PatientandPublicInvolvement_CorporateSupportServices_AdministrativeandClerical_PPI&Complaints,01/06/2021,0,1,
PatientsRecords00405_CorporateSupportServices_AdministrativeandClerical_InformationGovernance,01/07/2021,0,1,
PatientsRecords00405_CorporateSupportServices_AdministrativeandClerical_InformationGovernance,01/10/2021,0,1,
PatientsRecords00405_CorporateSupportServices_AdministrativeandClerical_InformationGovernance,01/12/2021,0,1,
PatientsRecords00405_CorporateSupportServices_AdministrativeandClerical_InformationGovernance,01/12/2022,0,1,
PatientsRecords00405_CorporateSupportServices_AdministrativeandClerical_InformationGovernance,01/01/2023,0,2,
PatientsRecords00405_CorporateSupportServices_AdministrativeandClerical_InformationGovernance,01/04/2023,0,2,
PatientsRecords00405_CorporateSupportServices_AdministrativeandClerical_InformationGovernance,01/07/2023,0,1,
PatientsRecords00405_CorporateSupportServices_AdministrativeandClerical_InformationGovernance,01/10/2023,0,1,
PatientsRecords00405_CorporateSupportServices_AdministrativeandClerical_InformationGovernance,01/01/2024,0,2,
PatientsRecords00405_CorporateSupportServices_AdministrativeandClerical_InformationGovernance,01/03/2024,0,2,
PatientsRecords00405_CorporateSupportServices_AdministrativeandClerical_InformationGovernance,01/04/2024,1,0,
PatientsRecords00405_CorporateSupportServices_AdministrativeandClerical_InformationGovernance,01/06/2024,2,0,
PatientsRecords00405_CorporateSupportServices_AdministrativeandClerical_InformationGovernance,01/11/2024,1,3,
PatientsRecords00405_CorporateSupportServices_AdministrativeandClerical_InformationGovernance,01/12/2024,4,1,
PatientsRecords00405_CorporateSupportServices_AdministrativeandClerical_InformationGovernance,01/02/2025,1,0,
PatientsRecords00405_CorporateSupportServices_AdministrativeandClerical_InformationGovernance,01/03/2025,0,2,
PatientsRecords00405_CorporateSupportServices_AdministrativeandClerical_InformationGovernance,01/04/2025,1,0,
Payroll03004_CorporateSupportServices_AdministrativeandClerical_Finance,01/07/2021,0,1,
Payroll03004_CorporateSupportServices_AdministrativeandClerical_Finance,01/11/2021,0,2,
Payroll03004_CorporateSupportServices_AdministrativeandClerical_Finance,01/04/2022,0,1,
Payroll03004_CorporateSupportServices_AdministrativeandClerical_Finance,01/09/2022,0,1,
Payroll03004_CorporateSupportServices_AdministrativeandClerical_Finance,01/10/2022,0,1,
Payroll03004_CorporateSupportServices_AdministrativeandClerical_Finance,01/08/2023,0,1,
Payroll03004_CorporateSupportServices_AdministrativeandClerical_Finance,01/10/2023,0,2,
Payroll03004_CorporateSupportServices_AdministrativeandClerical_Finance,01/05/2024,1,0,
Payroll03004_CorporateSupportServices_AdministrativeandClerical_Finance,01/06/2024,1,0,
Payroll03004_CorporateSupportServices_AdministrativeandClerical_Finance,01/07/2024,1,0,
Payroll03004_CorporateSupportServices_AdministrativeandClerical_Finance,01/08/2024,1,0,
Payroll03004_CorporateSupportServices_AdministrativeandClerical_Finance,01/10/2024,1,0,
Payroll03004_CorporateSupportServices_AdministrativeandClerical_Finance,01/01/2025,0,2,
PeopleBusinessPartners02062_CorporateSupportServices_AdministrativeandClerical_DeputyCPO,01/04/2022,0,1,
PeopleBusinessPartners02062_CorporateSupportServices_AdministrativeandClerical_DeputyCPO,01/06/2023,0,1,
PeopleBusinessPartners02062_CorporateSupportServices_AdministrativeandClerical_DeputyCPO,01/10/2024,1,0,
PeopleBusinessPartners02062_CorporateSupportServices_AdministrativeandClerical_DeputyCPO,01/03/2025,1,0,
Peri-Op11003_SurgicalServices_AdministrativeandClerical_POAC,01/04/2023,0,1,
Peri-Op11003_SurgicalServices_AlliedHealthProfessionals_POAC,01/12/2023,0,1,
Peri-Op11003_SurgicalServices_AlliedHealthProfessionals_POAC,01/12/2024,1,0,
Peri-Op11003_SurgicalServices_NursingandMidwiferyRegistered_POAC,01/09/2022,0,1,
Perinatal50106_MentalHealthandLearningDisabilities_AddProfScientificandTechnic_UrgentCare&ForensicServs,01/09/2021,0,1,
Perinatal50106_MentalHealthandLearningDisabilities_AddProfScientificandTechnic_UrgentCare&ForensicServs,01/11/2022,0,1,
Perinatal50106_MentalHealthandLearningDisabilities_AddProfScientificandTechnic_UrgentCare&ForensicServs,01/09/2023,0,1,
Perinatal50106_MentalHealthandLearningDisabilities_AddProfScientificandTechnic_UrgentCare&ForensicServs,01/02/2024,0,1,
Perinatal50106_MentalHealthandLearningDisabilities_AddProfScientificandTechnic_UrgentCare&ForensicServs,01/09/2024,1,1,
Perinatal50106_MentalHealthandLearningDisabilities_AddProfScientificandTechnic_UrgentCare&ForensicServs,01/04/2025,0,2,
Perinatal50106_MentalHealthandLearningDisabilities_AdditionalClinicalServices_UrgentCare&ForensicServs,01/05/2021,0,1,
Perinatal50106_MentalHealthandLearningDisabilities_AdditionalClinicalServices_UrgentCare&ForensicServs,01/10/2023,0,1,
Perinatal50106_MentalHealthandLearningDisabilities_AdditionalClinicalServices_UrgentCare&ForensicServs,01/11/2024,1,0,
Perinatal50106_MentalHealthandLearningDisabilities_AdditionalClinicalServices_UrgentCare&ForensicServs,01/03/2025,0,1,
Perinatal50106_MentalHealthandLearningDisabilities_AdditionalClinicalServices_UrgentCare&ForensicServs,01/04/2025,1,0,
Perinatal50106_MentalHealthandLearningDisabilities_AdministrativeandClerical_UrgentCare&ForensicServs,01/09/2021,0,3,
Perinatal50106_MentalHealthandLearningDisabilities_AdministrativeandClerical_UrgentCare&ForensicServs,01/05/2024,0,1,
Perinatal50106_MentalHealthandLearningDisabilities_MedicalandDental_UrgentCare&ForensicServs,01/05/2022,0,1,
Perinatal50106_MentalHealthandLearningDisabilities_MedicalandDental_UrgentCare&ForensicServs,01/08/2022,0,1,
Perinatal50106_MentalHealthandLearningDisabilities_NursingandMidwiferyRegistered_UrgentCare&ForensicServs,01/09/2021,0,2,
Perinatal50106_MentalHealthandLearningDisabilities_NursingandMidwiferyRegistered_UrgentCare&ForensicServs,01/09/2022,0,1,
Perinatal50106_MentalHealthandLearningDisabilities_NursingandMidwiferyRegistered_UrgentCare&ForensicServs,01/11/2022,0,1,
Perinatal50106_MentalHealthandLearningDisabilities_NursingandMidwiferyRegistered_UrgentCare&ForensicServs,01/01/2023,0,1,
Perinatal50106_MentalHealthandLearningDisabilities_NursingandMidwiferyRegistered_UrgentCare&ForensicServs,01/04/2023,0,1,
Perinatal50106_MentalHealthandLearningDisabilities_NursingandMidwiferyRegistered_UrgentCare&ForensicServs,01/10/2023,0,1,
Perinatal50106_MentalHealthandLearningDisabilities_NursingandMidwiferyRegistered_UrgentCare&ForensicServs,01/06/2024,0,1,
Pharmacy-YDHPay76346_ClinicalSupportandCancerServices_AddProfScientificandTechnic_PharmacyDEPT,01/06/2021,0,2,
Pharmacy-YDHPay76346_ClinicalSupportandCancerServices_AddProfScientificandTechnic_PharmacyDEPT,01/08/2021,0,1,
Pharmacy-YDHPay76346_ClinicalSupportandCancerServices_AddProfScientificandTechnic_PharmacyDEPT,01/09/2021,0,2,
Pharmacy-YDHPay76346_ClinicalSupportandCancerServices_AddProfScientificandTechnic_PharmacyDEPT,01/11/2021,0,1,
Pharmacy-YDHPay76346_ClinicalSupportandCancerServices_AddProfScientificandTechnic_PharmacyDEPT,01/04/2022,0,1,
Pharmacy-YDHPay76346_ClinicalSupportandCancerServices_AddProfScientificandTechnic_PharmacyDEPT,01/08/2022,0,1,
Pharmacy-YDHPay76346_ClinicalSupportandCancerServices_AddProfScientificandTechnic_PharmacyDEPT,01/09/2022,0,1,
Pharmacy-YDHPay76346_ClinicalSupportandCancerServices_AddProfScientificandTechnic_PharmacyDEPT,01/01/2023,0,1,
Pharmacy-YDHPay76346_ClinicalSupportandCancerServices_AddProfScientificandTechnic_PharmacyDEPT,01/02/2023,0,1,
Pharmacy-YDHPay76346_ClinicalSupportandCancerServices_AddProfScientificandTechnic_PharmacyDEPT,01/06/2023,0,1,
Pharmacy-YDHPay76346_ClinicalSupportandCancerServices_AddProfScientificandTechnic_PharmacyDEPT,01/08/2023,0,2,
Pharmacy-YDHPay76346_ClinicalSupportandCancerServices_AddProfScientificandTechnic_PharmacyDEPT,01/09/2023,0,1,
Pharmacy-YDHPay76346_ClinicalSupportandCancerServices_AddProfScientificandTechnic_PharmacyDEPT,01/03/2024,0,1,
Pharmacy-YDHPay76346_ClinicalSupportandCancerServices_AddProfScientificandTechnic_PharmacyDEPT,01/05/2024,2,0,
Pharmacy-YDHPay76346_ClinicalSupportandCancerServices_AddProfScientificandTechnic_PharmacyDEPT,01/08/2024,1,0,
Pharmacy-YDHPay76346_ClinicalSupportandCancerServices_AddProfScientificandTechnic_PharmacyDEPT,01/09/2024,1,1,
Pharmacy-YDHPay76346_ClinicalSupportandCancerServices_AddProfScientificandTechnic_PharmacyDEPT,01/10/2024,0,1,
Pharmacy-YDHPay76346_ClinicalSupportandCancerServices_AddProfScientificandTechnic_PharmacyDEPT,01/04/2025,1,1,
Pharmacy-YDHPay76346_ClinicalSupportandCancerServices_AdditionalClinicalServices_PharmacyDEPT,01/07/2021,0,5,
Pharmacy-YDHPay76346_ClinicalSupportandCancerServices_AdditionalClinicalServices_PharmacyDEPT,01/09/2021,0,2,
Pharmacy-YDHPay76346_ClinicalSupportandCancerServices_AdditionalClinicalServices_PharmacyDEPT,01/11/2021,0,1,
Pharmacy-YDHPay76346_ClinicalSupportandCancerServices_AdditionalClinicalServices_PharmacyDEPT,01/12/2021,0,1,
Pharmacy-YDHPay76346_ClinicalSupportandCancerServices_AdditionalClinicalServices_PharmacyDEPT,01/06/2022,0,1,
Pharmacy-YDHPay76346_ClinicalSupportandCancerServices_AdditionalClinicalServices_PharmacyDEPT,01/08/2022,0,3,
Pharmacy-YDHPay76346_ClinicalSupportandCancerServices_AdditionalClinicalServices_PharmacyDEPT,01/09/2022,0,1,
Pharmacy-YDHPay76346_ClinicalSupportandCancerServices_AdditionalClinicalServices_PharmacyDEPT,01/10/2022,0,1,
Pharmacy-YDHPay76346_ClinicalSupportandCancerServices_AdditionalClinicalServices_PharmacyDEPT,01/01/2023,0,3,
Pharmacy-YDHPay76346_ClinicalSupportandCancerServices_AdditionalClinicalServices_PharmacyDEPT,01/02/2023,0,3,
Pharmacy-YDHPay76346_ClinicalSupportandCancerServices_AdditionalClinicalServices_PharmacyDEPT,01/03/2023,0,1,
Pharmacy-YDHPay76346_ClinicalSupportandCancerServices_AdditionalClinicalServices_PharmacyDEPT,01/04/2023,0,1,
Pharmacy-YDHPay76346_ClinicalSupportandCancerServices_AdditionalClinicalServices_PharmacyDEPT,01/07/2023,0,3,
Pharmacy-YDHPay76346_ClinicalSupportandCancerServices_AdditionalClinicalServices_PharmacyDEPT,01/08/2023,0,5,
Pharmacy-YDHPay76346_ClinicalSupportandCancerServices_AdditionalClinicalServices_PharmacyDEPT,01/09/2023,0,1,
Pharmacy-YDHPay76346_ClinicalSupportandCancerServices_AdditionalClinicalServices_PharmacyDEPT,01/11/2023,0,2,
Pharmacy-YDHPay76346_ClinicalSupportandCancerServices_AdditionalClinicalServices_PharmacyDEPT,01/04/2024,1,0,
Pharmacy-YDHPay76346_ClinicalSupportandCancerServices_AdditionalClinicalServices_PharmacyDEPT,01/05/2024,1,2,
Pharmacy-YDHPay76346_ClinicalSupportandCancerServices_AdditionalClinicalServices_PharmacyDEPT,01/06/2024,0,1,
Pharmacy-YDHPay76346_ClinicalSupportandCancerServices_AdditionalClinicalServices_PharmacyDEPT,01/07/2024,1,4,
Pharmacy-YDHPay76346_ClinicalSupportandCancerServices_AdditionalClinicalServices_PharmacyDEPT,01/08/2024,1,1,
Pharmacy-YDHPay76346_ClinicalSupportandCancerServices_AdditionalClinicalServices_PharmacyDEPT,01/11/2024,0,2,
Pharmacy-YDHPay76346_ClinicalSupportandCancerServices_AdditionalClinicalServices_PharmacyDEPT,01/01/2025,1,1,
Pharmacy-YDHPay76346_ClinicalSupportandCancerServices_AdministrativeandClerical_PharmacyDEPT,01/05/2021,0,1,
Pharmacy-YDHPay76346_ClinicalSupportandCancerServices_AdministrativeandClerical_PharmacyDEPT,01/04/2023,0,1,
Pharmacy-YDHPay76346_ClinicalSupportandCancerServices_AdministrativeandClerical_PharmacyDEPT,01/07/2023,0,1,
Pharmacy-YDHPay76346_ClinicalSupportandCancerServices_AdministrativeandClerical_PharmacyDEPT,01/09/2023,0,1,
Pharmacy-YDHPay76346_ClinicalSupportandCancerServices_AdministrativeandClerical_PharmacyDEPT,01/10/2023,0,1,
Pharmacy-YDHPay76346_ClinicalSupportandCancerServices_AdministrativeandClerical_PharmacyDEPT,01/04/2024,0,1,
Pharmacy-YDHPay76346_ClinicalSupportandCancerServices_AdministrativeandClerical_PharmacyDEPT,01/02/2025,0,1,
PharmacySomPart76349_ClinicalSupportandCancerServices_AddProfScientificandTechnic_PharmacyDEPT,01/02/2025,0,1,
PharmacySomPart76349_ClinicalSupportandCancerServices_AdditionalClinicalServices_PharmacyDEPT,01/02/2025,0,1,
PharmacySomPart76349_ClinicalSupportandCancerServices_AdditionalClinicalServices_PharmacyDEPT,01/03/2025,0,1,
PharmacyStaff37000_ClinicalSupportandCancerServices_AddProfScientificandTechnic_PharmacyDEPT,01/06/2021,0,1,
PharmacyStaff37000_ClinicalSupportandCancerServices_AddProfScientificandTechnic_PharmacyDEPT,01/08/2021,0,7,
PharmacyStaff37000_ClinicalSupportandCancerServices_AddProfScientificandTechnic_PharmacyDEPT,01/09/2021,0,1,
PharmacyStaff37000_ClinicalSupportandCancerServices_AddProfScientificandTechnic_PharmacyDEPT,01/10/2021,0,1,
PharmacyStaff37000_ClinicalSupportandCancerServices_AddProfScientificandTechnic_PharmacyDEPT,01/05/2022,0,2,
PharmacyStaff37000_ClinicalSupportandCancerServices_AddProfScientificandTechnic_PharmacyDEPT,01/06/2022,0,1,
PharmacyStaff37000_ClinicalSupportandCancerServices_AddProfScientificandTechnic_PharmacyDEPT,01/08/2022,0,3,
PharmacyStaff37000_ClinicalSupportandCancerServices_AddProfScientificandTechnic_PharmacyDEPT,01/09/2022,0,3,
PharmacyStaff37000_ClinicalSupportandCancerServices_AddProfScientificandTechnic_PharmacyDEPT,01/10/2022,0,4,
PharmacyStaff37000_ClinicalSupportandCancerServices_AddProfScientificandTechnic_PharmacyDEPT,01/11/2022,0,2,
PharmacyStaff37000_ClinicalSupportandCancerServices_AddProfScientificandTechnic_PharmacyDEPT,01/01/2023,0,2,
PharmacyStaff37000_ClinicalSupportandCancerServices_AddProfScientificandTechnic_PharmacyDEPT,01/04/2023,0,3,
PharmacyStaff37000_ClinicalSupportandCancerServices_AddProfScientificandTechnic_PharmacyDEPT,01/05/2023,0,2,
PharmacyStaff37000_ClinicalSupportandCancerServices_AddProfScientificandTechnic_PharmacyDEPT,01/06/2023,0,1,
PharmacyStaff37000_ClinicalSupportandCancerServices_AddProfScientificandTechnic_PharmacyDEPT,01/09/2023,0,1,
PharmacyStaff37000_ClinicalSupportandCancerServices_AddProfScientificandTechnic_PharmacyDEPT,01/10/2023,0,1,
PharmacyStaff37000_ClinicalSupportandCancerServices_AddProfScientificandTechnic_PharmacyDEPT,01/12/2023,0,1,
PharmacyStaff37000_ClinicalSupportandCancerServices_AddProfScientificandTechnic_PharmacyDEPT,01/04/2024,2,1,
PharmacyStaff37000_ClinicalSupportandCancerServices_AddProfScientificandTechnic_PharmacyDEPT,01/07/2024,1,1,
PharmacyStaff37000_ClinicalSupportandCancerServices_AddProfScientificandTechnic_PharmacyDEPT,01/08/2024,2,1,
PharmacyStaff37000_ClinicalSupportandCancerServices_AddProfScientificandTechnic_PharmacyDEPT,01/09/2024,2,1,
PharmacyStaff37000_ClinicalSupportandCancerServices_AddProfScientificandTechnic_PharmacyDEPT,01/10/2024,0,1,
PharmacyStaff37000_ClinicalSupportandCancerServices_AddProfScientificandTechnic_PharmacyDEPT,01/11/2024,2,3,
PharmacyStaff37000_ClinicalSupportandCancerServices_AddProfScientificandTechnic_PharmacyDEPT,01/12/2024,0,1,
PharmacyStaff37000_ClinicalSupportandCancerServices_AddProfScientificandTechnic_PharmacyDEPT,01/01/2025,0,2,
PharmacyStaff37000_ClinicalSupportandCancerServices_AddProfScientificandTechnic_PharmacyDEPT,01/02/2025,0,1,
PharmacyStaff37000_ClinicalSupportandCancerServices_AddProfScientificandTechnic_PharmacyDEPT,01/03/2025,0,2,
PharmacyStaff37000_ClinicalSupportandCancerServices_AdditionalClinicalServices_PharmacyDEPT,01/08/2021,0,1,
PharmacyStaff37000_ClinicalSupportandCancerServices_AdditionalClinicalServices_PharmacyDEPT,01/09/2021,0,1,
PharmacyStaff37000_ClinicalSupportandCancerServices_AdditionalClinicalServices_PharmacyDEPT,01/10/2021,0,1,
PharmacyStaff37000_ClinicalSupportandCancerServices_AdditionalClinicalServices_PharmacyDEPT,01/12/2021,0,1,
PharmacyStaff37000_ClinicalSupportandCancerServices_AdditionalClinicalServices_PharmacyDEPT,01/02/2022,0,1,
PharmacyStaff37000_ClinicalSupportandCancerServices_AdditionalClinicalServices_PharmacyDEPT,01/03/2022,0,1,
PharmacyStaff37000_ClinicalSupportandCancerServices_AdditionalClinicalServices_PharmacyDEPT,01/04/2022,0,1,
PharmacyStaff37000_ClinicalSupportandCancerServices_AdditionalClinicalServices_PharmacyDEPT,01/08/2022,0,2,
PharmacyStaff37000_ClinicalSupportandCancerServices_AdditionalClinicalServices_PharmacyDEPT,01/09/2022,0,2,
PharmacyStaff37000_ClinicalSupportandCancerServices_AdditionalClinicalServices_PharmacyDEPT,01/03/2023,0,1,
PharmacyStaff37000_ClinicalSupportandCancerServices_AdditionalClinicalServices_PharmacyDEPT,01/06/2023,0,3,
PharmacyStaff37000_ClinicalSupportandCancerServices_AdditionalClinicalServices_PharmacyDEPT,01/07/2023,0,3,
PharmacyStaff37000_ClinicalSupportandCancerServices_AdditionalClinicalServices_PharmacyDEPT,01/09/2023,0,4,
PharmacyStaff37000_ClinicalSupportandCancerServices_AdditionalClinicalServices_PharmacyDEPT,01/10/2023,0,3,
PharmacyStaff37000_ClinicalSupportandCancerServices_AdditionalClinicalServices_PharmacyDEPT,01/11/2023,0,2,
PharmacyStaff37000_ClinicalSupportandCancerServices_AdditionalClinicalServices_PharmacyDEPT,01/01/2024,0,2,
PharmacyStaff37000_ClinicalSupportandCancerServices_AdditionalClinicalServices_PharmacyDEPT,01/04/2024,0,1,
PharmacyStaff37000_ClinicalSupportandCancerServices_AdditionalClinicalServices_PharmacyDEPT,01/06/2024,1,0,
PharmacyStaff37000_ClinicalSupportandCancerServices_AdditionalClinicalServices_PharmacyDEPT,01/07/2024,2,6,
PharmacyStaff37000_ClinicalSupportandCancerServices_AdditionalClinicalServices_PharmacyDEPT,01/08/2024,1,3,
PharmacyStaff37000_ClinicalSupportandCancerServices_AdditionalClinicalServices_PharmacyDEPT,01/09/2024,0,2,
PharmacyStaff37000_ClinicalSupportandCancerServices_AdditionalClinicalServices_PharmacyDEPT,01/10/2024,0,1,
PharmacyStaff37000_ClinicalSupportandCancerServices_AdditionalClinicalServices_PharmacyDEPT,01/11/2024,3,4,
PharmacyStaff37000_ClinicalSupportandCancerServices_AdditionalClinicalServices_PharmacyDEPT,01/12/2024,1,1,
PharmacyStaff37000_ClinicalSupportandCancerServices_AdditionalClinicalServices_PharmacyDEPT,01/01/2025,0,4,
PharmacyStaff37000_ClinicalSupportandCancerServices_AdditionalClinicalServices_PharmacyDEPT,01/02/2025,0,4,
PharmacyStaff37000_ClinicalSupportandCancerServices_AdditionalClinicalServices_PharmacyDEPT,01/04/2025,0,3,
PharmacyStaff37000_ClinicalSupportandCancerServices_AdministrativeandClerical_PharmacyDEPT,01/04/2023,0,1,
PharmacyStaff37000_ClinicalSupportandCancerServices_AdministrativeandClerical_PharmacyDEPT,01/03/2024,0,1,
PharmacyStaff37000_ClinicalSupportandCancerServices_AdministrativeandClerical_PharmacyDEPT,01/04/2024,1,0,
PharmacyStaff37000_ClinicalSupportandCancerServices_AdministrativeandClerical_PharmacyDEPT,01/06/2024,1,0,
PharmacyStaff37000_ClinicalSupportandCancerServices_NursingandMidwiferyRegistered_PharmacyDEPT,01/09/2021,0,1,
PharmacyStaff37000_ClinicalSupportandCancerServices_NursingandMidwiferyRegistered_PharmacyDEPT,01/09/2024,1,0,
PharmacyTeam37500_ClinicalSupportandCancerServices_AddProfScientificandTechnic_PharmacyDEPT,01/09/2021,0,1,
PharmacyTeam37500_ClinicalSupportandCancerServices_AdditionalClinicalServices_PharmacyDEPT,01/10/2021,0,1,
PharmacyTeam37500_ClinicalSupportandCancerServices_AdditionalClinicalServices_PharmacyDEPT,01/07/2022,0,1,
Phlebotomy75771_OperationalManagement_AdditionalClinicalServices_ClinicalSiteManagers,01/05/2022,0,1,
Phlebotomy75771_OperationalManagement_AdditionalClinicalServices_ClinicalSiteManagers,01/09/2022,0,1,
Phlebotomy75771_OperationalManagement_AdditionalClinicalServices_ClinicalSiteManagers,01/01/2023,0,2,
Phlebotomy75771_OperationalManagement_AdditionalClinicalServices_ClinicalSiteManagers,01/03/2023,0,1,
Phlebotomy75771_OperationalManagement_AdditionalClinicalServices_ClinicalSiteManagers,01/04/2023,0,1,
Phlebotomy75771_OperationalManagement_AdditionalClinicalServices_ClinicalSiteManagers,01/05/2023,0,3,
Phlebotomy75771_OperationalManagement_AdditionalClinicalServices_ClinicalSiteManagers,01/03/2024,0,1,
Phlebotomy75771_OperationalManagement_AdditionalClinicalServices_ClinicalSiteManagers,01/04/2024,3,0,
Phlebotomy75771_OperationalManagement_AdditionalClinicalServices_ClinicalSiteManagers,01/05/2024,0,1,
Phlebotomy75771_OperationalManagement_AdditionalClinicalServices_ClinicalSiteManagers,01/06/2024,2,0,
Phlebotomy75771_OperationalManagement_AdditionalClinicalServices_ClinicalSiteManagers,01/07/2024,1,0,
Phlebotomy75771_OperationalManagement_AdditionalClinicalServices_ClinicalSiteManagers,01/10/2024,1,0,
Phlebotomy75771_OperationalManagement_AdditionalClinicalServices_ClinicalSiteManagers,01/12/2024,2,0,
Phlebotomy75771_OperationalManagement_AdditionalClinicalServices_ClinicalSiteManagers,01/03/2025,0,1,
PhlebotomyStaff20260_SurgicalServices_AdditionalClinicalServices_Outpatients,01/11/2021,0,2,
PhlebotomyStaff20260_SurgicalServices_AdditionalClinicalServices_Outpatients,01/08/2022,0,1,
PhlebotomyStaff20260_SurgicalServices_AdditionalClinicalServices_Outpatients,01/11/2022,0,1,
PhlebotomyStaff20260_SurgicalServices_AdditionalClinicalServices_Outpatients,01/07/2023,0,1,
PhlebotomyStaff20260_SurgicalServices_AdditionalClinicalServices_Outpatients,01/10/2023,0,1,
PhlebotomyStaff20260_SurgicalServices_AdditionalClinicalServices_Outpatients,01/01/2024,0,2,
PhlebotomyStaff20260_SurgicalServices_AdditionalClinicalServices_Outpatients,01/04/2024,1,0,
PhlebotomyStaff20260_SurgicalServices_AdditionalClinicalServices_Outpatients,01/07/2024,1,0,
PhlebotomyStaff20260_SurgicalServices_AdditionalClinicalServices_Outpatients,01/09/2024,2,0,
Physio-MPH38200_ClinicalSupportandCancerServices_AdditionalClinicalServices_TherapiesDEPT,01/08/2021,0,2,
Physio-MPH38200_ClinicalSupportandCancerServices_AdditionalClinicalServices_TherapiesDEPT,01/10/2021,0,2,
Physio-MPH38200_ClinicalSupportandCancerServices_AdditionalClinicalServices_TherapiesDEPT,01/11/2021,0,1,
Physio-MPH38200_ClinicalSupportandCancerServices_AdditionalClinicalServices_TherapiesDEPT,01/12/2021,0,1,
Physio-MPH38200_ClinicalSupportandCancerServices_AdditionalClinicalServices_TherapiesDEPT,01/01/2022,0,2,
Physio-MPH38200_ClinicalSupportandCancerServices_AdditionalClinicalServices_TherapiesDEPT,01/04/2022,0,1,
Physio-MPH38200_ClinicalSupportandCancerServices_AdditionalClinicalServices_TherapiesDEPT,01/08/2022,0,1,
Physio-MPH38200_ClinicalSupportandCancerServices_AdditionalClinicalServices_TherapiesDEPT,01/09/2022,0,3,
Physio-MPH38200_ClinicalSupportandCancerServices_AdditionalClinicalServices_TherapiesDEPT,01/11/2022,0,1,
Physio-MPH38200_ClinicalSupportandCancerServices_AdditionalClinicalServices_TherapiesDEPT,01/02/2023,0,2,
Physio-MPH38200_ClinicalSupportandCancerServices_AdditionalClinicalServices_TherapiesDEPT,01/03/2023,0,1,
Physio-MPH38200_ClinicalSupportandCancerServices_AdditionalClinicalServices_TherapiesDEPT,01/05/2023,0,2,
Physio-MPH38200_ClinicalSupportandCancerServices_AdditionalClinicalServices_TherapiesDEPT,01/09/2023,0,1,
Physio-MPH38200_ClinicalSupportandCancerServices_AdditionalClinicalServices_TherapiesDEPT,01/10/2023,0,2,
Physio-MPH38200_ClinicalSupportandCancerServices_AdditionalClinicalServices_TherapiesDEPT,01/01/2024,0,1,
Physio-MPH38200_ClinicalSupportandCancerServices_AdditionalClinicalServices_TherapiesDEPT,01/05/2024,1,0,
Physio-MPH38200_ClinicalSupportandCancerServices_AdditionalClinicalServices_TherapiesDEPT,01/07/2024,0,1,
Physio-MPH38200_ClinicalSupportandCancerServices_AdditionalClinicalServices_TherapiesDEPT,01/09/2024,0,2,
Physio-MPH38200_ClinicalSupportandCancerServices_AdditionalClinicalServices_TherapiesDEPT,01/12/2024,0,1,
Physio-MPH38200_ClinicalSupportandCancerServices_AdditionalClinicalServices_TherapiesDEPT,01/01/2025,1,1,
Physio-MPH38200_ClinicalSupportandCancerServices_AdditionalClinicalServices_TherapiesDEPT,01/03/2025,0,1,
Physio-MPH38200_ClinicalSupportandCancerServices_AdministrativeandClerical_TherapiesDEPT,01/01/2023,0,1,
Physio-MPH38200_ClinicalSupportandCancerServices_AdministrativeandClerical_TherapiesDEPT,01/09/2023,0,1,
Physio-MPH38200_ClinicalSupportandCancerServices_AdministrativeandClerical_TherapiesDEPT,01/07/2024,1,0,
Physio-MPH38200_ClinicalSupportandCancerServices_AlliedHealthProfessionals_TherapiesDEPT,01/05/2021,0,1,
Physio-MPH38200_ClinicalSupportandCancerServices_AlliedHealthProfessionals_TherapiesDEPT,01/10/2021,0,4,
Physio-MPH38200_ClinicalSupportandCancerServices_AlliedHealthProfessionals_TherapiesDEPT,01/11/2021,0,1,
Physio-MPH38200_ClinicalSupportandCancerServices_AlliedHealthProfessionals_TherapiesDEPT,01/05/2022,0,1,
Physio-MPH38200_ClinicalSupportandCancerServices_AlliedHealthProfessionals_TherapiesDEPT,01/08/2022,0,3,
Physio-MPH38200_ClinicalSupportandCancerServices_AlliedHealthProfessionals_TherapiesDEPT,01/01/2023,0,2,
Physio-MPH38200_ClinicalSupportandCancerServices_AlliedHealthProfessionals_TherapiesDEPT,01/03/2023,0,1,
Physio-MPH38200_ClinicalSupportandCancerServices_AlliedHealthProfessionals_TherapiesDEPT,01/04/2023,0,1,
Physio-MPH38200_ClinicalSupportandCancerServices_AlliedHealthProfessionals_TherapiesDEPT,01/05/2023,0,1,
Physio-MPH38200_ClinicalSupportandCancerServices_AlliedHealthProfessionals_TherapiesDEPT,01/07/2023,0,2,
Physio-MPH38200_ClinicalSupportandCancerServices_AlliedHealthProfessionals_TherapiesDEPT,01/08/2023,0,1,
Physio-MPH38200_ClinicalSupportandCancerServices_AlliedHealthProfessionals_TherapiesDEPT,01/09/2023,0,4,
Physio-MPH38200_ClinicalSupportandCancerServices_AlliedHealthProfessionals_TherapiesDEPT,01/10/2023,0,1,
Physio-MPH38200_ClinicalSupportandCancerServices_AlliedHealthProfessionals_TherapiesDEPT,01/11/2023,0,3,
Physio-MPH38200_ClinicalSupportandCancerServices_AlliedHealthProfessionals_TherapiesDEPT,01/02/2024,0,1,
Physio-MPH38200_ClinicalSupportandCancerServices_AlliedHealthProfessionals_TherapiesDEPT,01/04/2024,0,1,
Physio-MPH38200_ClinicalSupportandCancerServices_AlliedHealthProfessionals_TherapiesDEPT,01/05/2024,1,0,
Physio-MPH38200_ClinicalSupportandCancerServices_AlliedHealthProfessionals_TherapiesDEPT,01/06/2024,1,1,
Physio-MPH38200_ClinicalSupportandCancerServices_AlliedHealthProfessionals_TherapiesDEPT,01/08/2024,2,1,
Physio-MPH38200_ClinicalSupportandCancerServices_AlliedHealthProfessionals_TherapiesDEPT,01/09/2024,1,0,
Physio-MPH38200_ClinicalSupportandCancerServices_AlliedHealthProfessionals_TherapiesDEPT,01/12/2024,0,1,
Physio-MPH38200_ClinicalSupportandCancerServices_AlliedHealthProfessionals_TherapiesDEPT,01/01/2025,2,0,
Physio-MPH38200_ClinicalSupportandCancerServices_AlliedHealthProfessionals_TherapiesDEPT,01/02/2025,0,1,
Physio-MPH38200_ClinicalSupportandCancerServices_AlliedHealthProfessionals_TherapiesDEPT,01/03/2025,2,5,
Physio-MPH38200_ClinicalSupportandCancerServices_AlliedHealthProfessionals_TherapiesDEPT,01/04/2025,1,0,
PlasterRoom18006_SurgicalServices_AddProfScientificandTechnic_T&O,01/08/2021,0,1,
PlasterRoom18006_SurgicalServices_AddProfScientificandTechnic_T&O,01/01/2024,0,1,
PlymouthUndergraduate00601_CorporateSupportServices_AdditionalClinicalServices_MedicalEducationDirectorofPeople,01/12/2021,0,1,
PlymouthUndergraduate00601_CorporateSupportServices_AdministrativeandClerical_MedicalEducationDirectorofPeople,01/01/2024,0,1,
PlymouthUndergraduate00601_CorporateSupportServices_AdministrativeandClerical_MedicalEducationDirectorofPeople,01/09/2024,1,0,
PlymouthUndergraduate00601_CorporateSupportServices_AdministrativeandClerical_MedicalEducationDirectorofPeople,01/02/2025,1,0,
PlymouthUndergraduate00601_CorporateSupportServices_MedicalandDental_MedicalEducationDirectorofPeople,01/06/2021,0,1,
Podiatry16005_ClinicalSupportandCancerServices_AdditionalClinicalServices_TherapiesDEPT,01/07/2022,0,1,
Podiatry16005_ClinicalSupportandCancerServices_AdditionalClinicalServices_TherapiesDEPT,01/08/2022,0,2,
Podiatry16005_ClinicalSupportandCancerServices_AdditionalClinicalServices_TherapiesDEPT,01/10/2022,0,1,
Podiatry16005_ClinicalSupportandCancerServices_AdditionalClinicalServices_TherapiesDEPT,01/05/2023,0,1,
Podiatry16005_ClinicalSupportandCancerServices_AdditionalClinicalServices_TherapiesDEPT,01/07/2023,0,2,
Podiatry16005_ClinicalSupportandCancerServices_AdditionalClinicalServices_TherapiesDEPT,01/08/2023,0,1,
Podiatry16005_ClinicalSupportandCancerServices_AdditionalClinicalServices_TherapiesDEPT,01/06/2024,1,0,
Podiatry16005_ClinicalSupportandCancerServices_AdditionalClinicalServices_TherapiesDEPT,01/09/2024,0,1,
Podiatry16005_ClinicalSupportandCancerServices_AdditionalClinicalServices_TherapiesDEPT,01/03/2025,0,1,
Podiatry16005_ClinicalSupportandCancerServices_AdministrativeandClerical_TherapiesDEPT,01/04/2022,0,1,
Podiatry16005_ClinicalSupportandCancerServices_AdministrativeandClerical_TherapiesDEPT,01/05/2022,0,1,
Podiatry16005_ClinicalSupportandCancerServices_AdministrativeandClerical_TherapiesDEPT,01/05/2023,0,2,
Podiatry16005_ClinicalSupportandCancerServices_AdministrativeandClerical_TherapiesDEPT,01/07/2023,0,1,
Podiatry16005_ClinicalSupportandCancerServices_AdministrativeandClerical_TherapiesDEPT,01/08/2023,0,2,
Podiatry16005_ClinicalSupportandCancerServices_AdministrativeandClerical_TherapiesDEPT,01/09/2023,0,1,
Podiatry16005_ClinicalSupportandCancerServices_AdministrativeandClerical_TherapiesDEPT,01/12/2023,0,3,
Podiatry16005_ClinicalSupportandCancerServices_AdministrativeandClerical_TherapiesDEPT,01/04/2024,1,0,
Podiatry16005_ClinicalSupportandCancerServices_AdministrativeandClerical_TherapiesDEPT,01/06/2024,1,0,
Podiatry16005_ClinicalSupportandCancerServices_AdministrativeandClerical_TherapiesDEPT,01/07/2024,1,0,
Podiatry16005_ClinicalSupportandCancerServices_AdministrativeandClerical_TherapiesDEPT,01/12/2024,0,1,
Podiatry16005_ClinicalSupportandCancerServices_AdministrativeandClerical_TherapiesDEPT,01/01/2025,1,1,
Podiatry16005_ClinicalSupportandCancerServices_AdministrativeandClerical_TherapiesDEPT,01/03/2025,1,1,
Podiatry16005_ClinicalSupportandCancerServices_AlliedHealthProfessionals_TherapiesDEPT,01/10/2021,0,1,
Podiatry16005_ClinicalSupportandCancerServices_AlliedHealthProfessionals_TherapiesDEPT,01/11/2021,0,1,
Podiatry16005_ClinicalSupportandCancerServices_AlliedHealthProfessionals_TherapiesDEPT,01/04/2022,0,1,
Podiatry16005_ClinicalSupportandCancerServices_AlliedHealthProfessionals_TherapiesDEPT,01/01/2023,0,3,
Podiatry16005_ClinicalSupportandCancerServices_AlliedHealthProfessionals_TherapiesDEPT,01/07/2023,0,2,
Podiatry16005_ClinicalSupportandCancerServices_AlliedHealthProfessionals_TherapiesDEPT,01/04/2024,1,0,
Podiatry16005_ClinicalSupportandCancerServices_AlliedHealthProfessionals_TherapiesDEPT,01/05/2024,1,0,
Podiatry16005_ClinicalSupportandCancerServices_AlliedHealthProfessionals_TherapiesDEPT,01/08/2024,0,1,
Podiatry16005_ClinicalSupportandCancerServices_AlliedHealthProfessionals_TherapiesDEPT,01/09/2024,0,2,
Podiatry16005_ClinicalSupportandCancerServices_AlliedHealthProfessionals_TherapiesDEPT,01/11/2024,1,0,
Podiatry16005_ClinicalSupportandCancerServices_AlliedHealthProfessionals_TherapiesDEPT,01/04/2025,1,0,
PortmanWard1120901_MedicalServices_AdditionalClinicalServices_Acute/GeneralMedicineDEPT,01/05/2021,0,2,
PortmanWard1120901_MedicalServices_AdditionalClinicalServices_Acute/GeneralMedicineDEPT,01/01/2022,0,1,
PortmanWard1120901_MedicalServices_AdditionalClinicalServices_Acute/GeneralMedicineDEPT,01/02/2022,0,1,
PortmanWard1120901_MedicalServices_AdditionalClinicalServices_Acute/GeneralMedicineDEPT,01/03/2022,0,1,
PortmanWard1120901_MedicalServices_AdditionalClinicalServices_Acute/GeneralMedicineDEPT,01/04/2022,0,1,
PortmanWard1120901_MedicalServices_AdditionalClinicalServices_Acute/GeneralMedicineDEPT,01/05/2022,0,1,
PortmanWard1120901_MedicalServices_AdditionalClinicalServices_Acute/GeneralMedicineDEPT,01/06/2022,0,1,
PortmanWard1120901_MedicalServices_AdditionalClinicalServices_Acute/GeneralMedicineDEPT,01/07/2022,0,4,
PortmanWard1120901_MedicalServices_AdditionalClinicalServices_Acute/GeneralMedicineDEPT,01/08/2022,0,2,
PortmanWard1120901_MedicalServices_AdditionalClinicalServices_Acute/GeneralMedicineDEPT,01/10/2022,0,3,
PortmanWard1120901_MedicalServices_AdditionalClinicalServices_Acute/GeneralMedicineDEPT,01/01/2023,0,2,
PortmanWard1120901_MedicalServices_AdditionalClinicalServices_Acute/GeneralMedicineDEPT,01/02/2023,0,1,
PortmanWard1120901_MedicalServices_AdditionalClinicalServices_Acute/GeneralMedicineDEPT,01/04/2023,0,2,
PortmanWard1120901_MedicalServices_AdditionalClinicalServices_Acute/GeneralMedicineDEPT,01/05/2023,0,1,
PortmanWard1120901_MedicalServices_AdditionalClinicalServices_Acute/GeneralMedicineDEPT,01/06/2023,0,1,
PortmanWard1120901_MedicalServices_AdditionalClinicalServices_Acute/GeneralMedicineDEPT,01/07/2023,0,2,
PortmanWard1120901_MedicalServices_AdditionalClinicalServices_Acute/GeneralMedicineDEPT,01/08/2023,0,1,
PortmanWard1120901_MedicalServices_AdditionalClinicalServices_Acute/GeneralMedicineDEPT,01/11/2023,0,1,
PortmanWard1120901_MedicalServices_AdditionalClinicalServices_Acute/GeneralMedicineDEPT,01/12/2023,0,1,
PortmanWard1120901_MedicalServices_AdditionalClinicalServices_Acute/GeneralMedicineDEPT,01/03/2024,0,3,
PortmanWard1120901_MedicalServices_AdditionalClinicalServices_Acute/GeneralMedicineDEPT,01/04/2024,0,1,
PortmanWard1120901_MedicalServices_AdditionalClinicalServices_Acute/GeneralMedicineDEPT,01/05/2024,0,1,
PortmanWard1120901_MedicalServices_AdditionalClinicalServices_Acute/GeneralMedicineDEPT,01/09/2024,1,1,
PortmanWard1120901_MedicalServices_AdditionalClinicalServices_Acute/GeneralMedicineDEPT,01/10/2024,0,1,
PortmanWard1120901_MedicalServices_AdditionalClinicalServices_Acute/GeneralMedicineDEPT,01/11/2024,0,1,
PortmanWard1120901_MedicalServices_AdditionalClinicalServices_Acute/GeneralMedicineDEPT,01/12/2024,1,1,
PortmanWard1120901_MedicalServices_NursingandMidwiferyRegistered_Acute/GeneralMedicineDEPT,01/09/2022,0,1,
PortmanWard1120901_MedicalServices_NursingandMidwiferyRegistered_Acute/GeneralMedicineDEPT,01/07/2023,0,1,
PostGradMedEducation-YDH75516_CorporateSupportServices_AdministrativeandClerical_MedicalEducationDirectorofPeople,01/04/2024,0,1,
PostGradMedicalCentre-MPH02018_CorporateSupportServices_AdministrativeandClerical_MedicalEducationDirectorofPeople,01/06/2021,0,1,
PostGradMedicalCentre-MPH02018_CorporateSupportServices_AdministrativeandClerical_MedicalEducationDirectorofPeople,01/08/2022,0,1,
PostGradMedicalCentre-MPH02018_CorporateSupportServices_AdministrativeandClerical_MedicalEducationDirectorofPeople,01/11/2022,0,1,
PostGradMedicalCentre-MPH02018_CorporateSupportServices_AdministrativeandClerical_MedicalEducationDirectorofPeople,01/02/2023,0,2,
PostGradMedicalCentre-MPH02018_CorporateSupportServices_AdministrativeandClerical_MedicalEducationDirectorofPeople,01/03/2023,0,1,
PostGradMedicalCentre-MPH02018_CorporateSupportServices_AdministrativeandClerical_MedicalEducationDirectorofPeople,01/07/2023,0,1,
PostGradMedicalCentre-MPH02018_CorporateSupportServices_AdministrativeandClerical_MedicalEducationDirectorofPeople,01/05/2024,2,0,
PostGradMedicalCentre-MPH02018_CorporateSupportServices_AdministrativeandClerical_MedicalEducationDirectorofPeople,01/06/2024,0,1,
PostGradMedicalCentre-MPH02018_CorporateSupportServices_AdministrativeandClerical_MedicalEducationDirectorofPeople,01/01/2025,1,0,
PostGradMedicalCentre-MPH02018_CorporateSupportServices_EstatesandAncillary_MedicalEducationDirectorofPeople,01/01/2023,0,1,
Pre-AssessmentClinic75825_SurgicalServices_AdditionalClinicalServices_POAC,01/07/2023,0,1,
Pre-AssessmentClinic75825_SurgicalServices_AdditionalClinicalServices_POAC,01/11/2023,0,1,
Pre-AssessmentClinic75825_SurgicalServices_AdditionalClinicalServices_POAC,01/05/2024,1,0,
Pre-AssessmentClinic75825_SurgicalServices_AdditionalClinicalServices_POAC,01/11/2024,1,0,
Pre-AssessmentClinic75825_SurgicalServices_AdministrativeandClerical_POAC,01/10/2021,0,1,
Pre-AssessmentClinic75825_SurgicalServices_AdministrativeandClerical_POAC,01/11/2021,0,1,
Pre-AssessmentClinic75825_SurgicalServices_AdministrativeandClerical_POAC,01/04/2023,0,1,
Pre-AssessmentClinic75825_SurgicalServices_AdministrativeandClerical_POAC,01/03/2025,0,1,
Pre-AssessmentClinic75825_SurgicalServices_NursingandMidwiferyRegistered_POAC,01/12/2024,0,1,
PreOp17009_SurgicalServices_AdditionalClinicalServices_POAC,01/04/2022,0,1,
PreOp17009_SurgicalServices_AdditionalClinicalServices_POAC,01/06/2023,0,1,
PreOp17009_SurgicalServices_AdministrativeandClerical_POAC,01/04/2022,0,2,
PreOp17009_SurgicalServices_AdministrativeandClerical_POAC,01/11/2022,0,1,
PreOp17009_SurgicalServices_AdministrativeandClerical_POAC,01/03/2024,0,1,
PreOp17009_SurgicalServices_AdministrativeandClerical_POAC,01/07/2024,1,0,
PreOp17009_SurgicalServices_NursingandMidwiferyRegistered_POAC,01/07/2023,0,1,
PreOp17009_SurgicalServices_NursingandMidwiferyRegistered_POAC,01/03/2024,0,1,
PreOp17009_SurgicalServices_NursingandMidwiferyRegistered_POAC,01/05/2024,1,0,
PreOp17009_SurgicalServices_NursingandMidwiferyRegistered_POAC,01/06/2024,1,1,
PreOp17009_SurgicalServices_NursingandMidwiferyRegistered_POAC,01/08/2024,1,0,
PreOp17009_SurgicalServices_NursingandMidwiferyRegistered_POAC,01/10/2024,1,0,
PreOp17009_SurgicalServices_NursingandMidwiferyRegistered_POAC,01/03/2025,1,0,
PreOp17009_SurgicalServices_NursingandMidwiferyRegistered_POAC,01/04/2025,1,0,
PrimaryCareDentalService44010_CYP&FamiliesServices_AdditionalClinicalServices_Somerset,01/05/2021,0,1,
PrimaryCareDentalService44010_CYP&FamiliesServices_AdditionalClinicalServices_Somerset,01/06/2021,0,1,
PrimaryCareDentalService44010_CYP&FamiliesServices_AdditionalClinicalServices_Somerset,01/08/2021,0,1,
PrimaryCareDentalService44010_CYP&FamiliesServices_AdditionalClinicalServices_Somerset,01/09/2021,0,1,
PrimaryCareDentalService44010_CYP&FamiliesServices_AdditionalClinicalServices_Somerset,01/05/2022,0,1,
PrimaryCareDentalService44010_CYP&FamiliesServices_AdditionalClinicalServices_Somerset,01/06/2024,1,0,
PrimaryCareDentalService44010_CYP&FamiliesServices_AdditionalClinicalServices_Somerset,01/02/2025,1,0,
PrimaryCareDentalService44010_CYP&FamiliesServices_AdministrativeandClerical_Somerset,01/11/2021,0,1,
PrimaryCareDentalService44010_CYP&FamiliesServices_MedicalandDental_Somerset,01/09/2021,0,1,
PrimaryCareDentalService44010_CYP&FamiliesServices_MedicalandDental_Somerset,01/10/2021,0,1,
PrimaryCareDentalService44010_CYP&FamiliesServices_MedicalandDental_Somerset,01/12/2021,0,1,
PrimaryCareDentalService44010_CYP&FamiliesServices_MedicalandDental_Somerset,01/02/2022,0,1,
PrimaryCareDentalService44010_CYP&FamiliesServices_MedicalandDental_Somerset,01/04/2022,0,1,
PrimaryCareDentalService44010_CYP&FamiliesServices_MedicalandDental_Somerset,01/05/2022,0,1,
PrimaryCareDentalService44010_CYP&FamiliesServices_MedicalandDental_Somerset,01/08/2022,0,1,
PrimaryCareDentalService44010_CYP&FamiliesServices_MedicalandDental_Somerset,01/04/2023,0,2,
PrimaryCareDentalService44010_CYP&FamiliesServices_MedicalandDental_Somerset,01/06/2023,0,2,
PrimaryCareDentalService44010_CYP&FamiliesServices_MedicalandDental_Somerset,01/03/2024,0,1,
PrimaryCareDentalService44010_CYP&FamiliesServices_MedicalandDental_Somerset,01/07/2024,1,0,
PrimaryCareDentalService44010_CYP&FamiliesServices_MedicalandDental_Somerset,01/08/2024,0,2,
PrimaryCareDentalService44010_CYP&FamiliesServices_MedicalandDental_Somerset,01/02/2025,0,1,
PrimaryCareDentalService44010_CYP&FamiliesServices_MedicalandDental_Somerset,01/04/2025,1,0,
PrimaryLink29001_NeighbourhoodServices_AdministrativeandClerical_IntermediateCareDEPT,01/07/2021,0,1,
PrimaryLink29001_NeighbourhoodServices_AdministrativeandClerical_IntermediateCareDEPT,01/08/2021,0,1,
PrimaryLink29001_NeighbourhoodServices_AdministrativeandClerical_IntermediateCareDEPT,01/01/2022,0,1,
PrimaryLink29001_NeighbourhoodServices_AdministrativeandClerical_IntermediateCareDEPT,01/04/2022,0,2,
PrimaryLink29001_NeighbourhoodServices_AdministrativeandClerical_IntermediateCareDEPT,01/05/2022,0,2,
PrimaryLink29001_NeighbourhoodServices_AdministrativeandClerical_IntermediateCareDEPT,01/11/2022,0,1,
PrimaryLink29001_NeighbourhoodServices_AdministrativeandClerical_IntermediateCareDEPT,01/07/2023,0,1,
PrimaryLink29001_NeighbourhoodServices_AdministrativeandClerical_IntermediateCareDEPT,01/10/2023,0,1,
PrimaryLink29001_NeighbourhoodServices_AdministrativeandClerical_IntermediateCareDEPT,01/11/2023,0,2,
PrimaryLink29001_NeighbourhoodServices_AdministrativeandClerical_IntermediateCareDEPT,01/01/2024,0,2,
PrimaryLink29001_NeighbourhoodServices_AdministrativeandClerical_IntermediateCareDEPT,01/02/2024,0,1,
PrimaryLink29001_NeighbourhoodServices_AdministrativeandClerical_IntermediateCareDEPT,01/03/2024,0,2,
PrimaryLink29001_NeighbourhoodServices_AdministrativeandClerical_IntermediateCareDEPT,01/04/2024,1,1,
PrimaryLink29001_NeighbourhoodServices_AdministrativeandClerical_IntermediateCareDEPT,01/05/2024,0,1,
PrimaryLink29001_NeighbourhoodServices_AdministrativeandClerical_IntermediateCareDEPT,01/09/2024,3,0,
PrimaryLink29001_NeighbourhoodServices_AdministrativeandClerical_IntermediateCareDEPT,01/11/2024,1,1,
PrimaryLink29001_NeighbourhoodServices_AdministrativeandClerical_IntermediateCareDEPT,01/12/2024,0,1,
PrimaryLink29001_NeighbourhoodServices_AdministrativeandClerical_IntermediateCareDEPT,01/03/2025,0,1,
PrimaryLink29001_NeighbourhoodServices_NursingandMidwiferyRegistered_IntermediateCareDEPT,01/01/2022,0,2,
PrimaryLink29001_NeighbourhoodServices_NursingandMidwiferyRegistered_IntermediateCareDEPT,01/02/2023,0,1,
PrimaryLink29001_NeighbourhoodServices_NursingandMidwiferyRegistered_IntermediateCareDEPT,01/03/2024,0,1,
PrimaryLink29001_NeighbourhoodServices_NursingandMidwiferyRegistered_IntermediateCareDEPT,01/02/2025,1,1,
PrioryHouse04540_NeighbourhoodServices_AdministrativeandClerical_ServGrpMngmntNeighbourhoods,01/11/2021,0,1,
Procurement03003_CorporateSupportServices_AdministrativeandClerical_Procurement,01/08/2021,0,1,
Procurement03003_CorporateSupportServices_AdministrativeandClerical_Procurement,01/02/2022,0,1,
Procurement03003_CorporateSupportServices_AdministrativeandClerical_Procurement,01/04/2022,0,1,
Procurement03003_CorporateSupportServices_AdministrativeandClerical_Procurement,01/07/2022,0,1,
Procurement03003_CorporateSupportServices_AdministrativeandClerical_Procurement,01/08/2022,0,1,
Procurement03003_CorporateSupportServices_AdministrativeandClerical_Procurement,01/01/2023,0,1,
Procurement03003_CorporateSupportServices_AdministrativeandClerical_Procurement,01/08/2023,0,1,
Procurement03003_CorporateSupportServices_AdministrativeandClerical_Procurement,01/01/2024,0,1,
Procurement03003_CorporateSupportServices_AdministrativeandClerical_Procurement,01/05/2024,1,0,
Procurement03003_CorporateSupportServices_AdministrativeandClerical_Procurement,01/07/2024,0,1,
Procurement03003_CorporateSupportServices_AdministrativeandClerical_Procurement,01/08/2024,1,0,
Procurement03003_CorporateSupportServices_AdministrativeandClerical_Procurement,01/09/2024,0,1,
Procurement03003_CorporateSupportServices_AdministrativeandClerical_Procurement,01/11/2024,0,1,
Procurement03003_CorporateSupportServices_AdministrativeandClerical_Procurement,01/02/2025,1,0,
ProjectTeam02067_CorporateSupportServices_AdministrativeandClerical_DeputyCPO,01/01/2022,0,1,
ProjectTeam02067_CorporateSupportServices_AdministrativeandClerical_DeputyCPO,01/06/2023,0,1,
PsychiatricLiaisonService-East52250_MentalHealthandLearningDisabilities_AlliedHealthProfessionals_UrgentCare&ForensicServs,01/09/2021,0,1,
PsychiatricLiaisonService-East52250_MentalHealthandLearningDisabilities_NursingandMidwiferyRegistered_UrgentCare&ForensicServs,01/08/2022,0,1,
PsychiatricLiaisonService-East52250_MentalHealthandLearningDisabilities_NursingandMidwiferyRegistered_UrgentCare&ForensicServs,01/01/2024,0,1,
PsychiatricLiaisonService-East52250_MentalHealthandLearningDisabilities_NursingandMidwiferyRegistered_UrgentCare&ForensicServs,01/08/2024,1,0,
PsychiatricLiaisonService-East52250_MentalHealthandLearningDisabilities_NursingandMidwiferyRegistered_UrgentCare&ForensicServs,01/10/2024,1,0,
PsychiatricLiaisonService-West52150_MentalHealthandLearningDisabilities_AddProfScientificandTechnic_UrgentCare&ForensicServs,01/06/2022,0,1,
PsychiatricLiaisonService-West52150_MentalHealthandLearningDisabilities_AddProfScientificandTechnic_UrgentCare&ForensicServs,01/01/2024,0,1,
PsychiatricLiaisonService-West52150_MentalHealthandLearningDisabilities_NursingandMidwiferyRegistered_UrgentCare&ForensicServs,01/05/2022,0,1,
PsychiatricLiaisonService-West52150_MentalHealthandLearningDisabilities_NursingandMidwiferyRegistered_UrgentCare&ForensicServs,01/06/2023,0,2,
PsychiatricLiaisonService-West52150_MentalHealthandLearningDisabilities_NursingandMidwiferyRegistered_UrgentCare&ForensicServs,01/08/2023,0,1,
PsychiatricLiaisonService-West52150_MentalHealthandLearningDisabilities_NursingandMidwiferyRegistered_UrgentCare&ForensicServs,01/10/2024,1,0,
PsychologyBath00807_CorporateSupportServices_AddProfScientificandTechnic_ExtRecharges,01/10/2021,0,24,
PsychologyBath00807_CorporateSupportServices_AddProfScientificandTechnic_ExtRecharges,01/10/2022,0,28,
PsychologyBath00807_CorporateSupportServices_AddProfScientificandTechnic_ExtRecharges,01/10/2023,0,25,
PsychologyBath00807_CorporateSupportServices_AddProfScientificandTechnic_ExtRecharges,01/09/2024,0,27,
PsychologyExeter00808_CorporateSupportServices_AddProfScientificandTechnic_ExtRecharges,01/09/2021,0,18,
PsychologyExeter00808_CorporateSupportServices_AddProfScientificandTechnic_ExtRecharges,01/09/2022,0,23,
PsychologyExeter00808_CorporateSupportServices_AddProfScientificandTechnic_ExtRecharges,01/09/2023,0,28,
PsychologyExeter00808_CorporateSupportServices_AddProfScientificandTechnic_ExtRecharges,01/09/2024,0,28,
PsychologyExeter00808_CorporateSupportServices_AddProfScientificandTechnic_ExtRecharges,01/01/2025,0,1,
PsychologyPlymouth00809_CorporateSupportServices_AddProfScientificandTechnic_ExtRecharges,01/09/2021,0,19,
PsychologyPlymouth00809_CorporateSupportServices_AddProfScientificandTechnic_ExtRecharges,01/09/2022,0,23,
PsychologyPlymouth00809_CorporateSupportServices_AddProfScientificandTechnic_ExtRecharges,01/09/2023,0,23,
PsychologyPlymouth00809_CorporateSupportServices_AddProfScientificandTechnic_ExtRecharges,01/09/2024,0,21,
PsychologySouthampton00811_CorporateSupportServices_AddProfScientificandTechnic_ExtRecharges,01/09/2021,0,32,
PsychologySouthampton00811_CorporateSupportServices_AddProfScientificandTechnic_ExtRecharges,01/09/2022,0,35,
PsychologySouthampton00811_CorporateSupportServices_AddProfScientificandTechnic_ExtRecharges,01/09/2023,0,32,
PsychologySouthampton00811_CorporateSupportServices_AddProfScientificandTechnic_ExtRecharges,01/09/2024,0,32,
PsychologyStrokeService67210_NeighbourhoodServices_AddProfScientificandTechnic_StrokeServicesDEPT,01/10/2022,0,1,
PsychologyStrokeService67210_NeighbourhoodServices_AddProfScientificandTechnic_StrokeServicesDEPT,01/10/2024,0,1,
PsychologyStrokeService67210_NeighbourhoodServices_AddProfScientificandTechnic_StrokeServicesDEPT,01/12/2024,1,0,
PsychologyStrokeService67210_NeighbourhoodServices_AdditionalClinicalServices_StrokeServicesDEPT,01/11/2022,0,1,
PsychologyStrokeService67210_NeighbourhoodServices_AdditionalClinicalServices_StrokeServicesDEPT,01/08/2023,0,1,
PsychologyStrokeService67210_NeighbourhoodServices_AdditionalClinicalServices_StrokeServicesDEPT,01/02/2024,0,1,
PyrlandWardTeam68000_MentalHealthandLearningDisabilities_AddProfScientificandTechnic_InpatientsDEPT,01/11/2022,0,1,
PyrlandWardTeam68000_MentalHealthandLearningDisabilities_AdditionalClinicalServices_InpatientsDEPT,01/05/2021,0,3,
PyrlandWardTeam68000_MentalHealthandLearningDisabilities_AdditionalClinicalServices_InpatientsDEPT,01/08/2021,0,2,
PyrlandWardTeam68000_MentalHealthandLearningDisabilities_AdditionalClinicalServices_InpatientsDEPT,01/09/2021,0,1,
PyrlandWardTeam68000_MentalHealthandLearningDisabilities_AdditionalClinicalServices_InpatientsDEPT,01/10/2021,0,5,
PyrlandWardTeam68000_MentalHealthandLearningDisabilities_AdditionalClinicalServices_InpatientsDEPT,01/02/2022,0,1,
PyrlandWardTeam68000_MentalHealthandLearningDisabilities_AdditionalClinicalServices_InpatientsDEPT,01/04/2022,0,1,
PyrlandWardTeam68000_MentalHealthandLearningDisabilities_AdditionalClinicalServices_InpatientsDEPT,01/08/2022,0,2,
PyrlandWardTeam68000_MentalHealthandLearningDisabilities_AdditionalClinicalServices_InpatientsDEPT,01/11/2022,0,4,
PyrlandWardTeam68000_MentalHealthandLearningDisabilities_AdditionalClinicalServices_InpatientsDEPT,01/01/2023,0,3,
PyrlandWardTeam68000_MentalHealthandLearningDisabilities_AdditionalClinicalServices_InpatientsDEPT,01/05/2023,0,1,
PyrlandWardTeam68000_MentalHealthandLearningDisabilities_AdditionalClinicalServices_InpatientsDEPT,01/07/2023,0,1,
PyrlandWardTeam68000_MentalHealthandLearningDisabilities_AdditionalClinicalServices_InpatientsDEPT,01/08/2023,0,1,
PyrlandWardTeam68000_MentalHealthandLearningDisabilities_AdditionalClinicalServices_InpatientsDEPT,01/09/2023,0,1,
PyrlandWardTeam68000_MentalHealthandLearningDisabilities_AdditionalClinicalServices_InpatientsDEPT,01/02/2024,0,1,
PyrlandWardTeam68000_MentalHealthandLearningDisabilities_AdditionalClinicalServices_InpatientsDEPT,01/06/2024,0,1,
PyrlandWardTeam68000_MentalHealthandLearningDisabilities_AdditionalClinicalServices_InpatientsDEPT,01/11/2024,1,1,
PyrlandWardTeam68000_MentalHealthandLearningDisabilities_AdditionalClinicalServices_InpatientsDEPT,01/12/2024,1,0,
PyrlandWardTeam68000_MentalHealthandLearningDisabilities_AdditionalClinicalServices_InpatientsDEPT,01/01/2025,0,1,
PyrlandWardTeam68000_MentalHealthandLearningDisabilities_AdditionalClinicalServices_InpatientsDEPT,01/04/2025,1,1,
PyrlandWardTeam68000_MentalHealthandLearningDisabilities_AdministrativeandClerical_InpatientsDEPT,01/01/2022,0,1,
PyrlandWardTeam68000_MentalHealthandLearningDisabilities_AlliedHealthProfessionals_InpatientsDEPT,01/03/2023,0,1,
PyrlandWardTeam68000_MentalHealthandLearningDisabilities_AlliedHealthProfessionals_InpatientsDEPT,01/10/2023,0,1,
PyrlandWardTeam68000_MentalHealthandLearningDisabilities_EstatesandAncillary_InpatientsDEPT,01/11/2021,0,1,
PyrlandWardTeam68000_MentalHealthandLearningDisabilities_EstatesandAncillary_InpatientsDEPT,01/01/2022,0,1,
PyrlandWardTeam68000_MentalHealthandLearningDisabilities_NursingandMidwiferyRegistered_InpatientsDEPT,01/07/2021,0,1,
PyrlandWardTeam68000_MentalHealthandLearningDisabilities_NursingandMidwiferyRegistered_InpatientsDEPT,01/10/2021,0,2,
PyrlandWardTeam68000_MentalHealthandLearningDisabilities_NursingandMidwiferyRegistered_InpatientsDEPT,01/04/2022,0,1,
PyrlandWardTeam68000_MentalHealthandLearningDisabilities_NursingandMidwiferyRegistered_InpatientsDEPT,01/05/2022,0,1,
PyrlandWardTeam68000_MentalHealthandLearningDisabilities_NursingandMidwiferyRegistered_InpatientsDEPT,01/04/2024,1,1,
PyrlandWardTeam68000_MentalHealthandLearningDisabilities_NursingandMidwiferyRegistered_InpatientsDEPT,01/11/2024,1,0,
PyrlandWardTeam68000_MentalHealthandLearningDisabilities_NursingandMidwiferyRegistered_InpatientsDEPT,01/12/2024,1,0,
PyrlandWardTeam68000_MentalHealthandLearningDisabilities_NursingandMidwiferyRegistered_InpatientsDEPT,01/01/2025,1,0,
PyrlandWardTeam68000_MentalHealthandLearningDisabilities_NursingandMidwiferyRegistered_InpatientsDEPT,01/03/2025,1,0,
QueenswayDayHospital76333_MedicalServices_AdditionalClinicalServices_MedicalDayCareDEPT,01/10/2022,0,2,
QueenswayDayHospital76333_MedicalServices_AdministrativeandClerical_MedicalDayCareDEPT,01/08/2021,0,1,
QueenswayDayHospital76333_MedicalServices_AdministrativeandClerical_MedicalDayCareDEPT,01/11/2021,0,1,
QueenswayDayHospital76333_MedicalServices_AdministrativeandClerical_MedicalDayCareDEPT,01/04/2023,0,1,
QueenswayDayHospital76333_MedicalServices_NursingandMidwiferyRegistered_MedicalDayCareDEPT,01/05/2024,1,0,
QueenswayDayHospital76333_MedicalServices_Students_MedicalDayCareDEPT,01/05/2021,0,1,
RDS00305_CorporateSupportServices_AdministrativeandClerical_ResearchandDevelopment,01/04/2024,1,0,
RM&G00135_CorporateSupportServices_AdministrativeandClerical_ResearchandDevelopment,01/10/2021,0,1,
RM&G00135_CorporateSupportServices_AdministrativeandClerical_ResearchandDevelopment,01/04/2023,0,1,
RM&G00135_CorporateSupportServices_AdministrativeandClerical_ResearchandDevelopment,01/01/2024,0,1,
RM&G00135_CorporateSupportServices_AdministrativeandClerical_ResearchandDevelopment,01/12/2024,0,1,
RTTValidationTeam75719_OperationalManagement_AdministrativeandClerical_DirectorofElectiveCareDEPT,01/09/2021,0,1,
RTTValidationTeam75719_OperationalManagement_AdministrativeandClerical_DirectorofElectiveCareDEPT,01/01/2022,0,1,
RTTValidationTeam75719_OperationalManagement_AdministrativeandClerical_DirectorofElectiveCareDEPT,01/06/2022,0,1,
RTTValidationTeam75719_OperationalManagement_AdministrativeandClerical_DirectorofElectiveCareDEPT,01/08/2022,0,1,
RTTValidationTeam75719_OperationalManagement_AdministrativeandClerical_DirectorofElectiveCareDEPT,01/10/2022,0,1,
Radiology-MPH32000_ClinicalSupportandCancerServices_AdditionalClinicalServices_MedicalImaging,01/05/2021,0,1,
Radiology-MPH32000_ClinicalSupportandCancerServices_AdditionalClinicalServices_MedicalImaging,01/01/2022,0,2,
Radiology-MPH32000_ClinicalSupportandCancerServices_AdditionalClinicalServices_MedicalImaging,01/03/2022,0,1,
Radiology-MPH32000_ClinicalSupportandCancerServices_AdditionalClinicalServices_MedicalImaging,01/06/2022,0,1,
Radiology-MPH32000_ClinicalSupportandCancerServices_AdditionalClinicalServices_MedicalImaging,01/02/2023,0,1,
Radiology-MPH32000_ClinicalSupportandCancerServices_AdditionalClinicalServices_MedicalImaging,01/07/2023,0,1,
Radiology-MPH32000_ClinicalSupportandCancerServices_AdditionalClinicalServices_MedicalImaging,01/08/2023,0,1,
Radiology-MPH32000_ClinicalSupportandCancerServices_AdditionalClinicalServices_MedicalImaging,01/09/2023,0,1,
Radiology-MPH32000_ClinicalSupportandCancerServices_AdditionalClinicalServices_MedicalImaging,01/05/2024,1,0,
Radiology-MPH32000_ClinicalSupportandCancerServices_AdditionalClinicalServices_MedicalImaging,01/07/2024,1,0,
Radiology-MPH32000_ClinicalSupportandCancerServices_AdditionalClinicalServices_MedicalImaging,01/08/2024,1,0,
Radiology-MPH32000_ClinicalSupportandCancerServices_AdditionalClinicalServices_MedicalImaging,01/10/2024,0,1,
Radiology-MPH32000_ClinicalSupportandCancerServices_AdditionalClinicalServices_MedicalImaging,01/11/2024,1,0,
Radiology-MPH32000_ClinicalSupportandCancerServices_AdditionalClinicalServices_MedicalImaging,01/04/2025,1,0,
Radiology-MPH32000_ClinicalSupportandCancerServices_AdministrativeandClerical_MedicalImaging,01/06/2021,0,1,
Radiology-MPH32000_ClinicalSupportandCancerServices_AdministrativeandClerical_MedicalImaging,01/07/2021,0,1,
Radiology-MPH32000_ClinicalSupportandCancerServices_AdministrativeandClerical_MedicalImaging,01/09/2021,0,2,
Radiology-MPH32000_ClinicalSupportandCancerServices_AdministrativeandClerical_MedicalImaging,01/01/2022,0,3,
Radiology-MPH32000_ClinicalSupportandCancerServices_AdministrativeandClerical_MedicalImaging,01/07/2022,0,1,
Radiology-MPH32000_ClinicalSupportandCancerServices_AdministrativeandClerical_MedicalImaging,01/08/2022,0,3,
Radiology-MPH32000_ClinicalSupportandCancerServices_AdministrativeandClerical_MedicalImaging,01/10/2022,0,1,
Radiology-MPH32000_ClinicalSupportandCancerServices_AdministrativeandClerical_MedicalImaging,01/01/2023,0,1,
Radiology-MPH32000_ClinicalSupportandCancerServices_AdministrativeandClerical_MedicalImaging,01/05/2023,0,1,
Radiology-MPH32000_ClinicalSupportandCancerServices_AdministrativeandClerical_MedicalImaging,01/06/2023,0,1,
Radiology-MPH32000_ClinicalSupportandCancerServices_AdministrativeandClerical_MedicalImaging,01/07/2023,0,1,
Radiology-MPH32000_ClinicalSupportandCancerServices_AdministrativeandClerical_MedicalImaging,01/10/2023,0,1,
Radiology-MPH32000_ClinicalSupportandCancerServices_AdministrativeandClerical_MedicalImaging,01/04/2024,0,1,
Radiology-MPH32000_ClinicalSupportandCancerServices_AdministrativeandClerical_MedicalImaging,01/05/2024,0,1,
Radiology-MPH32000_ClinicalSupportandCancerServices_AdministrativeandClerical_MedicalImaging,01/06/2024,0,2,
Radiology-MPH32000_ClinicalSupportandCancerServices_AdministrativeandClerical_MedicalImaging,01/09/2024,1,0,
Radiology-MPH32000_ClinicalSupportandCancerServices_AdministrativeandClerical_MedicalImaging,01/11/2024,1,0,
Radiology-MPH32000_ClinicalSupportandCancerServices_AdministrativeandClerical_MedicalImaging,01/01/2025,0,4,
Radiology-MPH32000_ClinicalSupportandCancerServices_AdministrativeandClerical_MedicalImaging,01/04/2025,1,0,
Radiology-MPH32000_ClinicalSupportandCancerServices_AlliedHealthProfessionals_MedicalImaging,01/05/2021,0,1,
Radiology-MPH32000_ClinicalSupportandCancerServices_AlliedHealthProfessionals_MedicalImaging,01/09/2021,0,4,
Radiology-MPH32000_ClinicalSupportandCancerServices_AlliedHealthProfessionals_MedicalImaging,01/10/2021,0,3,
Radiology-MPH32000_ClinicalSupportandCancerServices_AlliedHealthProfessionals_MedicalImaging,01/11/2021,0,1,
Radiology-MPH32000_ClinicalSupportandCancerServices_AlliedHealthProfessionals_MedicalImaging,01/12/2021,0,1,
Radiology-MPH32000_ClinicalSupportandCancerServices_AlliedHealthProfessionals_MedicalImaging,01/03/2022,0,2,
Radiology-MPH32000_ClinicalSupportandCancerServices_AlliedHealthProfessionals_MedicalImaging,01/04/2022,0,1,
Radiology-MPH32000_ClinicalSupportandCancerServices_AlliedHealthProfessionals_MedicalImaging,01/09/2022,0,3,
Radiology-MPH32000_ClinicalSupportandCancerServices_AlliedHealthProfessionals_MedicalImaging,01/01/2023,0,1,
Radiology-MPH32000_ClinicalSupportandCancerServices_AlliedHealthProfessionals_MedicalImaging,01/02/2023,0,1,
Radiology-MPH32000_ClinicalSupportandCancerServices_AlliedHealthProfessionals_MedicalImaging,01/05/2023,0,1,
Radiology-MPH32000_ClinicalSupportandCancerServices_AlliedHealthProfessionals_MedicalImaging,01/07/2023,0,1,
Radiology-MPH32000_ClinicalSupportandCancerServices_AlliedHealthProfessionals_MedicalImaging,01/09/2023,0,7,
Radiology-MPH32000_ClinicalSupportandCancerServices_AlliedHealthProfessionals_MedicalImaging,01/10/2023,0,2,
Radiology-MPH32000_ClinicalSupportandCancerServices_AlliedHealthProfessionals_MedicalImaging,01/12/2023,0,1,
Radiology-MPH32000_ClinicalSupportandCancerServices_AlliedHealthProfessionals_MedicalImaging,01/01/2024,0,1,
Radiology-MPH32000_ClinicalSupportandCancerServices_AlliedHealthProfessionals_MedicalImaging,01/03/2024,0,1,
Radiology-MPH32000_ClinicalSupportandCancerServices_AlliedHealthProfessionals_MedicalImaging,01/04/2024,0,2,
Radiology-MPH32000_ClinicalSupportandCancerServices_AlliedHealthProfessionals_MedicalImaging,01/05/2024,5,0,
Radiology-MPH32000_ClinicalSupportandCancerServices_AlliedHealthProfessionals_MedicalImaging,01/06/2024,0,1,
Radiology-MPH32000_ClinicalSupportandCancerServices_AlliedHealthProfessionals_MedicalImaging,01/07/2024,1,0,
Radiology-MPH32000_ClinicalSupportandCancerServices_AlliedHealthProfessionals_MedicalImaging,01/09/2024,0,2,
Radiology-MPH32000_ClinicalSupportandCancerServices_AlliedHealthProfessionals_MedicalImaging,01/10/2024,3,2,
Radiology-MPH32000_ClinicalSupportandCancerServices_AlliedHealthProfessionals_MedicalImaging,01/11/2024,3,0,
Radiology-MPH32000_ClinicalSupportandCancerServices_AlliedHealthProfessionals_MedicalImaging,01/01/2025,3,0,
Radiology-MPH32000_ClinicalSupportandCancerServices_AlliedHealthProfessionals_MedicalImaging,01/03/2025,1,1,
Radiology-MPH32000_ClinicalSupportandCancerServices_AlliedHealthProfessionals_MedicalImaging,01/04/2025,0,1,
Radiology-MPH32000_ClinicalSupportandCancerServices_HealthcareScientists_MedicalImaging,01/11/2021,0,1,
Radiology-MPH32000_ClinicalSupportandCancerServices_HealthcareScientists_MedicalImaging,01/01/2023,0,1,
Radiology-MPH32000_ClinicalSupportandCancerServices_HealthcareScientists_MedicalImaging,01/07/2023,0,1,
Radiology-MPH32000_ClinicalSupportandCancerServices_HealthcareScientists_MedicalImaging,01/08/2023,0,1,
Radiology-MPH32000_ClinicalSupportandCancerServices_HealthcareScientists_MedicalImaging,01/11/2023,0,1,
Radiology-MPH32000_ClinicalSupportandCancerServices_HealthcareScientists_MedicalImaging,01/01/2024,0,1,
Radiology-MPH32000_ClinicalSupportandCancerServices_HealthcareScientists_MedicalImaging,01/10/2024,1,0,
Radiology-MPH32000_ClinicalSupportandCancerServices_HealthcareScientists_MedicalImaging,01/04/2025,0,1,
Radiology-MPH32000_ClinicalSupportandCancerServices_MedicalandDental_MedicalImaging,01/08/2021,0,1,
Radiology-MPH32000_ClinicalSupportandCancerServices_MedicalandDental_MedicalImaging,01/11/2021,0,1,
Radiology-MPH32000_ClinicalSupportandCancerServices_MedicalandDental_MedicalImaging,01/08/2022,0,1,
Radiology-MPH32000_ClinicalSupportandCancerServices_MedicalandDental_MedicalImaging,01/09/2022,0,1,
Radiology-MPH32000_ClinicalSupportandCancerServices_MedicalandDental_MedicalImaging,01/10/2022,0,1,
Radiology-MPH32000_ClinicalSupportandCancerServices_MedicalandDental_MedicalImaging,01/01/2023,0,1,
Radiology-MPH32000_ClinicalSupportandCancerServices_MedicalandDental_MedicalImaging,01/04/2023,0,1,
Radiology-MPH32000_ClinicalSupportandCancerServices_MedicalandDental_MedicalImaging,01/05/2023,0,1,
Radiology-MPH32000_ClinicalSupportandCancerServices_MedicalandDental_MedicalImaging,01/07/2023,0,1,
Radiology-MPH32000_ClinicalSupportandCancerServices_MedicalandDental_MedicalImaging,01/04/2024,1,1,
Radiology-MPH32000_ClinicalSupportandCancerServices_MedicalandDental_MedicalImaging,01/11/2024,1,0,
Radiology-MPH32000_ClinicalSupportandCancerServices_MedicalandDental_MedicalImaging,01/12/2024,3,0,
Radiology-MPH32000_ClinicalSupportandCancerServices_MedicalandDental_MedicalImaging,01/02/2025,0,1,
Radiology-MPH32000_ClinicalSupportandCancerServices_NursingandMidwiferyRegistered_MedicalImaging,01/11/2021,0,1,
Radiology-MPH32000_ClinicalSupportandCancerServices_NursingandMidwiferyRegistered_MedicalImaging,01/04/2023,0,1,
RadiologyATOs76360_ClinicalSupportandCancerServices_AdditionalClinicalServices_MedicalImaging,01/06/2021,0,1,
RadiologyATOs76360_ClinicalSupportandCancerServices_AdditionalClinicalServices_MedicalImaging,01/08/2021,0,2,
RadiologyATOs76360_ClinicalSupportandCancerServices_AdditionalClinicalServices_MedicalImaging,01/09/2021,0,3,
RadiologyATOs76360_ClinicalSupportandCancerServices_AdditionalClinicalServices_MedicalImaging,01/10/2021,0,2,
RadiologyATOs76360_ClinicalSupportandCancerServices_AdditionalClinicalServices_MedicalImaging,01/11/2021,0,1,
RadiologyATOs76360_ClinicalSupportandCancerServices_AdditionalClinicalServices_MedicalImaging,01/02/2022,0,1,
RadiologyATOs76360_ClinicalSupportandCancerServices_AdditionalClinicalServices_MedicalImaging,01/05/2022,0,2,
RadiologyATOs76360_ClinicalSupportandCancerServices_AdditionalClinicalServices_MedicalImaging,01/01/2023,0,1,
RadiologyATOs76360_ClinicalSupportandCancerServices_AdditionalClinicalServices_MedicalImaging,01/07/2023,0,1,
RadiologyATOs76360_ClinicalSupportandCancerServices_MedicalandDental_MedicalImaging,01/01/2025,1,0,
RadiologyMedicalStaff76362_ClinicalSupportandCancerServices_MedicalandDental_MedicalImaging,01/04/2022,0,1,
RadiologyMedicalStaff76362_ClinicalSupportandCancerServices_MedicalandDental_MedicalImaging,01/10/2022,0,1,
RadiologyMedicalStaff76362_ClinicalSupportandCancerServices_MedicalandDental_MedicalImaging,01/12/2022,0,1,
RadiologyMedicalStaff76362_ClinicalSupportandCancerServices_MedicalandDental_MedicalImaging,01/03/2023,0,1,
RadiologyMedicalStaff76362_ClinicalSupportandCancerServices_MedicalandDental_MedicalImaging,01/02/2024,0,1,
RadiologyMedicalStaff76362_ClinicalSupportandCancerServices_MedicalandDental_MedicalImaging,01/04/2024,0,1,
RadiologyMedicalStaff76362_ClinicalSupportandCancerServices_MedicalandDental_MedicalImaging,01/11/2024,1,0,
RadiologyMedicalStaff76362_ClinicalSupportandCancerServices_MedicalandDental_MedicalImaging,01/02/2025,1,1,
RadiologyNurses76365_ClinicalSupportandCancerServices_NursingandMidwiferyRegistered_MedicalImaging,01/12/2021,0,1,
RadiologyRadiographers76366_ClinicalSupportandCancerServices_AlliedHealthProfessionals_MedicalImaging,01/06/2021,0,1,
RadiologyRadiographers76366_ClinicalSupportandCancerServices_AlliedHealthProfessionals_MedicalImaging,01/09/2021,0,1,
RadiologyRadiographers76366_ClinicalSupportandCancerServices_AlliedHealthProfessionals_MedicalImaging,01/10/2021,0,2,
RadiologyRadiographers76366_ClinicalSupportandCancerServices_AlliedHealthProfessionals_MedicalImaging,01/11/2021,0,2,
RadiologyRadiographers76366_ClinicalSupportandCancerServices_AlliedHealthProfessionals_MedicalImaging,01/01/2022,0,1,
RadiologyRadiographers76366_ClinicalSupportandCancerServices_AlliedHealthProfessionals_MedicalImaging,01/03/2022,0,2,
RadiologyRadiographers76366_ClinicalSupportandCancerServices_AlliedHealthProfessionals_MedicalImaging,01/06/2022,0,1,
RadiologyRadiographers76366_ClinicalSupportandCancerServices_AlliedHealthProfessionals_MedicalImaging,01/07/2022,0,1,
RadiologyRadiographers76366_ClinicalSupportandCancerServices_AlliedHealthProfessionals_MedicalImaging,01/08/2022,0,2,
RadiologyRadiographers76366_ClinicalSupportandCancerServices_AlliedHealthProfessionals_MedicalImaging,01/09/2022,0,1,
RadiologyRadiographers76366_ClinicalSupportandCancerServices_AlliedHealthProfessionals_MedicalImaging,01/10/2022,0,2,
RadiologyRadiographers76366_ClinicalSupportandCancerServices_AlliedHealthProfessionals_MedicalImaging,01/11/2022,0,1,
RadiologyRadiographers76366_ClinicalSupportandCancerServices_AlliedHealthProfessionals_MedicalImaging,01/01/2023,0,2,
RadiologyRadiographers76366_ClinicalSupportandCancerServices_AlliedHealthProfessionals_MedicalImaging,01/05/2023,0,2,
RadiologyRadiographers76366_ClinicalSupportandCancerServices_AlliedHealthProfessionals_MedicalImaging,01/08/2023,0,1,
RadiologyRadiographers76366_ClinicalSupportandCancerServices_AlliedHealthProfessionals_MedicalImaging,01/09/2023,0,1,
RadiologyRadiographers76366_ClinicalSupportandCancerServices_AlliedHealthProfessionals_MedicalImaging,01/10/2023,0,2,
RadiologyRadiographers76366_ClinicalSupportandCancerServices_AlliedHealthProfessionals_MedicalImaging,01/02/2024,0,1,
RadiologyRadiographers76366_ClinicalSupportandCancerServices_AlliedHealthProfessionals_MedicalImaging,01/04/2024,2,0,
RadiologyRadiographers76366_ClinicalSupportandCancerServices_AlliedHealthProfessionals_MedicalImaging,01/05/2024,1,1,
RadiologyRadiographers76366_ClinicalSupportandCancerServices_AlliedHealthProfessionals_MedicalImaging,01/09/2024,0,2,
RadiologyRadiographers76366_ClinicalSupportandCancerServices_AlliedHealthProfessionals_MedicalImaging,01/10/2024,5,2,
RadiologyRadiographers76366_ClinicalSupportandCancerServices_AlliedHealthProfessionals_MedicalImaging,01/11/2024,0,1,
RadiologyRadiographers76366_ClinicalSupportandCancerServices_AlliedHealthProfessionals_MedicalImaging,01/01/2025,2,0,
RadiologyRadiographers76366_ClinicalSupportandCancerServices_AlliedHealthProfessionals_MedicalImaging,01/02/2025,0,1,
RadiologyRadiographers76366_ClinicalSupportandCancerServices_AlliedHealthProfessionals_MedicalImaging,01/03/2025,0,1,
RadiologyRadiographers76366_ClinicalSupportandCancerServices_AlliedHealthProfessionals_MedicalImaging,01/04/2025,2,0,
RadiologyRadiographers76366_ClinicalSupportandCancerServices_HealthcareScientists_MedicalImaging,01/08/2024,0,1,
RadiotherapyODN34210_ClinicalSupportandCancerServices_AdministrativeandClerical_Oncology,01/11/2023,0,1,
RapidInterventionTeam53000_MentalHealthandLearningDisabilities_AdditionalClinicalServices_LearningDifficulties,01/11/2021,0,1,
RapidInterventionTeam53000_MentalHealthandLearningDisabilities_AdditionalClinicalServices_LearningDifficulties,01/10/2023,0,1,
RapidInterventionTeam53000_MentalHealthandLearningDisabilities_AdditionalClinicalServices_LearningDifficulties,01/08/2024,1,0,
RapidInterventionTeam53000_MentalHealthandLearningDisabilities_AdditionalClinicalServices_LearningDifficulties,01/09/2024,1,0,
RapidInterventionTeam53000_MentalHealthandLearningDisabilities_NursingandMidwiferyRegistered_LearningDifficulties,01/07/2021,0,1,
RapidResponse67000_NeighbourhoodServices_AddProfScientificandTechnic_IntermediateCareDEPT,01/02/2023,0,1,
RapidResponse67000_NeighbourhoodServices_AdditionalClinicalServices_IntermediateCareDEPT,01/06/2021,0,1,
RapidResponse67000_NeighbourhoodServices_AdditionalClinicalServices_IntermediateCareDEPT,01/09/2021,0,1,
RapidResponse67000_NeighbourhoodServices_AdditionalClinicalServices_IntermediateCareDEPT,01/01/2022,0,1,
RapidResponse67000_NeighbourhoodServices_AdditionalClinicalServices_IntermediateCareDEPT,01/08/2022,0,1,
RapidResponse67000_NeighbourhoodServices_AdditionalClinicalServices_IntermediateCareDEPT,01/10/2022,0,1,
RapidResponse67000_NeighbourhoodServices_AdditionalClinicalServices_IntermediateCareDEPT,01/01/2023,0,1,
RapidResponse67000_NeighbourhoodServices_AdditionalClinicalServices_IntermediateCareDEPT,01/03/2023,0,1,
RapidResponse67000_NeighbourhoodServices_AdditionalClinicalServices_IntermediateCareDEPT,01/04/2023,0,3,
RapidResponse67000_NeighbourhoodServices_AdditionalClinicalServices_IntermediateCareDEPT,01/05/2023,0,2,
RapidResponse67000_NeighbourhoodServices_AdditionalClinicalServices_IntermediateCareDEPT,01/08/2023,0,1,
RapidResponse67000_NeighbourhoodServices_AdditionalClinicalServices_IntermediateCareDEPT,01/04/2024,1,3,
RapidResponse67000_NeighbourhoodServices_AdditionalClinicalServices_IntermediateCareDEPT,01/06/2024,2,0,
RapidResponse67000_NeighbourhoodServices_AdditionalClinicalServices_IntermediateCareDEPT,01/07/2024,0,1,
RapidResponse67000_NeighbourhoodServices_AdditionalClinicalServices_IntermediateCareDEPT,01/08/2024,1,1,
RapidResponse67000_NeighbourhoodServices_AdditionalClinicalServices_IntermediateCareDEPT,01/09/2024,3,0,
RapidResponse67000_NeighbourhoodServices_AdditionalClinicalServices_IntermediateCareDEPT,01/10/2024,1,0,
RapidResponse67000_NeighbourhoodServices_AdditionalClinicalServices_IntermediateCareDEPT,01/12/2024,0,2,
RapidResponse67000_NeighbourhoodServices_AdditionalClinicalServices_IntermediateCareDEPT,01/01/2025,0,1,
RapidResponse67000_NeighbourhoodServices_AdditionalClinicalServices_IntermediateCareDEPT,01/02/2025,0,2,
RapidResponse67000_NeighbourhoodServices_AdditionalClinicalServices_IntermediateCareDEPT,01/04/2025,1,0,
RapidResponse67000_NeighbourhoodServices_AdministrativeandClerical_IntermediateCareDEPT,01/10/2022,0,1,
RapidResponse67000_NeighbourhoodServices_AdministrativeandClerical_IntermediateCareDEPT,01/11/2022,0,1,
RapidResponse67000_NeighbourhoodServices_AdministrativeandClerical_IntermediateCareDEPT,01/01/2023,0,1,
RapidResponse67000_NeighbourhoodServices_AdministrativeandClerical_IntermediateCareDEPT,01/11/2024,2,0,
RapidResponse67000_NeighbourhoodServices_AdministrativeandClerical_IntermediateCareDEPT,01/12/2024,1,0,
RapidResponse67000_NeighbourhoodServices_AdministrativeandClerical_IntermediateCareDEPT,01/02/2025,0,1,
RapidResponse67000_NeighbourhoodServices_AlliedHealthProfessionals_IntermediateCareDEPT,01/08/2022,0,1,
RapidResponse67000_NeighbourhoodServices_AlliedHealthProfessionals_IntermediateCareDEPT,01/11/2022,0,2,
RapidResponse67000_NeighbourhoodServices_AlliedHealthProfessionals_IntermediateCareDEPT,01/01/2023,0,1,
RapidResponse67000_NeighbourhoodServices_AlliedHealthProfessionals_IntermediateCareDEPT,01/05/2023,0,1,
RapidResponse67000_NeighbourhoodServices_AlliedHealthProfessionals_IntermediateCareDEPT,01/10/2023,0,2,
RapidResponse67000_NeighbourhoodServices_AlliedHealthProfessionals_IntermediateCareDEPT,01/12/2023,0,1,
RapidResponse67000_NeighbourhoodServices_AlliedHealthProfessionals_IntermediateCareDEPT,01/04/2024,0,3,
RapidResponse67000_NeighbourhoodServices_AlliedHealthProfessionals_IntermediateCareDEPT,01/06/2024,0,1,
RapidResponse67000_NeighbourhoodServices_AlliedHealthProfessionals_IntermediateCareDEPT,01/08/2024,1,0,
RapidResponse67000_NeighbourhoodServices_AlliedHealthProfessionals_IntermediateCareDEPT,01/09/2024,2,1,
RapidResponse67000_NeighbourhoodServices_AlliedHealthProfessionals_IntermediateCareDEPT,01/10/2024,0,2,
RapidResponse67000_NeighbourhoodServices_AlliedHealthProfessionals_IntermediateCareDEPT,01/04/2025,1,1,
RapidResponse67000_NeighbourhoodServices_NursingandMidwiferyRegistered_IntermediateCareDEPT,01/04/2024,0,1,
RapidResponse67000_NeighbourhoodServices_NursingandMidwiferyRegistered_IntermediateCareDEPT,01/05/2024,2,0,
RapidResponse67000_NeighbourhoodServices_NursingandMidwiferyRegistered_IntermediateCareDEPT,01/07/2024,1,0,
RapidResponse67000_NeighbourhoodServices_NursingandMidwiferyRegistered_IntermediateCareDEPT,01/09/2024,0,1,
RapidResponse67000_NeighbourhoodServices_NursingandMidwiferyRegistered_IntermediateCareDEPT,01/12/2024,1,0,
RapidResponse67000_NeighbourhoodServices_NursingandMidwiferyRegistered_IntermediateCareDEPT,01/01/2025,2,0,
RapidResponse67000_NeighbourhoodServices_NursingandMidwiferyRegistered_IntermediateCareDEPT,01/02/2025,1,0,
Recruitment02007_CorporateSupportServices_AdministrativeandClerical_Resourcing,01/03/2022,0,2,
Recruitment02007_CorporateSupportServices_AdministrativeandClerical_Resourcing,01/01/2023,0,1,
Recruitment02007_CorporateSupportServices_AdministrativeandClerical_Resourcing,01/06/2023,0,1,
Recruitment02007_CorporateSupportServices_AdministrativeandClerical_Resourcing,01/07/2023,0,1,
Recruitment02007_CorporateSupportServices_AdministrativeandClerical_Resourcing,01/05/2024,3,0,
Recruitment02007_CorporateSupportServices_AdministrativeandClerical_Resourcing,01/02/2025,1,0,
Recruitment02007_CorporateSupportServices_AdministrativeandClerical_Resourcing,01/04/2025,0,1,
RecruitmentAdvertising75422_CorporateSupportServices_AdministrativeandClerical_Resourcing,01/11/2021,0,2,
RecruitmentAdvertising75422_CorporateSupportServices_AdministrativeandClerical_Resourcing,01/01/2022,0,1,
RecruitmentAdvertising75422_CorporateSupportServices_AdministrativeandClerical_Resourcing,01/09/2022,0,2,
RecruitmentAdvertising75422_CorporateSupportServices_AdministrativeandClerical_Resourcing,01/10/2022,0,1,
RecruitmentAdvertising75422_CorporateSupportServices_AdministrativeandClerical_Resourcing,01/01/2023,0,1,
RecruitmentAdvertising75422_CorporateSupportServices_AdministrativeandClerical_Resourcing,01/01/2024,0,1,
RecruitmentAdvertising75422_CorporateSupportServices_AdministrativeandClerical_Resourcing,01/02/2024,0,1,
RecruitmentAdvertising75422_CorporateSupportServices_AdministrativeandClerical_Resourcing,01/06/2024,1,0,
RehabSouthSomerset61401_NeighbourhoodServices_AdditionalClinicalServices_IntegratedTeamSouthSom,01/06/2021,0,1,
RehabSouthSomerset61401_NeighbourhoodServices_AdditionalClinicalServices_IntegratedTeamSouthSom,01/04/2022,0,1,
RehabSouthSomerset61401_NeighbourhoodServices_AdditionalClinicalServices_IntegratedTeamSouthSom,01/05/2022,0,1,
RehabSouthSomerset61401_NeighbourhoodServices_AdditionalClinicalServices_IntegratedTeamSouthSom,01/07/2022,0,2,
RehabSouthSomerset61401_NeighbourhoodServices_AdditionalClinicalServices_IntegratedTeamSouthSom,01/11/2022,0,1,
RehabSouthSomerset61401_NeighbourhoodServices_AdditionalClinicalServices_IntegratedTeamSouthSom,01/06/2023,0,1,
RehabSouthSomerset61401_NeighbourhoodServices_AdditionalClinicalServices_IntegratedTeamSouthSom,01/01/2024,0,1,
RehabSouthSomerset61401_NeighbourhoodServices_AdditionalClinicalServices_IntegratedTeamSouthSom,01/04/2024,0,1,
RehabSouthSomerset61401_NeighbourhoodServices_AdditionalClinicalServices_IntegratedTeamSouthSom,01/10/2024,1,0,
RehabSouthSomerset61401_NeighbourhoodServices_AdditionalClinicalServices_IntegratedTeamSouthSom,01/11/2024,1,1,
RehabSouthSomerset61401_NeighbourhoodServices_AlliedHealthProfessionals_IntegratedTeamSouthSom,01/01/2022,0,1,
RehabSouthSomerset61401_NeighbourhoodServices_AlliedHealthProfessionals_IntegratedTeamSouthSom,01/06/2022,0,1,
RehabSouthSomerset61401_NeighbourhoodServices_AlliedHealthProfessionals_IntegratedTeamSouthSom,01/08/2022,0,1,
RehabSouthSomerset61401_NeighbourhoodServices_AlliedHealthProfessionals_IntegratedTeamSouthSom,01/09/2022,0,2,
RehabSouthSomerset61401_NeighbourhoodServices_AlliedHealthProfessionals_IntegratedTeamSouthSom,01/11/2022,0,2,
RehabSouthSomerset61401_NeighbourhoodServices_AlliedHealthProfessionals_IntegratedTeamSouthSom,01/01/2023,0,1,
RehabSouthSomerset61401_NeighbourhoodServices_AlliedHealthProfessionals_IntegratedTeamSouthSom,01/05/2024,1,0,
RehabSouthSomerset61401_NeighbourhoodServices_AlliedHealthProfessionals_IntegratedTeamSouthSom,01/02/2025,0,1,
RehabilitationMedStf20800_MedicalServices_MedicalandDental_NeuroRehab,01/07/2021,0,1,
RehabilitationMedStf20800_MedicalServices_MedicalandDental_NeuroRehab,01/07/2022,0,1,
RehabilitationMedStf20800_MedicalServices_MedicalandDental_NeuroRehab,01/12/2023,0,1,
RehabilitationMedStf20800_MedicalServices_MedicalandDental_NeuroRehab,01/01/2024,0,1,
RehabilitationMedStf20800_MedicalServices_MedicalandDental_NeuroRehab,01/08/2024,1,0,
Research&Development75499_CorporateSupportServices_AlliedHealthProfessionals_ResearchandDevelopment,01/11/2024,0,1,
Research&Development75499_CorporateSupportServices_NursingandMidwiferyRegistered_ResearchandDevelopment,01/08/2021,0,1,
Research&Development75499_CorporateSupportServices_NursingandMidwiferyRegistered_ResearchandDevelopment,01/11/2024,1,0,
ResearchDelivery00136_CorporateSupportServices_AdditionalClinicalServices_ResearchandDevelopment,01/07/2022,0,1,
ResearchDelivery00136_CorporateSupportServices_AdditionalClinicalServices_ResearchandDevelopment,01/10/2022,0,1,
ResearchDelivery00136_CorporateSupportServices_AdditionalClinicalServices_ResearchandDevelopment,01/06/2023,0,1,
ResearchDelivery00136_CorporateSupportServices_AdditionalClinicalServices_ResearchandDevelopment,01/10/2023,0,1,
ResearchDelivery00136_CorporateSupportServices_AdditionalClinicalServices_ResearchandDevelopment,01/12/2023,0,1,
ResearchDelivery00136_CorporateSupportServices_AdditionalClinicalServices_ResearchandDevelopment,01/09/2024,1,0,
ResearchDelivery00136_CorporateSupportServices_AdditionalClinicalServices_ResearchandDevelopment,01/03/2025,2,0,
ResearchDelivery00136_CorporateSupportServices_AdministrativeandClerical_ResearchandDevelopment,01/05/2021,0,1,
ResearchDelivery00136_CorporateSupportServices_AdministrativeandClerical_ResearchandDevelopment,01/09/2021,0,1,
ResearchDelivery00136_CorporateSupportServices_AdministrativeandClerical_ResearchandDevelopment,01/08/2022,0,2,
ResearchDelivery00136_CorporateSupportServices_AdministrativeandClerical_ResearchandDevelopment,01/11/2022,0,1,
ResearchDelivery00136_CorporateSupportServices_AdministrativeandClerical_ResearchandDevelopment,01/03/2023,0,1,
ResearchDelivery00136_CorporateSupportServices_AdministrativeandClerical_ResearchandDevelopment,01/11/2023,0,1,
ResearchDelivery00136_CorporateSupportServices_AdministrativeandClerical_ResearchandDevelopment,01/03/2024,0,1,
ResearchDelivery00136_CorporateSupportServices_AdministrativeandClerical_ResearchandDevelopment,01/04/2024,0,2,
ResearchDelivery00136_CorporateSupportServices_AdministrativeandClerical_ResearchandDevelopment,01/07/2024,1,1,
ResearchDelivery00136_CorporateSupportServices_AdministrativeandClerical_ResearchandDevelopment,01/09/2024,0,1,
ResearchDelivery00136_CorporateSupportServices_AdministrativeandClerical_ResearchandDevelopment,01/10/2024,0,1,
ResearchDelivery00136_CorporateSupportServices_AdministrativeandClerical_ResearchandDevelopment,01/11/2024,0,1,
ResearchDelivery00136_CorporateSupportServices_AdministrativeandClerical_ResearchandDevelopment,01/01/2025,0,1,
ResearchDelivery00136_CorporateSupportServices_AdministrativeandClerical_ResearchandDevelopment,01/02/2025,1,0,
ResearchDelivery00136_CorporateSupportServices_AlliedHealthProfessionals_ResearchandDevelopment,01/01/2022,0,1,
ResearchDelivery00136_CorporateSupportServices_AlliedHealthProfessionals_ResearchandDevelopment,01/03/2022,0,1,
ResearchDelivery00136_CorporateSupportServices_AlliedHealthProfessionals_ResearchandDevelopment,01/08/2022,0,1,
ResearchDelivery00136_CorporateSupportServices_AlliedHealthProfessionals_ResearchandDevelopment,01/04/2025,0,1,
ResearchDelivery00136_CorporateSupportServices_NursingandMidwiferyRegistered_ResearchandDevelopment,01/05/2021,0,1,
ResearchDelivery00136_CorporateSupportServices_NursingandMidwiferyRegistered_ResearchandDevelopment,01/08/2021,0,1,
ResearchDelivery00136_CorporateSupportServices_NursingandMidwiferyRegistered_ResearchandDevelopment,01/07/2022,0,1,
ResearchDelivery00136_CorporateSupportServices_NursingandMidwiferyRegistered_ResearchandDevelopment,01/11/2022,0,1,
ResearchDelivery00136_CorporateSupportServices_NursingandMidwiferyRegistered_ResearchandDevelopment,01/03/2023,0,1,
ResearchDelivery00136_CorporateSupportServices_NursingandMidwiferyRegistered_ResearchandDevelopment,01/01/2024,0,1,
ResearchDelivery00136_CorporateSupportServices_NursingandMidwiferyRegistered_ResearchandDevelopment,01/05/2024,1,0,
ResearchDelivery00136_CorporateSupportServices_NursingandMidwiferyRegistered_ResearchandDevelopment,01/07/2024,1,0,
ResearchDelivery00136_CorporateSupportServices_NursingandMidwiferyRegistered_ResearchandDevelopment,01/09/2024,2,1,
ResearchDelivery00136_CorporateSupportServices_NursingandMidwiferyRegistered_ResearchandDevelopment,01/11/2024,1,1,
ResearchDelivery00136_CorporateSupportServices_NursingandMidwiferyRegistered_ResearchandDevelopment,01/12/2024,0,1,
ResearchDelivery00136_CorporateSupportServices_NursingandMidwiferyRegistered_ResearchandDevelopment,01/02/2025,0,1,
ResilienceTeam00407_CorporateSupportServices_AdministrativeandClerical_DirectorofCorporateServicesDEPT,01/07/2023,0,1,
ResilienceTeam00407_CorporateSupportServices_AdministrativeandClerical_DirectorofCorporateServicesDEPT,01/09/2024,1,1,
RespCommercialResearchFund20950_MedicalServices_AdministrativeandClerical_Respiratory,01/01/2022,0,1,
RespThoracicMedStf20900_MedicalServices_AddProfScientificandTechnic_Respiratory,01/11/2021,0,1,
RespThoracicMedStf20900_MedicalServices_AddProfScientificandTechnic_Respiratory,01/11/2022,0,1,
RespThoracicMedStf20900_MedicalServices_MedicalandDental_Respiratory,01/07/2021,0,2,
RespThoracicMedStf20900_MedicalServices_MedicalandDental_Respiratory,01/08/2021,0,2,
RespThoracicMedStf20900_MedicalServices_MedicalandDental_Respiratory,01/02/2022,0,1,
RespThoracicMedStf20900_MedicalServices_MedicalandDental_Respiratory,01/07/2022,0,2,
RespThoracicMedStf20900_MedicalServices_MedicalandDental_Respiratory,01/08/2022,0,3,
RespThoracicMedStf20900_MedicalServices_MedicalandDental_Respiratory,01/10/2022,0,1,
RespThoracicMedStf20900_MedicalServices_MedicalandDental_Respiratory,01/07/2023,0,2,
RespThoracicMedStf20900_MedicalServices_MedicalandDental_Respiratory,01/08/2023,0,8,
RespThoracicMedStf20900_MedicalServices_MedicalandDental_Respiratory,01/09/2023,0,1,
RespThoracicMedStf20900_MedicalServices_MedicalandDental_Respiratory,01/11/2023,0,1,
RespThoracicMedStf20900_MedicalServices_MedicalandDental_Respiratory,01/03/2024,0,1,
RespThoracicMedStf20900_MedicalServices_MedicalandDental_Respiratory,01/07/2024,0,2,
RespThoracicMedStf20900_MedicalServices_MedicalandDental_Respiratory,01/08/2024,0,6,
RespThoracicMedStf20900_MedicalServices_MedicalandDental_Respiratory,01/03/2025,0,1,
RespThoracicMedStf20900_MedicalServices_NursingandMidwiferyRegistered_Respiratory,01/10/2023,0,1,
RespiratoryAdmin-SOM20906_MedicalServices_AdministrativeandClerical_Respiratory,01/11/2024,0,1,
RespiratoryAdmin20906_MedicalServices_AdministrativeandClerical_Respiratory,01/02/2025,1,0,
RespiratoryMedicalStaff76263_MedicalServices_MedicalandDental_Respiratory,01/10/2023,0,1,
RespiratoryMedicalStaff76263_MedicalServices_MedicalandDental_Respiratory,01/02/2024,0,1,
RespiratoryMedicalStaff76263_MedicalServices_MedicalandDental_Respiratory,01/07/2024,0,2,
RespiratoryMedicalStaff76263_MedicalServices_MedicalandDental_Respiratory,01/02/2025,0,1,
RespiratoryNurses76270_MedicalServices_AdditionalClinicalServices_Respiratory,01/05/2024,1,0,
RespiratoryNurses76270_MedicalServices_AdditionalClinicalServices_Respiratory,01/06/2024,0,1,
RespiratoryNurses76270_MedicalServices_NursingandMidwiferyRegistered_Respiratory,01/05/2024,1,0,
RestorativeDentistryMedStf12013_SurgicalServices_AddProfScientificandTechnic_RestorativeDentistry,01/09/2021,0,1,
RestorativeDentistryMedStf12013_SurgicalServices_AddProfScientificandTechnic_RestorativeDentistry,01/04/2024,0,1,
RestorativeDentistryMedStf12013_SurgicalServices_MedicalandDental_RestorativeDentistry,01/05/2021,0,1,
RestorativeDentistryMedStf12013_SurgicalServices_MedicalandDental_RestorativeDentistry,01/11/2021,0,1,
RestorativeDentistryMedStf12013_SurgicalServices_MedicalandDental_RestorativeDentistry,01/09/2023,0,2,
ResuscitationTeam02001_CorporateSupportServices_AlliedHealthProfessionals_Experience&Learning,01/01/2025,0,1,
ResuscitationTeam02001_CorporateSupportServices_NursingandMidwiferyRegistered_Experience&Learning,01/02/2025,0,1,
Retention56500_MentalHealthandLearningDisabilities_AdditionalClinicalServices_MHEmploymentService,01/02/2023,0,1,
Retention56500_MentalHealthandLearningDisabilities_AdditionalClinicalServices_MHEmploymentService,01/06/2023,0,1,
RheumatologyMedStf-SOM21200_MedicalServices_MedicalandDental_Rheumatology,01/08/2022,0,1,
RheumatologyMedStf-SOM21200_MedicalServices_MedicalandDental_Rheumatology,01/11/2022,0,1,
RheumatologyMedStf-SOM21200_MedicalServices_MedicalandDental_Rheumatology,01/08/2023,0,1,
RheumatologyMedStf-SOM21200_MedicalServices_MedicalandDental_Rheumatology,01/09/2023,0,1,
RheumatologyMedStf-SOM21200_MedicalServices_MedicalandDental_Rheumatology,01/11/2023,0,1,
RheumatologyMedStf-SOM21200_MedicalServices_MedicalandDental_Rheumatology,01/01/2024,0,1,
RheumatologyMedStf-SOM21200_MedicalServices_MedicalandDental_Rheumatology,01/06/2024,0,1,
RheumatologyMedStf-SOM21200_MedicalServices_MedicalandDental_Rheumatology,01/08/2024,0,2,
RheumatologyMedStf-SOM21200_MedicalServices_MedicalandDental_Rheumatology,01/02/2025,0,1,
RheumatologyMedStf-SOM21200_MedicalServices_NursingandMidwiferyRegistered_Rheumatology,01/11/2024,0,1,
RowanWard150280_MentalHealthandLearningDisabilities_AdditionalClinicalServices_InpatientsDEPT,01/06/2021,0,1,
RowanWard150280_MentalHealthandLearningDisabilities_AdditionalClinicalServices_InpatientsDEPT,01/10/2021,0,3,
RowanWard150280_MentalHealthandLearningDisabilities_AdditionalClinicalServices_InpatientsDEPT,01/12/2021,0,1,
RowanWard150280_MentalHealthandLearningDisabilities_AdditionalClinicalServices_InpatientsDEPT,01/01/2022,0,2,
RowanWard150280_MentalHealthandLearningDisabilities_AdditionalClinicalServices_InpatientsDEPT,01/03/2022,0,2,
RowanWard150280_MentalHealthandLearningDisabilities_AdditionalClinicalServices_InpatientsDEPT,01/07/2022,0,1,
RowanWard150280_MentalHealthandLearningDisabilities_AdditionalClinicalServices_InpatientsDEPT,01/10/2022,0,1,
RowanWard150280_MentalHealthandLearningDisabilities_AdditionalClinicalServices_InpatientsDEPT,01/12/2022,0,1,
RowanWard150280_MentalHealthandLearningDisabilities_AdditionalClinicalServices_InpatientsDEPT,01/01/2023,0,3,
RowanWard150280_MentalHealthandLearningDisabilities_AdditionalClinicalServices_InpatientsDEPT,01/03/2023,0,2,
RowanWard150280_MentalHealthandLearningDisabilities_AdditionalClinicalServices_InpatientsDEPT,01/06/2023,0,1,
RowanWard150280_MentalHealthandLearningDisabilities_AdditionalClinicalServices_InpatientsDEPT,01/11/2023,0,2,
RowanWard150280_MentalHealthandLearningDisabilities_AdditionalClinicalServices_InpatientsDEPT,01/02/2024,0,3,
RowanWard150280_MentalHealthandLearningDisabilities_AdditionalClinicalServices_InpatientsDEPT,01/03/2024,0,2,
RowanWard150280_MentalHealthandLearningDisabilities_AdditionalClinicalServices_InpatientsDEPT,01/04/2024,0,1,
RowanWard150280_MentalHealthandLearningDisabilities_AdditionalClinicalServices_InpatientsDEPT,01/05/2024,0,1,
RowanWard150280_MentalHealthandLearningDisabilities_AdditionalClinicalServices_InpatientsDEPT,01/07/2024,1,0,
RowanWard150280_MentalHealthandLearningDisabilities_AdditionalClinicalServices_InpatientsDEPT,01/08/2024,2,0,
RowanWard150280_MentalHealthandLearningDisabilities_AdditionalClinicalServices_InpatientsDEPT,01/01/2025,0,3,
RowanWard150280_MentalHealthandLearningDisabilities_AdditionalClinicalServices_InpatientsDEPT,01/03/2025,0,1,
RowanWard150280_MentalHealthandLearningDisabilities_AlliedHealthProfessionals_InpatientsDEPT,01/08/2024,0,1,
RowanWard150280_MentalHealthandLearningDisabilities_EstatesandAncillary_InpatientsDEPT,01/02/2022,0,1,
RowanWard150280_MentalHealthandLearningDisabilities_EstatesandAncillary_InpatientsDEPT,01/03/2022,0,1,
RowanWard150280_MentalHealthandLearningDisabilities_EstatesandAncillary_InpatientsDEPT,01/08/2022,0,1,
RowanWard150280_MentalHealthandLearningDisabilities_EstatesandAncillary_InpatientsDEPT,01/03/2023,0,1,
RowanWard150280_MentalHealthandLearningDisabilities_EstatesandAncillary_InpatientsDEPT,01/01/2024,0,2,
RowanWard150280_MentalHealthandLearningDisabilities_EstatesandAncillary_InpatientsDEPT,01/05/2024,1,0,
RowanWard150280_MentalHealthandLearningDisabilities_NursingandMidwiferyRegistered_InpatientsDEPT,01/03/2022,0,1,
RowanWard150280_MentalHealthandLearningDisabilities_NursingandMidwiferyRegistered_InpatientsDEPT,01/07/2023,0,1,
RowanWard150280_MentalHealthandLearningDisabilities_NursingandMidwiferyRegistered_InpatientsDEPT,01/10/2023,0,1,
RowanWard150280_MentalHealthandLearningDisabilities_NursingandMidwiferyRegistered_InpatientsDEPT,01/05/2024,1,0,
RowanWard150280_MentalHealthandLearningDisabilities_NursingandMidwiferyRegistered_InpatientsDEPT,01/12/2024,0,1,
RowanWard250281_MentalHealthandLearningDisabilities_AdditionalClinicalServices_InpatientsDEPT,01/04/2022,0,1,
RowanWard250281_MentalHealthandLearningDisabilities_AdditionalClinicalServices_InpatientsDEPT,01/07/2022,0,1,
RowanWard250281_MentalHealthandLearningDisabilities_AdditionalClinicalServices_InpatientsDEPT,01/08/2022,0,2,
RowanWard250281_MentalHealthandLearningDisabilities_AdditionalClinicalServices_InpatientsDEPT,01/10/2022,0,2,
RowanWard250281_MentalHealthandLearningDisabilities_AdditionalClinicalServices_InpatientsDEPT,01/02/2023,0,1,
RowanWard250281_MentalHealthandLearningDisabilities_AdditionalClinicalServices_InpatientsDEPT,01/03/2023,0,1,
RowanWard250281_MentalHealthandLearningDisabilities_AdditionalClinicalServices_InpatientsDEPT,01/04/2023,0,2,
RowanWard250281_MentalHealthandLearningDisabilities_AdditionalClinicalServices_InpatientsDEPT,01/10/2023,0,1,
RowanWard250281_MentalHealthandLearningDisabilities_AdditionalClinicalServices_InpatientsDEPT,01/12/2023,0,1,
RowanWard250281_MentalHealthandLearningDisabilities_AdditionalClinicalServices_InpatientsDEPT,01/01/2024,0,1,
RowanWard250281_MentalHealthandLearningDisabilities_AdditionalClinicalServices_InpatientsDEPT,01/02/2024,0,1,
RowanWard250281_MentalHealthandLearningDisabilities_AdditionalClinicalServices_InpatientsDEPT,01/04/2024,2,1,
RowanWard250281_MentalHealthandLearningDisabilities_AdditionalClinicalServices_InpatientsDEPT,01/08/2024,0,1,
RowanWard250281_MentalHealthandLearningDisabilities_AdditionalClinicalServices_InpatientsDEPT,01/12/2024,2,0,
RowanWard250281_MentalHealthandLearningDisabilities_AdministrativeandClerical_InpatientsDEPT,01/02/2024,0,1,
RowanWard250281_MentalHealthandLearningDisabilities_AdministrativeandClerical_InpatientsDEPT,01/03/2025,1,0,
RowanWard250281_MentalHealthandLearningDisabilities_EstatesandAncillary_InpatientsDEPT,01/05/2021,0,2,
RowanWard250281_MentalHealthandLearningDisabilities_EstatesandAncillary_InpatientsDEPT,01/07/2023,0,1,
RowanWard250281_MentalHealthandLearningDisabilities_EstatesandAncillary_InpatientsDEPT,01/01/2024,0,1,
RowanWard250281_MentalHealthandLearningDisabilities_EstatesandAncillary_InpatientsDEPT,01/04/2024,1,0,
RowanWard250281_MentalHealthandLearningDisabilities_EstatesandAncillary_InpatientsDEPT,01/08/2024,1,0,
RowanWard250281_MentalHealthandLearningDisabilities_NursingandMidwiferyRegistered_InpatientsDEPT,01/04/2023,0,1,
RowanWard250281_MentalHealthandLearningDisabilities_NursingandMidwiferyRegistered_InpatientsDEPT,01/09/2023,0,1,
RowanWard250281_MentalHealthandLearningDisabilities_NursingandMidwiferyRegistered_InpatientsDEPT,01/06/2024,1,0,
RowanWard250281_MentalHealthandLearningDisabilities_NursingandMidwiferyRegistered_InpatientsDEPT,01/07/2024,0,1,
RydonWard150180_MentalHealthandLearningDisabilities_AdditionalClinicalServices_InpatientsDEPT,01/08/2021,0,2,
RydonWard150180_MentalHealthandLearningDisabilities_AdditionalClinicalServices_InpatientsDEPT,01/01/2022,0,1,
RydonWard150180_MentalHealthandLearningDisabilities_AdditionalClinicalServices_InpatientsDEPT,01/03/2022,0,1,
RydonWard150180_MentalHealthandLearningDisabilities_AdditionalClinicalServices_InpatientsDEPT,01/08/2022,0,1,
RydonWard150180_MentalHealthandLearningDisabilities_AdditionalClinicalServices_InpatientsDEPT,01/10/2022,0,1,
RydonWard150180_MentalHealthandLearningDisabilities_AdditionalClinicalServices_InpatientsDEPT,01/01/2023,0,4,
RydonWard150180_MentalHealthandLearningDisabilities_AdditionalClinicalServices_InpatientsDEPT,01/02/2023,0,1,
RydonWard150180_MentalHealthandLearningDisabilities_AdditionalClinicalServices_InpatientsDEPT,01/05/2023,0,1,
RydonWard150180_MentalHealthandLearningDisabilities_AdditionalClinicalServices_InpatientsDEPT,01/10/2023,0,1,
RydonWard150180_MentalHealthandLearningDisabilities_AdditionalClinicalServices_InpatientsDEPT,01/02/2024,0,1,
RydonWard150180_MentalHealthandLearningDisabilities_AdditionalClinicalServices_InpatientsDEPT,01/04/2024,1,0,
RydonWard150180_MentalHealthandLearningDisabilities_AdditionalClinicalServices_InpatientsDEPT,01/06/2024,0,1,
RydonWard150180_MentalHealthandLearningDisabilities_AdditionalClinicalServices_InpatientsDEPT,01/08/2024,1,0,
RydonWard150180_MentalHealthandLearningDisabilities_AdditionalClinicalServices_InpatientsDEPT,01/11/2024,1,0,
RydonWard150180_MentalHealthandLearningDisabilities_AlliedHealthProfessionals_InpatientsDEPT,01/11/2023,0,1,
RydonWard150180_MentalHealthandLearningDisabilities_AlliedHealthProfessionals_InpatientsDEPT,01/08/2024,0,1,
RydonWard150180_MentalHealthandLearningDisabilities_EstatesandAncillary_InpatientsDEPT,01/04/2022,0,1,
RydonWard150180_MentalHealthandLearningDisabilities_NursingandMidwiferyRegistered_InpatientsDEPT,01/08/2021,0,1,
RydonWard150180_MentalHealthandLearningDisabilities_NursingandMidwiferyRegistered_InpatientsDEPT,01/10/2022,0,1,
RydonWard150180_MentalHealthandLearningDisabilities_NursingandMidwiferyRegistered_InpatientsDEPT,01/04/2023,0,1,
RydonWard150180_MentalHealthandLearningDisabilities_NursingandMidwiferyRegistered_InpatientsDEPT,01/09/2024,1,0,
RydonWard150180_MentalHealthandLearningDisabilities_NursingandMidwiferyRegistered_InpatientsDEPT,01/11/2024,0,1,
RydonWard250182_MentalHealthandLearningDisabilities_AdditionalClinicalServices_InpatientsDEPT,01/05/2021,0,1,
RydonWard250182_MentalHealthandLearningDisabilities_AdditionalClinicalServices_InpatientsDEPT,01/08/2021,0,2,
RydonWard250182_MentalHealthandLearningDisabilities_AdditionalClinicalServices_InpatientsDEPT,01/10/2021,0,2,
RydonWard250182_MentalHealthandLearningDisabilities_AdditionalClinicalServices_InpatientsDEPT,01/04/2022,0,1,
RydonWard250182_MentalHealthandLearningDisabilities_AdditionalClinicalServices_InpatientsDEPT,01/11/2022,0,1,
RydonWard250182_MentalHealthandLearningDisabilities_AdditionalClinicalServices_InpatientsDEPT,01/04/2023,0,1,
RydonWard250182_MentalHealthandLearningDisabilities_AdditionalClinicalServices_InpatientsDEPT,01/02/2024,0,1,
RydonWard250182_MentalHealthandLearningDisabilities_AdditionalClinicalServices_InpatientsDEPT,01/04/2024,0,1,
RydonWard250182_MentalHealthandLearningDisabilities_AdditionalClinicalServices_InpatientsDEPT,01/07/2024,0,1,
RydonWard250182_MentalHealthandLearningDisabilities_AdditionalClinicalServices_InpatientsDEPT,01/09/2024,0,1,
RydonWard250182_MentalHealthandLearningDisabilities_AdditionalClinicalServices_InpatientsDEPT,01/12/2024,1,0,
RydonWard250182_MentalHealthandLearningDisabilities_AdditionalClinicalServices_InpatientsDEPT,01/01/2025,1,1,
RydonWard250182_MentalHealthandLearningDisabilities_AdministrativeandClerical_InpatientsDEPT,01/10/2023,0,1,
RydonWard250182_MentalHealthandLearningDisabilities_AdministrativeandClerical_InpatientsDEPT,01/03/2025,0,1,
RydonWard250182_MentalHealthandLearningDisabilities_AlliedHealthProfessionals_InpatientsDEPT,01/01/2023,0,1,
RydonWard250182_MentalHealthandLearningDisabilities_NursingandMidwiferyRegistered_InpatientsDEPT,01/07/2021,0,1,
RydonWard250182_MentalHealthandLearningDisabilities_NursingandMidwiferyRegistered_InpatientsDEPT,01/09/2022,0,1,
RydonWard250182_MentalHealthandLearningDisabilities_NursingandMidwiferyRegistered_InpatientsDEPT,01/10/2022,0,1,
RydonWard250182_MentalHealthandLearningDisabilities_NursingandMidwiferyRegistered_InpatientsDEPT,01/08/2023,0,1,
RydonWard250182_MentalHealthandLearningDisabilities_NursingandMidwiferyRegistered_InpatientsDEPT,01/10/2023,0,1,
RydonWard250182_MentalHealthandLearningDisabilities_NursingandMidwiferyRegistered_InpatientsDEPT,01/10/2024,1,0,
RydonWard250182_MentalHealthandLearningDisabilities_NursingandMidwiferyRegistered_InpatientsDEPT,01/01/2025,1,0,
RydonWard250182_MentalHealthandLearningDisabilities_NursingandMidwiferyRegistered_InpatientsDEPT,01/04/2025,1,0,
SCBUYDH76248_CYP&FamiliesServices_AdditionalClinicalServices_MaternityDEPT,01/11/2022,0,1,
SCBUYDH76248_CYP&FamiliesServices_NursingandMidwiferyRegistered_MaternityDEPT,01/07/2024,1,0,
SCBUYDH76248_CYP&FamiliesServices_NursingandMidwiferyRegistered_MaternityDEPT,01/04/2025,1,0,
SDEC-SameDayEmergencyCare20105_MedicalServices_AlliedHealthProfessionals_EmergencyCareDEPT,01/12/2024,1,0,
SDECY-SameDayEmergencyCare76205_MedicalServices_AlliedHealthProfessionals_EmergencyCareDEPT,01/03/2022,0,1,
SDECY-SameDayEmergencyCare76205_MedicalServices_AlliedHealthProfessionals_EmergencyCareDEPT,01/11/2024,1,0,
SDECY-SameDayEmergencyCare76205_MedicalServices_NursingandMidwiferyRegistered_EmergencyCareDEPT,01/09/2021,0,1,
SDECY-SameDayEmergencyCare76205_MedicalServices_NursingandMidwiferyRegistered_EmergencyCareDEPT,01/11/2021,0,1,
SNICUMPH45080_CYP&FamiliesServices_AdditionalClinicalServices_MaternityDEPT,01/08/2021,0,1,
SNICUMPH45080_CYP&FamiliesServices_AdditionalClinicalServices_MaternityDEPT,01/11/2021,0,1,
SNICUMPH45080_CYP&FamiliesServices_AdditionalClinicalServices_MaternityDEPT,01/08/2022,0,2,
SNICUMPH45080_CYP&FamiliesServices_AdditionalClinicalServices_MaternityDEPT,01/12/2022,0,1,
SNICUMPH45080_CYP&FamiliesServices_AdditionalClinicalServices_MaternityDEPT,01/04/2023,0,1,
SNICUMPH45080_CYP&FamiliesServices_AdditionalClinicalServices_MaternityDEPT,01/10/2023,0,1,
SNICUMPH45080_CYP&FamiliesServices_AdditionalClinicalServices_MaternityDEPT,01/11/2023,0,1,
SNICUMPH45080_CYP&FamiliesServices_AdditionalClinicalServices_MaternityDEPT,01/05/2024,1,0,
SNICUMPH45080_CYP&FamiliesServices_AdditionalClinicalServices_MaternityDEPT,01/06/2024,0,1,
SNICUMPH45080_CYP&FamiliesServices_AdditionalClinicalServices_MaternityDEPT,01/07/2024,1,0,
SNICUMPH45080_CYP&FamiliesServices_AdditionalClinicalServices_MaternityDEPT,01/08/2024,2,1,
SNICUMPH45080_CYP&FamiliesServices_AdditionalClinicalServices_MaternityDEPT,01/09/2024,1,1,
SNICUMPH45080_CYP&FamiliesServices_AdditionalClinicalServices_MaternityDEPT,01/02/2025,1,1,
SNICUMPH45080_CYP&FamiliesServices_AdditionalClinicalServices_MaternityDEPT,01/03/2025,0,1,
SNICUMPH45080_CYP&FamiliesServices_AdditionalClinicalServices_MaternityDEPT,01/04/2025,1,2,
SNICUMPH45080_CYP&FamiliesServices_NursingandMidwiferyRegistered_MaternityDEPT,01/09/2021,0,1,
SNICUMPH45080_CYP&FamiliesServices_NursingandMidwiferyRegistered_MaternityDEPT,01/11/2021,0,1,
SNICUMPH45080_CYP&FamiliesServices_NursingandMidwiferyRegistered_MaternityDEPT,01/02/2022,0,2,
SNICUMPH45080_CYP&FamiliesServices_NursingandMidwiferyRegistered_MaternityDEPT,01/05/2022,0,1,
SNICUMPH45080_CYP&FamiliesServices_NursingandMidwiferyRegistered_MaternityDEPT,01/02/2023,0,1,
SNICUMPH45080_CYP&FamiliesServices_NursingandMidwiferyRegistered_MaternityDEPT,01/09/2023,0,1,
SNICUMPH45080_CYP&FamiliesServices_NursingandMidwiferyRegistered_MaternityDEPT,01/10/2023,0,2,
SNICUMPH45080_CYP&FamiliesServices_NursingandMidwiferyRegistered_MaternityDEPT,01/12/2023,0,1,
SNICUMPH45080_CYP&FamiliesServices_NursingandMidwiferyRegistered_MaternityDEPT,01/05/2024,1,0,
SNICUMPH45080_CYP&FamiliesServices_NursingandMidwiferyRegistered_MaternityDEPT,01/07/2024,3,0,
SNICUMPH45080_CYP&FamiliesServices_NursingandMidwiferyRegistered_MaternityDEPT,01/08/2024,0,2,
SNICUMPH45080_CYP&FamiliesServices_NursingandMidwiferyRegistered_MaternityDEPT,01/09/2024,1,0,
SNICUMPH45080_CYP&FamiliesServices_NursingandMidwiferyRegistered_MaternityDEPT,01/10/2024,1,0,
SNICUMPH45080_CYP&FamiliesServices_NursingandMidwiferyRegistered_MaternityDEPT,01/11/2024,0,1,
SNICUMPH45080_CYP&FamiliesServices_NursingandMidwiferyRegistered_MaternityDEPT,01/03/2025,1,0,
SNICUMPH45080_CYP&FamiliesServices_NursingandMidwiferyRegistered_MaternityDEPT,01/04/2025,1,0,
SNICUMedicalStaffing43110_CYP&FamiliesServices_MedicalandDental_MedicalPaediatrics,01/10/2021,0,1,
SNICUMedicalStaffing43110_CYP&FamiliesServices_MedicalandDental_MedicalPaediatrics,01/10/2023,0,1,
SNICUMedicalStaffing43110_CYP&FamiliesServices_MedicalandDental_MedicalPaediatrics,01/10/2024,0,1,
SNICUMedicalStaffing43110_CYP&FamiliesServices_MedicalandDental_MedicalPaediatrics,01/03/2025,1,0,
SNICUMedicalStaffing43110_CYP&FamiliesServices_MedicalandDental_MedicalPaediatrics,01/04/2025,0,3,
SSDManager17010_SurgicalServices_AdministrativeandClerical_SSD,01/10/2024,1,0,
SSDManager17010_SurgicalServices_AdministrativeandClerical_SSD,01/11/2024,0,1,
SSDManager17010_SurgicalServices_EstatesandAncillary_SSD,01/08/2021,0,2,
SSDManager17010_SurgicalServices_EstatesandAncillary_SSD,01/09/2021,0,2,
SSDManager17010_SurgicalServices_EstatesandAncillary_SSD,01/02/2022,0,1,
SSDManager17010_SurgicalServices_EstatesandAncillary_SSD,01/03/2022,0,1,
SSDManager17010_SurgicalServices_EstatesandAncillary_SSD,01/09/2022,0,1,
SSDManager17010_SurgicalServices_EstatesandAncillary_SSD,01/11/2022,0,1,
SSDManager17010_SurgicalServices_EstatesandAncillary_SSD,01/07/2023,0,4,
SSDManager17010_SurgicalServices_EstatesandAncillary_SSD,01/09/2023,0,2,
SSDManager17010_SurgicalServices_EstatesandAncillary_SSD,01/10/2023,0,1,
SSDManager17010_SurgicalServices_EstatesandAncillary_SSD,01/12/2023,0,1,
SSDManager17010_SurgicalServices_EstatesandAncillary_SSD,01/02/2024,0,2,
SSDManager17010_SurgicalServices_EstatesandAncillary_SSD,01/03/2024,0,2,
SSDManager17010_SurgicalServices_EstatesandAncillary_SSD,01/06/2024,1,0,
SSDManager17010_SurgicalServices_EstatesandAncillary_SSD,01/08/2024,1,0,
SSDManager17010_SurgicalServices_EstatesandAncillary_SSD,01/09/2024,1,1,
SSDManager17010_SurgicalServices_EstatesandAncillary_SSD,01/11/2024,0,1,
SSDManager17010_SurgicalServices_EstatesandAncillary_SSD,01/12/2024,2,0,
SSDManager17010_SurgicalServices_EstatesandAncillary_SSD,01/02/2025,0,1,
SSDManager17010_SurgicalServices_EstatesandAncillary_SSD,01/03/2025,2,0,
SSDManager17010_SurgicalServices_EstatesandAncillary_SSD,01/04/2025,1,0,
SSLCapitalS97801_SSLCorporate_AdministrativeandClerical_CapitalProgramme,01/05/2021,0,1,
SSLCateringS75318_SSLCorporate_EstatesandAncillary_SSLFacilitiesSoftFMLevel5,01/05/2021,0,2,
SSLCateringS75318_SSLCorporate_EstatesandAncillary_SSLFacilitiesSoftFMLevel5,01/06/2021,0,1,
SSLCateringS75318_SSLCorporate_EstatesandAncillary_SSLFacilitiesSoftFMLevel5,01/07/2021,0,1,
SSLCateringS75318_SSLCorporate_EstatesandAncillary_SSLFacilitiesSoftFMLevel5,01/09/2021,0,3,
SSLCateringS75318_SSLCorporate_EstatesandAncillary_SSLFacilitiesSoftFMLevel5,01/10/2021,0,1,
SSLCateringS75318_SSLCorporate_EstatesandAncillary_SSLFacilitiesSoftFMLevel5,01/01/2022,0,2,
SSLCateringS75318_SSLCorporate_EstatesandAncillary_SSLFacilitiesSoftFMLevel5,01/03/2022,0,2,
SSLCateringS75318_SSLCorporate_EstatesandAncillary_SSLFacilitiesSoftFMLevel5,01/04/2022,0,1,
SSLCateringS75318_SSLCorporate_EstatesandAncillary_SSLFacilitiesSoftFMLevel5,01/06/2022,0,1,
SSLCateringS75318_SSLCorporate_EstatesandAncillary_SSLFacilitiesSoftFMLevel5,01/07/2022,0,1,
SSLCateringS75318_SSLCorporate_EstatesandAncillary_SSLFacilitiesSoftFMLevel5,01/08/2022,0,1,
SSLCateringS75318_SSLCorporate_EstatesandAncillary_SSLFacilitiesSoftFMLevel5,01/10/2022,0,4,
SSLCateringS75318_SSLCorporate_EstatesandAncillary_SSLFacilitiesSoftFMLevel5,01/11/2022,0,1,
SSLCateringS75318_SSLCorporate_EstatesandAncillary_SSLFacilitiesSoftFMLevel5,01/01/2023,0,3,
SSLCateringS75318_SSLCorporate_EstatesandAncillary_SSLFacilitiesSoftFMLevel5,01/02/2023,0,3,
SSLCateringS75318_SSLCorporate_EstatesandAncillary_SSLFacilitiesSoftFMLevel5,01/03/2023,0,1,
SSLCateringS75318_SSLCorporate_EstatesandAncillary_SSLFacilitiesSoftFMLevel5,01/04/2023,0,2,
SSLCateringS75318_SSLCorporate_EstatesandAncillary_SSLFacilitiesSoftFMLevel5,01/05/2023,0,2,
SSLCateringS75318_SSLCorporate_EstatesandAncillary_SSLFacilitiesSoftFMLevel5,01/06/2023,0,1,
SSLCateringS75318_SSLCorporate_EstatesandAncillary_SSLFacilitiesSoftFMLevel5,01/07/2023,0,3,
SSLCateringS75318_SSLCorporate_EstatesandAncillary_SSLFacilitiesSoftFMLevel5,01/10/2023,0,2,
SSLCateringS75318_SSLCorporate_EstatesandAncillary_SSLFacilitiesSoftFMLevel5,01/11/2023,0,1,
SSLCateringS75318_SSLCorporate_EstatesandAncillary_SSLFacilitiesSoftFMLevel5,01/01/2024,0,1,
SSLCateringS75318_SSLCorporate_EstatesandAncillary_SSLFacilitiesSoftFMLevel5,01/02/2024,0,1,
SSLCateringS75318_SSLCorporate_EstatesandAncillary_SSLFacilitiesSoftFMLevel5,01/03/2024,0,1,
SSLCateringS75318_SSLCorporate_EstatesandAncillary_SSLFacilitiesSoftFMLevel5,01/04/2024,1,1,
SSLCateringS75318_SSLCorporate_EstatesandAncillary_SSLFacilitiesSoftFMLevel5,01/07/2024,0,1,
SSLCateringS75318_SSLCorporate_EstatesandAncillary_SSLFacilitiesSoftFMLevel5,01/08/2024,2,1,
SSLCateringS75318_SSLCorporate_EstatesandAncillary_SSLFacilitiesSoftFMLevel5,01/10/2024,1,0,
SSLCateringS75318_SSLCorporate_EstatesandAncillary_SSLFacilitiesSoftFMLevel5,01/12/2024,2,0,
SSLCateringS75318_SSLCorporate_EstatesandAncillary_SSLFacilitiesSoftFMLevel5,01/01/2025,0,2,
SSLCateringS75318_SSLCorporate_EstatesandAncillary_SSLFacilitiesSoftFMLevel5,01/02/2025,1,0,
SSLCateringS75318_SSLCorporate_EstatesandAncillary_SSLFacilitiesSoftFMLevel5,01/04/2025,0,2,
SSLCentralCostsS75330_SSLCorporate_HealthcareScientists_SSLCorporateLevel5,01/12/2024,1,0,
SSLCourierS75395_SSLCorporate_EstatesandAncillary_SSLFacilitiesSoftFMLevel5,01/09/2021,0,2,
SSLCourierS75395_SSLCorporate_EstatesandAncillary_SSLFacilitiesSoftFMLevel5,01/11/2021,0,1,
SSLCourierS75395_SSLCorporate_EstatesandAncillary_SSLFacilitiesSoftFMLevel5,01/02/2022,0,1,
SSLCourierS75395_SSLCorporate_EstatesandAncillary_SSLFacilitiesSoftFMLevel5,01/07/2022,0,2,
SSLCourierS75395_SSLCorporate_EstatesandAncillary_SSLFacilitiesSoftFMLevel5,01/10/2022,0,1,
SSLCourierS75395_SSLCorporate_EstatesandAncillary_SSLFacilitiesSoftFMLevel5,01/11/2022,0,2,
SSLCourierS75395_SSLCorporate_EstatesandAncillary_SSLFacilitiesSoftFMLevel5,01/12/2022,0,1,
SSLCourierS75395_SSLCorporate_EstatesandAncillary_SSLFacilitiesSoftFMLevel5,01/04/2023,0,1,
SSLCourierS75395_SSLCorporate_EstatesandAncillary_SSLFacilitiesSoftFMLevel5,01/06/2023,0,4,
SSLCourierS75395_SSLCorporate_EstatesandAncillary_SSLFacilitiesSoftFMLevel5,01/08/2023,0,3,
SSLCourierS75395_SSLCorporate_EstatesandAncillary_SSLFacilitiesSoftFMLevel5,01/10/2023,0,1,
SSLCourierS75395_SSLCorporate_EstatesandAncillary_SSLFacilitiesSoftFMLevel5,01/11/2023,0,8,
SSLCourierS75395_SSLCorporate_EstatesandAncillary_SSLFacilitiesSoftFMLevel5,01/12/2023,0,1,
SSLCourierS75395_SSLCorporate_EstatesandAncillary_SSLFacilitiesSoftFMLevel5,01/01/2024,0,1,
SSLCourierS75395_SSLCorporate_EstatesandAncillary_SSLFacilitiesSoftFMLevel5,01/03/2024,0,2,
SSLCourierS75395_SSLCorporate_EstatesandAncillary_SSLFacilitiesSoftFMLevel5,01/05/2024,0,1,
SSLCourierS75395_SSLCorporate_EstatesandAncillary_SSLFacilitiesSoftFMLevel5,01/06/2024,5,0,
SSLCourierS75395_SSLCorporate_EstatesandAncillary_SSLFacilitiesSoftFMLevel5,01/07/2024,2,0,
SSLCourierS75395_SSLCorporate_EstatesandAncillary_SSLFacilitiesSoftFMLevel5,01/08/2024,1,1,
SSLCourierS75395_SSLCorporate_EstatesandAncillary_SSLFacilitiesSoftFMLevel5,01/09/2024,3,0,
SSLCourierS75395_SSLCorporate_EstatesandAncillary_SSLFacilitiesSoftFMLevel5,01/10/2024,0,1,
SSLCourierS75395_SSLCorporate_EstatesandAncillary_SSLFacilitiesSoftFMLevel5,01/11/2024,1,0,
SSLCourierS75395_SSLCorporate_EstatesandAncillary_SSLFacilitiesSoftFMLevel5,01/12/2024,1,0,
SSLCourierS75395_SSLCorporate_EstatesandAncillary_SSLFacilitiesSoftFMLevel5,01/01/2025,1,0,
SSLCourierS75395_SSLCorporate_EstatesandAncillary_SSLFacilitiesSoftFMLevel5,01/02/2025,1,1,
SSLCourierS75395_SSLCorporate_EstatesandAncillary_SSLFacilitiesSoftFMLevel5,01/03/2025,1,1,
SSLCourierS75395_SSLCorporate_EstatesandAncillary_SSLFacilitiesSoftFMLevel5,01/04/2025,1,1,
SSLCovid-1975310_SSLCorporate_EstatesandAncillary_SSLCentralManagementLevel5,01/06/2021,0,1,
SSLEFMAdministratorsS75383_SSLCorporate_AdministrativeandClerical_SSLFacilitiesManagementLevel5,01/04/2024,0,1,
SSLEMES75360_SSLCorporate_AdditionalClinicalServices_SSLFacilitiesEMELevel5,01/10/2023,0,1,
SSLElectricalMaintenanceS75364_SSLCorporate_EstatesandAncillary_SSLFacilitiesHardFMLevel5,01/03/2022,0,1,
SSLElectricalMaintenanceS75364_SSLCorporate_EstatesandAncillary_SSLFacilitiesHardFMLevel5,01/07/2022,0,1,
SSLElectricalMaintenanceS75364_SSLCorporate_EstatesandAncillary_SSLFacilitiesHardFMLevel5,01/01/2024,0,1,
SSLElectricalMaintenanceS75364_SSLCorporate_EstatesandAncillary_SSLFacilitiesHardFMLevel5,01/08/2024,0,1,
SSLElectricalMaintenanceS75364_SSLCorporate_EstatesandAncillary_SSLFacilitiesHardFMLevel5,01/11/2024,0,1,
SSLElectricalMaintenanceS75364_SSLCorporate_EstatesandAncillary_SSLFacilitiesHardFMLevel5,01/02/2025,1,0,
SSLElectricalMaintenanceS75364_SSLCorporate_EstatesandAncillary_SSLFacilitiesHardFMLevel5,01/03/2025,0,1,
SSLEquipmentLibraryS75362_SSLCorporate_AdditionalClinicalServices_SSLFacilitiesEMELevel5,01/08/2021,0,1,
SSLEquipmentLibraryS75362_SSLCorporate_AdditionalClinicalServices_SSLFacilitiesEMELevel5,01/04/2022,0,1,
SSLEquipmentLibraryS75362_SSLCorporate_AdditionalClinicalServices_SSLFacilitiesEMELevel5,01/04/2023,0,1,
SSLEquipmentLibraryS75362_SSLCorporate_AdditionalClinicalServices_SSLFacilitiesEMELevel5,01/02/2024,0,1,
SSLEquipmentLibraryS75362_SSLCorporate_AdditionalClinicalServices_SSLFacilitiesEMELevel5,01/09/2024,1,0,
SSLEquipmentLibraryS75362_SSLCorporate_AdditionalClinicalServices_SSLFacilitiesEMELevel5,01/10/2024,0,1,
SSLEquipmentLibraryS75362_SSLCorporate_AdditionalClinicalServices_SSLFacilitiesEMELevel5,01/11/2024,0,1,
SSLEquipmentLibraryS75362_SSLCorporate_AdditionalClinicalServices_SSLFacilitiesEMELevel5,01/12/2024,1,0,
SSLEquipmentLibraryS75362_SSLCorporate_AdditionalClinicalServices_SSLFacilitiesEMELevel5,01/03/2025,1,0,
SSLFacilitiesS75348_SSLCorporate_AdministrativeandClerical_SSLFacilitiesManagementLevel5,01/02/2022,0,1,
SSLFacilitiesS75348_SSLCorporate_AdministrativeandClerical_SSLFacilitiesManagementLevel5,01/12/2022,0,1,
SSLHealth&SafetyS75349_SSLCorporate_EstatesandAncillary_SSLFacilitiesManagementLevel5,01/11/2024,2,0,
SSLHotelServicesS75387_SSLCorporate_EstatesandAncillary_SSLFacilitiesSoftFMLevel5,01/05/2022,0,1,
SSLHotelServicesS75387_SSLCorporate_EstatesandAncillary_SSLFacilitiesSoftFMLevel5,01/06/2022,0,1,
SSLHotelServicesS75387_SSLCorporate_EstatesandAncillary_SSLFacilitiesSoftFMLevel5,01/06/2024,0,1,
SSLHotelServicesS75387_SSLCorporate_EstatesandAncillary_SSLFacilitiesSoftFMLevel5,01/02/2025,0,1,
SSLHotelServicesS75387_SSLCorporate_EstatesandAncillary_SSLFacilitiesSoftFMLevel5,01/03/2025,0,1,
SSLHousekeeping&DomesticS75388_SSLCorporate_EstatesandAncillary_SSLFacilitiesSoftFMLevel5,01/05/2021,0,1,
SSLHousekeeping&DomesticS75388_SSLCorporate_EstatesandAncillary_SSLFacilitiesSoftFMLevel5,01/07/2021,0,2,
SSLHousekeeping&DomesticS75388_SSLCorporate_EstatesandAncillary_SSLFacilitiesSoftFMLevel5,01/08/2021,0,2,
SSLHousekeeping&DomesticS75388_SSLCorporate_EstatesandAncillary_SSLFacilitiesSoftFMLevel5,01/09/2021,0,9,
SSLHousekeeping&DomesticS75388_SSLCorporate_EstatesandAncillary_SSLFacilitiesSoftFMLevel5,01/10/2021,0,3,
SSLHousekeeping&DomesticS75388_SSLCorporate_EstatesandAncillary_SSLFacilitiesSoftFMLevel5,01/12/2021,0,2,
SSLHousekeeping&DomesticS75388_SSLCorporate_EstatesandAncillary_SSLFacilitiesSoftFMLevel5,01/01/2022,0,5,
SSLHousekeeping&DomesticS75388_SSLCorporate_EstatesandAncillary_SSLFacilitiesSoftFMLevel5,01/03/2022,0,5,
SSLHousekeeping&DomesticS75388_SSLCorporate_EstatesandAncillary_SSLFacilitiesSoftFMLevel5,01/04/2022,0,8,
SSLHousekeeping&DomesticS75388_SSLCorporate_EstatesandAncillary_SSLFacilitiesSoftFMLevel5,01/05/2022,0,1,
SSLHousekeeping&DomesticS75388_SSLCorporate_EstatesandAncillary_SSLFacilitiesSoftFMLevel5,01/06/2022,0,3,
SSLHousekeeping&DomesticS75388_SSLCorporate_EstatesandAncillary_SSLFacilitiesSoftFMLevel5,01/07/2022,0,5,
SSLHousekeeping&DomesticS75388_SSLCorporate_EstatesandAncillary_SSLFacilitiesSoftFMLevel5,01/08/2022,0,2,
SSLHousekeeping&DomesticS75388_SSLCorporate_EstatesandAncillary_SSLFacilitiesSoftFMLevel5,01/09/2022,0,1,
SSLHousekeeping&DomesticS75388_SSLCorporate_EstatesandAncillary_SSLFacilitiesSoftFMLevel5,01/10/2022,0,11,
SSLHousekeeping&DomesticS75388_SSLCorporate_EstatesandAncillary_SSLFacilitiesSoftFMLevel5,01/11/2022,0,4,
SSLHousekeeping&DomesticS75388_SSLCorporate_EstatesandAncillary_SSLFacilitiesSoftFMLevel5,01/12/2022,0,1,
SSLHousekeeping&DomesticS75388_SSLCorporate_EstatesandAncillary_SSLFacilitiesSoftFMLevel5,01/01/2023,0,8,
SSLHousekeeping&DomesticS75388_SSLCorporate_EstatesandAncillary_SSLFacilitiesSoftFMLevel5,01/02/2023,0,2,
SSLHousekeeping&DomesticS75388_SSLCorporate_EstatesandAncillary_SSLFacilitiesSoftFMLevel5,01/03/2023,0,1,
SSLHousekeeping&DomesticS75388_SSLCorporate_EstatesandAncillary_SSLFacilitiesSoftFMLevel5,01/04/2023,0,1,
SSLHousekeeping&DomesticS75388_SSLCorporate_EstatesandAncillary_SSLFacilitiesSoftFMLevel5,01/05/2023,0,8,
SSLHousekeeping&DomesticS75388_SSLCorporate_EstatesandAncillary_SSLFacilitiesSoftFMLevel5,01/06/2023,0,6,
SSLHousekeeping&DomesticS75388_SSLCorporate_EstatesandAncillary_SSLFacilitiesSoftFMLevel5,01/07/2023,0,4,
SSLHousekeeping&DomesticS75388_SSLCorporate_EstatesandAncillary_SSLFacilitiesSoftFMLevel5,01/08/2023,0,2,
SSLHousekeeping&DomesticS75388_SSLCorporate_EstatesandAncillary_SSLFacilitiesSoftFMLevel5,01/09/2023,0,5,
SSLHousekeeping&DomesticS75388_SSLCorporate_EstatesandAncillary_SSLFacilitiesSoftFMLevel5,01/10/2023,0,4,
SSLHousekeeping&DomesticS75388_SSLCorporate_EstatesandAncillary_SSLFacilitiesSoftFMLevel5,01/11/2023,0,3,
SSLHousekeeping&DomesticS75388_SSLCorporate_EstatesandAncillary_SSLFacilitiesSoftFMLevel5,01/12/2023,0,3,
SSLHousekeeping&DomesticS75388_SSLCorporate_EstatesandAncillary_SSLFacilitiesSoftFMLevel5,01/01/2024,0,3,
SSLHousekeeping&DomesticS75388_SSLCorporate_EstatesandAncillary_SSLFacilitiesSoftFMLevel5,01/02/2024,0,1,
SSLHousekeeping&DomesticS75388_SSLCorporate_EstatesandAncillary_SSLFacilitiesSoftFMLevel5,01/03/2024,0,1,
SSLHousekeeping&DomesticS75388_SSLCorporate_EstatesandAncillary_SSLFacilitiesSoftFMLevel5,01/04/2024,3,1,
SSLHousekeeping&DomesticS75388_SSLCorporate_EstatesandAncillary_SSLFacilitiesSoftFMLevel5,01/05/2024,0,3,
SSLHousekeeping&DomesticS75388_SSLCorporate_EstatesandAncillary_SSLFacilitiesSoftFMLevel5,01/06/2024,0,2,
SSLHousekeeping&DomesticS75388_SSLCorporate_EstatesandAncillary_SSLFacilitiesSoftFMLevel5,01/08/2024,1,0,
SSLHousekeeping&DomesticS75388_SSLCorporate_EstatesandAncillary_SSLFacilitiesSoftFMLevel5,01/11/2024,1,1,
SSLHousekeeping&DomesticS75388_SSLCorporate_EstatesandAncillary_SSLFacilitiesSoftFMLevel5,01/12/2024,1,0,
SSLHousekeeping&DomesticS75388_SSLCorporate_EstatesandAncillary_SSLFacilitiesSoftFMLevel5,01/01/2025,0,4,
SSLHousekeeping&DomesticS75388_SSLCorporate_EstatesandAncillary_SSLFacilitiesSoftFMLevel5,01/02/2025,18,0,
SSLHousekeeping&DomesticS75388_SSLCorporate_EstatesandAncillary_SSLFacilitiesSoftFMLevel5,01/03/2025,1,1,
SSLHousekeeping&DomesticS75388_SSLCorporate_EstatesandAncillary_SSLFacilitiesSoftFMLevel5,01/04/2025,1,4,
SSLITServicesS75436_SSLCorporate_AdministrativeandClerical_SSLITandBusinessInfoLevel5,01/02/2022,0,2,
SSLITServicesS75436_SSLCorporate_AdministrativeandClerical_SSLITandBusinessInfoLevel5,01/07/2022,0,1,
SSLITServicesS75436_SSLCorporate_AdministrativeandClerical_SSLITandBusinessInfoLevel5,01/01/2023,0,1,
SSLITServicesS75436_SSLCorporate_AdministrativeandClerical_SSLITandBusinessInfoLevel5,01/05/2023,0,1,
SSLITServicesS75436_SSLCorporate_AdministrativeandClerical_SSLITandBusinessInfoLevel5,01/11/2024,1,0,
SSLLogisticsTeamS75389_SSLCorporate_EstatesandAncillary_SSLFacilitiesSoftFMLevel5,01/06/2021,0,1,
SSLLogisticsTeamS75389_SSLCorporate_EstatesandAncillary_SSLFacilitiesSoftFMLevel5,01/03/2022,0,1,
SSLLogisticsTeamS75389_SSLCorporate_EstatesandAncillary_SSLFacilitiesSoftFMLevel5,01/04/2022,0,1,
SSLLogisticsTeamS75389_SSLCorporate_EstatesandAncillary_SSLFacilitiesSoftFMLevel5,01/07/2022,0,1,
SSLLogisticsTeamS75389_SSLCorporate_EstatesandAncillary_SSLFacilitiesSoftFMLevel5,01/08/2022,0,1,
SSLLogisticsTeamS75389_SSLCorporate_EstatesandAncillary_SSLFacilitiesSoftFMLevel5,01/12/2022,0,1,
SSLLogisticsTeamS75389_SSLCorporate_EstatesandAncillary_SSLFacilitiesSoftFMLevel5,01/01/2023,0,1,
SSLLogisticsTeamS75389_SSLCorporate_EstatesandAncillary_SSLFacilitiesSoftFMLevel5,01/05/2023,0,1,
SSLLogisticsTeamS75389_SSLCorporate_EstatesandAncillary_SSLFacilitiesSoftFMLevel5,01/04/2024,0,1,
SSLLogisticsTeamS75389_SSLCorporate_EstatesandAncillary_SSLFacilitiesSoftFMLevel5,01/12/2024,1,0,
SSLLogisticsTeamS75389_SSLCorporate_EstatesandAncillary_SSLFacilitiesSoftFMLevel5,01/02/2025,1,0,
SSLLogisticsTeamS75389_SSLCorporate_EstatesandAncillary_SSLFacilitiesSoftFMLevel5,01/04/2025,0,1,
SSLMaintenanceS75368_SSLCorporate_EstatesandAncillary_SSLFacilitiesHardFMLevel5,01/04/2023,0,1,
SSLMaintenanceS75368_SSLCorporate_EstatesandAncillary_SSLFacilitiesHardFMLevel5,01/11/2023,0,1,
SSLMaintenanceS75368_SSLCorporate_EstatesandAncillary_SSLFacilitiesHardFMLevel5,01/04/2024,1,0,
SSLMaintenanceS75368_SSLCorporate_EstatesandAncillary_SSLFacilitiesHardFMLevel5,01/05/2024,1,1,
SSLMaintenanceS75368_SSLCorporate_EstatesandAncillary_SSLFacilitiesHardFMLevel5,01/06/2024,0,1,
SSLMaintenanceS75368_SSLCorporate_EstatesandAncillary_SSLFacilitiesHardFMLevel5,01/08/2024,0,1,
SSLMaintenanceS75368_SSLCorporate_EstatesandAncillary_SSLFacilitiesHardFMLevel5,01/02/2025,0,1,
SSLMechanicalMaintenanceS75369_SSLCorporate_EstatesandAncillary_SSLFacilitiesHardFMLevel5,01/04/2023,0,1,
SSLMechanicalMaintenanceS75369_SSLCorporate_EstatesandAncillary_SSLFacilitiesHardFMLevel5,01/06/2023,0,1,
SSLMechanicalMaintenanceS75369_SSLCorporate_EstatesandAncillary_SSLFacilitiesHardFMLevel5,01/11/2023,0,1,
SSLMechanicalMaintenanceS75369_SSLCorporate_EstatesandAncillary_SSLFacilitiesHardFMLevel5,01/02/2025,0,1,
SSLMinorNewWorksS75370_SSLCorporate_EstatesandAncillary_SSLFacilitiesHardFMLevel5,01/08/2023,0,1,
SSLOutpatientPharmacyS75379_SSLCorporate_AddProfScientificandTechnic_SSLFacilitiesHardFMLevel5,01/02/2022,0,1,
SSLOutpatientPharmacyS75379_SSLCorporate_AddProfScientificandTechnic_SSLFacilitiesHardFMLevel5,01/04/2022,0,1,
SSLOutpatientPharmacyS75379_SSLCorporate_AdditionalClinicalServices_SSLFacilitiesHardFMLevel5,01/02/2022,0,3,
SSLOutpatientPharmacyS75379_SSLCorporate_AdditionalClinicalServices_SSLFacilitiesHardFMLevel5,01/07/2022,0,1,
SSLOutpatientPharmacyS75379_SSLCorporate_AdditionalClinicalServices_SSLFacilitiesHardFMLevel5,01/10/2022,0,1,
SSLOutpatientPharmacyS75379_SSLCorporate_AdditionalClinicalServices_SSLFacilitiesHardFMLevel5,01/11/2022,0,1,
SSLOutpatientPharmacyS75379_SSLCorporate_AdditionalClinicalServices_SSLFacilitiesHardFMLevel5,01/08/2023,0,2,
SSLPortersS75390_SSLCorporate_EstatesandAncillary_SSLFacilitiesSoftFMLevel5,01/08/2021,0,3,
SSLPortersS75390_SSLCorporate_EstatesandAncillary_SSLFacilitiesSoftFMLevel5,01/11/2021,0,3,
SSLPortersS75390_SSLCorporate_EstatesandAncillary_SSLFacilitiesSoftFMLevel5,01/01/2022,0,1,
SSLPortersS75390_SSLCorporate_EstatesandAncillary_SSLFacilitiesSoftFMLevel5,01/02/2022,0,1,
SSLPortersS75390_SSLCorporate_EstatesandAncillary_SSLFacilitiesSoftFMLevel5,01/05/2022,0,1,
SSLPortersS75390_SSLCorporate_EstatesandAncillary_SSLFacilitiesSoftFMLevel5,01/06/2022,0,1,
SSLPortersS75390_SSLCorporate_EstatesandAncillary_SSLFacilitiesSoftFMLevel5,01/07/2022,0,1,
SSLPortersS75390_SSLCorporate_EstatesandAncillary_SSLFacilitiesSoftFMLevel5,01/08/2022,0,1,
SSLPortersS75390_SSLCorporate_EstatesandAncillary_SSLFacilitiesSoftFMLevel5,01/10/2022,0,1,
SSLPortersS75390_SSLCorporate_EstatesandAncillary_SSLFacilitiesSoftFMLevel5,01/11/2022,0,2,
SSLPortersS75390_SSLCorporate_EstatesandAncillary_SSLFacilitiesSoftFMLevel5,01/01/2023,0,1,
SSLPortersS75390_SSLCorporate_EstatesandAncillary_SSLFacilitiesSoftFMLevel5,01/02/2023,0,1,
SSLPortersS75390_SSLCorporate_EstatesandAncillary_SSLFacilitiesSoftFMLevel5,01/07/2023,0,2,
SSLPortersS75390_SSLCorporate_EstatesandAncillary_SSLFacilitiesSoftFMLevel5,01/09/2023,0,2,
SSLPortersS75390_SSLCorporate_EstatesandAncillary_SSLFacilitiesSoftFMLevel5,01/10/2023,0,2,
SSLPortersS75390_SSLCorporate_EstatesandAncillary_SSLFacilitiesSoftFMLevel5,01/03/2024,0,1,
SSLPortersS75390_SSLCorporate_EstatesandAncillary_SSLFacilitiesSoftFMLevel5,01/05/2024,1,2,
SSLPortersS75390_SSLCorporate_EstatesandAncillary_SSLFacilitiesSoftFMLevel5,01/07/2024,2,0,
SSLPortersS75390_SSLCorporate_EstatesandAncillary_SSLFacilitiesSoftFMLevel5,01/08/2024,2,1,
SSLPortersS75390_SSLCorporate_EstatesandAncillary_SSLFacilitiesSoftFMLevel5,01/09/2024,1,0,
SSLPortersS75390_SSLCorporate_EstatesandAncillary_SSLFacilitiesSoftFMLevel5,01/10/2024,0,2,
SSLPortersS75390_SSLCorporate_EstatesandAncillary_SSLFacilitiesSoftFMLevel5,01/12/2024,0,1,
SSLPortersS75390_SSLCorporate_EstatesandAncillary_SSLFacilitiesSoftFMLevel5,01/02/2025,1,0,
SSLPortersS75390_SSLCorporate_EstatesandAncillary_SSLFacilitiesSoftFMLevel5,01/03/2025,0,1,
SSLPortersS75390_SSLCorporate_EstatesandAncillary_SSLFacilitiesSoftFMLevel5,01/04/2025,1,0,
SSLProcurement-MaterialsManagementS75473_SSLCorporate_EstatesandAncillary_SSLProcurementLevel5,01/05/2021,0,1,
SSLProcurement-MaterialsManagementS75473_SSLCorporate_EstatesandAncillary_SSLProcurementLevel5,01/10/2021,0,1,
SSLProcurement-MaterialsManagementS75473_SSLCorporate_EstatesandAncillary_SSLProcurementLevel5,01/01/2022,0,1,
SSLProcurement-MaterialsManagementS75473_SSLCorporate_EstatesandAncillary_SSLProcurementLevel5,01/07/2022,0,1,
SSLProcurement-MaterialsManagementS75473_SSLCorporate_EstatesandAncillary_SSLProcurementLevel5,01/02/2023,0,1,
SSLProcurement-MaterialsManagementS75473_SSLCorporate_EstatesandAncillary_SSLProcurementLevel5,01/04/2023,0,1,
SSLProcurement-MaterialsManagementS75473_SSLCorporate_EstatesandAncillary_SSLProcurementLevel5,01/07/2023,0,2,
SSLProcurement-MaterialsManagementS75473_SSLCorporate_EstatesandAncillary_SSLProcurementLevel5,01/09/2023,0,1,
SSLProcurement-MaterialsManagementS75473_SSLCorporate_EstatesandAncillary_SSLProcurementLevel5,01/10/2023,0,1,
SSLProcurement-MaterialsManagementS75473_SSLCorporate_EstatesandAncillary_SSLProcurementLevel5,01/01/2024,0,1,
SSLProcurement-MaterialsManagementS75473_SSLCorporate_EstatesandAncillary_SSLProcurementLevel5,01/02/2024,0,2,
SSLProcurement-MaterialsManagementS75473_SSLCorporate_EstatesandAncillary_SSLProcurementLevel5,01/06/2024,1,0,
SSLProcurement-MaterialsManagementS75473_SSLCorporate_EstatesandAncillary_SSLProcurementLevel5,01/09/2024,0,1,
SSLProcurement-MaterialsManagementS75473_SSLCorporate_EstatesandAncillary_SSLProcurementLevel5,01/10/2024,0,1,
SSLProcurement-MaterialsManagementS75473_SSLCorporate_EstatesandAncillary_SSLProcurementLevel5,01/11/2024,0,1,
SSLProcurement-MaterialsManagementS75473_SSLCorporate_EstatesandAncillary_SSLProcurementLevel5,01/03/2025,1,0,
SSLProcurementDeptS75474_SSLCorporate_AdministrativeandClerical_SSLProcurementLevel5,01/10/2022,0,1,
SSLProcurementDeptS75474_SSLCorporate_AdministrativeandClerical_SSLProcurementLevel5,01/04/2023,0,1,
SSLProcurementDeptS75474_SSLCorporate_AdministrativeandClerical_SSLProcurementLevel5,01/04/2024,1,0,
SSLProcurementDeptS75474_SSLCorporate_AdministrativeandClerical_SSLProcurementLevel5,01/03/2025,0,1,
SSLSHSMaintenanceS75372_SSLCorporate_EstatesandAncillary_SSLFacilitiesHardFMLevel5,01/08/2022,0,1,
SSLSSDMaintenance75374_SSLCorporate_EstatesandAncillary_SSLFacilitiesHardFMLevel5,01/08/2024,1,0,
SSLSSDS75826_SSLCorporate_EstatesandAncillary_SSLFacilitiesHardFMLevel5,01/05/2021,0,1,
SSLSSDS75826_SSLCorporate_EstatesandAncillary_SSLFacilitiesHardFMLevel5,01/06/2021,0,1,
SSLSSDS75826_SSLCorporate_EstatesandAncillary_SSLFacilitiesHardFMLevel5,01/07/2021,0,1,
SSLSSDS75826_SSLCorporate_EstatesandAncillary_SSLFacilitiesHardFMLevel5,01/08/2021,0,1,
SSLSSDS75826_SSLCorporate_EstatesandAncillary_SSLFacilitiesHardFMLevel5,01/09/2021,0,1,
SSLSSDS75826_SSLCorporate_EstatesandAncillary_SSLFacilitiesHardFMLevel5,01/02/2022,0,1,
SSLSSDS75826_SSLCorporate_EstatesandAncillary_SSLFacilitiesHardFMLevel5,01/03/2022,0,1,
SSLSSDS75826_SSLCorporate_EstatesandAncillary_SSLFacilitiesHardFMLevel5,01/06/2022,0,1,
SSLSSDS75826_SSLCorporate_EstatesandAncillary_SSLFacilitiesHardFMLevel5,01/09/2022,0,2,
SSLSSDS75826_SSLCorporate_EstatesandAncillary_SSLFacilitiesHardFMLevel5,01/10/2022,0,1,
SSLSSDS75826_SSLCorporate_EstatesandAncillary_SSLFacilitiesHardFMLevel5,01/11/2022,0,2,
SSLSSDS75826_SSLCorporate_EstatesandAncillary_SSLFacilitiesHardFMLevel5,01/12/2022,0,4,
SSLSSDS75826_SSLCorporate_EstatesandAncillary_SSLFacilitiesHardFMLevel5,01/01/2023,0,2,
SSLSSDS75826_SSLCorporate_EstatesandAncillary_SSLFacilitiesHardFMLevel5,01/05/2023,0,1,
SSLSSDS75826_SSLCorporate_EstatesandAncillary_SSLFacilitiesHardFMLevel5,01/07/2023,0,1,
SSLSSDS75826_SSLCorporate_EstatesandAncillary_SSLFacilitiesHardFMLevel5,01/02/2024,0,2,
SSLSSDS75826_SSLCorporate_EstatesandAncillary_SSLFacilitiesHardFMLevel5,01/04/2024,0,1,
SSLSSDS75826_SSLCorporate_EstatesandAncillary_SSLFacilitiesHardFMLevel5,01/05/2024,1,0,
SSLSSDS75826_SSLCorporate_EstatesandAncillary_SSLFacilitiesHardFMLevel5,01/06/2024,0,1,
SSLSSDS75826_SSLCorporate_EstatesandAncillary_SSLFacilitiesHardFMLevel5,01/08/2024,0,1,
SSLSSDS75826_SSLCorporate_EstatesandAncillary_SSLFacilitiesHardFMLevel5,01/09/2024,1,0,
SSLSSDS75826_SSLCorporate_EstatesandAncillary_SSLFacilitiesHardFMLevel5,01/10/2024,1,0,
SSLSSDS75826_SSLCorporate_EstatesandAncillary_SSLFacilitiesHardFMLevel5,01/01/2025,1,2,
SSLSSDS75826_SSLCorporate_EstatesandAncillary_SSLFacilitiesHardFMLevel5,01/02/2025,1,0,
SSLSSDS75826_SSLCorporate_EstatesandAncillary_SSLFacilitiesHardFMLevel5,01/03/2025,1,0,
SSLSSDS75826_SSLCorporate_EstatesandAncillary_SSLFacilitiesHardFMLevel5,01/04/2025,1,0,
SSLSomParMentalHealthPropS75373_SSLCorporate_EstatesandAncillary_SSLFacilitiesHardFMLevel5,01/03/2022,0,1,
SSLSomParMentalHealthPropS75373_SSLCorporate_EstatesandAncillary_SSLFacilitiesHardFMLevel5,01/04/2024,1,0,
SSLSomParMentalHealthPropS75373_SSLCorporate_EstatesandAncillary_SSLFacilitiesHardFMLevel5,01/02/2025,0,1,
SSLSwitchboardS75393_SSLCorporate_AdministrativeandClerical_SSLFacilitiesSoftFMLevel5,01/10/2023,0,1,
SSLSwitchboardS75393_SSLCorporate_AdministrativeandClerical_SSLFacilitiesSoftFMLevel5,01/11/2023,0,1,
SSLSwitchboardS75393_SSLCorporate_EstatesandAncillary_SSLFacilitiesSoftFMLevel5,01/05/2021,0,2,
SSLSwitchboardS75393_SSLCorporate_EstatesandAncillary_SSLFacilitiesSoftFMLevel5,01/06/2021,0,1,
SSLSwitchboardS75393_SSLCorporate_EstatesandAncillary_SSLFacilitiesSoftFMLevel5,01/10/2021,0,1,
SSLSwitchboardS75393_SSLCorporate_EstatesandAncillary_SSLFacilitiesSoftFMLevel5,01/01/2022,0,1,
SSLSwitchboardS75393_SSLCorporate_EstatesandAncillary_SSLFacilitiesSoftFMLevel5,01/07/2022,0,1,
SSLSwitchboardS75393_SSLCorporate_EstatesandAncillary_SSLFacilitiesSoftFMLevel5,01/01/2023,0,1,
SSLSwitchboardS75393_SSLCorporate_EstatesandAncillary_SSLFacilitiesSoftFMLevel5,01/02/2023,0,1,
SSLSwitchboardS75393_SSLCorporate_EstatesandAncillary_SSLFacilitiesSoftFMLevel5,01/09/2023,0,1,
SSLSwitchboardS75393_SSLCorporate_EstatesandAncillary_SSLFacilitiesSoftFMLevel5,01/10/2023,0,1,
SSLSwitchboardS75393_SSLCorporate_EstatesandAncillary_SSLFacilitiesSoftFMLevel5,01/01/2024,0,2,
SSLSwitchboardS75393_SSLCorporate_EstatesandAncillary_SSLFacilitiesSoftFMLevel5,01/05/2024,0,1,
SSLSwitchboardS75393_SSLCorporate_EstatesandAncillary_SSLFacilitiesSoftFMLevel5,01/08/2024,1,0,
SSLSwitchboardS75393_SSLCorporate_EstatesandAncillary_SSLFacilitiesSoftFMLevel5,01/11/2024,2,0,
SSLSwitchboardS75393_SSLCorporate_EstatesandAncillary_SSLFacilitiesSoftFMLevel5,01/02/2025,1,2,
SSLSwitchboardS75393_SSLCorporate_EstatesandAncillary_SSLFacilitiesSoftFMLevel5,01/03/2025,0,3,
Safeguarding00207_CorporateSupportServices_AddProfScientificandTechnic_Safeguarding,01/10/2022,0,1,
Safeguarding00207_CorporateSupportServices_AddProfScientificandTechnic_Safeguarding,01/11/2022,0,1,
Safeguarding00207_CorporateSupportServices_AddProfScientificandTechnic_Safeguarding,01/06/2024,1,0,
Safeguarding00207_CorporateSupportServices_AddProfScientificandTechnic_Safeguarding,01/07/2024,0,1,
Safeguarding00207_CorporateSupportServices_AdministrativeandClerical_Safeguarding,01/08/2022,0,2,
Safeguarding00207_CorporateSupportServices_AdministrativeandClerical_Safeguarding,01/01/2023,0,1,
Safeguarding00207_CorporateSupportServices_AdministrativeandClerical_Safeguarding,01/03/2023,0,1,
Safeguarding00207_CorporateSupportServices_AdministrativeandClerical_Safeguarding,01/07/2023,0,1,
Safeguarding00207_CorporateSupportServices_AdministrativeandClerical_Safeguarding,01/12/2023,0,1,
Safeguarding00207_CorporateSupportServices_AdministrativeandClerical_Safeguarding,01/01/2024,0,1,
Safeguarding00207_CorporateSupportServices_AdministrativeandClerical_Safeguarding,01/08/2024,1,1,
Safeguarding00207_CorporateSupportServices_AdministrativeandClerical_Safeguarding,01/02/2025,0,1,
Safeguarding00207_CorporateSupportServices_MedicalandDental_Safeguarding,01/07/2024,1,0,
Safeguarding00207_CorporateSupportServices_NursingandMidwiferyRegistered_Safeguarding,01/07/2021,0,1,
Safeguarding00207_CorporateSupportServices_NursingandMidwiferyRegistered_Safeguarding,01/08/2021,0,2,
Safeguarding00207_CorporateSupportServices_NursingandMidwiferyRegistered_Safeguarding,01/03/2023,0,1,
Safeguarding00207_CorporateSupportServices_NursingandMidwiferyRegistered_Safeguarding,01/12/2023,0,1,
Safeguarding00207_CorporateSupportServices_NursingandMidwiferyRegistered_Safeguarding,01/01/2024,0,1,
Safeguarding00207_CorporateSupportServices_NursingandMidwiferyRegistered_Safeguarding,01/04/2024,2,0,
Safeguarding00207_CorporateSupportServices_NursingandMidwiferyRegistered_Safeguarding,01/10/2024,1,0,
Safeguarding00207_CorporateSupportServices_NursingandMidwiferyRegistered_Safeguarding,01/12/2024,2,0,
Safeguarding00207_CorporateSupportServices_NursingandMidwiferyRegistered_Safeguarding,01/02/2025,1,0,
Safeguarding00207_CorporateSupportServices_NursingandMidwiferyRegistered_Safeguarding,01/03/2025,1,1,
Safeguarding00207_CorporateSupportServices_NursingandMidwiferyRegistered_Safeguarding,01/04/2025,0,1,
SafeguardingChildrenTeam00212_CorporateSupportServices_AdministrativeandClerical_Safeguarding,01/09/2021,0,1,
SafeguardingPHN00219_CorporateSupportServices_AdministrativeandClerical_Safeguarding,01/03/2025,1,0,
SafeguardingPHN00219_CorporateSupportServices_NursingandMidwiferyRegistered_Safeguarding,01/12/2024,1,0,
SafeguardingPHN00219_CorporateSupportServices_NursingandMidwiferyRegistered_Safeguarding,01/01/2025,1,0,
SafeguardingPHN00219_CorporateSupportServices_NursingandMidwiferyRegistered_Safeguarding,01/03/2025,1,0,
SchoolImmunisations42080_CYP&FamiliesServices_AdministrativeandClerical_CommunityPaediatrics,01/09/2021,0,1,
SchoolImmunisations42080_CYP&FamiliesServices_AdministrativeandClerical_CommunityPaediatrics,01/11/2024,0,1,
SchoolImmunisations42080_CYP&FamiliesServices_NursingandMidwiferyRegistered_CommunityPaediatrics,01/09/2021,0,1,
SchoolImmunisations42080_CYP&FamiliesServices_NursingandMidwiferyRegistered_CommunityPaediatrics,01/03/2022,0,1,
SecondmentswithinPCN69003_NeighbourhoodServices_AdministrativeandClerical_ServGrpMngmntNeighbourhoods,01/04/2022,0,1,
SecondmentswithinPCN69003_NeighbourhoodServices_AdministrativeandClerical_ServGrpMngmntNeighbourhoods,01/09/2024,1,0,
SecretarialServsMPH00400_CorporateSupportServices_AdministrativeandClerical_DirectorofCorporateServicesDEPT,01/11/2023,0,1,
SecurityTeam-MPH04251_CorporateSupportServices_EstatesandAncillary_EstatesandFacilities-SFT,01/12/2022,0,1,
SecurityTeam-MPH04251_CorporateSupportServices_EstatesandAncillary_EstatesandFacilities-SFT,01/01/2023,0,1,
SecurityTeam-MPH04251_CorporateSupportServices_EstatesandAncillary_EstatesandFacilities-SFT,01/11/2023,0,1,
SecurityTeam-MPH04251_CorporateSupportServices_EstatesandAncillary_EstatesandFacilities-SFT,01/05/2024,0,3,
SecurityTeam-MPH04251_CorporateSupportServices_EstatesandAncillary_EstatesandFacilities-SFT,01/06/2024,2,0,
SecurityTeam-MPH04251_CorporateSupportServices_EstatesandAncillary_EstatesandFacilities-SFT,01/11/2024,0,1,
SecurityTeam-MPH04251_CorporateSupportServices_EstatesandAncillary_EstatesandFacilities-SFT,01/12/2024,0,1,
SecurityTeam-MPH04251_CorporateSupportServices_EstatesandAncillary_EstatesandFacilities-SFT,01/03/2025,1,0,
SeniorTeam05005_CorporateSupportServices_AdministrativeandClerical_Digital,01/08/2023,0,1,
SeniorTeam05005_CorporateSupportServices_AdministrativeandClerical_Digital,01/11/2023,0,1,
SeniorTeamDoP02063_CorporateSupportServices_AdministrativeandClerical_DeputyCPO,01/04/2024,1,0,
SeniorTeamDoP02063_CorporateSupportServices_AdministrativeandClerical_DeputyCPO,01/12/2024,1,0,
ServiceDesign05007_CorporateSupportServices_AdministrativeandClerical_Digital,01/06/2024,0,2,
ServiceDesign05007_CorporateSupportServices_AdministrativeandClerical_Digital,01/10/2024,0,2,
ServiceDesign05007_CorporateSupportServices_AdministrativeandClerical_Digital,01/11/2024,0,2,
SheppardMedical20206_MedicalServices_AdditionalClinicalServices_Acute/GeneralMedicineDEPT,01/11/2023,0,1,
SheppardMedical20206_MedicalServices_AdditionalClinicalServices_Acute/GeneralMedicineDEPT,01/02/2024,0,1,
SheppardMedical20206_MedicalServices_AdditionalClinicalServices_Acute/GeneralMedicineDEPT,01/03/2024,0,2,
SheppardMedical20206_MedicalServices_AdditionalClinicalServices_Acute/GeneralMedicineDEPT,01/04/2024,1,0,
SheppardMedical20206_MedicalServices_AdditionalClinicalServices_Acute/GeneralMedicineDEPT,01/06/2024,2,2,
SheppardMedical20206_MedicalServices_AdditionalClinicalServices_Acute/GeneralMedicineDEPT,01/09/2024,1,0,
SheppardMedical20206_MedicalServices_AdditionalClinicalServices_Acute/GeneralMedicineDEPT,01/10/2024,1,1,
SheppardMedical20206_MedicalServices_AdditionalClinicalServices_Acute/GeneralMedicineDEPT,01/03/2025,0,3,
SheppardMedical20206_MedicalServices_NursingandMidwiferyRegistered_Acute/GeneralMedicineDEPT,01/11/2023,0,1,
SheppardMedical20206_MedicalServices_NursingandMidwiferyRegistered_Acute/GeneralMedicineDEPT,01/02/2024,0,1,
SheppardMedical20206_MedicalServices_NursingandMidwiferyRegistered_Acute/GeneralMedicineDEPT,01/05/2024,2,0,
SheppardMedical20206_MedicalServices_NursingandMidwiferyRegistered_Acute/GeneralMedicineDEPT,01/08/2024,1,0,
SheppardMedical20206_MedicalServices_NursingandMidwiferyRegistered_Acute/GeneralMedicineDEPT,01/12/2024,1,0,
SheppardMedical20206_MedicalServices_NursingandMidwiferyRegistered_Acute/GeneralMedicineDEPT,01/02/2025,1,0,
SheptonMalletAdministration21640_NeighbourhoodServices_AdministrativeandClerical_SheptonMalletCommHospital,01/07/2021,0,1,
SheptonMalletAdministration21640_NeighbourhoodServices_AdministrativeandClerical_SheptonMalletCommHospital,01/07/2022,0,1,
SheptonMalletAdministration21640_NeighbourhoodServices_AdministrativeandClerical_SheptonMalletCommHospital,01/03/2024,0,1,
SheptonMalletAdministration21640_NeighbourhoodServices_AdministrativeandClerical_SheptonMalletCommHospital,01/04/2024,1,0,
SheptonMalletHotelServices21642_CorporateSupportServices_EstatesandAncillary_EstatesandFacilities-SFT,01/06/2023,0,1,
SheptonMalletHotelServices21642_CorporateSupportServices_EstatesandAncillary_EstatesandFacilities-SFT,01/12/2023,0,1,
SheptonMalletHotelServices21642_CorporateSupportServices_EstatesandAncillary_EstatesandFacilities-SFT,01/05/2024,1,0,
SheptonMalletWards21643_NeighbourhoodServices_NursingandMidwiferyRegistered_SheptonMalletCommHospital,01/04/2024,0,1,
Simulation02070_CorporateSupportServices_AddProfScientificandTechnic_Experience&Learning,01/01/2023,0,1,
Simulation02070_CorporateSupportServices_AdditionalClinicalServices_Experience&Learning,01/02/2023,0,1,
SleepNurses76271_MedicalServices_NursingandMidwiferyRegistered_Respiratory,01/06/2023,0,1,
SoftFacilitiesManagement04010_CorporateSupportServices_AdministrativeandClerical_EstatesandFacilities-SFT,01/10/2022,0,1,
SoftFacilitiesManagement04010_CorporateSupportServices_AdministrativeandClerical_EstatesandFacilities-SFT,01/11/2023,0,1,
SoftFacilitiesManagement04010_CorporateSupportServices_AdministrativeandClerical_EstatesandFacilities-SFT,01/08/2024,0,1,
SoftFacilitiesManagement04010_CorporateSupportServices_AdministrativeandClerical_EstatesandFacilities-SFT,01/10/2024,1,0,
SoftFacilitiesManagement04010_CorporateSupportServices_AdministrativeandClerical_EstatesandFacilities-SFT,01/03/2025,0,1,
Somerset-WideIntegratedSexualHealth42060_CYP&FamiliesServices_AdditionalClinicalServices_SexualHealthServices,01/02/2024,0,1,
Somerset-WideIntegratedSexualHealth42060_CYP&FamiliesServices_AdditionalClinicalServices_SexualHealthServices,01/06/2024,1,0,
Somerset-WideIntegratedSexualHealth42060_CYP&FamiliesServices_AdditionalClinicalServices_SexualHealthServices,01/01/2025,1,1,
Somerset-WideIntegratedSexualHealth42060_CYP&FamiliesServices_AdditionalClinicalServices_SexualHealthServices,01/02/2025,1,0,
Somerset-WideIntegratedSexualHealth42060_CYP&FamiliesServices_AdministrativeandClerical_SexualHealthServices,01/08/2021,0,1,
Somerset-WideIntegratedSexualHealth42060_CYP&FamiliesServices_AdministrativeandClerical_SexualHealthServices,01/07/2022,0,1,
Somerset-WideIntegratedSexualHealth42060_CYP&FamiliesServices_AdministrativeandClerical_SexualHealthServices,01/10/2022,0,1,
Somerset-WideIntegratedSexualHealth42060_CYP&FamiliesServices_AdministrativeandClerical_SexualHealthServices,01/11/2022,0,1,
Somerset-WideIntegratedSexualHealth42060_CYP&FamiliesServices_AdministrativeandClerical_SexualHealthServices,01/10/2023,0,1,
Somerset-WideIntegratedSexualHealth42060_CYP&FamiliesServices_AdministrativeandClerical_SexualHealthServices,01/04/2024,0,1,
Somerset-WideIntegratedSexualHealth42060_CYP&FamiliesServices_AdministrativeandClerical_SexualHealthServices,01/05/2024,2,0,
Somerset-WideIntegratedSexualHealth42060_CYP&FamiliesServices_AdministrativeandClerical_SexualHealthServices,01/07/2024,2,0,
Somerset-WideIntegratedSexualHealth42060_CYP&FamiliesServices_AdministrativeandClerical_SexualHealthServices,01/09/2024,0,2,
Somerset-WideIntegratedSexualHealth42060_CYP&FamiliesServices_AdministrativeandClerical_SexualHealthServices,01/11/2024,1,0,
Somerset-WideIntegratedSexualHealth42060_CYP&FamiliesServices_AdministrativeandClerical_SexualHealthServices,01/03/2025,1,0,
Somerset-WideIntegratedSexualHealth42060_CYP&FamiliesServices_AdministrativeandClerical_SexualHealthServices,01/04/2025,0,2,
Somerset-WideIntegratedSexualHealth42060_CYP&FamiliesServices_MedicalandDental_SexualHealthServices,01/06/2022,0,1,
Somerset-WideIntegratedSexualHealth42060_CYP&FamiliesServices_MedicalandDental_SexualHealthServices,01/02/2023,0,1,
Somerset-WideIntegratedSexualHealth42060_CYP&FamiliesServices_MedicalandDental_SexualHealthServices,01/07/2023,0,1,
Somerset-WideIntegratedSexualHealth42060_CYP&FamiliesServices_MedicalandDental_SexualHealthServices,01/06/2024,1,0,
Somerset-WideIntegratedSexualHealth42060_CYP&FamiliesServices_MedicalandDental_SexualHealthServices,01/09/2024,0,1,
Somerset-WideIntegratedSexualHealth42060_CYP&FamiliesServices_MedicalandDental_SexualHealthServices,01/01/2025,1,0,
Somerset-WideIntegratedSexualHealth42060_CYP&FamiliesServices_NursingandMidwiferyRegistered_SexualHealthServices,01/12/2021,0,1,
Somerset-WideIntegratedSexualHealth42060_CYP&FamiliesServices_NursingandMidwiferyRegistered_SexualHealthServices,01/01/2022,0,1,
Somerset-WideIntegratedSexualHealth42060_CYP&FamiliesServices_NursingandMidwiferyRegistered_SexualHealthServices,01/09/2023,0,1,
Somerset-WideIntegratedSexualHealth42060_CYP&FamiliesServices_NursingandMidwiferyRegistered_SexualHealthServices,01/05/2024,1,0,
Somerset-WideIntegratedSexualHealth42060_CYP&FamiliesServices_NursingandMidwiferyRegistered_SexualHealthServices,01/07/2024,1,0,
Somerset-WideIntegratedSexualHealth42060_CYP&FamiliesServices_NursingandMidwiferyRegistered_SexualHealthServices,01/02/2025,1,0,
Somerset-WideIntegratedSexualHealth42060_CYP&FamiliesServices_NursingandMidwiferyRegistered_SexualHealthServices,01/04/2025,1,0,
SomersetAcademy02015_CorporateSupportServices_MedicalandDental_MedicalEducationDirectorofPeople,01/09/2021,0,1,
SomersetCancerRegister00145_CorporateSupportServices_AdministrativeandClerical_Commercial,01/05/2021,0,1,
SomersetCancerRegister00145_CorporateSupportServices_AdministrativeandClerical_Commercial,01/01/2022,0,1,
SomersetCancerRegister00145_CorporateSupportServices_AdministrativeandClerical_Commercial,01/03/2022,0,1,
SomersetCancerRegister00145_CorporateSupportServices_AdministrativeandClerical_Commercial,01/07/2022,0,1,
SomersetCancerRegister00145_CorporateSupportServices_AdministrativeandClerical_Commercial,01/04/2023,0,1,
SomersetCancerRegister00145_CorporateSupportServices_AdministrativeandClerical_Commercial,01/07/2023,0,1,
SomersetCancerRegister00145_CorporateSupportServices_AdministrativeandClerical_Commercial,01/11/2023,0,1,
SomersetCancerRegister00145_CorporateSupportServices_AdministrativeandClerical_Commercial,01/07/2024,0,1,
SomersetCancerRegister00145_CorporateSupportServices_AdministrativeandClerical_Commercial,01/08/2024,2,0,
SomersetCancerRegister00145_CorporateSupportServices_AdministrativeandClerical_Commercial,01/10/2024,1,1,
SomersetCancerRegister00145_CorporateSupportServices_AdministrativeandClerical_Commercial,01/12/2024,1,0,
SomersetCancerRegister00145_CorporateSupportServices_AdministrativeandClerical_Commercial,01/01/2025,1,1,
SomersetCancerRegister00145_CorporateSupportServices_NursingandMidwiferyRegistered_Commercial,01/07/2021,0,1,
SomersetCancerRegister00145_CorporateSupportServices_NursingandMidwiferyRegistered_Commercial,01/09/2023,0,1,
SomersetFatigueService67201_NeighbourhoodServices_AddProfScientificandTechnic_ChronicFatigueSyndromeDEPT,01/09/2022,0,1,
SomersetFatigueService67201_NeighbourhoodServices_AdditionalClinicalServices_ChronicFatigueSyndromeDEPT,01/01/2022,0,3,
SomersetFatigueService67201_NeighbourhoodServices_AdditionalClinicalServices_ChronicFatigueSyndromeDEPT,01/04/2022,0,1,
SomersetFatigueService67201_NeighbourhoodServices_AdditionalClinicalServices_ChronicFatigueSyndromeDEPT,01/02/2024,0,1,
SomersetFatigueService67201_NeighbourhoodServices_AdministrativeandClerical_ChronicFatigueSyndromeDEPT,01/05/2024,0,1,
SomersetFatigueService67201_NeighbourhoodServices_AlliedHealthProfessionals_ChronicFatigueSyndromeDEPT,01/05/2023,0,1,
SomersetFatigueService67201_NeighbourhoodServices_AlliedHealthProfessionals_ChronicFatigueSyndromeDEPT,01/04/2024,1,0,
SomersetFatigueService67201_NeighbourhoodServices_NursingandMidwiferyRegistered_ChronicFatigueSyndromeDEPT,01/04/2023,0,1,
SomersetFatigueService67201_NeighbourhoodServices_NursingandMidwiferyRegistered_ChronicFatigueSyndromeDEPT,01/02/2025,1,0,
SomersetRecovery56701_MentalHealthandLearningDisabilities_AdditionalClinicalServices_Co-ProductionServiceDEPT,01/07/2022,0,1,
SomersetRecovery56701_MentalHealthandLearningDisabilities_AdministrativeandClerical_Co-ProductionServiceDEPT,01/01/2023,0,1,
SomersetTeamForEarlyPsychosis(STEP)55303_MentalHealthandLearningDisabilities_AddProfScientificandTechnic_STEP(EIP),01/04/2023,0,1,
SomersetTeamForEarlyPsychosis(STEP)55303_MentalHealthandLearningDisabilities_AddProfScientificandTechnic_STEP(EIP),01/11/2024,1,0,
SomersetTeamForEarlyPsychosis(STEP)55303_MentalHealthandLearningDisabilities_AddProfScientificandTechnic_STEP(EIP),01/01/2025,0,1,
SomersetTeamForEarlyPsychosis(STEP)55303_MentalHealthandLearningDisabilities_AdditionalClinicalServices_STEP(EIP),01/09/2021,0,1,
SomersetTeamForEarlyPsychosis(STEP)55303_MentalHealthandLearningDisabilities_AdditionalClinicalServices_STEP(EIP),01/11/2021,0,1,
SomersetTeamForEarlyPsychosis(STEP)55303_MentalHealthandLearningDisabilities_AdditionalClinicalServices_STEP(EIP),01/09/2023,0,1,
SomersetTeamForEarlyPsychosis(STEP)55303_MentalHealthandLearningDisabilities_AdditionalClinicalServices_STEP(EIP),01/10/2023,0,1,
SomersetTeamForEarlyPsychosis(STEP)55303_MentalHealthandLearningDisabilities_AdditionalClinicalServices_STEP(EIP),01/06/2024,1,0,
SomersetTeamForEarlyPsychosis(STEP)55303_MentalHealthandLearningDisabilities_AdditionalClinicalServices_STEP(EIP),01/02/2025,0,2,
SomersetTeamForEarlyPsychosis(STEP)55303_MentalHealthandLearningDisabilities_AlliedHealthProfessionals_STEP(EIP),01/11/2022,0,1,
SomersetTeamForEarlyPsychosis(STEP)55303_MentalHealthandLearningDisabilities_NursingandMidwiferyRegistered_STEP(EIP),01/08/2022,0,1,
SomersetTeamForEarlyPsychosis(STEP)55303_MentalHealthandLearningDisabilities_NursingandMidwiferyRegistered_STEP(EIP),01/01/2024,0,1,
SomersetTeamForEarlyPsychosis(STEP)55303_MentalHealthandLearningDisabilities_NursingandMidwiferyRegistered_STEP(EIP),01/06/2024,0,1,
SomersetTeamForEarlyPsychosis(STEP)55303_MentalHealthandLearningDisabilities_NursingandMidwiferyRegistered_STEP(EIP),01/08/2024,1,0,
SomersetTeamForEarlyPsychosis(STEP)55303_MentalHealthandLearningDisabilities_NursingandMidwiferyRegistered_STEP(EIP),01/12/2024,0,1,
SomersetTeamForEarlyPsychosis(STEP)55303_MentalHealthandLearningDisabilities_NursingandMidwiferyRegistered_STEP(EIP),01/01/2025,0,1,
SouthPethertonAdministration20620_NeighbourhoodServices_AdministrativeandClerical_SouthPethertonCommHospital,01/05/2021,0,1,
SouthPethertonAdministration20620_NeighbourhoodServices_AdministrativeandClerical_SouthPethertonCommHospital,01/06/2021,0,1,
SouthPethertonAdministration20620_NeighbourhoodServices_AdministrativeandClerical_SouthPethertonCommHospital,01/07/2021,0,1,
SouthPethertonAdministration20620_NeighbourhoodServices_AdministrativeandClerical_SouthPethertonCommHospital,01/10/2021,0,4,
SouthPethertonAdministration20620_NeighbourhoodServices_AdministrativeandClerical_SouthPethertonCommHospital,01/02/2022,0,1,
SouthPethertonAdministration20620_NeighbourhoodServices_AdministrativeandClerical_SouthPethertonCommHospital,01/11/2022,0,1,
SouthPethertonAdministration20620_NeighbourhoodServices_AdministrativeandClerical_SouthPethertonCommHospital,01/09/2023,0,1,
SouthPethertonAdministration20620_NeighbourhoodServices_AdministrativeandClerical_SouthPethertonCommHospital,01/04/2024,0,1,
SouthPethertonAdministration20620_NeighbourhoodServices_AdministrativeandClerical_SouthPethertonCommHospital,01/08/2024,1,0,
SouthPethertonAdministration20620_NeighbourhoodServices_AdministrativeandClerical_SouthPethertonCommHospital,01/11/2024,1,0,
SouthPethertonAdministration20620_NeighbourhoodServices_AdministrativeandClerical_SouthPethertonCommHospital,01/12/2024,1,0,
SouthPethertonAdministration20620_NeighbourhoodServices_AdministrativeandClerical_SouthPethertonCommHospital,01/01/2025,0,1,
SouthPethertonAdministration20620_NeighbourhoodServices_NursingandMidwiferyRegistered_SouthPethertonCommHospital,01/03/2025,1,0,
SouthPethertonCatering20621_CorporateSupportServices_EstatesandAncillary_EstatesandFacilities-SFT,01/06/2024,1,0,
SouthPethertonHotelServices20622_CorporateSupportServices_EstatesandAncillary_EstatesandFacilities-SFT,01/07/2021,0,1,
SouthPethertonHotelServices20622_CorporateSupportServices_EstatesandAncillary_EstatesandFacilities-SFT,01/08/2021,0,1,
SouthPethertonHotelServices20622_CorporateSupportServices_EstatesandAncillary_EstatesandFacilities-SFT,01/01/2022,0,1,
SouthPethertonHotelServices20622_CorporateSupportServices_EstatesandAncillary_EstatesandFacilities-SFT,01/05/2022,0,2,
SouthPethertonHotelServices20622_CorporateSupportServices_EstatesandAncillary_EstatesandFacilities-SFT,01/08/2022,0,1,
SouthPethertonHotelServices20622_CorporateSupportServices_EstatesandAncillary_EstatesandFacilities-SFT,01/10/2022,0,1,
SouthPethertonHotelServices20622_CorporateSupportServices_EstatesandAncillary_EstatesandFacilities-SFT,01/11/2022,0,1,
SouthPethertonHotelServices20622_CorporateSupportServices_EstatesandAncillary_EstatesandFacilities-SFT,01/09/2023,0,1,
SouthPethertonHotelServices20622_CorporateSupportServices_EstatesandAncillary_EstatesandFacilities-SFT,01/10/2023,0,2,
SouthPethertonHotelServices20622_CorporateSupportServices_EstatesandAncillary_EstatesandFacilities-SFT,01/12/2023,0,1,
SouthPethertonHotelServices20622_CorporateSupportServices_EstatesandAncillary_EstatesandFacilities-SFT,01/09/2024,1,0,
SouthPethertonHotelServices20622_CorporateSupportServices_EstatesandAncillary_EstatesandFacilities-SFT,01/02/2025,0,1,
SouthPethertonHotelServices20622_CorporateSupportServices_EstatesandAncillary_EstatesandFacilities-SFT,01/03/2025,2,0,
SouthPethertonHotelServices20622_CorporateSupportServices_EstatesandAncillary_EstatesandFacilities-SFT,01/04/2025,0,1,
SouthPethertonOutpatientsDepartment21408_NeighbourhoodServices_AdditionalClinicalServices_SouthPethertonCommHospital,01/06/2021,0,1,
SouthPethertonOutpatientsDepartment21408_NeighbourhoodServices_AdditionalClinicalServices_SouthPethertonCommHospital,01/06/2024,1,0,
SouthPethertonOutpatientsDepartment21408_NeighbourhoodServices_AdditionalClinicalServices_SouthPethertonCommHospital,01/07/2024,0,1,
SouthPethertonOutpatientsDepartment21408_NeighbourhoodServices_AdditionalClinicalServices_SouthPethertonCommHospital,01/11/2024,1,0,
SouthPethertonOutpatientsDepartment21408_NeighbourhoodServices_AdditionalClinicalServices_SouthPethertonCommHospital,01/02/2025,0,1,
SouthPethertonOutpatientsDepartment21408_NeighbourhoodServices_NursingandMidwiferyRegistered_SouthPethertonCommHospital,01/05/2023,0,1,
SouthPethertonOutpatientsDepartment21408_NeighbourhoodServices_NursingandMidwiferyRegistered_SouthPethertonCommHospital,01/11/2024,1,0,
SouthPethertonWards20623_NeighbourhoodServices_AdditionalClinicalServices_SouthPethertonCommHospital,01/06/2021,0,2,
SouthPethertonWards20623_NeighbourhoodServices_AdditionalClinicalServices_SouthPethertonCommHospital,01/12/2021,0,1,
SouthPethertonWards20623_NeighbourhoodServices_AdditionalClinicalServices_SouthPethertonCommHospital,01/06/2022,0,1,
SouthPethertonWards20623_NeighbourhoodServices_AdditionalClinicalServices_SouthPethertonCommHospital,01/01/2023,0,3,
SouthPethertonWards20623_NeighbourhoodServices_AdditionalClinicalServices_SouthPethertonCommHospital,01/03/2023,0,3,
SouthPethertonWards20623_NeighbourhoodServices_AdditionalClinicalServices_SouthPethertonCommHospital,01/04/2023,0,1,
SouthPethertonWards20623_NeighbourhoodServices_AdditionalClinicalServices_SouthPethertonCommHospital,01/09/2023,0,1,
SouthPethertonWards20623_NeighbourhoodServices_AdditionalClinicalServices_SouthPethertonCommHospital,01/04/2024,2,0,
SouthPethertonWards20623_NeighbourhoodServices_AdditionalClinicalServices_SouthPethertonCommHospital,01/07/2024,0,2,
SouthPethertonWards20623_NeighbourhoodServices_AdditionalClinicalServices_SouthPethertonCommHospital,01/08/2024,0,1,
SouthPethertonWards20623_NeighbourhoodServices_AdditionalClinicalServices_SouthPethertonCommHospital,01/10/2024,2,0,
SouthPethertonWards20623_NeighbourhoodServices_AdditionalClinicalServices_SouthPethertonCommHospital,01/03/2025,1,0,
SouthPethertonWards20623_NeighbourhoodServices_NursingandMidwiferyRegistered_SouthPethertonCommHospital,01/05/2021,0,2,
SouthPethertonWards20623_NeighbourhoodServices_NursingandMidwiferyRegistered_SouthPethertonCommHospital,01/07/2021,0,1,
SouthPethertonWards20623_NeighbourhoodServices_NursingandMidwiferyRegistered_SouthPethertonCommHospital,01/10/2022,0,1,
SouthPethertonWards20623_NeighbourhoodServices_NursingandMidwiferyRegistered_SouthPethertonCommHospital,01/12/2022,0,1,
SouthPethertonWards20623_NeighbourhoodServices_NursingandMidwiferyRegistered_SouthPethertonCommHospital,01/04/2023,0,1,
SouthPethertonWards20623_NeighbourhoodServices_NursingandMidwiferyRegistered_SouthPethertonCommHospital,01/08/2023,0,1,
SouthPethertonWards20623_NeighbourhoodServices_NursingandMidwiferyRegistered_SouthPethertonCommHospital,01/05/2024,1,0,
SouthPethertonWards20623_NeighbourhoodServices_NursingandMidwiferyRegistered_SouthPethertonCommHospital,01/01/2025,1,0,
SouthSomersetAdminTeam61404_NeighbourhoodServices_AdministrativeandClerical_IntegratedTeamSouthSom,01/07/2021,0,1,
SouthSomersetAdminTeam61404_NeighbourhoodServices_AdministrativeandClerical_IntegratedTeamSouthSom,01/05/2022,0,1,
SouthSomersetAdminTeam61404_NeighbourhoodServices_AdministrativeandClerical_IntegratedTeamSouthSom,01/10/2022,0,1,
SouthSomersetAdminTeam61404_NeighbourhoodServices_AdministrativeandClerical_IntegratedTeamSouthSom,01/01/2023,0,1,
SouthSomersetAdminTeam61404_NeighbourhoodServices_AdministrativeandClerical_IntegratedTeamSouthSom,01/06/2023,0,1,
SouthSomersetAdminTeam61404_NeighbourhoodServices_AdministrativeandClerical_IntegratedTeamSouthSom,01/01/2024,0,2,
SouthSomersetAdminTeam61404_NeighbourhoodServices_AdministrativeandClerical_IntegratedTeamSouthSom,01/04/2024,0,1,
SouthSomersetAdminTeam61404_NeighbourhoodServices_AdministrativeandClerical_IntegratedTeamSouthSom,01/06/2024,1,1,
SouthSomersetAdminTeam61404_NeighbourhoodServices_AdministrativeandClerical_IntegratedTeamSouthSom,01/09/2024,2,0,
SouthSomersetAdminTeam61404_NeighbourhoodServices_AdministrativeandClerical_IntegratedTeamSouthSom,01/10/2024,1,0,
SouthSomersetAdminTeam61404_NeighbourhoodServices_AdministrativeandClerical_IntegratedTeamSouthSom,01/01/2025,0,1,
SouthSomersetAdminTeam61404_NeighbourhoodServices_AdministrativeandClerical_IntegratedTeamSouthSom,01/04/2025,0,1,
SouthSomersetCMHT51211_MentalHealthandLearningDisabilities_AddProfScientificandTechnic_CMHSEast,01/01/2023,0,1,
SouthSomersetCMHT51211_MentalHealthandLearningDisabilities_AdditionalClinicalServices_CMHSEast,01/10/2021,0,1,
SouthSomersetCMHT51211_MentalHealthandLearningDisabilities_AdditionalClinicalServices_CMHSEast,01/11/2021,0,1,
SouthSomersetCMHT51211_MentalHealthandLearningDisabilities_AdditionalClinicalServices_CMHSEast,01/03/2022,0,1,
SouthSomersetCMHT51211_MentalHealthandLearningDisabilities_AdditionalClinicalServices_CMHSEast,01/08/2022,0,1,
SouthSomersetCMHT51211_MentalHealthandLearningDisabilities_AdditionalClinicalServices_CMHSEast,01/10/2022,0,1,
SouthSomersetCMHT51211_MentalHealthandLearningDisabilities_AdditionalClinicalServices_CMHSEast,01/12/2022,0,1,
SouthSomersetCMHT51211_MentalHealthandLearningDisabilities_AdditionalClinicalServices_CMHSEast,01/01/2023,0,1,
SouthSomersetCMHT51211_MentalHealthandLearningDisabilities_AdditionalClinicalServices_CMHSEast,01/11/2023,0,1,
SouthSomersetCMHT51211_MentalHealthandLearningDisabilities_AdditionalClinicalServices_CMHSEast,01/04/2024,2,0,
SouthSomersetCMHT51211_MentalHealthandLearningDisabilities_AdditionalClinicalServices_CMHSEast,01/10/2024,1,0,
SouthSomersetCMHT51211_MentalHealthandLearningDisabilities_AdditionalClinicalServices_CMHSEast,01/03/2025,1,0,
SouthSomersetCMHT51211_MentalHealthandLearningDisabilities_AdministrativeandClerical_CMHSEast,01/05/2022,0,1,
SouthSomersetCMHT51211_MentalHealthandLearningDisabilities_AdministrativeandClerical_CMHSEast,01/10/2022,0,1,
SouthSomersetCMHT51211_MentalHealthandLearningDisabilities_AdministrativeandClerical_CMHSEast,01/08/2023,0,1,
SouthSomersetCMHT51211_MentalHealthandLearningDisabilities_AlliedHealthProfessionals_CMHSEast,01/03/2022,0,1,
SouthSomersetCMHT51211_MentalHealthandLearningDisabilities_AlliedHealthProfessionals_CMHSEast,01/11/2023,0,1,
SouthSomersetCMHT51211_MentalHealthandLearningDisabilities_NursingandMidwiferyRegistered_CMHSEast,01/06/2021,0,1,
SouthSomersetCMHT51211_MentalHealthandLearningDisabilities_NursingandMidwiferyRegistered_CMHSEast,01/07/2021,0,1,
SouthSomersetCMHT51211_MentalHealthandLearningDisabilities_NursingandMidwiferyRegistered_CMHSEast,01/11/2021,0,1,
SouthSomersetCMHT51211_MentalHealthandLearningDisabilities_NursingandMidwiferyRegistered_CMHSEast,01/04/2022,0,1,
SouthSomersetCMHT51211_MentalHealthandLearningDisabilities_NursingandMidwiferyRegistered_CMHSEast,01/08/2022,0,1,
SouthSomersetCMHT51211_MentalHealthandLearningDisabilities_NursingandMidwiferyRegistered_CMHSEast,01/04/2024,0,1,
SouthSomersetCMHT51211_MentalHealthandLearningDisabilities_NursingandMidwiferyRegistered_CMHSEast,01/12/2024,1,0,
SouthSomersetCMHT51211_MentalHealthandLearningDisabilities_NursingandMidwiferyRegistered_CMHSEast,01/03/2025,0,1,
SouthSomersetOPMH61402_NeighbourhoodServices_AdditionalClinicalServices_IntegratedTeamSouthSom,01/03/2023,0,1,
SouthSomersetOPMH61402_NeighbourhoodServices_AdditionalClinicalServices_IntegratedTeamSouthSom,01/09/2023,0,1,
SouthSomersetOPMH61402_NeighbourhoodServices_AdditionalClinicalServices_IntegratedTeamSouthSom,01/11/2023,0,1,
SouthSomersetOPMH61402_NeighbourhoodServices_AdditionalClinicalServices_IntegratedTeamSouthSom,01/02/2024,0,1,
SouthSomersetOPMH61402_NeighbourhoodServices_AdditionalClinicalServices_IntegratedTeamSouthSom,01/09/2024,0,1,
SouthSomersetOPMH61402_NeighbourhoodServices_AdditionalClinicalServices_IntegratedTeamSouthSom,01/03/2025,1,0,
SouthSomersetOPMH61402_NeighbourhoodServices_NursingandMidwiferyRegistered_IntegratedTeamSouthSom,01/11/2022,0,1,
SouthSomersetOPMH61402_NeighbourhoodServices_NursingandMidwiferyRegistered_IntegratedTeamSouthSom,01/01/2023,0,1,
SouthSomersetOPMH61402_NeighbourhoodServices_NursingandMidwiferyRegistered_IntegratedTeamSouthSom,01/12/2024,0,1,
SouthSomersetOPMH61402_NeighbourhoodServices_NursingandMidwiferyRegistered_IntegratedTeamSouthSom,01/01/2025,0,1,
SpecialistCommunityForensic54404_MentalHealthandLearningDisabilities_AddProfScientificandTechnic_UrgentCare&ForensicServs,01/08/2022,0,1,
SpecialistCommunityForensic54404_MentalHealthandLearningDisabilities_AddProfScientificandTechnic_UrgentCare&ForensicServs,01/11/2023,0,1,
SpecialistCommunityForensic54404_MentalHealthandLearningDisabilities_AddProfScientificandTechnic_UrgentCare&ForensicServs,01/01/2024,0,1,
SpecialistCommunityForensic54404_MentalHealthandLearningDisabilities_AdditionalClinicalServices_UrgentCare&ForensicServs,01/05/2023,0,1,
SpecialistCommunityForensic54404_MentalHealthandLearningDisabilities_AdditionalClinicalServices_UrgentCare&ForensicServs,01/08/2024,1,0,
SpecialistCommunityForensic54404_MentalHealthandLearningDisabilities_NursingandMidwiferyRegistered_UrgentCare&ForensicServs,01/09/2022,0,1,
SpecialistCommunityForensic54404_MentalHealthandLearningDisabilities_NursingandMidwiferyRegistered_UrgentCare&ForensicServs,01/10/2023,0,1,
SpecialistCommunityForensic54404_MentalHealthandLearningDisabilities_NursingandMidwiferyRegistered_UrgentCare&ForensicServs,01/05/2024,0,1,
SpecialistMidwivesYDH75742_CYP&FamiliesServices_NursingandMidwiferyRegistered_MaternityDEPT,01/07/2024,1,0,
SpecialistMidwivesYDH75742_CYP&FamiliesServices_NursingandMidwiferyRegistered_MaternityDEPT,01/02/2025,2,0,
SpecialistSurgSecs16008_SurgicalServices_AdministrativeandClerical_Urology,01/08/2022,0,1,
SpecialistSurgSecs16008_SurgicalServices_AdministrativeandClerical_Urology,01/10/2022,0,1,
SpecialistSurgSecs16008_SurgicalServices_AdministrativeandClerical_Urology,01/11/2022,0,1,
SpecialistSurgSecs16008_SurgicalServices_AdministrativeandClerical_Urology,01/05/2023,0,2,
SpecialistSurgSecs16008_SurgicalServices_AdministrativeandClerical_Urology,01/07/2023,0,1,
SpecialistSurgSecs16008_SurgicalServices_AdministrativeandClerical_Urology,01/09/2023,0,1,
SpecialistSurgSecs16008_SurgicalServices_AdministrativeandClerical_Urology,01/07/2024,1,1,
SpecialistSurgSecs16008_SurgicalServices_AdministrativeandClerical_Urology,01/11/2024,1,0,
SpecialistSurgSecs16008_SurgicalServices_AdministrativeandClerical_Urology,01/12/2024,1,0,
SpecialistSurgSecs16008_SurgicalServices_AdministrativeandClerical_Urology,01/01/2025,1,0,
SpecialistSurgSecs16008_SurgicalServices_AdministrativeandClerical_Urology,01/03/2025,0,2,
SpecialityMidwivesMPH45040_CYP&FamiliesServices_AdditionalClinicalServices_MaternityDEPT,01/09/2024,0,1,
SpecialityMidwivesMPH45040_CYP&FamiliesServices_NursingandMidwiferyRegistered_MaternityDEPT,01/11/2021,0,1,
SpecialityMidwivesMPH45040_CYP&FamiliesServices_NursingandMidwiferyRegistered_MaternityDEPT,01/09/2024,0,1,
SpecialityMidwivesMPH45040_CYP&FamiliesServices_NursingandMidwiferyRegistered_MaternityDEPT,01/02/2025,1,0,
SpecialityMidwivesMPH45040_CYP&FamiliesServices_NursingandMidwiferyRegistered_MaternityDEPT,01/04/2025,1,0,
StarlingClinic(HIV)42090_CYP&FamiliesServices_AdditionalClinicalServices_SexualHealthServices,01/05/2022,0,1,
StarlingClinic(HIV)42090_CYP&FamiliesServices_AdministrativeandClerical_SexualHealthServices,01/04/2023,0,1,
StarlingClinic(HIV)42090_CYP&FamiliesServices_NursingandMidwiferyRegistered_SexualHealthServices,01/10/2022,0,1,
StarlingClinic(HIV)42090_CYP&FamiliesServices_NursingandMidwiferyRegistered_SexualHealthServices,01/01/2025,1,0,
StomacareMPH10006_SurgicalServices_AdministrativeandClerical_Stoma,01/09/2023,0,1,
StomacareMPH10006_SurgicalServices_NursingandMidwiferyRegistered_Stoma,01/06/2022,0,1,
StomacareYDH75801_SurgicalServices_AdditionalClinicalServices_Stoma,01/09/2024,1,0,
StomacareYDH75801_SurgicalServices_NursingandMidwiferyRegistered_Stoma,01/04/2023,0,1,
StomacareYDH75801_SurgicalServices_NursingandMidwiferyRegistered_Stoma,01/09/2024,1,1,
Stroke20641_NeighbourhoodServices_AdditionalClinicalServices_StrokeServicesDEPT,01/05/2021,0,1,
Stroke20641_NeighbourhoodServices_AdditionalClinicalServices_StrokeServicesDEPT,01/09/2021,0,1,
Stroke20641_NeighbourhoodServices_AdditionalClinicalServices_StrokeServicesDEPT,01/11/2021,0,1,
Stroke20641_NeighbourhoodServices_AdditionalClinicalServices_StrokeServicesDEPT,01/04/2022,0,1,
Stroke20641_NeighbourhoodServices_AdditionalClinicalServices_StrokeServicesDEPT,01/05/2022,0,1,
Stroke20641_NeighbourhoodServices_AdditionalClinicalServices_StrokeServicesDEPT,01/07/2022,0,1,
Stroke20641_NeighbourhoodServices_AdditionalClinicalServices_StrokeServicesDEPT,01/08/2022,0,1,
Stroke20641_NeighbourhoodServices_AdditionalClinicalServices_StrokeServicesDEPT,01/09/2022,0,1,
Stroke20641_NeighbourhoodServices_AdditionalClinicalServices_StrokeServicesDEPT,01/10/2022,0,2,
Stroke20641_NeighbourhoodServices_AdditionalClinicalServices_StrokeServicesDEPT,01/11/2022,0,1,
Stroke20641_NeighbourhoodServices_AdditionalClinicalServices_StrokeServicesDEPT,01/11/2023,0,1,
Stroke20641_NeighbourhoodServices_AdditionalClinicalServices_StrokeServicesDEPT,01/12/2023,0,1,
Stroke20641_NeighbourhoodServices_AdditionalClinicalServices_StrokeServicesDEPT,01/09/2024,0,1,
Stroke20641_NeighbourhoodServices_AdditionalClinicalServices_StrokeServicesDEPT,01/10/2024,1,0,
Stroke20641_NeighbourhoodServices_AdditionalClinicalServices_StrokeServicesDEPT,01/01/2025,1,0,
Stroke20641_NeighbourhoodServices_AdditionalClinicalServices_StrokeServicesDEPT,01/03/2025,1,1,
Stroke20641_NeighbourhoodServices_AdministrativeandClerical_StrokeServicesDEPT,01/09/2021,0,1,
Stroke20641_NeighbourhoodServices_AdministrativeandClerical_StrokeServicesDEPT,01/11/2021,0,1,
Stroke20641_NeighbourhoodServices_AdministrativeandClerical_StrokeServicesDEPT,01/06/2022,0,1,
Stroke20641_NeighbourhoodServices_AdministrativeandClerical_StrokeServicesDEPT,01/04/2024,1,0,
Stroke20641_NeighbourhoodServices_AdministrativeandClerical_StrokeServicesDEPT,01/06/2024,0,1,
Stroke20641_NeighbourhoodServices_AdministrativeandClerical_StrokeServicesDEPT,01/09/2024,0,1,
Stroke20641_NeighbourhoodServices_AlliedHealthProfessionals_StrokeServicesDEPT,01/05/2021,0,1,
Stroke20641_NeighbourhoodServices_AlliedHealthProfessionals_StrokeServicesDEPT,01/11/2021,0,1,
Stroke20641_NeighbourhoodServices_AlliedHealthProfessionals_StrokeServicesDEPT,01/07/2022,0,1,
Stroke20641_NeighbourhoodServices_AlliedHealthProfessionals_StrokeServicesDEPT,01/09/2022,0,1,
Stroke20641_NeighbourhoodServices_AlliedHealthProfessionals_StrokeServicesDEPT,01/01/2023,0,2,
Stroke20641_NeighbourhoodServices_AlliedHealthProfessionals_StrokeServicesDEPT,01/02/2023,0,1,
Stroke20641_NeighbourhoodServices_AlliedHealthProfessionals_StrokeServicesDEPT,01/07/2023,0,2,
Stroke20641_NeighbourhoodServices_AlliedHealthProfessionals_StrokeServicesDEPT,01/10/2023,0,1,
Stroke20641_NeighbourhoodServices_AlliedHealthProfessionals_StrokeServicesDEPT,01/06/2024,1,0,
Stroke20641_NeighbourhoodServices_AlliedHealthProfessionals_StrokeServicesDEPT,01/09/2024,1,1,
Stroke20641_NeighbourhoodServices_AlliedHealthProfessionals_StrokeServicesDEPT,01/10/2024,1,0,
Stroke20641_NeighbourhoodServices_AlliedHealthProfessionals_StrokeServicesDEPT,01/12/2024,0,1,
Stroke20641_NeighbourhoodServices_AlliedHealthProfessionals_StrokeServicesDEPT,01/03/2025,1,0,
Stroke20641_NeighbourhoodServices_AlliedHealthProfessionals_StrokeServicesDEPT,01/04/2025,1,0,
Stroke20641_NeighbourhoodServices_NursingandMidwiferyRegistered_StrokeServicesDEPT,01/05/2022,0,1,
Stroke20641_NeighbourhoodServices_NursingandMidwiferyRegistered_StrokeServicesDEPT,01/07/2022,0,1,
Stroke20641_NeighbourhoodServices_NursingandMidwiferyRegistered_StrokeServicesDEPT,01/04/2024,0,1,
Stroke20641_NeighbourhoodServices_NursingandMidwiferyRegistered_StrokeServicesDEPT,01/09/2024,1,0,
Stroke20641_NeighbourhoodServices_NursingandMidwiferyRegistered_StrokeServicesDEPT,01/01/2025,1,0,
StrokeCareMedStaff20600_MedicalServices_AddProfScientificandTechnic_Stroke,01/11/2021,0,1,
StrokeCareMedStaff20600_MedicalServices_AddProfScientificandTechnic_Stroke,01/11/2022,0,1,
StrokeCareMedStaff20600_MedicalServices_AdministrativeandClerical_Stroke,01/01/2024,0,1,
StrokeCareMedStaff20600_MedicalServices_AdministrativeandClerical_Stroke,01/11/2024,1,0,
StrokeCareMedStaff20600_MedicalServices_MedicalandDental_Stroke,01/07/2021,0,2,
StrokeCareMedStaff20600_MedicalServices_MedicalandDental_Stroke,01/08/2021,0,2,
StrokeCareMedStaff20600_MedicalServices_MedicalandDental_Stroke,01/07/2022,0,4,
StrokeCareMedStaff20600_MedicalServices_MedicalandDental_Stroke,01/08/2022,0,1,
StrokeCareMedStaff20600_MedicalServices_MedicalandDental_Stroke,01/11/2022,0,1,
StrokeCareMedStaff20600_MedicalServices_MedicalandDental_Stroke,01/07/2023,0,6,
StrokeCareMedStaff20600_MedicalServices_MedicalandDental_Stroke,01/09/2023,0,2,
StrokeCareMedStaff20600_MedicalServices_MedicalandDental_Stroke,01/12/2023,0,1,
StrokeCareMedStaff20600_MedicalServices_MedicalandDental_Stroke,01/01/2024,0,1,
StrokeCareMedStaff20600_MedicalServices_MedicalandDental_Stroke,01/03/2024,0,1,
StrokeCareMedStaff20600_MedicalServices_MedicalandDental_Stroke,01/04/2024,0,1,
StrokeCareMedStaff20600_MedicalServices_MedicalandDental_Stroke,01/07/2024,0,3,
StrokeCareMedStaff20600_MedicalServices_NursingandMidwiferyRegistered_Stroke,01/09/2024,1,1,
StrokeMedicalStaff76264_MedicalServices_MedicalandDental_Stroke,01/06/2021,0,1,
StrokeMedicalStaff76264_MedicalServices_MedicalandDental_Stroke,01/07/2024,0,1,
StrokeTeam76272_MedicalServices_AdministrativeandClerical_Stroke,01/07/2022,0,1,
StrokeTeam76272_MedicalServices_AdministrativeandClerical_Stroke,01/10/2024,0,1,
SuicidePrevention58003_MentalHealthandLearningDisabilities_AdditionalClinicalServices_SuicidePrevention,01/04/2022,0,1,
SuicidePrevention58003_MentalHealthandLearningDisabilities_AdditionalClinicalServices_SuicidePrevention,01/01/2023,0,1,
SupplyChain03007_CorporateSupportServices_AdministrativeandClerical_Procurement,01/08/2022,0,1,
SupplyChain03007_CorporateSupportServices_AdministrativeandClerical_Procurement,01/03/2023,0,1,
SupplyChain03007_CorporateSupportServices_AdministrativeandClerical_Procurement,01/08/2023,0,1,
SupplyChain03007_CorporateSupportServices_AdministrativeandClerical_Procurement,01/09/2023,0,2,
SupplyChain03007_CorporateSupportServices_AdministrativeandClerical_Procurement,01/02/2024,0,1,
SupplyChain03007_CorporateSupportServices_AdministrativeandClerical_Procurement,01/06/2024,0,1,
SupplyChain03007_CorporateSupportServices_AdministrativeandClerical_Procurement,01/04/2025,0,1,
SupplyChain03007_CorporateSupportServices_EstatesandAncillary_Procurement,01/08/2021,0,1,
SupplyChain03007_CorporateSupportServices_EstatesandAncillary_Procurement,01/12/2021,0,1,
SupplyChain03007_CorporateSupportServices_EstatesandAncillary_Procurement,01/02/2022,0,1,
SupplyChain03007_CorporateSupportServices_EstatesandAncillary_Procurement,01/03/2022,0,1,
SupplyChain03007_CorporateSupportServices_EstatesandAncillary_Procurement,01/04/2022,0,1,
SupplyChain03007_CorporateSupportServices_EstatesandAncillary_Procurement,01/05/2022,0,2,
SupplyChain03007_CorporateSupportServices_EstatesandAncillary_Procurement,01/11/2022,0,3,
SupplyChain03007_CorporateSupportServices_EstatesandAncillary_Procurement,01/01/2023,0,1,
SupplyChain03007_CorporateSupportServices_EstatesandAncillary_Procurement,01/05/2023,0,2,
SupplyChain03007_CorporateSupportServices_EstatesandAncillary_Procurement,01/10/2023,0,1,
SupplyChain03007_CorporateSupportServices_EstatesandAncillary_Procurement,01/11/2023,0,1,
SupplyChain03007_CorporateSupportServices_EstatesandAncillary_Procurement,01/12/2023,0,1,
SupplyChain03007_CorporateSupportServices_EstatesandAncillary_Procurement,01/01/2024,0,1,
SupplyChain03007_CorporateSupportServices_EstatesandAncillary_Procurement,01/04/2024,0,1,
SupplyChain03007_CorporateSupportServices_EstatesandAncillary_Procurement,01/05/2024,0,1,
SupplyChain03007_CorporateSupportServices_EstatesandAncillary_Procurement,01/09/2024,1,0,
SupplyChain03007_CorporateSupportServices_EstatesandAncillary_Procurement,01/10/2024,1,1,
SupplyChain03007_CorporateSupportServices_EstatesandAncillary_Procurement,01/12/2024,0,1,
SupplyChain03007_CorporateSupportServices_EstatesandAncillary_Procurement,01/01/2025,0,1,
SupplyChain03007_CorporateSupportServices_EstatesandAncillary_Procurement,01/02/2025,1,0,
SupplyChain03007_CorporateSupportServices_EstatesandAncillary_Procurement,01/04/2025,1,0,
SurgeryManagement11001_SurgicalServices_AdditionalClinicalServices_OtherSurgery,01/04/2023,0,1,
SurgeryManagement11001_SurgicalServices_AdministrativeandClerical_OtherSurgery,01/06/2021,0,1,
SurgeryManagement11001_SurgicalServices_AdministrativeandClerical_OtherSurgery,01/02/2022,0,1,
SurgeryManagement11001_SurgicalServices_AdministrativeandClerical_OtherSurgery,01/05/2022,0,1,
SurgeryManagement11001_SurgicalServices_AdministrativeandClerical_OtherSurgery,01/07/2022,0,1,
SurgeryManagement11001_SurgicalServices_AdministrativeandClerical_OtherSurgery,01/11/2022,0,1,
SurgeryManagement11001_SurgicalServices_AdministrativeandClerical_OtherSurgery,01/01/2025,1,0,
SurgeryManagement11001_SurgicalServices_AdministrativeandClerical_OtherSurgery,01/03/2025,0,1,
SurgeryManagement11001_SurgicalServices_AdministrativeandClerical_OtherSurgery,01/04/2025,2,0,
SurgeryManagement11001_SurgicalServices_NursingandMidwiferyRegistered_OtherSurgery,01/07/2022,0,1,
SurgeryManagement11001_SurgicalServices_NursingandMidwiferyRegistered_OtherSurgery,01/06/2024,1,0,
SurgeryMedicalStaff75796_SurgicalServices_MedicalandDental_UpperGI,01/08/2021,0,1,
SurgeryMedicalStaff75796_SurgicalServices_MedicalandDental_UpperGI,01/08/2022,0,1,
SurgeryMedicalStaff75796_SurgicalServices_MedicalandDental_UpperGI,01/08/2023,0,2,
SurgeryWard4A75805_SurgicalServices_AdditionalClinicalServices_AcuteSurgery,01/09/2021,0,1,
SurgeryWard4A75805_SurgicalServices_AdditionalClinicalServices_AcuteSurgery,01/10/2021,0,3,
SurgeryWard4A75805_SurgicalServices_AdditionalClinicalServices_AcuteSurgery,01/11/2021,0,1,
SurgeryWard4A75805_SurgicalServices_AdditionalClinicalServices_AcuteSurgery,01/09/2022,0,3,
SurgeryWard4A75805_SurgicalServices_AdditionalClinicalServices_AcuteSurgery,01/10/2022,0,2,
SurgeryWard4A75805_SurgicalServices_AdditionalClinicalServices_AcuteSurgery,01/11/2022,0,1,
SurgeryWard4A75805_SurgicalServices_AdditionalClinicalServices_AcuteSurgery,01/01/2023,0,2,
SurgeryWard4A75805_SurgicalServices_AdditionalClinicalServices_AcuteSurgery,01/03/2023,0,1,
SurgeryWard4A75805_SurgicalServices_AdditionalClinicalServices_AcuteSurgery,01/04/2023,0,1,
SurgeryWard4A75805_SurgicalServices_AdditionalClinicalServices_AcuteSurgery,01/05/2023,0,1,
SurgeryWard4A75805_SurgicalServices_AdditionalClinicalServices_AcuteSurgery,01/06/2023,0,2,
SurgeryWard4A75805_SurgicalServices_AdditionalClinicalServices_AcuteSurgery,01/10/2023,0,2,
SurgeryWard4A75805_SurgicalServices_AdditionalClinicalServices_AcuteSurgery,01/12/2023,0,1,
SurgeryWard4A75805_SurgicalServices_AdditionalClinicalServices_AcuteSurgery,01/04/2024,0,1,
SurgeryWard4A75805_SurgicalServices_AdditionalClinicalServices_AcuteSurgery,01/05/2024,0,1,
SurgeryWard4A75805_SurgicalServices_AdditionalClinicalServices_AcuteSurgery,01/09/2024,1,0,
SurgeryWard4A75805_SurgicalServices_AdditionalClinicalServices_AcuteSurgery,01/02/2025,1,0,
SurgeryWard4A75805_SurgicalServices_AdditionalClinicalServices_AcuteSurgery,01/04/2025,0,1,
SurgeryWard4A75805_SurgicalServices_NursingandMidwiferyRegistered_AcuteSurgery,01/12/2021,0,1,
SurgeryWard4A75805_SurgicalServices_NursingandMidwiferyRegistered_AcuteSurgery,01/02/2022,0,1,
SurgeryWard4A75805_SurgicalServices_NursingandMidwiferyRegistered_AcuteSurgery,01/09/2022,0,1,
SurgeryWard4A75805_SurgicalServices_NursingandMidwiferyRegistered_AcuteSurgery,01/05/2023,0,1,
SurgeryWard4A75805_SurgicalServices_NursingandMidwiferyRegistered_AcuteSurgery,01/06/2024,1,0,
SurgeryWard4A75805_SurgicalServices_NursingandMidwiferyRegistered_AcuteSurgery,01/03/2025,1,0,
SurgeryWard4A75805_SurgicalServices_Students_AcuteSurgery,01/07/2021,0,1,
SurgeryWard4A75805_SurgicalServices_Students_AcuteSurgery,01/08/2021,0,1,
SurgeryWard4A75805_SurgicalServices_Students_AcuteSurgery,01/02/2022,0,1,
SurgeryWard4A75805_SurgicalServices_Students_AcuteSurgery,01/03/2022,0,1,
SurgeryWard4A75805_SurgicalServices_Students_AcuteSurgery,01/04/2022,0,1,
SurgeryWard4A75805_SurgicalServices_Students_AcuteSurgery,01/08/2022,0,1,
SurgeryWard4A75805_SurgicalServices_Students_AcuteSurgery,01/10/2022,0,1,
SurgeryWard4A75805_SurgicalServices_Students_AcuteSurgery,01/11/2022,0,1,
SurgeryWard4A75805_SurgicalServices_Students_AcuteSurgery,01/03/2023,0,1,
SurgeryWard4A75805_SurgicalServices_Students_AcuteSurgery,01/04/2023,0,1,
SurgeryWard4A75805_SurgicalServices_Students_AcuteSurgery,01/11/2023,0,1,
SurgicalAdmissionLounge17011_SurgicalServices_AdditionalClinicalServices_Theatres&DSC,01/11/2021,0,2,
SurgicalAdmissionLounge17011_SurgicalServices_AdditionalClinicalServices_Theatres&DSC,01/01/2022,0,1,
SurgicalAdmissionLounge17011_SurgicalServices_AdditionalClinicalServices_Theatres&DSC,01/02/2022,0,2,
SurgicalAdmissionLounge17011_SurgicalServices_AdditionalClinicalServices_Theatres&DSC,01/03/2022,0,1,
SurgicalAdmissionLounge17011_SurgicalServices_AdditionalClinicalServices_Theatres&DSC,01/04/2022,0,2,
SurgicalAdmissionLounge17011_SurgicalServices_AdditionalClinicalServices_Theatres&DSC,01/05/2022,0,1,
SurgicalAdmissionLounge17011_SurgicalServices_AdditionalClinicalServices_Theatres&DSC,01/06/2022,0,2,
SurgicalAdmissionLounge17011_SurgicalServices_AdditionalClinicalServices_Theatres&DSC,01/07/2022,0,1,
SurgicalAdmissionLounge17011_SurgicalServices_AdditionalClinicalServices_Theatres&DSC,01/11/2023,0,1,
SurgicalAdmissionLounge17011_SurgicalServices_AdditionalClinicalServices_Theatres&DSC,01/12/2023,0,1,
SurgicalAdmissionLounge17011_SurgicalServices_AdditionalClinicalServices_Theatres&DSC,01/02/2024,0,1,
SurgicalAdmissionLounge17011_SurgicalServices_AdditionalClinicalServices_Theatres&DSC,01/04/2024,0,1,
SurgicalAdmissionLounge17011_SurgicalServices_AdditionalClinicalServices_Theatres&DSC,01/05/2024,0,1,
SurgicalAdmissionLounge17011_SurgicalServices_NursingandMidwiferyRegistered_Theatres&DSC,01/01/2022,0,1,
SurgicalAdmissionLounge17011_SurgicalServices_NursingandMidwiferyRegistered_Theatres&DSC,01/06/2022,0,1,
SurgicalAdmissionLounge17011_SurgicalServices_NursingandMidwiferyRegistered_Theatres&DSC,01/01/2023,0,1,
SurgicalDecisionsUnit10005_SurgicalServices_AdditionalClinicalServices_AcuteSurgery,01/11/2021,0,2,
SurgicalDecisionsUnit10005_SurgicalServices_AdditionalClinicalServices_AcuteSurgery,01/12/2021,0,1,
SurgicalDecisionsUnit10005_SurgicalServices_AdditionalClinicalServices_AcuteSurgery,01/01/2022,0,1,
SurgicalDecisionsUnit10005_SurgicalServices_AdditionalClinicalServices_AcuteSurgery,01/03/2022,0,3,
SurgicalDecisionsUnit10005_SurgicalServices_AdditionalClinicalServices_AcuteSurgery,01/04/2022,0,5,
SurgicalDecisionsUnit10005_SurgicalServices_AdditionalClinicalServices_AcuteSurgery,01/05/2022,0,2,
SurgicalDecisionsUnit10005_SurgicalServices_AdditionalClinicalServices_AcuteSurgery,01/06/2022,0,1,
SurgicalDecisionsUnit10005_SurgicalServices_AdditionalClinicalServices_AcuteSurgery,01/06/2023,0,1,
SurgicalDecisionsUnit10005_SurgicalServices_AdditionalClinicalServices_AcuteSurgery,01/07/2023,0,1,
SurgicalDecisionsUnit10005_SurgicalServices_AdditionalClinicalServices_AcuteSurgery,01/03/2024,0,1,
SurgicalDecisionsUnit10005_SurgicalServices_AdditionalClinicalServices_AcuteSurgery,01/05/2024,1,1,
SurgicalDecisionsUnit10005_SurgicalServices_AdditionalClinicalServices_AcuteSurgery,01/01/2025,1,0,
SurgicalDecisionsUnit10005_SurgicalServices_AdministrativeandClerical_AcuteSurgery,01/02/2022,0,1,
SurgicalDecisionsUnit10005_SurgicalServices_AdministrativeandClerical_AcuteSurgery,01/07/2022,0,1,
SurgicalDecisionsUnit10005_SurgicalServices_AdministrativeandClerical_AcuteSurgery,01/06/2024,0,1,
SurgicalDecisionsUnit10005_SurgicalServices_AdministrativeandClerical_AcuteSurgery,01/11/2024,1,0,
SurgicalDecisionsUnit10005_SurgicalServices_NursingandMidwiferyRegistered_AcuteSurgery,01/05/2022,0,1,
SurgicalDecisionsUnit10005_SurgicalServices_NursingandMidwiferyRegistered_AcuteSurgery,01/08/2022,0,2,
SurgicalDecisionsUnit10005_SurgicalServices_NursingandMidwiferyRegistered_AcuteSurgery,01/10/2023,0,3,
SurgicalDecisionsUnit10005_SurgicalServices_NursingandMidwiferyRegistered_AcuteSurgery,01/04/2024,1,0,
SurgicalDecisionsUnit10005_SurgicalServices_NursingandMidwiferyRegistered_AcuteSurgery,01/05/2024,2,1,
SurgicalDecisionsUnit10005_SurgicalServices_NursingandMidwiferyRegistered_AcuteSurgery,01/07/2024,1,0,
SurgicalDecisionsUnit10005_SurgicalServices_NursingandMidwiferyRegistered_AcuteSurgery,01/10/2024,0,2,
SurgicalDecisionsUnit10005_SurgicalServices_NursingandMidwiferyRegistered_AcuteSurgery,01/11/2024,2,0,
SurgicalDecisionsUnit10005_SurgicalServices_NursingandMidwiferyRegistered_AcuteSurgery,01/03/2025,2,0,
SurgicalOrthotics38000_ClinicalSupportandCancerServices_AdministrativeandClerical_TherapiesDEPT,01/04/2022,0,1,
SurgicalOrthotics38000_ClinicalSupportandCancerServices_AlliedHealthProfessionals_TherapiesDEPT,01/09/2023,0,1,
SurgicalOrthotics38000_ClinicalSupportandCancerServices_AlliedHealthProfessionals_TherapiesDEPT,01/05/2024,1,0,
SurgicalOrthotics38000_ClinicalSupportandCancerServices_AlliedHealthProfessionals_TherapiesDEPT,01/03/2025,0,1,
Sustainability04101_CorporateSupportServices_AdministrativeandClerical_EstatesandFacilities-SFT,01/02/2024,0,1,
Sustainability04101_CorporateSupportServices_AdministrativeandClerical_EstatesandFacilities-SFT,01/04/2024,1,0,
Sustainability04101_CorporateSupportServices_AdministrativeandClerical_EstatesandFacilities-SFT,01/09/2024,1,0,
T&OSpecialistNurses18003_SurgicalServices_NursingandMidwiferyRegistered_T&O,01/06/2021,0,1,
T&WSAdmin61506_NeighbourhoodServices_AdministrativeandClerical_IntTeamTaunton&WestSom,01/05/2022,0,1,
T&WSAdmin61506_NeighbourhoodServices_AdministrativeandClerical_IntTeamTaunton&WestSom,01/12/2022,0,1,
T&WSAdmin61506_NeighbourhoodServices_AdministrativeandClerical_IntTeamTaunton&WestSom,01/09/2023,0,1,
T&WSAdmin61506_NeighbourhoodServices_AdministrativeandClerical_IntTeamTaunton&WestSom,01/03/2024,0,1,
T&WSAdmin61506_NeighbourhoodServices_AdministrativeandClerical_IntTeamTaunton&WestSom,01/04/2024,1,0,
T&WSAdmin61506_NeighbourhoodServices_AdministrativeandClerical_IntTeamTaunton&WestSom,01/05/2024,1,0,
T&WSAdmin61506_NeighbourhoodServices_AdministrativeandClerical_IntTeamTaunton&WestSom,01/06/2024,0,1,
T&WSAdmin61506_NeighbourhoodServices_AdministrativeandClerical_IntTeamTaunton&WestSom,01/08/2024,1,0,
T&WSAdmin61506_NeighbourhoodServices_AdministrativeandClerical_IntTeamTaunton&WestSom,01/09/2024,2,0,
T&WSAdmin61506_NeighbourhoodServices_AdministrativeandClerical_IntTeamTaunton&WestSom,01/12/2024,1,0,
T&WSAdmin61506_NeighbourhoodServices_AdministrativeandClerical_IntTeamTaunton&WestSom,01/01/2025,1,1,
T&WSAdmin61506_NeighbourhoodServices_AdministrativeandClerical_IntTeamTaunton&WestSom,01/02/2025,0,1,
T&WSAdmin61506_NeighbourhoodServices_AdministrativeandClerical_IntTeamTaunton&WestSom,01/04/2025,0,1,
TalentHub00065_CorporateSupportServices_AdditionalClinicalServices_Resourcing,01/09/2022,0,1,
TalentHub00065_CorporateSupportServices_AdditionalClinicalServices_Resourcing,01/10/2022,0,3,
TalentHub00065_CorporateSupportServices_AdditionalClinicalServices_Resourcing,01/11/2022,0,1,
TalentHub00065_CorporateSupportServices_AdditionalClinicalServices_Resourcing,01/12/2022,0,2,
TalentHub00065_CorporateSupportServices_AdministrativeandClerical_Resourcing,01/10/2021,0,1,
TalentHub00065_CorporateSupportServices_AdministrativeandClerical_Resourcing,01/06/2022,0,2,
TalentHub00065_CorporateSupportServices_AdministrativeandClerical_Resourcing,01/10/2022,0,2,
TalentHub00065_CorporateSupportServices_AdministrativeandClerical_Resourcing,01/11/2022,0,5,
TalentHub00065_CorporateSupportServices_AdministrativeandClerical_Resourcing,01/12/2022,0,3,
TalentHub00065_CorporateSupportServices_AdministrativeandClerical_Resourcing,01/06/2024,1,0,
TalentHub00065_CorporateSupportServices_NursingandMidwiferyRegistered_Resourcing,01/11/2022,0,1,
TalentHub00065_CorporateSupportServices_NursingandMidwiferyRegistered_Resourcing,01/01/2023,0,1,
TalentHub00065_CorporateSupportServices_NursingandMidwiferyRegistered_Resourcing,01/03/2025,1,0,
TalkingTherapiesTeam55304_MentalHealthandLearningDisabilities_AddProfScientificandTechnic_TalkingTherapies,01/05/2021,0,1,
TalkingTherapiesTeam55304_MentalHealthandLearningDisabilities_AddProfScientificandTechnic_TalkingTherapies,01/09/2021,0,1,
TalkingTherapiesTeam55304_MentalHealthandLearningDisabilities_AddProfScientificandTechnic_TalkingTherapies,01/10/2021,0,1,
TalkingTherapiesTeam55304_MentalHealthandLearningDisabilities_AddProfScientificandTechnic_TalkingTherapies,01/11/2021,0,2,
TalkingTherapiesTeam55304_MentalHealthandLearningDisabilities_AddProfScientificandTechnic_TalkingTherapies,01/01/2022,0,9,
TalkingTherapiesTeam55304_MentalHealthandLearningDisabilities_AddProfScientificandTechnic_TalkingTherapies,01/02/2022,0,1,
TalkingTherapiesTeam55304_MentalHealthandLearningDisabilities_AddProfScientificandTechnic_TalkingTherapies,01/03/2022,0,4,
TalkingTherapiesTeam55304_MentalHealthandLearningDisabilities_AddProfScientificandTechnic_TalkingTherapies,01/04/2022,0,1,
TalkingTherapiesTeam55304_MentalHealthandLearningDisabilities_AddProfScientificandTechnic_TalkingTherapies,01/05/2022,0,2,
TalkingTherapiesTeam55304_MentalHealthandLearningDisabilities_AddProfScientificandTechnic_TalkingTherapies,01/07/2022,0,1,
TalkingTherapiesTeam55304_MentalHealthandLearningDisabilities_AddProfScientificandTechnic_TalkingTherapies,01/09/2022,0,8,
TalkingTherapiesTeam55304_MentalHealthandLearningDisabilities_AddProfScientificandTechnic_TalkingTherapies,01/10/2022,0,3,
TalkingTherapiesTeam55304_MentalHealthandLearningDisabilities_AddProfScientificandTechnic_TalkingTherapies,01/11/2022,0,1,
TalkingTherapiesTeam55304_MentalHealthandLearningDisabilities_AddProfScientificandTechnic_TalkingTherapies,01/12/2022,0,8,
TalkingTherapiesTeam55304_MentalHealthandLearningDisabilities_AddProfScientificandTechnic_TalkingTherapies,01/02/2023,0,1,
TalkingTherapiesTeam55304_MentalHealthandLearningDisabilities_AddProfScientificandTechnic_TalkingTherapies,01/03/2023,0,3,
TalkingTherapiesTeam55304_MentalHealthandLearningDisabilities_AddProfScientificandTechnic_TalkingTherapies,01/04/2023,0,4,
TalkingTherapiesTeam55304_MentalHealthandLearningDisabilities_AddProfScientificandTechnic_TalkingTherapies,01/05/2023,0,3,
TalkingTherapiesTeam55304_MentalHealthandLearningDisabilities_AddProfScientificandTechnic_TalkingTherapies,01/06/2023,0,1,
TalkingTherapiesTeam55304_MentalHealthandLearningDisabilities_AddProfScientificandTechnic_TalkingTherapies,01/09/2023,0,2,
TalkingTherapiesTeam55304_MentalHealthandLearningDisabilities_AddProfScientificandTechnic_TalkingTherapies,01/10/2023,0,3,
TalkingTherapiesTeam55304_MentalHealthandLearningDisabilities_AddProfScientificandTechnic_TalkingTherapies,01/01/2024,0,1,
TalkingTherapiesTeam55304_MentalHealthandLearningDisabilities_AddProfScientificandTechnic_TalkingTherapies,01/03/2024,0,2,
TalkingTherapiesTeam55304_MentalHealthandLearningDisabilities_AddProfScientificandTechnic_TalkingTherapies,01/04/2024,0,4,
TalkingTherapiesTeam55304_MentalHealthandLearningDisabilities_AddProfScientificandTechnic_TalkingTherapies,01/05/2024,0,4,
TalkingTherapiesTeam55304_MentalHealthandLearningDisabilities_AddProfScientificandTechnic_TalkingTherapies,01/06/2024,1,1,
TalkingTherapiesTeam55304_MentalHealthandLearningDisabilities_AddProfScientificandTechnic_TalkingTherapies,01/08/2024,3,0,
TalkingTherapiesTeam55304_MentalHealthandLearningDisabilities_AddProfScientificandTechnic_TalkingTherapies,01/09/2024,2,0,
TalkingTherapiesTeam55304_MentalHealthandLearningDisabilities_AddProfScientificandTechnic_TalkingTherapies,01/10/2024,0,3,
TalkingTherapiesTeam55304_MentalHealthandLearningDisabilities_AddProfScientificandTechnic_TalkingTherapies,01/11/2024,0,1,
TalkingTherapiesTeam55304_MentalHealthandLearningDisabilities_AddProfScientificandTechnic_TalkingTherapies,01/12/2024,2,0,
TalkingTherapiesTeam55304_MentalHealthandLearningDisabilities_AddProfScientificandTechnic_TalkingTherapies,01/01/2025,1,0,
TalkingTherapiesTeam55304_MentalHealthandLearningDisabilities_AddProfScientificandTechnic_TalkingTherapies,01/02/2025,1,0,
TalkingTherapiesTeam55304_MentalHealthandLearningDisabilities_AddProfScientificandTechnic_TalkingTherapies,01/03/2025,1,0,
TalkingTherapiesTeam55304_MentalHealthandLearningDisabilities_AddProfScientificandTechnic_TalkingTherapies,01/04/2025,2,0,
TalkingTherapiesTeam55304_MentalHealthandLearningDisabilities_AdditionalClinicalServices_TalkingTherapies,01/09/2021,0,2,
TalkingTherapiesTeam55304_MentalHealthandLearningDisabilities_AdditionalClinicalServices_TalkingTherapies,01/01/2022,0,1,
TalkingTherapiesTeam55304_MentalHealthandLearningDisabilities_AdditionalClinicalServices_TalkingTherapies,01/02/2022,0,1,
TalkingTherapiesTeam55304_MentalHealthandLearningDisabilities_AdditionalClinicalServices_TalkingTherapies,01/10/2022,0,1,
TalkingTherapiesTeam55304_MentalHealthandLearningDisabilities_AdditionalClinicalServices_TalkingTherapies,01/02/2023,0,1,
TalkingTherapiesTeam55304_MentalHealthandLearningDisabilities_AdditionalClinicalServices_TalkingTherapies,01/09/2024,1,0,
TalkingTherapiesTeam55304_MentalHealthandLearningDisabilities_AdditionalClinicalServices_TalkingTherapies,01/11/2024,0,1,
TalkingTherapiesTeam55304_MentalHealthandLearningDisabilities_AdditionalClinicalServices_TalkingTherapies,01/02/2025,0,1,
TalkingTherapiesTeam55304_MentalHealthandLearningDisabilities_AdditionalClinicalServices_TalkingTherapies,01/03/2025,1,0,
TalkingTherapiesTeam55304_MentalHealthandLearningDisabilities_AdministrativeandClerical_TalkingTherapies,01/10/2021,0,1,
TalkingTherapiesTeam55304_MentalHealthandLearningDisabilities_AdministrativeandClerical_TalkingTherapies,01/03/2022,0,1,
TalkingTherapiesTeam55304_MentalHealthandLearningDisabilities_AdministrativeandClerical_TalkingTherapies,01/03/2023,0,1,
TalkingTherapiesTeam55304_MentalHealthandLearningDisabilities_AdministrativeandClerical_TalkingTherapies,01/09/2023,0,2,
TalkingTherapiesTeam55304_MentalHealthandLearningDisabilities_AdministrativeandClerical_TalkingTherapies,01/01/2024,0,1,
TalkingTherapiesTeam55304_MentalHealthandLearningDisabilities_AdministrativeandClerical_TalkingTherapies,01/04/2024,0,2,
TalkingTherapiesTeam55304_MentalHealthandLearningDisabilities_AdministrativeandClerical_TalkingTherapies,01/06/2024,0,3,
TalkingTherapiesTeam55304_MentalHealthandLearningDisabilities_AdministrativeandClerical_TalkingTherapies,01/11/2024,1,0,
TalkingTherapiesTeam55304_MentalHealthandLearningDisabilities_AdministrativeandClerical_TalkingTherapies,01/12/2024,1,0,
TalkingTherapiesTeam55304_MentalHealthandLearningDisabilities_NursingandMidwiferyRegistered_TalkingTherapies,01/09/2022,0,1,
TalkingTherapiesTeam55304_MentalHealthandLearningDisabilities_NursingandMidwiferyRegistered_TalkingTherapies,01/03/2023,0,1,
TalkingTherapiesTeam55304_MentalHealthandLearningDisabilities_NursingandMidwiferyRegistered_TalkingTherapies,01/05/2023,0,1,
TalkingTherapiesTeam55304_MentalHealthandLearningDisabilities_NursingandMidwiferyRegistered_TalkingTherapies,01/02/2025,2,0,
TalkingTherapiesTrainees55306_MentalHealthandLearningDisabilities_AddProfScientificandTechnic_TalkingTherapies,01/11/2023,0,1,
TalkingTherapiesTrainees55306_MentalHealthandLearningDisabilities_AddProfScientificandTechnic_TalkingTherapies,01/12/2023,0,3,
TalkingTherapiesTrainees55306_MentalHealthandLearningDisabilities_AdditionalClinicalServices_TalkingTherapies,01/09/2024,0,3,
TauntonAreaWellbeingService61500_NeighbourhoodServices_AdditionalClinicalServices_IntTeamTaunton&WestSom,01/08/2021,0,1,
TauntonAreaWellbeingService61500_NeighbourhoodServices_AdditionalClinicalServices_IntTeamTaunton&WestSom,01/09/2021,0,1,
TauntonAreaWellbeingService61500_NeighbourhoodServices_AdditionalClinicalServices_IntTeamTaunton&WestSom,01/04/2022,0,1,
TauntonAreaWellbeingService61500_NeighbourhoodServices_AdditionalClinicalServices_IntTeamTaunton&WestSom,01/10/2022,0,1,
TauntonAreaWellbeingService61500_NeighbourhoodServices_AdditionalClinicalServices_IntTeamTaunton&WestSom,01/01/2023,0,1,
TauntonAreaWellbeingService61500_NeighbourhoodServices_AdditionalClinicalServices_IntTeamTaunton&WestSom,01/09/2023,0,1,
TauntonAssertiveOutreachTeam51100_MentalHealthandLearningDisabilities_AddProfScientificandTechnic_AOTWest,01/04/2022,0,1,
TauntonAssertiveOutreachTeam51100_MentalHealthandLearningDisabilities_AdditionalClinicalServices_AOTWest,01/01/2022,0,1,
TauntonAssertiveOutreachTeam51100_MentalHealthandLearningDisabilities_NursingandMidwiferyRegistered_AOTWest,01/06/2021,0,1,
TauntonCMHT51110_MentalHealthandLearningDisabilities_AddProfScientificandTechnic_CMHSWest,01/06/2022,0,1,
TauntonCMHT51110_MentalHealthandLearningDisabilities_AddProfScientificandTechnic_CMHSWest,01/07/2022,0,1,
TauntonCMHT51110_MentalHealthandLearningDisabilities_AddProfScientificandTechnic_CMHSWest,01/05/2023,0,1,
TauntonCMHT51110_MentalHealthandLearningDisabilities_AddProfScientificandTechnic_CMHSWest,01/09/2023,0,1,
TauntonCMHT51110_MentalHealthandLearningDisabilities_AddProfScientificandTechnic_CMHSWest,01/12/2023,0,1,
TauntonCMHT51110_MentalHealthandLearningDisabilities_AdditionalClinicalServices_CMHSWest,01/08/2021,0,1,
TauntonCMHT51110_MentalHealthandLearningDisabilities_AdditionalClinicalServices_CMHSWest,01/04/2022,0,1,
TauntonCMHT51110_MentalHealthandLearningDisabilities_AdditionalClinicalServices_CMHSWest,01/08/2022,0,1,
TauntonCMHT51110_MentalHealthandLearningDisabilities_AdditionalClinicalServices_CMHSWest,01/05/2024,0,1,
TauntonCMHT51110_MentalHealthandLearningDisabilities_AdditionalClinicalServices_CMHSWest,01/10/2024,1,0,
TauntonCMHT51110_MentalHealthandLearningDisabilities_AdditionalClinicalServices_CMHSWest,01/03/2025,2,0,
TauntonCMHT51110_MentalHealthandLearningDisabilities_AdditionalClinicalServices_CMHSWest,01/04/2025,1,1,
TauntonCMHT51110_MentalHealthandLearningDisabilities_AdministrativeandClerical_CMHSWest,01/04/2022,0,1,
TauntonCMHT51110_MentalHealthandLearningDisabilities_AdministrativeandClerical_CMHSWest,01/02/2023,0,1,
TauntonCMHT51110_MentalHealthandLearningDisabilities_NursingandMidwiferyRegistered_CMHSWest,01/09/2022,0,1,
TauntonCMHT51110_MentalHealthandLearningDisabilities_NursingandMidwiferyRegistered_CMHSWest,01/08/2023,0,1,
TauntonCMHT51110_MentalHealthandLearningDisabilities_NursingandMidwiferyRegistered_CMHSWest,01/11/2023,0,1,
TauntonCMHT51110_MentalHealthandLearningDisabilities_NursingandMidwiferyRegistered_CMHSWest,01/06/2024,2,0,
TauntonCMHT51110_MentalHealthandLearningDisabilities_NursingandMidwiferyRegistered_CMHSWest,01/01/2025,0,1,
TauntonCMHT51110_MentalHealthandLearningDisabilities_NursingandMidwiferyRegistered_CMHSWest,01/03/2025,1,0,
TauntonCrisisResolutionTeam52101_MentalHealthandLearningDisabilities_AdditionalClinicalServices_UrgentCare&ForensicServs,01/02/2023,0,1,
TauntonCrisisResolutionTeam52101_MentalHealthandLearningDisabilities_AdditionalClinicalServices_UrgentCare&ForensicServs,01/05/2023,0,1,
TauntonCrisisResolutionTeam52101_MentalHealthandLearningDisabilities_AdditionalClinicalServices_UrgentCare&ForensicServs,01/06/2023,0,1,
TauntonCrisisResolutionTeam52101_MentalHealthandLearningDisabilities_AdditionalClinicalServices_UrgentCare&ForensicServs,01/08/2023,0,1,
TauntonCrisisResolutionTeam52101_MentalHealthandLearningDisabilities_AdditionalClinicalServices_UrgentCare&ForensicServs,01/11/2023,0,1,
TauntonCrisisResolutionTeam52101_MentalHealthandLearningDisabilities_AdditionalClinicalServices_UrgentCare&ForensicServs,01/02/2024,0,1,
TauntonCrisisResolutionTeam52101_MentalHealthandLearningDisabilities_AdditionalClinicalServices_UrgentCare&ForensicServs,01/06/2024,1,0,
TauntonCrisisResolutionTeam52101_MentalHealthandLearningDisabilities_NursingandMidwiferyRegistered_UrgentCare&ForensicServs,01/12/2024,2,0,
TauntonCrisisResolutionTeam52101_MentalHealthandLearningDisabilities_NursingandMidwiferyRegistered_UrgentCare&ForensicServs,01/03/2025,0,1,
TauntonDeaneCMHTeamForOlderPeople61503_NeighbourhoodServices_AddProfScientificandTechnic_IntTeamTaunton&WestSom,01/10/2023,0,1,
TauntonDeaneCMHTeamForOlderPeople61503_NeighbourhoodServices_AddProfScientificandTechnic_IntTeamTaunton&WestSom,01/09/2024,1,0,
TauntonDeaneCMHTeamForOlderPeople61503_NeighbourhoodServices_AdditionalClinicalServices_IntTeamTaunton&WestSom,01/06/2022,0,1,
TauntonDeaneCMHTeamForOlderPeople61503_NeighbourhoodServices_AdditionalClinicalServices_IntTeamTaunton&WestSom,01/01/2024,0,1,
TauntonDeaneCMHTeamForOlderPeople61503_NeighbourhoodServices_AdditionalClinicalServices_IntTeamTaunton&WestSom,01/06/2024,1,0,
TauntonDeaneCMHTeamForOlderPeople61503_NeighbourhoodServices_AdditionalClinicalServices_IntTeamTaunton&WestSom,01/07/2024,0,1,
TauntonDeaneCMHTeamForOlderPeople61503_NeighbourhoodServices_AlliedHealthProfessionals_IntTeamTaunton&WestSom,01/09/2023,0,1,
TauntonDeaneCMHTeamForOlderPeople61503_NeighbourhoodServices_NursingandMidwiferyRegistered_IntTeamTaunton&WestSom,01/08/2022,0,2,
TauntonDeaneCMHTeamForOlderPeople61503_NeighbourhoodServices_NursingandMidwiferyRegistered_IntTeamTaunton&WestSom,01/03/2025,1,0,
TauntonDeaneCMHTeamForOlderPeople61503_NeighbourhoodServices_NursingandMidwiferyRegistered_IntTeamTaunton&WestSom,01/04/2025,0,1,
TauntonDiagnosticCentre32050_ClinicalSupportandCancerServices_AdditionalClinicalServices_MedicalImaging,01/06/2022,0,11,
TauntonDiagnosticCentre32050_ClinicalSupportandCancerServices_AdministrativeandClerical_MedicalImaging,01/06/2022,0,2,
TauntonDiagnosticCentre32050_ClinicalSupportandCancerServices_AlliedHealthProfessionals_MedicalImaging,01/06/2022,0,10,
TauntonIntegratedRehabilitationTeam61502_NeighbourhoodServices_AdditionalClinicalServices_IntTeamTaunton&WestSom,01/06/2021,0,1,
TauntonIntegratedRehabilitationTeam61502_NeighbourhoodServices_AdditionalClinicalServices_IntTeamTaunton&WestSom,01/07/2021,0,1,
TauntonIntegratedRehabilitationTeam61502_NeighbourhoodServices_AdditionalClinicalServices_IntTeamTaunton&WestSom,01/08/2022,0,1,
TauntonIntegratedRehabilitationTeam61502_NeighbourhoodServices_AdditionalClinicalServices_IntTeamTaunton&WestSom,01/07/2023,0,1,
TauntonIntegratedRehabilitationTeam61502_NeighbourhoodServices_AdditionalClinicalServices_IntTeamTaunton&WestSom,01/06/2024,0,1,
TauntonIntegratedRehabilitationTeam61502_NeighbourhoodServices_AdditionalClinicalServices_IntTeamTaunton&WestSom,01/10/2024,1,0,
TauntonIntegratedRehabilitationTeam61502_NeighbourhoodServices_AdditionalClinicalServices_IntTeamTaunton&WestSom,01/12/2024,1,0,
TauntonIntegratedRehabilitationTeam61502_NeighbourhoodServices_AdditionalClinicalServices_IntTeamTaunton&WestSom,01/01/2025,1,0,
TauntonIntegratedRehabilitationTeam61502_NeighbourhoodServices_AdditionalClinicalServices_IntTeamTaunton&WestSom,01/02/2025,0,1,
TauntonIntegratedRehabilitationTeam61502_NeighbourhoodServices_AlliedHealthProfessionals_IntTeamTaunton&WestSom,01/11/2021,0,1,
TauntonIntegratedRehabilitationTeam61502_NeighbourhoodServices_AlliedHealthProfessionals_IntTeamTaunton&WestSom,01/01/2022,0,1,
TauntonIntegratedRehabilitationTeam61502_NeighbourhoodServices_AlliedHealthProfessionals_IntTeamTaunton&WestSom,01/02/2022,0,2,
TauntonIntegratedRehabilitationTeam61502_NeighbourhoodServices_AlliedHealthProfessionals_IntTeamTaunton&WestSom,01/07/2022,0,1,
TauntonIntegratedRehabilitationTeam61502_NeighbourhoodServices_AlliedHealthProfessionals_IntTeamTaunton&WestSom,01/08/2022,0,1,
TauntonIntegratedRehabilitationTeam61502_NeighbourhoodServices_AlliedHealthProfessionals_IntTeamTaunton&WestSom,01/09/2022,0,1,
TauntonIntegratedRehabilitationTeam61502_NeighbourhoodServices_AlliedHealthProfessionals_IntTeamTaunton&WestSom,01/05/2023,0,2,
TauntonIntegratedRehabilitationTeam61502_NeighbourhoodServices_AlliedHealthProfessionals_IntTeamTaunton&WestSom,01/03/2024,0,1,
TauntonIntegratedRehabilitationTeam61502_NeighbourhoodServices_AlliedHealthProfessionals_IntTeamTaunton&WestSom,01/08/2024,1,1,
TauntonIntegratedRehabilitationTeam61502_NeighbourhoodServices_AlliedHealthProfessionals_IntTeamTaunton&WestSom,01/10/2024,0,1,
TauntonIntegratedRehabilitationTeam61502_NeighbourhoodServices_AlliedHealthProfessionals_IntTeamTaunton&WestSom,01/11/2024,1,0,
TauntonIntegratedRehabilitationTeam61502_NeighbourhoodServices_AlliedHealthProfessionals_IntTeamTaunton&WestSom,01/03/2025,0,1,
TauntonIntegratedRehabilitationTeam61502_NeighbourhoodServices_AlliedHealthProfessionals_IntTeamTaunton&WestSom,01/04/2025,1,0,
TechnicalDev05009_CorporateSupportServices_AdministrativeandClerical_Digital,01/09/2021,0,1,
TechnicalDev05009_CorporateSupportServices_AdministrativeandClerical_Digital,01/07/2022,0,1,
TechnicalDev05009_CorporateSupportServices_AdministrativeandClerical_Digital,01/02/2023,0,1,
TechnicalDev05009_CorporateSupportServices_AdministrativeandClerical_Digital,01/04/2023,0,1,
TechnicalDev05009_CorporateSupportServices_AdministrativeandClerical_Digital,01/08/2023,0,3,
TechnicalDev05009_CorporateSupportServices_AdministrativeandClerical_Digital,01/12/2023,0,1,
TechnicalDev05009_CorporateSupportServices_AdministrativeandClerical_Digital,01/01/2024,0,1,
TechnicalDev05009_CorporateSupportServices_AdministrativeandClerical_Digital,01/10/2024,0,1,
TechnicalDev05009_CorporateSupportServices_AdministrativeandClerical_Digital,01/02/2025,0,1,
TechnicalOps05010_CorporateSupportServices_AdministrativeandClerical_Digital,01/12/2021,0,1,
TechnicalOps05010_CorporateSupportServices_AdministrativeandClerical_Digital,01/01/2022,0,1,
TechnicalOps05010_CorporateSupportServices_AdministrativeandClerical_Digital,01/06/2022,0,2,
TechnicalOps05010_CorporateSupportServices_AdministrativeandClerical_Digital,01/07/2022,0,1,
TechnicalOps05010_CorporateSupportServices_AdministrativeandClerical_Digital,01/08/2022,0,1,
TechnicalOps05010_CorporateSupportServices_AdministrativeandClerical_Digital,01/11/2022,0,1,
TechnicalOps05010_CorporateSupportServices_AdministrativeandClerical_Digital,01/01/2023,0,1,
TechnicalOps05010_CorporateSupportServices_AdministrativeandClerical_Digital,01/02/2023,0,3,
TechnicalOps05010_CorporateSupportServices_AdministrativeandClerical_Digital,01/03/2023,0,1,
TechnicalOps05010_CorporateSupportServices_AdministrativeandClerical_Digital,01/08/2023,0,11,
TechnicalOps05010_CorporateSupportServices_AdministrativeandClerical_Digital,01/01/2024,0,1,
TechnicalOps05010_CorporateSupportServices_AdministrativeandClerical_Digital,01/02/2024,0,2,
TechnicalOps05010_CorporateSupportServices_AdministrativeandClerical_Digital,01/06/2024,0,1,
TechnicalOps05010_CorporateSupportServices_AdministrativeandClerical_Digital,01/09/2024,1,0,
TechnicalOps05010_CorporateSupportServices_AdministrativeandClerical_Digital,01/11/2024,1,1,
TechnicalOps05010_CorporateSupportServices_AdministrativeandClerical_Digital,01/01/2025,2,1,
TechnicalOps05010_CorporateSupportServices_AdministrativeandClerical_Digital,01/03/2025,0,2,
TechnicalOps05010_CorporateSupportServices_AdministrativeandClerical_Digital,01/04/2025,1,1,
Telephones-MPH04200_CorporateSupportServices_EstatesandAncillary_EstatesandFacilities-SFT,01/05/2021,0,2,
Telephones-MPH04200_CorporateSupportServices_EstatesandAncillary_EstatesandFacilities-SFT,01/08/2021,0,2,
Telephones-MPH04200_CorporateSupportServices_EstatesandAncillary_EstatesandFacilities-SFT,01/11/2021,0,2,
Telephones-MPH04200_CorporateSupportServices_EstatesandAncillary_EstatesandFacilities-SFT,01/01/2022,0,1,
Telephones-MPH04200_CorporateSupportServices_EstatesandAncillary_EstatesandFacilities-SFT,01/10/2022,0,1,
Telephones-MPH04200_CorporateSupportServices_EstatesandAncillary_EstatesandFacilities-SFT,01/02/2023,0,1,
Telephones-MPH04200_CorporateSupportServices_EstatesandAncillary_EstatesandFacilities-SFT,01/03/2023,0,2,
Telephones-MPH04200_CorporateSupportServices_EstatesandAncillary_EstatesandFacilities-SFT,01/05/2023,0,1,
Telephones-MPH04200_CorporateSupportServices_EstatesandAncillary_EstatesandFacilities-SFT,01/06/2023,0,2,
Telephones-MPH04200_CorporateSupportServices_EstatesandAncillary_EstatesandFacilities-SFT,01/09/2023,0,1,
Telephones-MPH04200_CorporateSupportServices_EstatesandAncillary_EstatesandFacilities-SFT,01/10/2023,0,1,
Telephones-MPH04200_CorporateSupportServices_EstatesandAncillary_EstatesandFacilities-SFT,01/03/2024,0,1,
Telephones-MPH04200_CorporateSupportServices_EstatesandAncillary_EstatesandFacilities-SFT,01/04/2024,0,1,
Telephones-MPH04200_CorporateSupportServices_EstatesandAncillary_EstatesandFacilities-SFT,01/05/2024,1,0,
Telephones-MPH04200_CorporateSupportServices_EstatesandAncillary_EstatesandFacilities-SFT,01/06/2024,1,0,
Telephones-MPH04200_CorporateSupportServices_EstatesandAncillary_EstatesandFacilities-SFT,01/08/2024,1,1,
Telephones-MPH04200_CorporateSupportServices_EstatesandAncillary_EstatesandFacilities-SFT,01/03/2025,0,1,
TestingTraining05011_CorporateSupportServices_AdministrativeandClerical_Digital,01/08/2023,0,1,
TestingTraining05011_CorporateSupportServices_AdministrativeandClerical_Digital,01/10/2024,0,1,
Theatre-HeadAndNeck17016_SurgicalServices_AddProfScientificandTechnic_Theatres&DSC,01/06/2021,0,1,
Theatre-HeadAndNeck17016_SurgicalServices_AdditionalClinicalServices_Theatres&DSC,01/01/2022,0,1,
Theatre-HeadAndNeck17016_SurgicalServices_AdditionalClinicalServices_Theatres&DSC,01/10/2022,0,1,
Theatre-HeadAndNeck17016_SurgicalServices_AlliedHealthProfessionals_Theatres&DSC,01/03/2025,1,0,
Theatre-HeadAndNeck17016_SurgicalServices_NursingandMidwiferyRegistered_Theatres&DSC,01/01/2022,0,1,
Theatre-HeadAndNeck17016_SurgicalServices_NursingandMidwiferyRegistered_Theatres&DSC,01/04/2022,0,1,
Theatre-Orthopaedic17017_SurgicalServices_AddProfScientificandTechnic_Theatres&DSC,01/12/2021,0,1,
Theatre-Orthopaedic17017_SurgicalServices_AddProfScientificandTechnic_Theatres&DSC,01/10/2022,0,1,
Theatre-Orthopaedic17017_SurgicalServices_AddProfScientificandTechnic_Theatres&DSC,01/01/2023,0,1,
Theatre-Orthopaedic17017_SurgicalServices_AddProfScientificandTechnic_Theatres&DSC,01/07/2023,0,1,
Theatre-Orthopaedic17017_SurgicalServices_AdditionalClinicalServices_Theatres&DSC,01/01/2022,0,1,
Theatre-Orthopaedic17017_SurgicalServices_AdditionalClinicalServices_Theatres&DSC,01/04/2022,0,1,
Theatre-Orthopaedic17017_SurgicalServices_AdditionalClinicalServices_Theatres&DSC,01/11/2023,0,1,
Theatre-Orthopaedic17017_SurgicalServices_AdditionalClinicalServices_Theatres&DSC,01/06/2024,0,1,
Theatre-Orthopaedic17017_SurgicalServices_AdditionalClinicalServices_Theatres&DSC,01/07/2024,0,1,
Theatre-Orthopaedic17017_SurgicalServices_AdditionalClinicalServices_Theatres&DSC,01/12/2024,1,0,
Theatre-Orthopaedic17017_SurgicalServices_AdditionalClinicalServices_Theatres&DSC,01/03/2025,2,0,
Theatre-Orthopaedic17017_SurgicalServices_AlliedHealthProfessionals_Theatres&DSC,01/10/2023,0,1,
Theatre-Orthopaedic17017_SurgicalServices_AlliedHealthProfessionals_Theatres&DSC,01/05/2024,1,0,
Theatre-Orthopaedic17017_SurgicalServices_AlliedHealthProfessionals_Theatres&DSC,01/06/2024,0,1,
Theatre-Orthopaedic17017_SurgicalServices_AlliedHealthProfessionals_Theatres&DSC,01/10/2024,0,1,
Theatre-Orthopaedic17017_SurgicalServices_AlliedHealthProfessionals_Theatres&DSC,01/11/2024,0,5,
Theatre-Orthopaedic17017_SurgicalServices_AlliedHealthProfessionals_Theatres&DSC,01/01/2025,1,0,
Theatre-Orthopaedic17017_SurgicalServices_AlliedHealthProfessionals_Theatres&DSC,01/04/2025,0,2,
Theatre-Orthopaedic17017_SurgicalServices_EstatesandAncillary_Theatres&DSC,01/01/2025,1,0,
Theatre-Orthopaedic17017_SurgicalServices_EstatesandAncillary_Theatres&DSC,01/02/2025,0,1,
Theatre-Orthopaedic17017_SurgicalServices_NursingandMidwiferyRegistered_Theatres&DSC,01/10/2022,0,1,
Theatre-Orthopaedic17017_SurgicalServices_NursingandMidwiferyRegistered_Theatres&DSC,01/10/2023,0,1,
Theatre-Orthopaedic17017_SurgicalServices_NursingandMidwiferyRegistered_Theatres&DSC,01/11/2023,0,1,
Theatre-Orthopaedic17017_SurgicalServices_NursingandMidwiferyRegistered_Theatres&DSC,01/04/2024,1,0,
Theatre-Orthopaedic17017_SurgicalServices_NursingandMidwiferyRegistered_Theatres&DSC,01/06/2024,0,2,
Theatre-Orthopaedic17017_SurgicalServices_NursingandMidwiferyRegistered_Theatres&DSC,01/03/2025,0,1,
Theatres&CriticalCareMGT17003_SurgicalServices_AdministrativeandClerical_Management&AdminCC/Theatres,01/04/2025,1,0,
Theatres&CriticalCareMGT17003_SurgicalServices_AlliedHealthProfessionals_Management&AdminCC/Theatres,01/05/2022,0,1,
Theatres&CriticalCareMGT17003_SurgicalServices_NursingandMidwiferyRegistered_Management&AdminCC/Theatres,01/01/2025,1,0,
TheatresNon-Clinical75827_SurgicalServices_AdministrativeandClerical_Management&AdminCC/Theatres,01/09/2023,0,2,
TheatresNon-Clinical75827_SurgicalServices_AdministrativeandClerical_Management&AdminCC/Theatres,01/10/2023,0,1,
TheatresNon-Clinical75827_SurgicalServices_AdministrativeandClerical_Management&AdminCC/Theatres,01/11/2023,0,1,
TheatresNon-Clinical75827_SurgicalServices_AdministrativeandClerical_Management&AdminCC/Theatres,01/05/2024,0,1,
TheatresNon-Clinical75827_SurgicalServices_AdministrativeandClerical_Management&AdminCC/Theatres,01/08/2024,1,0,
TherapeuticEducation40030_CYP&FamiliesServices_AddProfScientificandTechnic_Community&UrgentServices,01/05/2023,0,1,
TherapeuticEducation40030_CYP&FamiliesServices_AddProfScientificandTechnic_Community&UrgentServices,01/07/2023,0,2,
TherapeuticEducation40030_CYP&FamiliesServices_AddProfScientificandTechnic_Community&UrgentServices,01/12/2023,0,1,
TherapeuticEducation40030_CYP&FamiliesServices_AddProfScientificandTechnic_Community&UrgentServices,01/06/2024,0,1,
TherapeuticEducation40030_CYP&FamiliesServices_AdditionalClinicalServices_Community&UrgentServices,01/02/2024,0,1,
TherapeuticEducation40030_CYP&FamiliesServices_AdditionalClinicalServices_Community&UrgentServices,01/09/2024,0,1,
TherapeuticEducation40030_CYP&FamiliesServices_AdditionalClinicalServices_Community&UrgentServices,01/03/2025,0,1,
TherapeuticEducation40030_CYP&FamiliesServices_AdditionalClinicalServices_Community&UrgentServices,01/04/2025,0,1,
TherapeuticEducation40030_CYP&FamiliesServices_AdministrativeandClerical_Community&UrgentServices,01/02/2024,0,1,
TherapeuticEducation40030_CYP&FamiliesServices_AlliedHealthProfessionals_Community&UrgentServices,01/06/2024,0,1,
TissueViability10016_SurgicalServices_AdministrativeandClerical_Vascular,01/10/2022,0,1,
TissueViability10016_SurgicalServices_AdministrativeandClerical_Vascular,01/04/2025,0,1,
TissueViability10016_SurgicalServices_NursingandMidwiferyRegistered_Vascular,01/08/2023,0,1,
TissueViability10016_SurgicalServices_NursingandMidwiferyRegistered_Vascular,01/11/2024,0,1,
TobaccoReductionProgramme00205_CorporateSupportServices_AdministrativeandClerical_DeputyDirectorofNursing,01/03/2023,0,1,
TobaccoReductionProgramme00205_CorporateSupportServices_AdministrativeandClerical_DeputyDirectorofNursing,01/01/2024,0,1,
TobaccoReductionProgramme00205_CorporateSupportServices_NursingandMidwiferyRegistered_DeputyDirectorofNursing,01/06/2022,0,1,
TobaccoReductionProgramme00205_CorporateSupportServices_NursingandMidwiferyRegistered_DeputyDirectorofNursing,01/01/2023,0,2,
TradeUnionSalaryRecharge00813_CorporateSupportServices_AdministrativeandClerical_ExtRecharges,01/03/2022,0,1,
TradeUnionSalaryRecharge00813_CorporateSupportServices_AdministrativeandClerical_ExtRecharges,01/12/2022,0,1,
Training02042_CorporateSupportServices_AdministrativeandClerical_TrustwideSchemes,01/05/2021,0,1,
TransformationEast51270_MentalHealthandLearningDisabilities_AddProfScientificandTechnic_CMHSEast,01/09/2021,0,2,
TransformationEast51270_MentalHealthandLearningDisabilities_AddProfScientificandTechnic_CMHSEast,01/04/2022,0,1,
TransformationEast51270_MentalHealthandLearningDisabilities_AddProfScientificandTechnic_CMHSEast,01/06/2022,0,1,
TransformationEast51270_MentalHealthandLearningDisabilities_AddProfScientificandTechnic_CMHSEast,01/09/2022,0,1,
TransformationEast51270_MentalHealthandLearningDisabilities_AddProfScientificandTechnic_CMHSEast,01/10/2022,0,2,
TransformationEast51270_MentalHealthandLearningDisabilities_AddProfScientificandTechnic_CMHSEast,01/05/2023,0,1,
TransformationEast51270_MentalHealthandLearningDisabilities_AddProfScientificandTechnic_CMHSEast,01/02/2024,0,1,
TransformationEast51270_MentalHealthandLearningDisabilities_AddProfScientificandTechnic_CMHSEast,01/08/2024,1,0,
TransformationEast51270_MentalHealthandLearningDisabilities_AdditionalClinicalServices_CMHSEast,01/04/2023,0,1,
TransformationEast51270_MentalHealthandLearningDisabilities_AdditionalClinicalServices_CMHSEast,01/10/2023,0,1,
TransformationEast51270_MentalHealthandLearningDisabilities_AdditionalClinicalServices_CMHSEast,01/01/2024,0,1,
TransformationEast51270_MentalHealthandLearningDisabilities_AdministrativeandClerical_CMHSEast,01/09/2024,0,1,
TransformationEast51270_MentalHealthandLearningDisabilities_AlliedHealthProfessionals_CMHSEast,01/08/2023,0,1,
TransformationEast51270_MentalHealthandLearningDisabilities_AlliedHealthProfessionals_CMHSEast,01/09/2024,1,0,
TransformationEast51270_MentalHealthandLearningDisabilities_NursingandMidwiferyRegistered_CMHSEast,01/05/2022,0,1,
TransformationEast51270_MentalHealthandLearningDisabilities_NursingandMidwiferyRegistered_CMHSEast,01/03/2025,1,0,
TransformationEastOP51290_MentalHealthandLearningDisabilities_NursingandMidwiferyRegistered_CMHSEast,01/09/2022,0,1,
TransformationEastOP51290_MentalHealthandLearningDisabilities_NursingandMidwiferyRegistered_CMHSEast,01/01/2024,0,1,
TransformationWest51170_MentalHealthandLearningDisabilities_AddProfScientificandTechnic_CMHSWest,01/11/2021,0,1,
TransformationWest51170_MentalHealthandLearningDisabilities_AddProfScientificandTechnic_CMHSWest,01/08/2022,0,1,
TransformationWest51170_MentalHealthandLearningDisabilities_AddProfScientificandTechnic_CMHSWest,01/09/2022,0,2,
TransformationWest51170_MentalHealthandLearningDisabilities_AddProfScientificandTechnic_CMHSWest,01/09/2023,0,3,
TransformationWest51170_MentalHealthandLearningDisabilities_AdditionalClinicalServices_CMHSWest,01/11/2022,0,1,
TransformationWest51170_MentalHealthandLearningDisabilities_AdditionalClinicalServices_CMHSWest,01/01/2023,0,1,
TransformationWest51170_MentalHealthandLearningDisabilities_AdditionalClinicalServices_CMHSWest,01/05/2023,0,1,
TransformationWest51170_MentalHealthandLearningDisabilities_AdditionalClinicalServices_CMHSWest,01/10/2023,0,1,
TransformationWest51170_MentalHealthandLearningDisabilities_AdditionalClinicalServices_CMHSWest,01/03/2024,0,1,
TransformationWest51170_MentalHealthandLearningDisabilities_AdditionalClinicalServices_CMHSWest,01/09/2024,1,0,
TransformationWest51170_MentalHealthandLearningDisabilities_AdministrativeandClerical_CMHSWest,01/06/2023,0,1,
TransformationWest51170_MentalHealthandLearningDisabilities_NursingandMidwiferyRegistered_CMHSWest,01/07/2021,0,1,
TransformationWest51170_MentalHealthandLearningDisabilities_NursingandMidwiferyRegistered_CMHSWest,01/07/2022,0,1,
TransformationWest51170_MentalHealthandLearningDisabilities_NursingandMidwiferyRegistered_CMHSWest,01/10/2022,0,1,
TransformationWest51170_MentalHealthandLearningDisabilities_NursingandMidwiferyRegistered_CMHSWest,01/02/2023,0,1,
TransformationWest51170_MentalHealthandLearningDisabilities_NursingandMidwiferyRegistered_CMHSWest,01/05/2024,0,1,
TransformationWest51170_MentalHealthandLearningDisabilities_NursingandMidwiferyRegistered_CMHSWest,01/06/2024,1,0,
TransformationWest51170_MentalHealthandLearningDisabilities_NursingandMidwiferyRegistered_CMHSWest,01/08/2024,0,1,
TransformationWestOP51190_MentalHealthandLearningDisabilities_AdditionalClinicalServices_CMHSWest,01/11/2021,0,1,
TransformationWestOP51190_MentalHealthandLearningDisabilities_NursingandMidwiferyRegistered_CMHSWest,01/08/2024,1,0,
Transport-MPH04260_CorporateSupportServices_EstatesandAncillary_EstatesandFacilities-SFT,01/06/2022,0,1,
Transport-MPH04260_CorporateSupportServices_EstatesandAncillary_EstatesandFacilities-SFT,01/10/2023,0,1,
TriscombeCOOlderPersonsUnit20401_MedicalServices_AdditionalClinicalServices_CareoftheOlderPersonDEPT,01/05/2021,0,4,
TriscombeCOOlderPersonsUnit20401_MedicalServices_AdditionalClinicalServices_CareoftheOlderPersonDEPT,01/06/2021,0,1,
TriscombeCOOlderPersonsUnit20401_MedicalServices_AdditionalClinicalServices_CareoftheOlderPersonDEPT,01/07/2021,0,1,
TriscombeCOOlderPersonsUnit20401_MedicalServices_AdditionalClinicalServices_CareoftheOlderPersonDEPT,01/10/2021,0,2,
TriscombeCOOlderPersonsUnit20401_MedicalServices_AdditionalClinicalServices_CareoftheOlderPersonDEPT,01/12/2021,0,1,
TriscombeCOOlderPersonsUnit20401_MedicalServices_AdditionalClinicalServices_CareoftheOlderPersonDEPT,01/02/2022,0,1,
TriscombeCOOlderPersonsUnit20401_MedicalServices_AdditionalClinicalServices_CareoftheOlderPersonDEPT,01/04/2022,0,2,
TriscombeCOOlderPersonsUnit20401_MedicalServices_AdditionalClinicalServices_CareoftheOlderPersonDEPT,01/07/2022,0,1,
TriscombeCOOlderPersonsUnit20401_MedicalServices_AdditionalClinicalServices_CareoftheOlderPersonDEPT,01/08/2022,0,1,
TriscombeCOOlderPersonsUnit20401_MedicalServices_AdditionalClinicalServices_CareoftheOlderPersonDEPT,01/09/2022,0,1,
TriscombeCOOlderPersonsUnit20401_MedicalServices_AdditionalClinicalServices_CareoftheOlderPersonDEPT,01/01/2023,0,2,
TriscombeCOOlderPersonsUnit20401_MedicalServices_AdditionalClinicalServices_CareoftheOlderPersonDEPT,01/02/2023,0,2,
TriscombeCOOlderPersonsUnit20401_MedicalServices_AdditionalClinicalServices_CareoftheOlderPersonDEPT,01/03/2023,0,3,
TriscombeCOOlderPersonsUnit20401_MedicalServices_AdditionalClinicalServices_CareoftheOlderPersonDEPT,01/04/2023,0,2,
TriscombeCOOlderPersonsUnit20401_MedicalServices_AdditionalClinicalServices_CareoftheOlderPersonDEPT,01/05/2023,0,3,
TriscombeCOOlderPersonsUnit20401_MedicalServices_AdditionalClinicalServices_CareoftheOlderPersonDEPT,01/06/2023,0,2,
TriscombeCOOlderPersonsUnit20401_MedicalServices_AdditionalClinicalServices_CareoftheOlderPersonDEPT,01/08/2023,0,1,
TriscombeCOOlderPersonsUnit20401_MedicalServices_AdditionalClinicalServices_CareoftheOlderPersonDEPT,01/10/2023,0,3,
TriscombeCOOlderPersonsUnit20401_MedicalServices_AdditionalClinicalServices_CareoftheOlderPersonDEPT,01/11/2023,0,7,
TriscombeCOOlderPersonsUnit20401_MedicalServices_AdditionalClinicalServices_CareoftheOlderPersonDEPT,01/06/2024,1,0,
TriscombeCOOlderPersonsUnit20401_MedicalServices_AdditionalClinicalServices_CareoftheOlderPersonDEPT,01/07/2024,2,0,
TriscombeCOOlderPersonsUnit20401_MedicalServices_AdditionalClinicalServices_CareoftheOlderPersonDEPT,01/08/2024,1,0,
TriscombeCOOlderPersonsUnit20401_MedicalServices_AdditionalClinicalServices_CareoftheOlderPersonDEPT,01/10/2024,3,0,
TriscombeCOOlderPersonsUnit20401_MedicalServices_AdditionalClinicalServices_CareoftheOlderPersonDEPT,01/12/2024,1,2,
TriscombeCOOlderPersonsUnit20401_MedicalServices_AdditionalClinicalServices_CareoftheOlderPersonDEPT,01/01/2025,1,1,
TriscombeCOOlderPersonsUnit20401_MedicalServices_AdditionalClinicalServices_CareoftheOlderPersonDEPT,01/02/2025,0,1,
TriscombeCOOlderPersonsUnit20401_MedicalServices_AdministrativeandClerical_CareoftheOlderPersonDEPT,01/06/2023,0,1,
TriscombeCOOlderPersonsUnit20401_MedicalServices_NursingandMidwiferyRegistered_CareoftheOlderPersonDEPT,01/09/2021,0,1,
TriscombeCOOlderPersonsUnit20401_MedicalServices_NursingandMidwiferyRegistered_CareoftheOlderPersonDEPT,01/06/2024,1,0,
TriscombeCOOlderPersonsUnit20401_MedicalServices_NursingandMidwiferyRegistered_CareoftheOlderPersonDEPT,01/09/2024,0,1,
TriscombeCOOlderPersonsUnit20401_MedicalServices_NursingandMidwiferyRegistered_CareoftheOlderPersonDEPT,01/11/2024,0,1,
TriscombeCOOlderPersonsUnit20401_MedicalServices_NursingandMidwiferyRegistered_CareoftheOlderPersonDEPT,01/01/2025,0,1,
TrustBoard00401_CorporateSupportServices_AdministrativeandClerical_DirectorofCorporateServicesDEPT,01/06/2023,0,1,
TrustBoard00401_CorporateSupportServices_AdministrativeandClerical_DirectorofCorporateServicesDEPT,01/07/2024,1,1,
TrustBoard00401_CorporateSupportServices_AdministrativeandClerical_DirectorofCorporateServicesDEPT,01/04/2025,0,1,
TrustBoard00401_CorporateSupportServices_MedicalandDental_DirectorofCorporateServicesDEPT,01/01/2024,0,1,
TrustBoard00401_CorporateSupportServices_MedicalandDental_DirectorofCorporateServicesDEPT,01/04/2024,0,1,
UnfundedTrustIR02031_CorporateSupportServices_AdditionalClinicalServices_OverseasDEPT,01/05/2021,0,8,
UrgentCareHub52102_MentalHealthandLearningDisabilities_AddProfScientificandTechnic_UrgentCare&ForensicServs,01/09/2022,0,1,
UrgentCareHub52102_MentalHealthandLearningDisabilities_AdministrativeandClerical_UrgentCare&ForensicServs,01/04/2024,1,0,
UrgentCareHub52102_MentalHealthandLearningDisabilities_AdministrativeandClerical_UrgentCare&ForensicServs,01/10/2024,0,1,
UrgentCareManagement76380_MedicalServices_AdministrativeandClerical_MedicalServicesManagementDEPT,01/03/2022,0,1,
UrgentCareManagement76380_MedicalServices_AlliedHealthProfessionals_MedicalServicesManagementDEPT,01/02/2024,0,1,
UrologyMedStfMPH16002_SurgicalServices_MedicalandDental_Urology,01/07/2021,0,1,
UrologyMedStfMPH16002_SurgicalServices_MedicalandDental_Urology,01/08/2021,0,1,
UrologyMedStfMPH16002_SurgicalServices_MedicalandDental_Urology,01/10/2021,0,1,
UrologyMedStfMPH16002_SurgicalServices_MedicalandDental_Urology,01/11/2021,0,2,
UrologyMedStfMPH16002_SurgicalServices_MedicalandDental_Urology,01/07/2022,0,1,
UrologyMedStfMPH16002_SurgicalServices_MedicalandDental_Urology,01/08/2022,0,1,
UrologyMedStfMPH16002_SurgicalServices_MedicalandDental_Urology,01/10/2022,0,3,
UrologyMedStfMPH16002_SurgicalServices_MedicalandDental_Urology,01/03/2023,0,1,
UrologyMedStfMPH16002_SurgicalServices_MedicalandDental_Urology,01/04/2023,0,1,
UrologyMedStfMPH16002_SurgicalServices_MedicalandDental_Urology,01/07/2023,0,2,
UrologyMedStfMPH16002_SurgicalServices_MedicalandDental_Urology,01/10/2023,0,3,
UrologyMedStfMPH16002_SurgicalServices_MedicalandDental_Urology,01/06/2024,1,0,
UrologyMedStfMPH16002_SurgicalServices_MedicalandDental_Urology,01/07/2024,0,3,
UrologyMedStfMPH16002_SurgicalServices_MedicalandDental_Urology,01/10/2024,0,1,
UrologyMedStfMPH16002_SurgicalServices_MedicalandDental_Urology,01/12/2024,0,1,
UrologyMedStfMPH16002_SurgicalServices_MedicalandDental_Urology,01/01/2025,1,0,
UrologyMedStfMPH16002_SurgicalServices_MedicalandDental_Urology,01/04/2025,0,1,
UrologyMedicalStaffYDH75808_SurgicalServices_MedicalandDental_Urology,01/06/2022,0,1,
UrologyMedicalStaffYDH75808_SurgicalServices_MedicalandDental_Urology,01/03/2023,0,1,
UrologyMedicalStaffYDH75808_SurgicalServices_MedicalandDental_Urology,01/01/2024,0,1,
UrologyNurse75809_SurgicalServices_NursingandMidwiferyRegistered_Urology,01/11/2024,1,0,
VascularMedStf10012_SurgicalServices_AdditionalClinicalServices_Vascular,01/07/2024,0,1,
VascularMedStf10012_SurgicalServices_MedicalandDental_Vascular,01/07/2021,0,3,
VascularMedStf10012_SurgicalServices_MedicalandDental_Vascular,01/08/2021,0,2,
VascularMedStf10012_SurgicalServices_MedicalandDental_Vascular,01/10/2021,0,1,
VascularMedStf10012_SurgicalServices_MedicalandDental_Vascular,01/04/2022,0,1,
VascularMedStf10012_SurgicalServices_MedicalandDental_Vascular,01/07/2022,0,3,
VascularMedStf10012_SurgicalServices_MedicalandDental_Vascular,01/08/2022,0,3,
VascularMedStf10012_SurgicalServices_MedicalandDental_Vascular,01/09/2022,0,1,
VascularMedStf10012_SurgicalServices_MedicalandDental_Vascular,01/10/2022,0,1,
VascularMedStf10012_SurgicalServices_MedicalandDental_Vascular,01/12/2022,0,1,
VascularMedStf10012_SurgicalServices_MedicalandDental_Vascular,01/07/2023,0,4,
VascularMedStf10012_SurgicalServices_MedicalandDental_Vascular,01/08/2023,0,1,
VascularMedStf10012_SurgicalServices_MedicalandDental_Vascular,01/10/2023,0,4,
VascularMedStf10012_SurgicalServices_MedicalandDental_Vascular,01/04/2024,0,1,
VascularMedStf10012_SurgicalServices_MedicalandDental_Vascular,01/07/2024,0,3,
VascularMedStf10012_SurgicalServices_MedicalandDental_Vascular,01/08/2024,0,1,
VascularMedStf10012_SurgicalServices_MedicalandDental_Vascular,01/10/2024,0,4,
VascularMedStf10012_SurgicalServices_NursingandMidwiferyRegistered_Vascular,01/12/2023,0,1,
VascularMedStf10012_SurgicalServices_NursingandMidwiferyRegistered_Vascular,01/10/2024,1,0,
VascularMedStf10012_SurgicalServices_NursingandMidwiferyRegistered_Vascular,01/11/2024,0,1,
VascularMedStf10012_SurgicalServices_NursingandMidwiferyRegistered_Vascular,01/01/2025,1,0,
VascularMedStf10012_SurgicalServices_NursingandMidwiferyRegistered_Vascular,01/02/2025,0,1,
VascularNurse10013_SurgicalServices_NursingandMidwiferyRegistered_Vascular,01/11/2021,0,1,
VascularNurse10013_SurgicalServices_NursingandMidwiferyRegistered_Vascular,01/11/2022,0,1,
VascularNurse10013_SurgicalServices_NursingandMidwiferyRegistered_Vascular,01/12/2023,0,1,
VascularNurse10013_SurgicalServices_NursingandMidwiferyRegistered_Vascular,01/08/2024,1,0,
VascularNurse10013_SurgicalServices_NursingandMidwiferyRegistered_Vascular,01/01/2025,0,1,
VisitingPathwayAdmin75866_SurgicalServices_AdministrativeandClerical_OtherSurgery,01/05/2021,0,1,
VisitingPathwayAdmin75866_SurgicalServices_AdministrativeandClerical_OtherSurgery,01/07/2021,0,1,
VisitingPathwayAdmin75866_SurgicalServices_AdministrativeandClerical_OtherSurgery,01/03/2022,0,1,
VisitingPathwayAdmin75866_SurgicalServices_AdministrativeandClerical_OtherSurgery,01/05/2022,0,1,
VisitingPathwayAdmin75866_SurgicalServices_AdministrativeandClerical_OtherSurgery,01/06/2022,0,2,
VisitingPathwayAdmin75866_SurgicalServices_AdministrativeandClerical_OtherSurgery,01/12/2022,0,1,
VisitingPathwayAdmin75866_SurgicalServices_AdministrativeandClerical_OtherSurgery,01/01/2023,0,1,
VisitingPathwayAdmin75866_SurgicalServices_AdministrativeandClerical_OtherSurgery,01/02/2023,0,1,
VisitingPathwayAdmin75866_SurgicalServices_AdministrativeandClerical_OtherSurgery,01/11/2023,0,1,
VisitingPathwayAdmin75866_SurgicalServices_AdministrativeandClerical_OtherSurgery,01/01/2024,0,1,
VisitingPathwayAdmin75866_SurgicalServices_AdministrativeandClerical_OtherSurgery,01/12/2024,2,0,
Volunteers75462_CorporateSupportServices_AdministrativeandClerical_Resourcing,01/01/2022,0,1,
Volunteers75462_CorporateSupportServices_AdministrativeandClerical_Resourcing,01/02/2023,0,1,
Volunteers75462_CorporateSupportServices_AdministrativeandClerical_Resourcing,01/05/2024,0,1,
Volunteers75462_CorporateSupportServices_AdministrativeandClerical_Resourcing,01/10/2024,1,0,
Ward1076250_CYP&FamiliesServices_AdditionalClinicalServices_AcutePaediatrics,01/10/2021,0,1,
Ward1076250_CYP&FamiliesServices_AdditionalClinicalServices_AcutePaediatrics,01/08/2022,0,1,
Ward1076250_CYP&FamiliesServices_AdditionalClinicalServices_AcutePaediatrics,01/09/2023,0,1,
Ward1076250_CYP&FamiliesServices_AdditionalClinicalServices_AcutePaediatrics,01/02/2024,0,1,
Ward1076250_CYP&FamiliesServices_AdditionalClinicalServices_AcutePaediatrics,01/06/2024,0,1,
Ward1076250_CYP&FamiliesServices_AdditionalClinicalServices_AcutePaediatrics,01/07/2024,1,0,
Ward1076250_CYP&FamiliesServices_AdditionalClinicalServices_AcutePaediatrics,01/09/2024,0,1,
Ward1076250_CYP&FamiliesServices_NursingandMidwiferyRegistered_AcutePaediatrics,01/10/2021,0,1,
Ward1076250_CYP&FamiliesServices_NursingandMidwiferyRegistered_AcutePaediatrics,01/02/2022,0,1,
Ward1076250_CYP&FamiliesServices_NursingandMidwiferyRegistered_AcutePaediatrics,01/06/2022,0,1,
Ward1076250_CYP&FamiliesServices_NursingandMidwiferyRegistered_AcutePaediatrics,01/08/2022,0,1,
Ward1076250_CYP&FamiliesServices_NursingandMidwiferyRegistered_AcutePaediatrics,01/05/2023,0,1,
Ward1076250_CYP&FamiliesServices_NursingandMidwiferyRegistered_AcutePaediatrics,01/09/2023,0,1,
Ward1076250_CYP&FamiliesServices_NursingandMidwiferyRegistered_AcutePaediatrics,01/10/2023,0,1,
Ward1076250_CYP&FamiliesServices_NursingandMidwiferyRegistered_AcutePaediatrics,01/01/2024,0,1,
Ward1076250_CYP&FamiliesServices_NursingandMidwiferyRegistered_AcutePaediatrics,01/08/2024,0,1,
Ward1076250_CYP&FamiliesServices_NursingandMidwiferyRegistered_AcutePaediatrics,01/09/2024,0,1,
Ward1076250_CYP&FamiliesServices_NursingandMidwiferyRegistered_AcutePaediatrics,01/10/2024,2,0,
Ward1076250_CYP&FamiliesServices_Students_AcutePaediatrics,01/05/2021,0,1,
Ward1076250_CYP&FamiliesServices_Students_AcutePaediatrics,01/02/2022,0,1,
Ward1076250_CYP&FamiliesServices_Students_AcutePaediatrics,01/09/2022,0,1,
Ward1076250_CYP&FamiliesServices_Students_AcutePaediatrics,01/11/2022,0,2,
Ward1076250_CYP&FamiliesServices_Students_AcutePaediatrics,01/02/2023,0,1,
Ward1076250_CYP&FamiliesServices_Students_AcutePaediatrics,01/04/2024,0,2,
Ward1076250_CYP&FamiliesServices_Students_AcutePaediatrics,01/06/2024,0,1,
Ward6A-GenMed75755_MedicalServices_AdditionalClinicalServices_Acute/GeneralMedicineDEPT,01/09/2021,0,2,
Ward6A-GenMed75755_MedicalServices_AdditionalClinicalServices_Acute/GeneralMedicineDEPT,01/10/2021,0,2,
Ward6A-GenMed75755_MedicalServices_AdditionalClinicalServices_Acute/GeneralMedicineDEPT,01/11/2021,0,2,
Ward6A-GenMed75755_MedicalServices_AdditionalClinicalServices_Acute/GeneralMedicineDEPT,01/01/2022,0,1,
Ward6A-GenMed75755_MedicalServices_AdditionalClinicalServices_Acute/GeneralMedicineDEPT,01/04/2022,0,2,
Ward6A-GenMed75755_MedicalServices_AdditionalClinicalServices_Acute/GeneralMedicineDEPT,01/06/2022,0,1,
Ward6A-GenMed75755_MedicalServices_AdditionalClinicalServices_Acute/GeneralMedicineDEPT,01/09/2022,0,2,
Ward6A-GenMed75755_MedicalServices_AdditionalClinicalServices_Acute/GeneralMedicineDEPT,01/10/2022,0,2,
Ward6A-GenMed75755_MedicalServices_AdditionalClinicalServices_Acute/GeneralMedicineDEPT,01/04/2023,0,2,
Ward6A-GenMed75755_MedicalServices_AdditionalClinicalServices_Acute/GeneralMedicineDEPT,01/05/2023,0,3,
Ward6A-GenMed75755_MedicalServices_AdditionalClinicalServices_Acute/GeneralMedicineDEPT,01/06/2023,0,3,
Ward6A-GenMed75755_MedicalServices_AdditionalClinicalServices_Acute/GeneralMedicineDEPT,01/10/2023,0,1,
Ward6A-GenMed75755_MedicalServices_AdditionalClinicalServices_Acute/GeneralMedicineDEPT,01/01/2024,0,2,
Ward6A-GenMed75755_MedicalServices_AdditionalClinicalServices_Acute/GeneralMedicineDEPT,01/04/2024,1,0,
Ward6A-GenMed75755_MedicalServices_AdditionalClinicalServices_Acute/GeneralMedicineDEPT,01/07/2024,1,0,
Ward6A-GenMed75755_MedicalServices_AdditionalClinicalServices_Acute/GeneralMedicineDEPT,01/02/2025,0,2,
Ward6A-GenMed75755_MedicalServices_AdditionalClinicalServices_Acute/GeneralMedicineDEPT,01/03/2025,0,1,
Ward6A-GenMed75755_MedicalServices_NursingandMidwiferyRegistered_Acute/GeneralMedicineDEPT,01/11/2023,0,1,
Ward6A-GenMed75755_MedicalServices_NursingandMidwiferyRegistered_Acute/GeneralMedicineDEPT,01/07/2024,2,0,
Ward6A-GenMed75755_MedicalServices_NursingandMidwiferyRegistered_Acute/GeneralMedicineDEPT,01/11/2024,1,0,
Ward6A-GenMed75755_MedicalServices_Students_Acute/GeneralMedicineDEPT,01/05/2021,0,2,
Ward6A-GenMed75755_MedicalServices_Students_Acute/GeneralMedicineDEPT,01/11/2021,0,1,
Ward6A-GenMed75755_MedicalServices_Students_Acute/GeneralMedicineDEPT,01/12/2021,0,1,
Ward6A-GenMed75755_MedicalServices_Students_Acute/GeneralMedicineDEPT,01/01/2022,0,1,
Ward6A-GenMed75755_MedicalServices_Students_Acute/GeneralMedicineDEPT,01/02/2022,0,1,
Ward6A-GenMed75755_MedicalServices_Students_Acute/GeneralMedicineDEPT,01/04/2022,0,1,
Ward6A-GenMed75755_MedicalServices_Students_Acute/GeneralMedicineDEPT,01/08/2022,0,1,
Ward6A-GenMed75755_MedicalServices_Students_Acute/GeneralMedicineDEPT,01/10/2022,0,1,
Ward6A-GenMed75755_MedicalServices_Students_Acute/GeneralMedicineDEPT,01/02/2023,0,1,
Ward6A-GenMed75755_MedicalServices_Students_Acute/GeneralMedicineDEPT,01/04/2023,0,1,
Ward6A-GenMed75755_MedicalServices_Students_Acute/GeneralMedicineDEPT,01/11/2023,0,1,
Ward7B-T&O/Elective75753_SurgicalServices_AdditionalClinicalServices_T&O,01/09/2021,0,1,
Ward7B-T&O/Elective75753_SurgicalServices_AdditionalClinicalServices_T&O,01/01/2022,0,3,
Ward7B-T&O/Elective75753_SurgicalServices_AdditionalClinicalServices_T&O,01/06/2022,0,2,
Ward7B-T&O/Elective75753_SurgicalServices_AdditionalClinicalServices_T&O,01/07/2022,0,1,
Ward7B-T&O/Elective75753_SurgicalServices_AdditionalClinicalServices_T&O,01/09/2022,0,2,
Ward7B-T&O/Elective75753_SurgicalServices_AdditionalClinicalServices_T&O,01/10/2022,0,1,
Ward7B-T&O/Elective75753_SurgicalServices_AdditionalClinicalServices_T&O,01/11/2022,0,2,
Ward7B-T&O/Elective75753_SurgicalServices_AdditionalClinicalServices_T&O,01/03/2023,0,2,
Ward7B-T&O/Elective75753_SurgicalServices_AdditionalClinicalServices_T&O,01/04/2023,0,1,
Ward7B-T&O/Elective75753_SurgicalServices_AdditionalClinicalServices_T&O,01/09/2023,0,1,
Ward7B-T&O/Elective75753_SurgicalServices_AdditionalClinicalServices_T&O,01/12/2023,0,1,
Ward7B-T&O/Elective75753_SurgicalServices_AdditionalClinicalServices_T&O,01/04/2024,0,1,
Ward7B-T&O/Elective75753_SurgicalServices_AdditionalClinicalServices_T&O,01/05/2024,1,2,
Ward7B-T&O/Elective75753_SurgicalServices_AdditionalClinicalServices_T&O,01/07/2024,1,0,
Ward7B-T&O/Elective75753_SurgicalServices_AdditionalClinicalServices_T&O,01/08/2024,1,0,
Ward7B-T&O/Elective75753_SurgicalServices_AdditionalClinicalServices_T&O,01/09/2024,0,1,
Ward7B-T&O/Elective75753_SurgicalServices_AdditionalClinicalServices_T&O,01/01/2025,1,1,
Ward7B-T&O/Elective75753_SurgicalServices_AdditionalClinicalServices_T&O,01/02/2025,1,0,
Ward7B-T&O/Elective75753_SurgicalServices_AdditionalClinicalServices_T&O,01/03/2025,1,0,
Ward7B-T&O/Elective75753_SurgicalServices_NursingandMidwiferyRegistered_T&O,01/10/2023,0,2,
Ward7B-T&O/Elective75753_SurgicalServices_NursingandMidwiferyRegistered_T&O,01/11/2023,0,1,
Ward7B-T&O/Elective75753_SurgicalServices_NursingandMidwiferyRegistered_T&O,01/05/2024,0,1,
Ward7B-T&O/Elective75753_SurgicalServices_NursingandMidwiferyRegistered_T&O,01/07/2024,0,1,
Ward7B-T&O/Elective75753_SurgicalServices_Students_T&O,01/06/2021,0,1,
Ward7B-T&O/Elective75753_SurgicalServices_Students_T&O,01/07/2021,0,1,
Ward7B-T&O/Elective75753_SurgicalServices_Students_T&O,01/08/2021,0,1,
Ward7B-T&O/Elective75753_SurgicalServices_Students_T&O,01/11/2021,0,1,
Ward7B-T&O/Elective75753_SurgicalServices_Students_T&O,01/12/2021,0,2,
Ward7B-T&O/Elective75753_SurgicalServices_Students_T&O,01/01/2022,0,1,
Ward7B-T&O/Elective75753_SurgicalServices_Students_T&O,01/02/2022,0,1,
Ward7B-T&O/Elective75753_SurgicalServices_Students_T&O,01/03/2022,0,1,
Ward7B-T&O/Elective75753_SurgicalServices_Students_T&O,01/10/2022,0,1,
Ward7B-T&O/Elective75753_SurgicalServices_Students_T&O,01/02/2023,0,1,
Ward7B-T&O/Elective75753_SurgicalServices_Students_T&O,01/03/2023,0,1,
Ward7B-T&O/Elective75753_SurgicalServices_Students_T&O,01/04/2023,0,1,
Ward7B-T&O/Elective75753_SurgicalServices_Students_T&O,01/08/2023,0,1,
Ward7B-T&O/Elective75753_SurgicalServices_Students_T&O,01/11/2023,0,1,
Ward7B-T&O/Elective75753_SurgicalServices_Students_T&O,01/04/2024,0,2,
Ward7B-T&O/Elective75753_SurgicalServices_Students_T&O,01/06/2024,0,1,
Ward8BStrokeandGenMed76330_MedicalServices_AdditionalClinicalServices_Stroke,01/07/2021,0,1,
Ward8BStrokeandGenMed76330_MedicalServices_AdditionalClinicalServices_Stroke,01/09/2021,0,3,
Ward8BStrokeandGenMed76330_MedicalServices_AdditionalClinicalServices_Stroke,01/11/2021,0,2,
Ward8BStrokeandGenMed76330_MedicalServices_AdditionalClinicalServices_Stroke,01/01/2022,0,2,
Ward8BStrokeandGenMed76330_MedicalServices_AdditionalClinicalServices_Stroke,01/11/2022,0,1,
Ward8BStrokeandGenMed76330_MedicalServices_AdditionalClinicalServices_Stroke,01/04/2023,0,1,
Ward8BStrokeandGenMed76330_MedicalServices_AdditionalClinicalServices_Stroke,01/06/2023,0,1,
Ward8BStrokeandGenMed76330_MedicalServices_AdditionalClinicalServices_Stroke,01/10/2023,0,1,
Ward8BStrokeandGenMed76330_MedicalServices_AdditionalClinicalServices_Stroke,01/04/2024,0,1,
Ward8BStrokeandGenMed76330_MedicalServices_AdditionalClinicalServices_Stroke,01/08/2024,1,0,
Ward8BStrokeandGenMed76330_MedicalServices_AdditionalClinicalServices_Stroke,01/09/2024,2,0,
Ward8BStrokeandGenMed76330_MedicalServices_AdditionalClinicalServices_Stroke,01/10/2024,1,0,
Ward8BStrokeandGenMed76330_MedicalServices_AdditionalClinicalServices_Stroke,01/03/2025,1,2,
Ward8BStrokeandGenMed76330_MedicalServices_AdditionalClinicalServices_Stroke,01/04/2025,1,0,
Ward8BStrokeandGenMed76330_MedicalServices_NursingandMidwiferyRegistered_Stroke,01/12/2023,0,1,
Ward8BStrokeandGenMed76330_MedicalServices_NursingandMidwiferyRegistered_Stroke,01/04/2024,1,0,
Ward8BStrokeandGenMed76330_MedicalServices_NursingandMidwiferyRegistered_Stroke,01/01/2025,1,0,
Ward8BStrokeandGenMed76330_MedicalServices_Students_Stroke,01/08/2021,0,1,
Ward8BStrokeandGenMed76330_MedicalServices_Students_Stroke,01/11/2021,0,2,
Ward8BStrokeandGenMed76330_MedicalServices_Students_Stroke,01/04/2022,0,1,
Ward8BStrokeandGenMed76330_MedicalServices_Students_Stroke,01/05/2022,0,1,
Ward8BStrokeandGenMed76330_MedicalServices_Students_Stroke,01/01/2023,0,1,
Ward8BStrokeandGenMed76330_MedicalServices_Students_Stroke,01/02/2023,0,1,
Ward8BStrokeandGenMed76330_MedicalServices_Students_Stroke,01/03/2023,0,1,
Ward8BStrokeandGenMed76330_MedicalServices_Students_Stroke,01/07/2023,0,2,
Ward8BStrokeandGenMed76330_MedicalServices_Students_Stroke,01/10/2023,0,1,
Ward8BStrokeandGenMed76330_MedicalServices_Students_Stroke,01/11/2023,0,1,
Ward933100_ClinicalSupportandCancerServices_AdditionalClinicalServices_Haematology,01/01/2025,0,1,
Ward933100_ClinicalSupportandCancerServices_NursingandMidwiferyRegistered_Haematology,01/07/2022,0,1,
Ward9B-Endo&COOP76283_MedicalServices_AdditionalClinicalServices_Endocrinology,01/09/2021,0,1,
Ward9B-Endo&COOP76283_MedicalServices_AdditionalClinicalServices_Endocrinology,01/02/2022,0,2,
Ward9B-Endo&COOP76283_MedicalServices_AdditionalClinicalServices_Endocrinology,01/10/2022,0,1,
Ward9B-Endo&COOP76283_MedicalServices_AdditionalClinicalServices_Endocrinology,01/11/2022,0,1,
Ward9B-Endo&COOP76283_MedicalServices_AdditionalClinicalServices_Endocrinology,01/01/2023,0,2,
Ward9B-Endo&COOP76283_MedicalServices_AdditionalClinicalServices_Endocrinology,01/03/2023,0,2,
Ward9B-Endo&COOP76283_MedicalServices_AdditionalClinicalServices_Endocrinology,01/09/2023,0,2,
Ward9B-Endo&COOP76283_MedicalServices_AdditionalClinicalServices_Endocrinology,01/10/2023,0,1,
Ward9B-Endo&COOP76283_MedicalServices_AdditionalClinicalServices_Endocrinology,01/12/2023,0,2,
Ward9B-Endo&COOP76283_MedicalServices_AdditionalClinicalServices_Endocrinology,01/02/2024,0,1,
Ward9B-Endo&COOP76283_MedicalServices_AdditionalClinicalServices_Endocrinology,01/04/2024,0,2,
Ward9B-Endo&COOP76283_MedicalServices_AdditionalClinicalServices_Endocrinology,01/05/2024,1,0,
Ward9B-Endo&COOP76283_MedicalServices_AdditionalClinicalServices_Endocrinology,01/07/2024,1,0,
Ward9B-Endo&COOP76283_MedicalServices_AdditionalClinicalServices_Endocrinology,01/09/2024,1,0,
Ward9B-Endo&COOP76283_MedicalServices_AdditionalClinicalServices_Endocrinology,01/01/2025,1,0,
Ward9B-Endo&COOP76283_MedicalServices_NursingandMidwiferyRegistered_Endocrinology,01/05/2021,0,1,
Ward9B-Endo&COOP76283_MedicalServices_NursingandMidwiferyRegistered_Endocrinology,01/06/2021,0,1,
Ward9B-Endo&COOP76283_MedicalServices_NursingandMidwiferyRegistered_Endocrinology,01/07/2023,0,1,
Ward9B-Endo&COOP76283_MedicalServices_NursingandMidwiferyRegistered_Endocrinology,01/04/2024,1,0,
Ward9B-Endo&COOP76283_MedicalServices_NursingandMidwiferyRegistered_Endocrinology,01/05/2024,1,0,
Ward9B-Endo&COOP76283_MedicalServices_NursingandMidwiferyRegistered_Endocrinology,01/08/2024,1,0,
Ward9B-Endo&COOP76283_MedicalServices_NursingandMidwiferyRegistered_Endocrinology,01/03/2025,1,0,
Ward9B-Endo&COOP76283_MedicalServices_Students_Endocrinology,01/05/2021,0,1,
Ward9B-Endo&COOP76283_MedicalServices_Students_Endocrinology,01/08/2021,0,1,
Ward9B-Endo&COOP76283_MedicalServices_Students_Endocrinology,01/12/2021,0,1,
Ward9B-Endo&COOP76283_MedicalServices_Students_Endocrinology,01/01/2022,0,1,
Ward9B-Endo&COOP76283_MedicalServices_Students_Endocrinology,01/02/2022,0,1,
Ward9B-Endo&COOP76283_MedicalServices_Students_Endocrinology,01/03/2022,0,1,
Ward9B-Endo&COOP76283_MedicalServices_Students_Endocrinology,01/05/2022,0,1,
Ward9B-Endo&COOP76283_MedicalServices_Students_Endocrinology,01/10/2022,0,1,
Ward9B-Endo&COOP76283_MedicalServices_Students_Endocrinology,01/03/2023,0,1,
Ward9B-Endo&COOP76283_MedicalServices_Students_Endocrinology,01/04/2023,0,1,
Ward9B-Endo&COOP76283_MedicalServices_Students_Endocrinology,01/08/2023,0,1,
Ward9B-Endo&COOP76283_MedicalServices_Students_Endocrinology,01/10/2023,0,3,
Ward9B-Endo&COOP76283_MedicalServices_Students_Endocrinology,01/02/2024,0,1,
WardClerks75463_OperationalManagement_AdministrativeandClerical_ClinicalSiteManagers,01/05/2021,0,1,
WardClerks75463_OperationalManagement_AdministrativeandClerical_ClinicalSiteManagers,01/06/2021,0,4,
WardClerks75463_OperationalManagement_AdministrativeandClerical_ClinicalSiteManagers,01/08/2021,0,1,
WardClerks75463_OperationalManagement_AdministrativeandClerical_ClinicalSiteManagers,01/10/2021,0,1,
WardClerks75463_OperationalManagement_AdministrativeandClerical_ClinicalSiteManagers,01/11/2021,0,2,
WardClerks75463_OperationalManagement_AdministrativeandClerical_ClinicalSiteManagers,01/01/2022,0,3,
WardClerks75463_OperationalManagement_AdministrativeandClerical_ClinicalSiteManagers,01/03/2022,0,1,
WardClerks75463_OperationalManagement_AdministrativeandClerical_ClinicalSiteManagers,01/04/2022,0,2,
WardClerks75463_OperationalManagement_AdministrativeandClerical_ClinicalSiteManagers,01/06/2022,0,2,
WardClerks75463_OperationalManagement_AdministrativeandClerical_ClinicalSiteManagers,01/08/2022,0,1,
WardClerks75463_OperationalManagement_AdministrativeandClerical_ClinicalSiteManagers,01/10/2022,0,1,
WardClerks75463_OperationalManagement_AdministrativeandClerical_ClinicalSiteManagers,01/01/2023,0,2,
WardClerks75463_OperationalManagement_AdministrativeandClerical_ClinicalSiteManagers,01/06/2023,0,2,
WardClerks75463_OperationalManagement_AdministrativeandClerical_ClinicalSiteManagers,01/11/2023,0,2,
WardClerks75463_OperationalManagement_AdministrativeandClerical_ClinicalSiteManagers,01/01/2024,0,1,
WardClerks75463_OperationalManagement_AdministrativeandClerical_ClinicalSiteManagers,01/04/2024,1,0,
WardClerks75463_OperationalManagement_AdministrativeandClerical_ClinicalSiteManagers,01/05/2024,1,0,
WardClerks75463_OperationalManagement_AdministrativeandClerical_ClinicalSiteManagers,01/07/2024,2,2,
WardClerks75463_OperationalManagement_AdministrativeandClerical_ClinicalSiteManagers,01/08/2024,2,0,
WardClerks75463_OperationalManagement_AdministrativeandClerical_ClinicalSiteManagers,01/09/2024,2,0,
WardClerks75463_OperationalManagement_AdministrativeandClerical_ClinicalSiteManagers,01/11/2024,2,0,
WardClerks75463_OperationalManagement_AdministrativeandClerical_ClinicalSiteManagers,01/12/2024,0,1,
WardClerks75463_OperationalManagement_AdministrativeandClerical_ClinicalSiteManagers,01/01/2025,1,0,
WardClerks75463_OperationalManagement_AdministrativeandClerical_ClinicalSiteManagers,01/03/2025,4,5,
WarwickHouseMedicalCentre63010_CorporateSupportServices_AdministrativeandClerical_GPSurgeriesDEPT,01/09/2021,0,1,
WellingtonHotelServices21662_CorporateSupportServices_EstatesandAncillary_EstatesandFacilities-SFT,01/09/2023,0,1,
WellspringsServiceAssistants50184_MentalHealthandLearningDisabilities_EstatesandAncillary_InpatientsDEPT,01/06/2021,0,1,
WellspringsServiceAssistants50184_MentalHealthandLearningDisabilities_EstatesandAncillary_InpatientsDEPT,01/05/2022,0,1,
WellspringsServiceAssistants50184_MentalHealthandLearningDisabilities_EstatesandAncillary_InpatientsDEPT,01/07/2022,0,2,
WellspringsServiceAssistants50184_MentalHealthandLearningDisabilities_EstatesandAncillary_InpatientsDEPT,01/12/2022,0,1,
WellspringsServiceAssistants50184_MentalHealthandLearningDisabilities_EstatesandAncillary_InpatientsDEPT,01/04/2023,0,1,
WellspringsServiceAssistants50184_MentalHealthandLearningDisabilities_EstatesandAncillary_InpatientsDEPT,01/06/2023,0,2,
WellspringsServiceAssistants50184_MentalHealthandLearningDisabilities_EstatesandAncillary_InpatientsDEPT,01/01/2024,0,1,
WellspringsServiceAssistants50184_MentalHealthandLearningDisabilities_EstatesandAncillary_InpatientsDEPT,01/02/2024,0,1,
WellspringsServiceAssistants50184_MentalHealthandLearningDisabilities_EstatesandAncillary_InpatientsDEPT,01/12/2024,0,3,
WellspringsServiceAssistants50184_MentalHealthandLearningDisabilities_EstatesandAncillary_InpatientsDEPT,01/03/2025,1,0,
WellspringsServiceAssistants50184_MentalHealthandLearningDisabilities_EstatesandAncillary_InpatientsDEPT,01/04/2025,0,1,
WessexHouseTeam40110_MentalHealthandLearningDisabilities_AddProfScientificandTechnic_InpatientsDEPT,01/10/2023,0,1,
WessexHouseTeam40110_MentalHealthandLearningDisabilities_AdditionalClinicalServices_InpatientsDEPT,01/06/2021,0,1,
WessexHouseTeam40110_MentalHealthandLearningDisabilities_AdditionalClinicalServices_InpatientsDEPT,01/08/2021,0,2,
WessexHouseTeam40110_MentalHealthandLearningDisabilities_AdditionalClinicalServices_InpatientsDEPT,01/09/2021,0,4,
WessexHouseTeam40110_MentalHealthandLearningDisabilities_AdditionalClinicalServices_InpatientsDEPT,01/02/2022,0,2,
WessexHouseTeam40110_MentalHealthandLearningDisabilities_AdditionalClinicalServices_InpatientsDEPT,01/07/2022,0,1,
WessexHouseTeam40110_MentalHealthandLearningDisabilities_AdditionalClinicalServices_InpatientsDEPT,01/01/2023,0,1,
WessexHouseTeam40110_MentalHealthandLearningDisabilities_AdditionalClinicalServices_InpatientsDEPT,01/05/2023,0,1,
WessexHouseTeam40110_MentalHealthandLearningDisabilities_AdditionalClinicalServices_InpatientsDEPT,01/08/2023,0,2,
WessexHouseTeam40110_MentalHealthandLearningDisabilities_AdditionalClinicalServices_InpatientsDEPT,01/09/2023,0,2,
WessexHouseTeam40110_MentalHealthandLearningDisabilities_AdditionalClinicalServices_InpatientsDEPT,01/10/2023,0,1,
WessexHouseTeam40110_MentalHealthandLearningDisabilities_AdditionalClinicalServices_InpatientsDEPT,01/11/2023,0,1,
WessexHouseTeam40110_MentalHealthandLearningDisabilities_AdditionalClinicalServices_InpatientsDEPT,01/01/2024,0,1,
WessexHouseTeam40110_MentalHealthandLearningDisabilities_AdditionalClinicalServices_InpatientsDEPT,01/02/2024,0,2,
WessexHouseTeam40110_MentalHealthandLearningDisabilities_AdditionalClinicalServices_InpatientsDEPT,01/04/2024,1,0,
WessexHouseTeam40110_MentalHealthandLearningDisabilities_AdditionalClinicalServices_InpatientsDEPT,01/08/2024,1,0,
WessexHouseTeam40110_MentalHealthandLearningDisabilities_AdditionalClinicalServices_InpatientsDEPT,01/09/2024,3,1,
WessexHouseTeam40110_MentalHealthandLearningDisabilities_NursingandMidwiferyRegistered_InpatientsDEPT,01/09/2021,0,1,
WessexHouseTeam40110_MentalHealthandLearningDisabilities_NursingandMidwiferyRegistered_InpatientsDEPT,01/05/2022,0,1,
WessexHouseTeam40110_MentalHealthandLearningDisabilities_NursingandMidwiferyRegistered_InpatientsDEPT,01/11/2024,0,1,
WestMendipAbbeyWard20501_NeighbourhoodServices_AdditionalClinicalServices_WestMendipCommunityHospital,01/03/2022,0,1,
WestMendipAbbeyWard20501_NeighbourhoodServices_AdditionalClinicalServices_WestMendipCommunityHospital,01/01/2023,0,1,
WestMendipAbbeyWard20501_NeighbourhoodServices_AdditionalClinicalServices_WestMendipCommunityHospital,01/01/2024,0,2,
WestMendipAbbeyWard20501_NeighbourhoodServices_AdditionalClinicalServices_WestMendipCommunityHospital,01/11/2024,1,0,
WestMendipAbbeyWard20501_NeighbourhoodServices_NursingandMidwiferyRegistered_WestMendipCommunityHospital,01/06/2022,0,1,
WestMendipAbbeyWard20501_NeighbourhoodServices_NursingandMidwiferyRegistered_WestMendipCommunityHospital,01/02/2023,0,1,
WestMendipAdministration21680_NeighbourhoodServices_AdministrativeandClerical_WestMendipCommunityHospital,01/10/2021,0,1,
WestMendipAdministration21680_NeighbourhoodServices_AdministrativeandClerical_WestMendipCommunityHospital,01/04/2024,1,1,
WestMendipAdministration21680_NeighbourhoodServices_AdministrativeandClerical_WestMendipCommunityHospital,01/04/2025,1,0,
WestMendipAdministration21680_NeighbourhoodServices_NursingandMidwiferyRegistered_WestMendipCommunityHospital,01/04/2024,0,1,
WestMendipCatering21681_CorporateSupportServices_EstatesandAncillary_EstatesandFacilities-SFT,01/12/2024,2,0,
WestMendipCathedralWard20501_NeighbourhoodServices_AdditionalClinicalServices_WestMendipCommunityHospital,01/06/2022,0,1,
WestMendipCathedralWard20501_NeighbourhoodServices_AdditionalClinicalServices_WestMendipCommunityHospital,01/12/2022,0,1,
WestMendipCathedralWard20501_NeighbourhoodServices_AdditionalClinicalServices_WestMendipCommunityHospital,01/01/2023,0,1,
WestMendipCathedralWard20501_NeighbourhoodServices_NursingandMidwiferyRegistered_WestMendipCommunityHospital,01/09/2021,0,1,
WestMendipCathedralWard20501_NeighbourhoodServices_NursingandMidwiferyRegistered_WestMendipCommunityHospital,01/09/2022,0,1,
WestMendipCathedralWard20501_NeighbourhoodServices_NursingandMidwiferyRegistered_WestMendipCommunityHospital,01/02/2023,0,1,
WestMendipCathedralWard20501_NeighbourhoodServices_NursingandMidwiferyRegistered_WestMendipCommunityHospital,01/02/2025,1,0,
WestMendipCathedralWard20501_NeighbourhoodServices_NursingandMidwiferyRegistered_WestMendipCommunityHospital,01/03/2025,1,0,
WestMendipCathedralWard20501_NeighbourhoodServices_NursingandMidwiferyRegistered_WestMendipCommunityHospital,01/04/2025,0,1,
WestMendipHotelServices21682_CorporateSupportServices_AdministrativeandClerical_EstatesandFacilities-SFT,01/05/2022,0,1,
WestMendipHotelServices21682_CorporateSupportServices_AdministrativeandClerical_EstatesandFacilities-SFT,01/04/2025,1,0,
WestMendipHotelServices21682_CorporateSupportServices_EstatesandAncillary_EstatesandFacilities-SFT,01/06/2021,0,1,
WestMendipHotelServices21682_CorporateSupportServices_EstatesandAncillary_EstatesandFacilities-SFT,01/09/2021,0,1,
WestMendipHotelServices21682_CorporateSupportServices_EstatesandAncillary_EstatesandFacilities-SFT,01/01/2022,0,1,
WestMendipHotelServices21682_CorporateSupportServices_EstatesandAncillary_EstatesandFacilities-SFT,01/05/2022,0,2,
WestMendipHotelServices21682_CorporateSupportServices_EstatesandAncillary_EstatesandFacilities-SFT,01/10/2022,0,1,
WestMendipHotelServices21682_CorporateSupportServices_EstatesandAncillary_EstatesandFacilities-SFT,01/01/2023,0,1,
WestMendipHotelServices21682_CorporateSupportServices_EstatesandAncillary_EstatesandFacilities-SFT,01/02/2023,0,1,
WestMendipHotelServices21682_CorporateSupportServices_EstatesandAncillary_EstatesandFacilities-SFT,01/04/2023,0,1,
WestMendipHotelServices21682_CorporateSupportServices_EstatesandAncillary_EstatesandFacilities-SFT,01/07/2024,1,0,
WestMendipHotelServices21682_CorporateSupportServices_EstatesandAncillary_EstatesandFacilities-SFT,01/12/2024,0,1,
WestMendipHotelServices21682_CorporateSupportServices_EstatesandAncillary_EstatesandFacilities-SFT,01/03/2025,1,0,
WestMendipHotelServices21682_CorporateSupportServices_EstatesandAncillary_EstatesandFacilities-SFT,01/04/2025,2,0,
WestMendipMIU20027_NeighbourhoodServices_AdditionalClinicalServices_MinorInjuryDEPT,01/09/2024,0,3,
WestMendipMIU20027_NeighbourhoodServices_AdditionalClinicalServices_MinorInjuryDEPT,01/10/2024,0,1,
WestMendipMIU20027_NeighbourhoodServices_AdditionalClinicalServices_MinorInjuryDEPT,01/03/2025,1,0,
WestMendipMIU20027_NeighbourhoodServices_AdministrativeandClerical_MinorInjuryDEPT,01/02/2022,0,1,
WestMendipMIU20027_NeighbourhoodServices_AdministrativeandClerical_MinorInjuryDEPT,01/02/2024,0,1,
WestMendipMIU20027_NeighbourhoodServices_NursingandMidwiferyRegistered_MinorInjuryDEPT,01/05/2021,0,1,
WestMendipMIU20027_NeighbourhoodServices_NursingandMidwiferyRegistered_MinorInjuryDEPT,01/03/2022,0,1,
WestMendipMIU20027_NeighbourhoodServices_NursingandMidwiferyRegistered_MinorInjuryDEPT,01/07/2022,0,1,
WestMendipMIU20027_NeighbourhoodServices_NursingandMidwiferyRegistered_MinorInjuryDEPT,01/12/2022,0,2,
WestMendipMIU20027_NeighbourhoodServices_NursingandMidwiferyRegistered_MinorInjuryDEPT,01/08/2023,0,1,
WestMendipMIU20027_NeighbourhoodServices_NursingandMidwiferyRegistered_MinorInjuryDEPT,01/08/2024,1,0,
WestMendipNursing20501_NeighbourhoodServices_AdditionalClinicalServices_WestMendipCommunityHospital,01/07/2021,0,2,
WestMendipNursing20501_NeighbourhoodServices_AdditionalClinicalServices_WestMendipCommunityHospital,01/08/2021,0,1,
WestMendipNursing20501_NeighbourhoodServices_AdditionalClinicalServices_WestMendipCommunityHospital,01/09/2021,0,2,
WestMendipNursing20501_NeighbourhoodServices_AdditionalClinicalServices_WestMendipCommunityHospital,01/11/2021,0,1,
WestMendipNursing20501_NeighbourhoodServices_AdditionalClinicalServices_WestMendipCommunityHospital,01/02/2022,0,1,
WestMendipNursing20501_NeighbourhoodServices_AdditionalClinicalServices_WestMendipCommunityHospital,01/03/2023,0,1,
WestMendipNursing20501_NeighbourhoodServices_AdditionalClinicalServices_WestMendipCommunityHospital,01/06/2023,0,1,
WestMendipNursing20501_NeighbourhoodServices_AdditionalClinicalServices_WestMendipCommunityHospital,01/11/2023,0,4,
WestMendipNursing20501_NeighbourhoodServices_NursingandMidwiferyRegistered_WestMendipCommunityHospital,01/01/2024,0,2,
WestMendipNursing20501_NeighbourhoodServices_NursingandMidwiferyRegistered_WestMendipCommunityHospital,01/10/2024,0,1,
WestMendipOPD21410_NeighbourhoodServices_AdditionalClinicalServices_WestMendipCommunityHospital,01/11/2023,0,1,
WestMendipSurgical17019_SurgicalServices_AdditionalClinicalServices_Theatres&DSC,01/09/2022,0,1,
WestMendipSurgical17019_SurgicalServices_AdditionalClinicalServices_Theatres&DSC,01/10/2022,0,1,
WestMendipSurgical17019_SurgicalServices_AdditionalClinicalServices_Theatres&DSC,01/11/2022,0,1,
WestMendipSurgical17019_SurgicalServices_NursingandMidwiferyRegistered_Theatres&DSC,01/08/2023,0,1,
WestSomersetIntegratedRehabilitationTeam61701_NeighbourhoodServices_AdditionalClinicalServices_IntTeamTaunton&WestSom,01/09/2022,0,1,
WestSomersetIntegratedRehabilitationTeam61701_NeighbourhoodServices_AdministrativeandClerical_IntTeamTaunton&WestSom,01/03/2022,0,1,
WestSomersetIntegratedRehabilitationTeam61701_NeighbourhoodServices_AlliedHealthProfessionals_IntTeamTaunton&WestSom,01/05/2021,0,1,
WestSomersetIntegratedRehabilitationTeam61701_NeighbourhoodServices_AlliedHealthProfessionals_IntTeamTaunton&WestSom,01/07/2021,0,1,
WestSomersetIntegratedRehabilitationTeam61701_NeighbourhoodServices_AlliedHealthProfessionals_IntTeamTaunton&WestSom,01/08/2022,0,1,
WestSomersetOPMH62100_NeighbourhoodServices_AddProfScientificandTechnic_IntTeamTaunton&WestSom,01/10/2021,0,1,
WestSomersetOPMH62100_NeighbourhoodServices_NursingandMidwiferyRegistered_IntTeamTaunton&WestSom,01/08/2024,0,1,
WillitonAdministration20630_NeighbourhoodServices_AdministrativeandClerical_WillitonCommunityHospital,01/06/2022,0,1,
WillitonAdministration20630_NeighbourhoodServices_AdministrativeandClerical_WillitonCommunityHospital,01/10/2022,0,1,
WillitonAdministration20630_NeighbourhoodServices_AdministrativeandClerical_WillitonCommunityHospital,01/07/2023,0,1,
WillitonAdministration20630_NeighbourhoodServices_AdministrativeandClerical_WillitonCommunityHospital,01/02/2025,1,0,
WillitonCatering20631_CorporateSupportServices_EstatesandAncillary_EstatesandFacilities-SFT,01/07/2024,0,1,
WillitonHotelServices20632_CorporateSupportServices_EstatesandAncillary_EstatesandFacilities-SFT,01/01/2022,0,1,
WillitonHotelServices20632_CorporateSupportServices_EstatesandAncillary_EstatesandFacilities-SFT,01/03/2022,0,3,
WillitonHotelServices20632_CorporateSupportServices_EstatesandAncillary_EstatesandFacilities-SFT,01/04/2022,0,1,
WillitonHotelServices20632_CorporateSupportServices_EstatesandAncillary_EstatesandFacilities-SFT,01/08/2022,0,2,
WillitonHotelServices20632_CorporateSupportServices_EstatesandAncillary_EstatesandFacilities-SFT,01/02/2023,0,2,
WillitonHotelServices20632_CorporateSupportServices_EstatesandAncillary_EstatesandFacilities-SFT,01/07/2023,0,2,
WillitonHotelServices20632_CorporateSupportServices_EstatesandAncillary_EstatesandFacilities-SFT,01/06/2024,0,1,
WillitonHotelServices20632_CorporateSupportServices_EstatesandAncillary_EstatesandFacilities-SFT,01/07/2024,0,1,
WillitonHotelServices20632_CorporateSupportServices_EstatesandAncillary_EstatesandFacilities-SFT,01/08/2024,0,1,
WillitonHotelServices20632_CorporateSupportServices_EstatesandAncillary_EstatesandFacilities-SFT,01/10/2024,1,0,
WillitonHotelServices20632_CorporateSupportServices_EstatesandAncillary_EstatesandFacilities-SFT,01/11/2024,1,0,
WillitonHotelServices20632_CorporateSupportServices_EstatesandAncillary_EstatesandFacilities-SFT,01/03/2025,2,0,
WillitonMeadowWard20633_NeighbourhoodServices_AdditionalClinicalServices_WillitonCommunityHospital,01/08/2021,0,1,
WillitonMeadowWard20633_NeighbourhoodServices_AdditionalClinicalServices_WillitonCommunityHospital,01/03/2022,0,2,
WillitonMeadowWard20633_NeighbourhoodServices_AdditionalClinicalServices_WillitonCommunityHospital,01/08/2022,0,1,
WillitonMeadowWard20633_NeighbourhoodServices_AdditionalClinicalServices_WillitonCommunityHospital,01/01/2023,0,3,
WillitonMeadowWard20633_NeighbourhoodServices_AdditionalClinicalServices_WillitonCommunityHospital,01/02/2023,0,2,
WillitonMeadowWard20633_NeighbourhoodServices_AdditionalClinicalServices_WillitonCommunityHospital,01/05/2023,0,2,
WillitonMeadowWard20633_NeighbourhoodServices_AdditionalClinicalServices_WillitonCommunityHospital,01/07/2023,0,1,
WillitonMeadowWard20633_NeighbourhoodServices_AdditionalClinicalServices_WillitonCommunityHospital,01/08/2023,0,2,
WillitonMeadowWard20633_NeighbourhoodServices_AdditionalClinicalServices_WillitonCommunityHospital,01/11/2023,0,1,
WillitonMeadowWard20633_NeighbourhoodServices_AdditionalClinicalServices_WillitonCommunityHospital,01/02/2024,0,1,
WillitonMeadowWard20633_NeighbourhoodServices_AdditionalClinicalServices_WillitonCommunityHospital,01/07/2024,0,1,
WillitonMeadowWard20633_NeighbourhoodServices_AdditionalClinicalServices_WillitonCommunityHospital,01/08/2024,0,1,
WillitonMeadowWard20633_NeighbourhoodServices_AdditionalClinicalServices_WillitonCommunityHospital,01/09/2024,1,1,
WillitonMeadowWard20633_NeighbourhoodServices_AdditionalClinicalServices_WillitonCommunityHospital,01/10/2024,1,0,
WillitonMeadowWard20633_NeighbourhoodServices_AdditionalClinicalServices_WillitonCommunityHospital,01/03/2025,1,0,
WillitonMeadowWard20633_NeighbourhoodServices_NursingandMidwiferyRegistered_WillitonCommunityHospital,01/01/2023,0,1,
WillitonMeadowWard20633_NeighbourhoodServices_NursingandMidwiferyRegistered_WillitonCommunityHospital,01/04/2024,0,1,
WillitonMeadowWard20633_NeighbourhoodServices_NursingandMidwiferyRegistered_WillitonCommunityHospital,01/09/2024,1,0,
WillitonMeadowWard20633_NeighbourhoodServices_NursingandMidwiferyRegistered_WillitonCommunityHospital,01/03/2025,1,0,
WillowWardTeam50190_MentalHealthandLearningDisabilities_AdditionalClinicalServices_InpatientsDEPT,01/10/2021,0,1,
WillowWardTeam50190_MentalHealthandLearningDisabilities_AdditionalClinicalServices_InpatientsDEPT,01/01/2022,0,1,
WillowWardTeam50190_MentalHealthandLearningDisabilities_AdditionalClinicalServices_InpatientsDEPT,01/03/2022,0,1,
WillowWardTeam50190_MentalHealthandLearningDisabilities_AdditionalClinicalServices_InpatientsDEPT,01/05/2023,0,1,
WillowWardTeam50190_MentalHealthandLearningDisabilities_AdditionalClinicalServices_InpatientsDEPT,01/10/2023,0,2,
WillowWardTeam50190_MentalHealthandLearningDisabilities_AdditionalClinicalServices_InpatientsDEPT,01/06/2024,1,1,
WillowWardTeam50190_MentalHealthandLearningDisabilities_AdministrativeandClerical_InpatientsDEPT,01/10/2022,0,1,
WillowWardTeam50190_MentalHealthandLearningDisabilities_AdministrativeandClerical_InpatientsDEPT,01/01/2023,0,2,
WillowWardTeam50190_MentalHealthandLearningDisabilities_AdministrativeandClerical_InpatientsDEPT,01/08/2023,0,1,
WillowWardTeam50190_MentalHealthandLearningDisabilities_AdministrativeandClerical_InpatientsDEPT,01/10/2024,1,1,
WillowWardTeam50190_MentalHealthandLearningDisabilities_AlliedHealthProfessionals_InpatientsDEPT,01/10/2022,0,1,
WillowWardTeam50190_MentalHealthandLearningDisabilities_AlliedHealthProfessionals_InpatientsDEPT,01/04/2024,1,0,
WillowWardTeam50190_MentalHealthandLearningDisabilities_NursingandMidwiferyRegistered_InpatientsDEPT,01/08/2024,1,0,
WillowWardTeam50190_MentalHealthandLearningDisabilities_NursingandMidwiferyRegistered_InpatientsDEPT,01/01/2025,1,1,
WillowWardTeam50190_MentalHealthandLearningDisabilities_NursingandMidwiferyRegistered_InpatientsDEPT,01/03/2025,1,0,
WincantonAdministration21700_NeighbourhoodServices_AdministrativeandClerical_WincantonCommunityHospital,01/10/2021,0,1,
WincantonAdministration21700_NeighbourhoodServices_AdministrativeandClerical_WincantonCommunityHospital,01/01/2023,0,1,
WincantonAdministration21700_NeighbourhoodServices_AdministrativeandClerical_WincantonCommunityHospital,01/04/2023,0,1,
WincantonHadspenWard20502_NeighbourhoodServices_AdditionalClinicalServices_WincantonCommunityHospital,01/08/2021,0,1,
WincantonHadspenWard20502_NeighbourhoodServices_AdditionalClinicalServices_WincantonCommunityHospital,01/11/2021,0,2,
WincantonHadspenWard20502_NeighbourhoodServices_AdditionalClinicalServices_WincantonCommunityHospital,01/04/2022,0,1,
WincantonHadspenWard20502_NeighbourhoodServices_AdditionalClinicalServices_WincantonCommunityHospital,01/10/2022,0,1,
WincantonHadspenWard20502_NeighbourhoodServices_AdditionalClinicalServices_WincantonCommunityHospital,01/01/2023,0,2,
WincantonHadspenWard20502_NeighbourhoodServices_AdditionalClinicalServices_WincantonCommunityHospital,01/04/2023,0,1,
WincantonHadspenWard20502_NeighbourhoodServices_AdditionalClinicalServices_WincantonCommunityHospital,01/08/2023,0,1,
WincantonHadspenWard20502_NeighbourhoodServices_AdditionalClinicalServices_WincantonCommunityHospital,01/03/2024,0,1,
WincantonHadspenWard20502_NeighbourhoodServices_AdditionalClinicalServices_WincantonCommunityHospital,01/05/2024,0,1,
WincantonHadspenWard20502_NeighbourhoodServices_AdditionalClinicalServices_WincantonCommunityHospital,01/10/2024,1,0,
WincantonHadspenWard20502_NeighbourhoodServices_NursingandMidwiferyRegistered_WincantonCommunityHospital,01/05/2022,0,1,
WincantonHotelServices21702_CorporateSupportServices_EstatesandAncillary_EstatesandFacilities-SFT,01/01/2022,0,1,
WincantonHotelServices21702_CorporateSupportServices_EstatesandAncillary_EstatesandFacilities-SFT,01/02/2022,0,1,
WincantonHotelServices21702_CorporateSupportServices_EstatesandAncillary_EstatesandFacilities-SFT,01/05/2022,0,1,
WincantonHotelServices21702_CorporateSupportServices_EstatesandAncillary_EstatesandFacilities-SFT,01/06/2022,0,1,
WincantonHotelServices21702_CorporateSupportServices_EstatesandAncillary_EstatesandFacilities-SFT,01/08/2022,0,1,
WincantonHotelServices21702_CorporateSupportServices_EstatesandAncillary_EstatesandFacilities-SFT,01/05/2023,0,1,
WincantonHotelServices21702_CorporateSupportServices_EstatesandAncillary_EstatesandFacilities-SFT,01/07/2023,0,1,
WincantonHotelServices21702_CorporateSupportServices_EstatesandAncillary_EstatesandFacilities-SFT,01/10/2023,0,1,
WincantonHotelServices21702_CorporateSupportServices_EstatesandAncillary_EstatesandFacilities-SFT,01/02/2024,0,1,
WincantonHotelServices21702_CorporateSupportServices_EstatesandAncillary_EstatesandFacilities-SFT,01/03/2024,0,2,
WincantonHotelServices21702_CorporateSupportServices_EstatesandAncillary_EstatesandFacilities-SFT,01/07/2024,1,0,
WincantonHotelServices21702_CorporateSupportServices_EstatesandAncillary_EstatesandFacilities-SFT,01/02/2025,1,0,
WincantonNursing20502_NeighbourhoodServices_AdditionalClinicalServices_WincantonCommunityHospital,01/07/2021,0,1,
WincantonNursing20502_NeighbourhoodServices_AdditionalClinicalServices_WincantonCommunityHospital,01/03/2022,0,1,
WincantonNursing20502_NeighbourhoodServices_AdditionalClinicalServices_WincantonCommunityHospital,01/04/2022,0,1,
WincantonNursing20502_NeighbourhoodServices_AdditionalClinicalServices_WincantonCommunityHospital,01/06/2024,1,0,
WincantonNursing20502_NeighbourhoodServices_NursingandMidwiferyRegistered_WincantonCommunityHospital,01/09/2021,0,1,
WincantonNursing20502_NeighbourhoodServices_NursingandMidwiferyRegistered_WincantonCommunityHospital,01/11/2021,0,2,
WincantonNursing20502_NeighbourhoodServices_NursingandMidwiferyRegistered_WincantonCommunityHospital,01/10/2022,0,1,
WincantonNursing20502_NeighbourhoodServices_NursingandMidwiferyRegistered_WincantonCommunityHospital,01/04/2023,0,1,
WincantonNursing20502_NeighbourhoodServices_NursingandMidwiferyRegistered_WincantonCommunityHospital,01/06/2023,0,1,
WincantonNursing20502_NeighbourhoodServices_NursingandMidwiferyRegistered_WincantonCommunityHospital,01/07/2024,0,1,
WincantonNursing20502_NeighbourhoodServices_NursingandMidwiferyRegistered_WincantonCommunityHospital,01/08/2024,0,1,
WinterTaskForce65804_NeighbourhoodServices_AdditionalClinicalServices_IntermediateCareDEPT,01/01/2022,0,1,
WoEImagingNetwork00157_CorporateSupportServices_AdministrativeandClerical_WoEImagingNetwork,01/05/2022,0,1,
WoEImagingNetwork00157_CorporateSupportServices_AdministrativeandClerical_WoEImagingNetwork,01/09/2022,0,1,
WoEImagingNetwork00157_CorporateSupportServices_AdministrativeandClerical_WoEImagingNetwork,01/04/2023,0,2,
WoEImagingNetwork00157_CorporateSupportServices_AdministrativeandClerical_WoEImagingNetwork,01/05/2023,0,1,
WoEImagingNetwork00157_CorporateSupportServices_AdministrativeandClerical_WoEImagingNetwork,01/03/2024,0,1,
WoEImagingNetwork00157_CorporateSupportServices_AdministrativeandClerical_WoEImagingNetwork,01/04/2024,1,0,
WoEImagingNetwork00157_CorporateSupportServices_AdministrativeandClerical_WoEImagingNetwork,01/09/2024,0,1,
WoEImagingNetwork00157_CorporateSupportServices_AdministrativeandClerical_WoEImagingNetwork,01/03/2025,2,0,
WoEImagingNetwork00157_CorporateSupportServices_AlliedHealthProfessionals_WoEImagingNetwork,01/04/2023,0,1,
YDHDiabetesTeam76241_CYP&FamiliesServices_NursingandMidwiferyRegistered_AcutePaediatrics,01/05/2024,1,0,
YDHDiabetesTeam76241_CYP&FamiliesServices_NursingandMidwiferyRegistered_AcutePaediatrics,01/07/2024,0,1,
YDHMaxilloFacial12004_SurgicalServices_AdditionalClinicalServices_MaxFax,01/10/2021,0,1,
YDHMaxilloFacial12004_SurgicalServices_AdditionalClinicalServices_MaxFax,01/01/2022,0,1,
YDHMaxilloFacial12004_SurgicalServices_AdditionalClinicalServices_MaxFax,01/02/2022,0,3,
YDHMaxilloFacial12004_SurgicalServices_AdministrativeandClerical_MaxFax,01/11/2021,0,1,
YDHMaxilloFacial12004_SurgicalServices_AdministrativeandClerical_MaxFax,01/02/2022,0,1,
YDHMaxilloFacial12004_SurgicalServices_AdministrativeandClerical_MaxFax,01/03/2022,0,1,
YDHMaxilloFacial12004_SurgicalServices_AdministrativeandClerical_MaxFax,01/07/2022,0,1,
YDHMaxilloFacial12004_SurgicalServices_AdministrativeandClerical_MaxFax,01/01/2023,0,1,
YDHMaxilloFacial12004_SurgicalServices_AdministrativeandClerical_MaxFax,01/09/2024,1,1,
YeatmanTheatre_EastRevenue-Level2_NursingandMidwiferyRegistered_ElectiveCare,01/06/2022,0,1,
YeatmanTheatre_EastRevenue-Level2_NursingandMidwiferyRegistered_ElectiveCare,01/02/2023,0,1,
YeovilCrisisResolutionTeam52201_MentalHealthandLearningDisabilities_AdditionalClinicalServices_UrgentCare&ForensicServs,01/02/2022,0,1,
YeovilCrisisResolutionTeam52201_MentalHealthandLearningDisabilities_AdditionalClinicalServices_UrgentCare&ForensicServs,01/08/2022,0,1,
YeovilCrisisResolutionTeam52201_MentalHealthandLearningDisabilities_AdditionalClinicalServices_UrgentCare&ForensicServs,01/10/2023,0,1,
YeovilCrisisResolutionTeam52201_MentalHealthandLearningDisabilities_AdditionalClinicalServices_UrgentCare&ForensicServs,01/01/2024,0,1,
YeovilCrisisResolutionTeam52201_MentalHealthandLearningDisabilities_AdditionalClinicalServices_UrgentCare&ForensicServs,01/04/2024,0,1,
YeovilCrisisResolutionTeam52201_MentalHealthandLearningDisabilities_AdditionalClinicalServices_UrgentCare&ForensicServs,01/08/2024,1,0,
YeovilCrisisResolutionTeam52201_MentalHealthandLearningDisabilities_AdditionalClinicalServices_UrgentCare&ForensicServs,01/03/2025,0,1,
YeovilIR75424_CorporateSupportServices_AdministrativeandClerical_OverseasDEPT,01/07/2021,0,1,
YeovilIR75424_CorporateSupportServices_AdministrativeandClerical_OverseasDEPT,01/08/2021,0,1,
YeovilIR75424_CorporateSupportServices_AdministrativeandClerical_OverseasDEPT,01/09/2021,0,1,
YeovilIR75424_CorporateSupportServices_AdministrativeandClerical_OverseasDEPT,01/01/2022,0,2,
YeovilIR75424_CorporateSupportServices_AdministrativeandClerical_OverseasDEPT,01/04/2022,0,1,
YeovilIR75424_CorporateSupportServices_AdministrativeandClerical_OverseasDEPT,01/06/2022,0,1,
YeovilIR75424_CorporateSupportServices_AdministrativeandClerical_OverseasDEPT,01/07/2024,1,0,
YeovilIR75424_CorporateSupportServices_AdministrativeandClerical_OverseasDEPT,01/12/2024,1,0,
