unique_id,ds,Naive,Naive/BottomUp,Naive/MinTrace_method-ols,Naive/MinTrace_method-mint_shrink
NHS,2024-04-01,19571.3,19611.300000000007,19571.49495668268,17684.247111580244
NHS,2024-05-01,19571.3,19611.300000000007,19571.49495668268,17684.247111580244
NHS,2024-06-01,19571.3,19611.300000000007,19571.49495668268,17684.247111580244
NHS,2024-07-01,19571.3,19611.300000000007,19571.49495668268,17684.247111580244
NHS,2024-08-01,19571.3,19611.300000000007,19571.49495668268,17684.247111580244
NHS,2024-09-01,19571.3,19611.300000000007,19571.49495668268,17684.247111580244
NHS,2024-10-01,19571.3,19611.300000000007,19571.49495668268,17684.247111580244
NHS,2024-11-01,19571.3,19611.300000000007,19571.49495668268,17684.247111580244
NHS,2024-12-01,19571.3,19611.300000000007,19571.49495668268,17684.247111580244
NHS,2025-01-01,19571.3,19611.300000000007,19571.49495668268,17684.247111580244
NHS,2025-02-01,19571.3,19611.300000000007,19571.49495668268,17684.247111580244
NHS,2025-03-01,19571.3,19611.300000000007,19571.49495668268,17684.247111580244
NHS,2025-04-01,19571.3,19611.300000000003,19571.494956682658,17684.24711158025
NHS/CYP & Families Services,2024-04-01,1724.42,1728.42,1724.4088828069769,1501.116967739573
NHS/CYP & Families Services,2024-05-01,1724.42,1728.42,1724.4088828069769,1501.116967739573
NHS/CYP & Families Services,2024-06-01,1724.42,1728.42,1724.4088828069769,1501.116967739573
NHS/CYP & Families Services,2024-07-01,1724.42,1728.42,1724.4088828069769,1501.116967739573
NHS/CYP & Families Services,2024-08-01,1724.42,1728.42,1724.4088828069769,1501.116967739573
NHS/CYP & Families Services,2024-09-01,1724.42,1728.42,1724.4088828069769,1501.116967739573
NHS/CYP & Families Services,2024-10-01,1724.42,1728.42,1724.4088828069769,1501.116967739573
NHS/CYP & Families Services,2024-11-01,1724.42,1728.42,1724.4088828069769,1501.116967739573
NHS/CYP & Families Services,2024-12-01,1724.42,1728.42,1724.4088828069769,1501.116967739573
NHS/CYP & Families Services,2025-01-01,1724.42,1728.42,1724.4088828069769,1501.116967739573
NHS/CYP & Families Services,2025-02-01,1724.42,1728.42,1724.4088828069769,1501.116967739573
NHS/CYP & Families Services,2025-03-01,1724.42,1728.42,1724.4088828069769,1501.116967739573
NHS/CYP & Families Services,2025-04-01,1724.42,1728.42,1724.4088828069766,1501.1169677395733
NHS/Clinical Support and Cancer Services,2024-04-01,1795.01,1802.0099999999998,1795.0928942720045,230.1686706745679
NHS/Clinical Support and Cancer Services,2024-05-01,1795.01,1802.0099999999998,1795.0928942720045,230.1686706745679
NHS/Clinical Support and Cancer Services,2024-06-01,1795.01,1802.0099999999998,1795.0928942720045,230.1686706745679
NHS/Clinical Support and Cancer Services,2024-07-01,1795.01,1802.0099999999998,1795.0928942720045,230.1686706745679
NHS/Clinical Support and Cancer Services,2024-08-01,1795.01,1802.0099999999998,1795.0928942720045,230.1686706745679
NHS/Clinical Support and Cancer Services,2024-09-01,1795.01,1802.0099999999998,1795.0928942720045,230.1686706745679
NHS/Clinical Support and Cancer Services,2024-10-01,1795.01,1802.0099999999998,1795.0928942720045,230.1686706745679
NHS/Clinical Support and Cancer Services,2024-11-01,1795.01,1802.0099999999998,1795.0928942720045,230.1686706745679
NHS/Clinical Support and Cancer Services,2024-12-01,1795.01,1802.0099999999998,1795.0928942720045,230.1686706745679
NHS/Clinical Support and Cancer Services,2025-01-01,1795.01,1802.0099999999998,1795.0928942720045,230.1686706745679
NHS/Clinical Support and Cancer Services,2025-02-01,1795.01,1802.0099999999998,1795.0928942720045,230.1686706745679
NHS/Clinical Support and Cancer Services,2025-03-01,1795.01,1802.0099999999998,1795.0928942720045,230.1686706745679
NHS/Clinical Support and Cancer Services,2025-04-01,1795.01,1802.0099999999998,1795.0928942720043,230.1686706745678
NHS/Corporate Support Services,2024-04-01,2482.29,2492.29,2482.4667614804634,1586.7684676982026
NHS/Corporate Support Services,2024-05-01,2482.29,2492.29,2482.4667614804634,1586.7684676982026
NHS/Corporate Support Services,2024-06-01,2482.29,2492.29,2482.4667614804634,1586.7684676982026
NHS/Corporate Support Services,2024-07-01,2482.29,2492.29,2482.4667614804634,1586.7684676982026
NHS/Corporate Support Services,2024-08-01,2482.29,2492.29,2482.4667614804634,1586.7684676982026
NHS/Corporate Support Services,2024-09-01,2482.29,2492.29,2482.4667614804634,1586.7684676982026
NHS/Corporate Support Services,2024-10-01,2482.29,2492.29,2482.4667614804634,1586.7684676982026
NHS/Corporate Support Services,2024-11-01,2482.29,2492.29,2482.4667614804634,1586.7684676982026
NHS/Corporate Support Services,2024-12-01,2482.29,2492.29,2482.4667614804634,1586.7684676982026
NHS/Corporate Support Services,2025-01-01,2482.29,2492.29,2482.4667614804634,1586.7684676982026
NHS/Corporate Support Services,2025-02-01,2482.29,2492.29,2482.4667614804634,1586.7684676982026
NHS/Corporate Support Services,2025-03-01,2482.29,2492.29,2482.4667614804634,1586.7684676982026
NHS/Corporate Support Services,2025-04-01,2482.29,2492.29,2482.466761480463,1586.7684676982026
NHS/Medical Services,2024-04-01,3157.48,3159.48,3157.4142868197373,2105.462935861602
NHS/Medical Services,2024-05-01,3157.48,3159.48,3157.4142868197373,2105.462935861602
NHS/Medical Services,2024-06-01,3157.48,3159.48,3157.4142868197373,2105.462935861602
NHS/Medical Services,2024-07-01,3157.48,3159.48,3157.4142868197373,2105.462935861602
NHS/Medical Services,2024-08-01,3157.48,3159.48,3157.4142868197373,2105.462935861602
NHS/Medical Services,2024-09-01,3157.48,3159.48,3157.4142868197373,2105.462935861602
NHS/Medical Services,2024-10-01,3157.48,3159.48,3157.4142868197373,2105.462935861602
NHS/Medical Services,2024-11-01,3157.48,3159.48,3157.4142868197373,2105.462935861602
NHS/Medical Services,2024-12-01,3157.48,3159.48,3157.4142868197373,2105.462935861602
NHS/Medical Services,2025-01-01,3157.48,3159.48,3157.4142868197373,2105.462935861602
NHS/Medical Services,2025-02-01,3157.48,3159.48,3157.4142868197373,2105.462935861602
NHS/Medical Services,2025-03-01,3157.48,3159.48,3157.4142868197373,2105.462935861602
NHS/Medical Services,2025-04-01,3157.48,3159.4800000000005,3157.414286819737,2105.462935861602
NHS/Mental Health and Learning Disabilities,2024-04-01,2422.51,2427.5099999999998,2422.5462363865645,4567.637433294259
NHS/Mental Health and Learning Disabilities,2024-05-01,2422.51,2427.5099999999998,2422.5462363865645,4567.637433294259
NHS/Mental Health and Learning Disabilities,2024-06-01,2422.51,2427.5099999999998,2422.5462363865645,4567.637433294259
NHS/Mental Health and Learning Disabilities,2024-07-01,2422.51,2427.5099999999998,2422.5462363865645,4567.637433294259
NHS/Mental Health and Learning Disabilities,2024-08-01,2422.51,2427.5099999999998,2422.5462363865645,4567.637433294259
NHS/Mental Health and Learning Disabilities,2024-09-01,2422.51,2427.5099999999998,2422.5462363865645,4567.637433294259
NHS/Mental Health and Learning Disabilities,2024-10-01,2422.51,2427.5099999999998,2422.5462363865645,4567.637433294259
NHS/Mental Health and Learning Disabilities,2024-11-01,2422.51,2427.5099999999998,2422.5462363865645,4567.637433294259
NHS/Mental Health and Learning Disabilities,2024-12-01,2422.51,2427.5099999999998,2422.5462363865645,4567.637433294259
NHS/Mental Health and Learning Disabilities,2025-01-01,2422.51,2427.5099999999998,2422.5462363865645,4567.637433294259
NHS/Mental Health and Learning Disabilities,2025-02-01,2422.51,2427.5099999999998,2422.5462363865645,4567.637433294259
NHS/Mental Health and Learning Disabilities,2025-03-01,2422.51,2427.5099999999998,2422.5462363865645,4567.637433294259
NHS/Mental Health and Learning Disabilities,2025-04-01,2422.51,2427.51,2422.5462363865645,4567.637433294258
NHS/Neighbourhood Services,2024-04-01,3109.03,3110.03,3108.9062363865637,2565.229812623456
NHS/Neighbourhood Services,2024-05-01,3109.03,3110.03,3108.9062363865637,2565.229812623456
NHS/Neighbourhood Services,2024-06-01,3109.03,3110.03,3108.9062363865637,2565.229812623456
NHS/Neighbourhood Services,2024-07-01,3109.03,3110.03,3108.9062363865637,2565.229812623456
NHS/Neighbourhood Services,2024-08-01,3109.03,3110.03,3108.9062363865637,2565.229812623456
NHS/Neighbourhood Services,2024-09-01,3109.03,3110.03,3108.9062363865637,2565.229812623456
NHS/Neighbourhood Services,2024-10-01,3109.03,3110.03,3108.9062363865637,2565.229812623456
NHS/Neighbourhood Services,2024-11-01,3109.03,3110.03,3108.9062363865637,2565.229812623456
NHS/Neighbourhood Services,2024-12-01,3109.03,3110.03,3108.9062363865637,2565.229812623456
NHS/Neighbourhood Services,2025-01-01,3109.03,3110.03,3108.9062363865637,2565.229812623456
NHS/Neighbourhood Services,2025-02-01,3109.03,3110.03,3108.9062363865637,2565.229812623456
NHS/Neighbourhood Services,2025-03-01,3109.03,3110.03,3108.9062363865637,2565.229812623456
NHS/Neighbourhood Services,2025-04-01,3109.03,3110.03,3108.906236386564,2565.229812623456
NHS/Operational Management,2024-04-01,236.17999999999998,238.18,236.20503225759197,126.74650600409345
NHS/Operational Management,2024-05-01,236.17999999999998,238.18,236.20503225759197,126.74650600409345
NHS/Operational Management,2024-06-01,236.17999999999998,238.18,236.20503225759197,126.74650600409345
NHS/Operational Management,2024-07-01,236.17999999999998,238.18,236.20503225759197,126.74650600409345
NHS/Operational Management,2024-08-01,236.17999999999998,238.18,236.20503225759197,126.74650600409345
NHS/Operational Management,2024-09-01,236.17999999999998,238.18,236.20503225759197,126.74650600409345
NHS/Operational Management,2024-10-01,236.17999999999998,238.18,236.20503225759197,126.74650600409345
NHS/Operational Management,2024-11-01,236.17999999999998,238.18,236.20503225759197,126.74650600409345
NHS/Operational Management,2024-12-01,236.17999999999998,238.18,236.20503225759197,126.74650600409345
NHS/Operational Management,2025-01-01,236.17999999999998,238.18,236.20503225759197,126.74650600409345
NHS/Operational Management,2025-02-01,236.17999999999998,238.18,236.20503225759197,126.74650600409345
NHS/Operational Management,2025-03-01,236.17999999999998,238.18,236.20503225759197,126.74650600409345
NHS/Operational Management,2025-04-01,236.17999999999998,238.18,236.20503225759194,126.74650600409345
NHS/SSL Corporate,2024-04-01,322.8,323.8,322.7399258746131,666.247272193071
NHS/SSL Corporate,2024-05-01,322.8,323.8,322.7399258746131,666.247272193071
NHS/SSL Corporate,2024-06-01,322.8,323.8,322.7399258746131,666.247272193071
NHS/SSL Corporate,2024-07-01,322.8,323.8,322.7399258746131,666.247272193071
NHS/SSL Corporate,2024-08-01,322.8,323.8,322.7399258746131,666.247272193071
NHS/SSL Corporate,2024-09-01,322.8,323.8,322.7399258746131,666.247272193071
NHS/SSL Corporate,2024-10-01,322.8,323.8,322.7399258746131,666.247272193071
NHS/SSL Corporate,2024-11-01,322.8,323.8,322.7399258746131,666.247272193071
NHS/SSL Corporate,2024-12-01,322.8,323.8,322.7399258746131,666.247272193071
NHS/SSL Corporate,2025-01-01,322.8,323.8,322.7399258746131,666.247272193071
NHS/SSL Corporate,2025-02-01,322.8,323.8,322.7399258746131,666.247272193071
NHS/SSL Corporate,2025-03-01,322.8,323.8,322.7399258746131,666.247272193071
NHS/SSL Corporate,2025-04-01,322.8,323.8,322.7399258746131,666.2472721930709
NHS/Surgical Services,2024-04-01,4321.58,4329.58,4321.71470039815,4334.869045491423
NHS/Surgical Services,2024-05-01,4321.58,4329.58,4321.71470039815,4334.869045491423
NHS/Surgical Services,2024-06-01,4321.58,4329.58,4321.71470039815,4334.869045491423
NHS/Surgical Services,2024-07-01,4321.58,4329.58,4321.71470039815,4334.869045491423
NHS/Surgical Services,2024-08-01,4321.58,4329.58,4321.71470039815,4334.869045491423
NHS/Surgical Services,2024-09-01,4321.58,4329.58,4321.71470039815,4334.869045491423
NHS/Surgical Services,2024-10-01,4321.58,4329.58,4321.71470039815,4334.869045491423
NHS/Surgical Services,2024-11-01,4321.58,4329.58,4321.71470039815,4334.869045491423
NHS/Surgical Services,2024-12-01,4321.58,4329.58,4321.71470039815,4334.869045491423
NHS/Surgical Services,2025-01-01,4321.58,4329.58,4321.71470039815,4334.869045491423
NHS/Surgical Services,2025-02-01,4321.58,4329.58,4321.71470039815,4334.869045491423
NHS/Surgical Services,2025-03-01,4321.58,4329.58,4321.71470039815,4334.869045491423
NHS/Surgical Services,2025-04-01,4321.58,4329.58,4321.714700398151,4334.869045491423
NHS/CYP & Families Services/Add Prof Scientific and Technic,2024-04-01,51.21,53.21,51.57212038276972,-33.48799378665272
NHS/CYP & Families Services/Add Prof Scientific and Technic,2024-05-01,51.21,53.21,51.57212038276972,-33.48799378665272
NHS/CYP & Families Services/Add Prof Scientific and Technic,2024-06-01,51.21,53.21,51.57212038276972,-33.48799378665272
NHS/CYP & Families Services/Add Prof Scientific and Technic,2024-07-01,51.21,53.21,51.57212038276972,-33.48799378665272
NHS/CYP & Families Services/Add Prof Scientific and Technic,2024-08-01,51.21,53.21,51.57212038276972,-33.48799378665272
NHS/CYP & Families Services/Add Prof Scientific and Technic,2024-09-01,51.21,53.21,51.57212038276972,-33.48799378665272
NHS/CYP & Families Services/Add Prof Scientific and Technic,2024-10-01,51.21,53.21,51.57212038276972,-33.48799378665272
NHS/CYP & Families Services/Add Prof Scientific and Technic,2024-11-01,51.21,53.21,51.57212038276972,-33.48799378665272
NHS/CYP & Families Services/Add Prof Scientific and Technic,2024-12-01,51.21,53.21,51.57212038276972,-33.48799378665272
NHS/CYP & Families Services/Add Prof Scientific and Technic,2025-01-01,51.21,53.21,51.57212038276972,-33.48799378665272
NHS/CYP & Families Services/Add Prof Scientific and Technic,2025-02-01,51.21,53.21,51.57212038276972,-33.48799378665272
NHS/CYP & Families Services/Add Prof Scientific and Technic,2025-03-01,51.21,53.21,51.57212038276972,-33.48799378665272
NHS/CYP & Families Services/Add Prof Scientific and Technic,2025-04-01,51.21,53.21,51.57212038276972,-33.48799378665272
NHS/CYP & Families Services/Additional Clinical Services,2024-04-01,565.89,565.89,565.7521203827692,542.6680727947795
NHS/CYP & Families Services/Additional Clinical Services,2024-05-01,565.89,565.89,565.7521203827692,542.6680727947795
NHS/CYP & Families Services/Additional Clinical Services,2024-06-01,565.89,565.89,565.7521203827692,542.6680727947795
NHS/CYP & Families Services/Additional Clinical Services,2024-07-01,565.89,565.89,565.7521203827692,542.6680727947795
NHS/CYP & Families Services/Additional Clinical Services,2024-08-01,565.89,565.89,565.7521203827692,542.6680727947795
NHS/CYP & Families Services/Additional Clinical Services,2024-09-01,565.89,565.89,565.7521203827692,542.6680727947795
NHS/CYP & Families Services/Additional Clinical Services,2024-10-01,565.89,565.89,565.7521203827692,542.6680727947795
NHS/CYP & Families Services/Additional Clinical Services,2024-11-01,565.89,565.89,565.7521203827692,542.6680727947795
NHS/CYP & Families Services/Additional Clinical Services,2024-12-01,565.89,565.89,565.7521203827692,542.6680727947795
NHS/CYP & Families Services/Additional Clinical Services,2025-01-01,565.89,565.89,565.7521203827692,542.6680727947795
NHS/CYP & Families Services/Additional Clinical Services,2025-02-01,565.89,565.89,565.7521203827692,542.6680727947795
NHS/CYP & Families Services/Additional Clinical Services,2025-03-01,565.89,565.89,565.7521203827692,542.6680727947795
NHS/CYP & Families Services/Additional Clinical Services,2025-04-01,565.89,565.89,565.7521203827691,542.6680727947795
NHS/CYP & Families Services/Administrative and Clerical,2024-04-01,209.48,209.48,209.3421203827698,70.94215400471344
NHS/CYP & Families Services/Administrative and Clerical,2024-05-01,209.48,209.48,209.3421203827698,70.94215400471344
NHS/CYP & Families Services/Administrative and Clerical,2024-06-01,209.48,209.48,209.3421203827698,70.94215400471344
NHS/CYP & Families Services/Administrative and Clerical,2024-07-01,209.48,209.48,209.3421203827698,70.94215400471344
NHS/CYP & Families Services/Administrative and Clerical,2024-08-01,209.48,209.48,209.3421203827698,70.94215400471344
NHS/CYP & Families Services/Administrative and Clerical,2024-09-01,209.48,209.48,209.3421203827698,70.94215400471344
NHS/CYP & Families Services/Administrative and Clerical,2024-10-01,209.48,209.48,209.3421203827698,70.94215400471344
NHS/CYP & Families Services/Administrative and Clerical,2024-11-01,209.48,209.48,209.3421203827698,70.94215400471344
NHS/CYP & Families Services/Administrative and Clerical,2024-12-01,209.48,209.48,209.3421203827698,70.94215400471344
NHS/CYP & Families Services/Administrative and Clerical,2025-01-01,209.48,209.48,209.3421203827698,70.94215400471344
NHS/CYP & Families Services/Administrative and Clerical,2025-02-01,209.48,209.48,209.3421203827698,70.94215400471344
NHS/CYP & Families Services/Administrative and Clerical,2025-03-01,209.48,209.48,209.3421203827698,70.94215400471344
NHS/CYP & Families Services/Administrative and Clerical,2025-04-01,209.48,209.48,209.3421203827698,70.94215400471344
NHS/CYP & Families Services/Allied Health Professionals,2024-04-01,16.22,18.22,16.58212038276969,-44.171737722432
NHS/CYP & Families Services/Allied Health Professionals,2024-05-01,16.22,18.22,16.58212038276969,-44.171737722432
NHS/CYP & Families Services/Allied Health Professionals,2024-06-01,16.22,18.22,16.58212038276969,-44.171737722432
NHS/CYP & Families Services/Allied Health Professionals,2024-07-01,16.22,18.22,16.58212038276969,-44.171737722432
NHS/CYP & Families Services/Allied Health Professionals,2024-08-01,16.22,18.22,16.58212038276969,-44.171737722432
NHS/CYP & Families Services/Allied Health Professionals,2024-09-01,16.22,18.22,16.58212038276969,-44.171737722432
NHS/CYP & Families Services/Allied Health Professionals,2024-10-01,16.22,18.22,16.58212038276969,-44.171737722432
NHS/CYP & Families Services/Allied Health Professionals,2024-11-01,16.22,18.22,16.58212038276969,-44.171737722432
NHS/CYP & Families Services/Allied Health Professionals,2024-12-01,16.22,18.22,16.58212038276969,-44.171737722432
NHS/CYP & Families Services/Allied Health Professionals,2025-01-01,16.22,18.22,16.58212038276969,-44.171737722432
NHS/CYP & Families Services/Allied Health Professionals,2025-02-01,16.22,18.22,16.58212038276969,-44.171737722432
NHS/CYP & Families Services/Allied Health Professionals,2025-03-01,16.22,18.22,16.58212038276969,-44.171737722432
NHS/CYP & Families Services/Allied Health Professionals,2025-04-01,16.22,18.22,16.58212038276969,-44.171737722432006
NHS/CYP & Families Services/Estates and Ancillary,2024-04-01,0.0,0.0,-0.09191974482020271,-1.033294941879019e-11
NHS/CYP & Families Services/Estates and Ancillary,2024-05-01,0.0,0.0,-0.09191974482020271,-1.033294941879019e-11
NHS/CYP & Families Services/Estates and Ancillary,2024-06-01,0.0,0.0,-0.09191974482020271,-1.033294941879019e-11
NHS/CYP & Families Services/Estates and Ancillary,2024-07-01,0.0,0.0,-0.09191974482020271,-1.033294941879019e-11
NHS/CYP & Families Services/Estates and Ancillary,2024-08-01,0.0,0.0,-0.09191974482020271,-1.033294941879019e-11
NHS/CYP & Families Services/Estates and Ancillary,2024-09-01,0.0,0.0,-0.09191974482020271,-1.033294941879019e-11
NHS/CYP & Families Services/Estates and Ancillary,2024-10-01,0.0,0.0,-0.09191974482020271,-1.033294941879019e-11
NHS/CYP & Families Services/Estates and Ancillary,2024-11-01,0.0,0.0,-0.09191974482020271,-1.033294941879019e-11
NHS/CYP & Families Services/Estates and Ancillary,2024-12-01,0.0,0.0,-0.09191974482020271,-1.033294941879019e-11
NHS/CYP & Families Services/Estates and Ancillary,2025-01-01,0.0,0.0,-0.09191974482020271,-1.033294941879019e-11
NHS/CYP & Families Services/Estates and Ancillary,2025-02-01,0.0,0.0,-0.09191974482020271,-1.033294941879019e-11
NHS/CYP & Families Services/Estates and Ancillary,2025-03-01,0.0,0.0,-0.09191974482020271,-1.033294941879019e-11
NHS/CYP & Families Services/Estates and Ancillary,2025-04-01,0.0,0.0,-0.09191974482020271,-1.033294941879019e-11
NHS/CYP & Families Services/Medical and Dental,2024-04-01,85.56,85.56,85.42212038276986,-166.29995934699897
NHS/CYP & Families Services/Medical and Dental,2024-05-01,85.56,85.56,85.42212038276986,-166.29995934699897
NHS/CYP & Families Services/Medical and Dental,2024-06-01,85.56,85.56,85.42212038276986,-166.29995934699897
NHS/CYP & Families Services/Medical and Dental,2024-07-01,85.56,85.56,85.42212038276986,-166.29995934699897
NHS/CYP & Families Services/Medical and Dental,2024-08-01,85.56,85.56,85.42212038276986,-166.29995934699897
NHS/CYP & Families Services/Medical and Dental,2024-09-01,85.56,85.56,85.42212038276986,-166.29995934699897
NHS/CYP & Families Services/Medical and Dental,2024-10-01,85.56,85.56,85.42212038276986,-166.29995934699897
NHS/CYP & Families Services/Medical and Dental,2024-11-01,85.56,85.56,85.42212038276986,-166.29995934699897
NHS/CYP & Families Services/Medical and Dental,2024-12-01,85.56,85.56,85.42212038276986,-166.29995934699897
NHS/CYP & Families Services/Medical and Dental,2025-01-01,85.56,85.56,85.42212038276986,-166.29995934699897
NHS/CYP & Families Services/Medical and Dental,2025-02-01,85.56,85.56,85.42212038276986,-166.29995934699897
NHS/CYP & Families Services/Medical and Dental,2025-03-01,85.56,85.56,85.42212038276986,-166.29995934699897
NHS/CYP & Families Services/Medical and Dental,2025-04-01,85.56,85.56,85.42212038276985,-166.29995934699897
NHS/CYP & Families Services/Nursing and Midwifery Registered,2024-04-01,796.06,796.06,795.9221203827689,1131.7986516598007
NHS/CYP & Families Services/Nursing and Midwifery Registered,2024-05-01,796.06,796.06,795.9221203827689,1131.7986516598007
NHS/CYP & Families Services/Nursing and Midwifery Registered,2024-06-01,796.06,796.06,795.9221203827689,1131.7986516598007
NHS/CYP & Families Services/Nursing and Midwifery Registered,2024-07-01,796.06,796.06,795.9221203827689,1131.7986516598007
NHS/CYP & Families Services/Nursing and Midwifery Registered,2024-08-01,796.06,796.06,795.9221203827689,1131.7986516598007
NHS/CYP & Families Services/Nursing and Midwifery Registered,2024-09-01,796.06,796.06,795.9221203827689,1131.7986516598007
NHS/CYP & Families Services/Nursing and Midwifery Registered,2024-10-01,796.06,796.06,795.9221203827689,1131.7986516598007
NHS/CYP & Families Services/Nursing and Midwifery Registered,2024-11-01,796.06,796.06,795.9221203827689,1131.7986516598007
NHS/CYP & Families Services/Nursing and Midwifery Registered,2024-12-01,796.06,796.06,795.9221203827689,1131.7986516598007
NHS/CYP & Families Services/Nursing and Midwifery Registered,2025-01-01,796.06,796.06,795.9221203827689,1131.7986516598007
NHS/CYP & Families Services/Nursing and Midwifery Registered,2025-02-01,796.06,796.06,795.9221203827689,1131.7986516598007
NHS/CYP & Families Services/Nursing and Midwifery Registered,2025-03-01,796.06,796.06,795.9221203827689,1131.7986516598007
NHS/CYP & Families Services/Nursing and Midwifery Registered,2025-04-01,796.06,796.06,795.922120382769,1131.7986516598007
NHS/CYP & Families Services/Students,2024-04-01,0.0,0.0,-0.09191974482016474,-0.3322198636263166
NHS/CYP & Families Services/Students,2024-05-01,0.0,0.0,-0.09191974482016474,-0.3322198636263166
NHS/CYP & Families Services/Students,2024-06-01,0.0,0.0,-0.09191974482016474,-0.3322198636263166
NHS/CYP & Families Services/Students,2024-07-01,0.0,0.0,-0.09191974482016474,-0.3322198636263166
NHS/CYP & Families Services/Students,2024-08-01,0.0,0.0,-0.09191974482016474,-0.3322198636263166
NHS/CYP & Families Services/Students,2024-09-01,0.0,0.0,-0.09191974482016474,-0.3322198636263166
NHS/CYP & Families Services/Students,2024-10-01,0.0,0.0,-0.09191974482016474,-0.3322198636263166
NHS/CYP & Families Services/Students,2024-11-01,0.0,0.0,-0.09191974482016474,-0.3322198636263166
NHS/CYP & Families Services/Students,2024-12-01,0.0,0.0,-0.09191974482016474,-0.3322198636263166
NHS/CYP & Families Services/Students,2025-01-01,0.0,0.0,-0.09191974482016474,-0.3322198636263166
NHS/CYP & Families Services/Students,2025-02-01,0.0,0.0,-0.09191974482016474,-0.3322198636263166
NHS/CYP & Families Services/Students,2025-03-01,0.0,0.0,-0.09191974482016474,-0.3322198636263166
NHS/CYP & Families Services/Students,2025-04-01,0.0,0.0,-0.09191974482016474,-0.3322198636263166
NHS/Clinical Support and Cancer Services/Add Prof Scientific and Technic,2024-04-01,72.93,73.93,72.97161178400042,-358.81016170407014
NHS/Clinical Support and Cancer Services/Add Prof Scientific and Technic,2024-05-01,72.93,73.93,72.97161178400042,-358.81016170407014
NHS/Clinical Support and Cancer Services/Add Prof Scientific and Technic,2024-06-01,72.93,73.93,72.97161178400042,-358.81016170407014
NHS/Clinical Support and Cancer Services/Add Prof Scientific and Technic,2024-07-01,72.93,73.93,72.97161178400042,-358.81016170407014
NHS/Clinical Support and Cancer Services/Add Prof Scientific and Technic,2024-08-01,72.93,73.93,72.97161178400042,-358.81016170407014
NHS/Clinical Support and Cancer Services/Add Prof Scientific and Technic,2024-09-01,72.93,73.93,72.97161178400042,-358.81016170407014
NHS/Clinical Support and Cancer Services/Add Prof Scientific and Technic,2024-10-01,72.93,73.93,72.97161178400042,-358.81016170407014
NHS/Clinical Support and Cancer Services/Add Prof Scientific and Technic,2024-11-01,72.93,73.93,72.97161178400042,-358.81016170407014
NHS/Clinical Support and Cancer Services/Add Prof Scientific and Technic,2024-12-01,72.93,73.93,72.97161178400042,-358.81016170407014
NHS/Clinical Support and Cancer Services/Add Prof Scientific and Technic,2025-01-01,72.93,73.93,72.97161178400042,-358.81016170407014
NHS/Clinical Support and Cancer Services/Add Prof Scientific and Technic,2025-02-01,72.93,73.93,72.97161178400042,-358.81016170407014
NHS/Clinical Support and Cancer Services/Add Prof Scientific and Technic,2025-03-01,72.93,73.93,72.97161178400042,-358.81016170407014
NHS/Clinical Support and Cancer Services/Add Prof Scientific and Technic,2025-04-01,72.93,73.93,72.97161178400042,-358.81016170407014
NHS/Clinical Support and Cancer Services/Additional Clinical Services,2024-04-01,555.87,555.87,555.6616117840011,267.10827204234056
NHS/Clinical Support and Cancer Services/Additional Clinical Services,2024-05-01,555.87,555.87,555.6616117840011,267.10827204234056
NHS/Clinical Support and Cancer Services/Additional Clinical Services,2024-06-01,555.87,555.87,555.6616117840011,267.10827204234056
NHS/Clinical Support and Cancer Services/Additional Clinical Services,2024-07-01,555.87,555.87,555.6616117840011,267.10827204234056
NHS/Clinical Support and Cancer Services/Additional Clinical Services,2024-08-01,555.87,555.87,555.6616117840011,267.10827204234056
NHS/Clinical Support and Cancer Services/Additional Clinical Services,2024-09-01,555.87,555.87,555.6616117840011,267.10827204234056
NHS/Clinical Support and Cancer Services/Additional Clinical Services,2024-10-01,555.87,555.87,555.6616117840011,267.10827204234056
NHS/Clinical Support and Cancer Services/Additional Clinical Services,2024-11-01,555.87,555.87,555.6616117840011,267.10827204234056
NHS/Clinical Support and Cancer Services/Additional Clinical Services,2024-12-01,555.87,555.87,555.6616117840011,267.10827204234056
NHS/Clinical Support and Cancer Services/Additional Clinical Services,2025-01-01,555.87,555.87,555.6616117840011,267.10827204234056
NHS/Clinical Support and Cancer Services/Additional Clinical Services,2025-02-01,555.87,555.87,555.6616117840011,267.10827204234056
NHS/Clinical Support and Cancer Services/Additional Clinical Services,2025-03-01,555.87,555.87,555.6616117840011,267.10827204234056
NHS/Clinical Support and Cancer Services/Additional Clinical Services,2025-04-01,555.87,555.87,555.6616117840013,267.10827204234056
NHS/Clinical Support and Cancer Services/Administrative and Clerical,2024-04-01,304.5,304.5,304.2916117839998,-109.62078247511448
NHS/Clinical Support and Cancer Services/Administrative and Clerical,2024-05-01,304.5,304.5,304.2916117839998,-109.62078247511448
NHS/Clinical Support and Cancer Services/Administrative and Clerical,2024-06-01,304.5,304.5,304.2916117839998,-109.62078247511448
NHS/Clinical Support and Cancer Services/Administrative and Clerical,2024-07-01,304.5,304.5,304.2916117839998,-109.62078247511448
NHS/Clinical Support and Cancer Services/Administrative and Clerical,2024-08-01,304.5,304.5,304.2916117839998,-109.62078247511448
NHS/Clinical Support and Cancer Services/Administrative and Clerical,2024-09-01,304.5,304.5,304.2916117839998,-109.62078247511448
NHS/Clinical Support and Cancer Services/Administrative and Clerical,2024-10-01,304.5,304.5,304.2916117839998,-109.62078247511448
NHS/Clinical Support and Cancer Services/Administrative and Clerical,2024-11-01,304.5,304.5,304.2916117839998,-109.62078247511448
NHS/Clinical Support and Cancer Services/Administrative and Clerical,2024-12-01,304.5,304.5,304.2916117839998,-109.62078247511448
NHS/Clinical Support and Cancer Services/Administrative and Clerical,2025-01-01,304.5,304.5,304.2916117839998,-109.62078247511448
NHS/Clinical Support and Cancer Services/Administrative and Clerical,2025-02-01,304.5,304.5,304.2916117839998,-109.62078247511448
NHS/Clinical Support and Cancer Services/Administrative and Clerical,2025-03-01,304.5,304.5,304.2916117839998,-109.62078247511448
NHS/Clinical Support and Cancer Services/Administrative and Clerical,2025-04-01,304.5,304.5,304.2916117839998,-109.62078247511448
NHS/Clinical Support and Cancer Services/Allied Health Professionals,2024-04-01,561.25,561.25,561.0416117840014,400.980984354631
NHS/Clinical Support and Cancer Services/Allied Health Professionals,2024-05-01,561.25,561.25,561.0416117840014,400.980984354631
NHS/Clinical Support and Cancer Services/Allied Health Professionals,2024-06-01,561.25,561.25,561.0416117840014,400.980984354631
NHS/Clinical Support and Cancer Services/Allied Health Professionals,2024-07-01,561.25,561.25,561.0416117840014,400.980984354631
NHS/Clinical Support and Cancer Services/Allied Health Professionals,2024-08-01,561.25,561.25,561.0416117840014,400.980984354631
NHS/Clinical Support and Cancer Services/Allied Health Professionals,2024-09-01,561.25,561.25,561.0416117840014,400.980984354631
NHS/Clinical Support and Cancer Services/Allied Health Professionals,2024-10-01,561.25,561.25,561.0416117840014,400.980984354631
NHS/Clinical Support and Cancer Services/Allied Health Professionals,2024-11-01,561.25,561.25,561.0416117840014,400.980984354631
NHS/Clinical Support and Cancer Services/Allied Health Professionals,2024-12-01,561.25,561.25,561.0416117840014,400.980984354631
NHS/Clinical Support and Cancer Services/Allied Health Professionals,2025-01-01,561.25,561.25,561.0416117840014,400.980984354631
NHS/Clinical Support and Cancer Services/Allied Health Professionals,2025-02-01,561.25,561.25,561.0416117840014,400.980984354631
NHS/Clinical Support and Cancer Services/Allied Health Professionals,2025-03-01,561.25,561.25,561.0416117840014,400.980984354631
NHS/Clinical Support and Cancer Services/Allied Health Professionals,2025-04-01,561.25,561.25,561.0416117840012,400.98098435463106
NHS/Clinical Support and Cancer Services/Estates and Ancillary,2024-04-01,0.0,0.0,-0.13892547733305244,-2.0976514154417286e-10
NHS/Clinical Support and Cancer Services/Estates and Ancillary,2024-05-01,0.0,0.0,-0.13892547733305244,-2.0976514154417286e-10
NHS/Clinical Support and Cancer Services/Estates and Ancillary,2024-06-01,0.0,0.0,-0.13892547733305244,-2.0976514154417286e-10
NHS/Clinical Support and Cancer Services/Estates and Ancillary,2024-07-01,0.0,0.0,-0.13892547733305244,-2.0976514154417286e-10
NHS/Clinical Support and Cancer Services/Estates and Ancillary,2024-08-01,0.0,0.0,-0.13892547733305244,-2.0976514154417286e-10
NHS/Clinical Support and Cancer Services/Estates and Ancillary,2024-09-01,0.0,0.0,-0.13892547733305244,-2.0976514154417286e-10
NHS/Clinical Support and Cancer Services/Estates and Ancillary,2024-10-01,0.0,0.0,-0.13892547733305244,-2.0976514154417286e-10
NHS/Clinical Support and Cancer Services/Estates and Ancillary,2024-11-01,0.0,0.0,-0.13892547733305244,-2.0976514154417286e-10
NHS/Clinical Support and Cancer Services/Estates and Ancillary,2024-12-01,0.0,0.0,-0.13892547733305244,-2.0976514154417286e-10
NHS/Clinical Support and Cancer Services/Estates and Ancillary,2025-01-01,0.0,0.0,-0.13892547733305244,-2.0976514154417286e-10
NHS/Clinical Support and Cancer Services/Estates and Ancillary,2025-02-01,0.0,0.0,-0.13892547733305244,-2.0976514154417286e-10
NHS/Clinical Support and Cancer Services/Estates and Ancillary,2025-03-01,0.0,0.0,-0.13892547733305244,-2.0976514154417286e-10
NHS/Clinical Support and Cancer Services/Estates and Ancillary,2025-04-01,0.0,0.0,-0.13892547733305244,-2.0976514154417286e-10
NHS/Clinical Support and Cancer Services/Healthcare Scientists,2024-04-01,12.8,12.8,12.66107452266701,13.17757263889841
NHS/Clinical Support and Cancer Services/Healthcare Scientists,2024-05-01,12.8,12.8,12.66107452266701,13.17757263889841
NHS/Clinical Support and Cancer Services/Healthcare Scientists,2024-06-01,12.8,12.8,12.66107452266701,13.17757263889841
NHS/Clinical Support and Cancer Services/Healthcare Scientists,2024-07-01,12.8,12.8,12.66107452266701,13.17757263889841
NHS/Clinical Support and Cancer Services/Healthcare Scientists,2024-08-01,12.8,12.8,12.66107452266701,13.17757263889841
NHS/Clinical Support and Cancer Services/Healthcare Scientists,2024-09-01,12.8,12.8,12.66107452266701,13.17757263889841
NHS/Clinical Support and Cancer Services/Healthcare Scientists,2024-10-01,12.8,12.8,12.66107452266701,13.17757263889841
NHS/Clinical Support and Cancer Services/Healthcare Scientists,2024-11-01,12.8,12.8,12.66107452266701,13.17757263889841
NHS/Clinical Support and Cancer Services/Healthcare Scientists,2024-12-01,12.8,12.8,12.66107452266701,13.17757263889841
NHS/Clinical Support and Cancer Services/Healthcare Scientists,2025-01-01,12.8,12.8,12.66107452266701,13.17757263889841
NHS/Clinical Support and Cancer Services/Healthcare Scientists,2025-02-01,12.8,12.8,12.66107452266701,13.17757263889841
NHS/Clinical Support and Cancer Services/Healthcare Scientists,2025-03-01,12.8,12.8,12.66107452266701,13.17757263889841
NHS/Clinical Support and Cancer Services/Healthcare Scientists,2025-04-01,12.8,12.8,12.66107452266701,13.17757263889841
NHS/Clinical Support and Cancer Services/Medical and Dental,2024-04-01,85.05,89.05,85.8416117840004,-15.957480823310567
NHS/Clinical Support and Cancer Services/Medical and Dental,2024-05-01,85.05,89.05,85.8416117840004,-15.957480823310567
NHS/Clinical Support and Cancer Services/Medical and Dental,2024-06-01,85.05,89.05,85.8416117840004,-15.957480823310567
NHS/Clinical Support and Cancer Services/Medical and Dental,2024-07-01,85.05,89.05,85.8416117840004,-15.957480823310567
NHS/Clinical Support and Cancer Services/Medical and Dental,2024-08-01,85.05,89.05,85.8416117840004,-15.957480823310567
NHS/Clinical Support and Cancer Services/Medical and Dental,2024-09-01,85.05,89.05,85.8416117840004,-15.957480823310567
NHS/Clinical Support and Cancer Services/Medical and Dental,2024-10-01,85.05,89.05,85.8416117840004,-15.957480823310567
NHS/Clinical Support and Cancer Services/Medical and Dental,2024-11-01,85.05,89.05,85.8416117840004,-15.957480823310567
NHS/Clinical Support and Cancer Services/Medical and Dental,2024-12-01,85.05,89.05,85.8416117840004,-15.957480823310567
NHS/Clinical Support and Cancer Services/Medical and Dental,2025-01-01,85.05,89.05,85.8416117840004,-15.957480823310567
NHS/Clinical Support and Cancer Services/Medical and Dental,2025-02-01,85.05,89.05,85.8416117840004,-15.957480823310567
NHS/Clinical Support and Cancer Services/Medical and Dental,2025-03-01,85.05,89.05,85.8416117840004,-15.957480823310567
NHS/Clinical Support and Cancer Services/Medical and Dental,2025-04-01,85.05,89.05,85.84161178400042,-15.957480823310567
NHS/Clinical Support and Cancer Services/Nursing and Midwifery Registered,2024-04-01,197.60999999999999,199.60999999999999,197.90161178400035,28.90421496175527
NHS/Clinical Support and Cancer Services/Nursing and Midwifery Registered,2024-05-01,197.60999999999999,199.60999999999999,197.90161178400035,28.90421496175527
NHS/Clinical Support and Cancer Services/Nursing and Midwifery Registered,2024-06-01,197.60999999999999,199.60999999999999,197.90161178400035,28.90421496175527
NHS/Clinical Support and Cancer Services/Nursing and Midwifery Registered,2024-07-01,197.60999999999999,199.60999999999999,197.90161178400035,28.90421496175527
NHS/Clinical Support and Cancer Services/Nursing and Midwifery Registered,2024-08-01,197.60999999999999,199.60999999999999,197.90161178400035,28.90421496175527
NHS/Clinical Support and Cancer Services/Nursing and Midwifery Registered,2024-09-01,197.60999999999999,199.60999999999999,197.90161178400035,28.90421496175527
NHS/Clinical Support and Cancer Services/Nursing and Midwifery Registered,2024-10-01,197.60999999999999,199.60999999999999,197.90161178400035,28.90421496175527
NHS/Clinical Support and Cancer Services/Nursing and Midwifery Registered,2024-11-01,197.60999999999999,199.60999999999999,197.90161178400035,28.90421496175527
NHS/Clinical Support and Cancer Services/Nursing and Midwifery Registered,2024-12-01,197.60999999999999,199.60999999999999,197.90161178400035,28.90421496175527
NHS/Clinical Support and Cancer Services/Nursing and Midwifery Registered,2025-01-01,197.60999999999999,199.60999999999999,197.90161178400035,28.90421496175527
NHS/Clinical Support and Cancer Services/Nursing and Midwifery Registered,2025-02-01,197.60999999999999,199.60999999999999,197.90161178400035,28.90421496175527
NHS/Clinical Support and Cancer Services/Nursing and Midwifery Registered,2025-03-01,197.60999999999999,199.60999999999999,197.90161178400035,28.90421496175527
NHS/Clinical Support and Cancer Services/Nursing and Midwifery Registered,2025-04-01,197.60999999999999,199.60999999999999,197.90161178400035,28.90421496175527
NHS/Clinical Support and Cancer Services/Students,2024-04-01,5.0,5.0,4.861074522666883,4.3860516796475775
NHS/Clinical Support and Cancer Services/Students,2024-05-01,5.0,5.0,4.861074522666883,4.3860516796475775
NHS/Clinical Support and Cancer Services/Students,2024-06-01,5.0,5.0,4.861074522666883,4.3860516796475775
NHS/Clinical Support and Cancer Services/Students,2024-07-01,5.0,5.0,4.861074522666883,4.3860516796475775
NHS/Clinical Support and Cancer Services/Students,2024-08-01,5.0,5.0,4.861074522666883,4.3860516796475775
NHS/Clinical Support and Cancer Services/Students,2024-09-01,5.0,5.0,4.861074522666883,4.3860516796475775
NHS/Clinical Support and Cancer Services/Students,2024-10-01,5.0,5.0,4.861074522666883,4.3860516796475775
NHS/Clinical Support and Cancer Services/Students,2024-11-01,5.0,5.0,4.861074522666883,4.3860516796475775
NHS/Clinical Support and Cancer Services/Students,2024-12-01,5.0,5.0,4.861074522666883,4.3860516796475775
NHS/Clinical Support and Cancer Services/Students,2025-01-01,5.0,5.0,4.861074522666883,4.3860516796475775
NHS/Clinical Support and Cancer Services/Students,2025-02-01,5.0,5.0,4.861074522666883,4.3860516796475775
NHS/Clinical Support and Cancer Services/Students,2025-03-01,5.0,5.0,4.861074522666883,4.3860516796475775
NHS/Clinical Support and Cancer Services/Students,2025-04-01,5.0,5.0,4.861074522666883,4.3860516796475775
NHS/Corporate Support Services/Add Prof Scientific and Technic,2024-04-01,30.8,40.8,33.02121137765547,-304.3343118801613
NHS/Corporate Support Services/Add Prof Scientific and Technic,2024-05-01,30.8,40.8,33.02121137765547,-304.3343118801613
NHS/Corporate Support Services/Add Prof Scientific and Technic,2024-06-01,30.8,40.8,33.02121137765547,-304.3343118801613
NHS/Corporate Support Services/Add Prof Scientific and Technic,2024-07-01,30.8,40.8,33.02121137765547,-304.3343118801613
NHS/Corporate Support Services/Add Prof Scientific and Technic,2024-08-01,30.8,40.8,33.02121137765547,-304.3343118801613
NHS/Corporate Support Services/Add Prof Scientific and Technic,2024-09-01,30.8,40.8,33.02121137765547,-304.3343118801613
NHS/Corporate Support Services/Add Prof Scientific and Technic,2024-10-01,30.8,40.8,33.02121137765547,-304.3343118801613
NHS/Corporate Support Services/Add Prof Scientific and Technic,2024-11-01,30.8,40.8,33.02121137765547,-304.3343118801613
NHS/Corporate Support Services/Add Prof Scientific and Technic,2024-12-01,30.8,40.8,33.02121137765547,-304.3343118801613
NHS/Corporate Support Services/Add Prof Scientific and Technic,2025-01-01,30.8,40.8,33.02121137765547,-304.3343118801613
NHS/Corporate Support Services/Add Prof Scientific and Technic,2025-02-01,30.8,40.8,33.02121137765547,-304.3343118801613
NHS/Corporate Support Services/Add Prof Scientific and Technic,2025-03-01,30.8,40.8,33.02121137765547,-304.3343118801613
NHS/Corporate Support Services/Add Prof Scientific and Technic,2025-04-01,30.8,40.8,33.02121137765547,-304.3343118801613
NHS/Corporate Support Services/Additional Clinical Services,2024-04-01,188.75,188.75,188.47121137765555,-693.0507925989373
NHS/Corporate Support Services/Additional Clinical Services,2024-05-01,188.75,188.75,188.47121137765555,-693.0507925989373
NHS/Corporate Support Services/Additional Clinical Services,2024-06-01,188.75,188.75,188.47121137765555,-693.0507925989373
NHS/Corporate Support Services/Additional Clinical Services,2024-07-01,188.75,188.75,188.47121137765555,-693.0507925989373
NHS/Corporate Support Services/Additional Clinical Services,2024-08-01,188.75,188.75,188.47121137765555,-693.0507925989373
NHS/Corporate Support Services/Additional Clinical Services,2024-09-01,188.75,188.75,188.47121137765555,-693.0507925989373
NHS/Corporate Support Services/Additional Clinical Services,2024-10-01,188.75,188.75,188.47121137765555,-693.0507925989373
NHS/Corporate Support Services/Additional Clinical Services,2024-11-01,188.75,188.75,188.47121137765555,-693.0507925989373
NHS/Corporate Support Services/Additional Clinical Services,2024-12-01,188.75,188.75,188.47121137765555,-693.0507925989373
NHS/Corporate Support Services/Additional Clinical Services,2025-01-01,188.75,188.75,188.47121137765555,-693.0507925989373
NHS/Corporate Support Services/Additional Clinical Services,2025-02-01,188.75,188.75,188.47121137765555,-693.0507925989373
NHS/Corporate Support Services/Additional Clinical Services,2025-03-01,188.75,188.75,188.47121137765555,-693.0507925989373
NHS/Corporate Support Services/Additional Clinical Services,2025-04-01,188.75,188.75,188.47121137765552,-693.0507925989373
NHS/Corporate Support Services/Administrative and Clerical,2024-04-01,977.8,977.8,977.5212113776558,1626.9561553358617
NHS/Corporate Support Services/Administrative and Clerical,2024-05-01,977.8,977.8,977.5212113776558,1626.9561553358617
NHS/Corporate Support Services/Administrative and Clerical,2024-06-01,977.8,977.8,977.5212113776558,1626.9561553358617
NHS/Corporate Support Services/Administrative and Clerical,2024-07-01,977.8,977.8,977.5212113776558,1626.9561553358617
NHS/Corporate Support Services/Administrative and Clerical,2024-08-01,977.8,977.8,977.5212113776558,1626.9561553358617
NHS/Corporate Support Services/Administrative and Clerical,2024-09-01,977.8,977.8,977.5212113776558,1626.9561553358617
NHS/Corporate Support Services/Administrative and Clerical,2024-10-01,977.8,977.8,977.5212113776558,1626.9561553358617
NHS/Corporate Support Services/Administrative and Clerical,2024-11-01,977.8,977.8,977.5212113776558,1626.9561553358617
NHS/Corporate Support Services/Administrative and Clerical,2024-12-01,977.8,977.8,977.5212113776558,1626.9561553358617
NHS/Corporate Support Services/Administrative and Clerical,2025-01-01,977.8,977.8,977.5212113776558,1626.9561553358617
NHS/Corporate Support Services/Administrative and Clerical,2025-02-01,977.8,977.8,977.5212113776558,1626.9561553358617
NHS/Corporate Support Services/Administrative and Clerical,2025-03-01,977.8,977.8,977.5212113776558,1626.9561553358617
NHS/Corporate Support Services/Administrative and Clerical,2025-04-01,977.8,977.8,977.5212113776557,1626.9561553358617
NHS/Corporate Support Services/Allied Health Professionals,2024-04-01,7.4,7.4,7.12121137765563,-11.521884985046242
NHS/Corporate Support Services/Allied Health Professionals,2024-05-01,7.4,7.4,7.12121137765563,-11.521884985046242
NHS/Corporate Support Services/Allied Health Professionals,2024-06-01,7.4,7.4,7.12121137765563,-11.521884985046242
NHS/Corporate Support Services/Allied Health Professionals,2024-07-01,7.4,7.4,7.12121137765563,-11.521884985046242
NHS/Corporate Support Services/Allied Health Professionals,2024-08-01,7.4,7.4,7.12121137765563,-11.521884985046242
NHS/Corporate Support Services/Allied Health Professionals,2024-09-01,7.4,7.4,7.12121137765563,-11.521884985046242
NHS/Corporate Support Services/Allied Health Professionals,2024-10-01,7.4,7.4,7.12121137765563,-11.521884985046242
NHS/Corporate Support Services/Allied Health Professionals,2024-11-01,7.4,7.4,7.12121137765563,-11.521884985046242
NHS/Corporate Support Services/Allied Health Professionals,2024-12-01,7.4,7.4,7.12121137765563,-11.521884985046242
NHS/Corporate Support Services/Allied Health Professionals,2025-01-01,7.4,7.4,7.12121137765563,-11.521884985046242
NHS/Corporate Support Services/Allied Health Professionals,2025-02-01,7.4,7.4,7.12121137765563,-11.521884985046242
NHS/Corporate Support Services/Allied Health Professionals,2025-03-01,7.4,7.4,7.12121137765563,-11.521884985046242
NHS/Corporate Support Services/Allied Health Professionals,2025-04-01,7.4,7.4,7.12121137765563,-11.521884985046242
NHS/Corporate Support Services/Estates and Ancillary,2024-04-01,820.3000000000001,820.3000000000001,820.0212113776556,1098.8020385188756
NHS/Corporate Support Services/Estates and Ancillary,2024-05-01,820.3000000000001,820.3000000000001,820.0212113776556,1098.8020385188756
NHS/Corporate Support Services/Estates and Ancillary,2024-06-01,820.3000000000001,820.3000000000001,820.0212113776556,1098.8020385188756
NHS/Corporate Support Services/Estates and Ancillary,2024-07-01,820.3000000000001,820.3000000000001,820.0212113776556,1098.8020385188756
NHS/Corporate Support Services/Estates and Ancillary,2024-08-01,820.3000000000001,820.3000000000001,820.0212113776556,1098.8020385188756
NHS/Corporate Support Services/Estates and Ancillary,2024-09-01,820.3000000000001,820.3000000000001,820.0212113776556,1098.8020385188756
NHS/Corporate Support Services/Estates and Ancillary,2024-10-01,820.3000000000001,820.3000000000001,820.0212113776556,1098.8020385188756
NHS/Corporate Support Services/Estates and Ancillary,2024-11-01,820.3000000000001,820.3000000000001,820.0212113776556,1098.8020385188756
NHS/Corporate Support Services/Estates and Ancillary,2024-12-01,820.3000000000001,820.3000000000001,820.0212113776556,1098.8020385188756
NHS/Corporate Support Services/Estates and Ancillary,2025-01-01,820.3000000000001,820.3000000000001,820.0212113776556,1098.8020385188756
NHS/Corporate Support Services/Estates and Ancillary,2025-02-01,820.3000000000001,820.3000000000001,820.0212113776556,1098.8020385188756
NHS/Corporate Support Services/Estates and Ancillary,2025-03-01,820.3000000000001,820.3000000000001,820.0212113776556,1098.8020385188756
NHS/Corporate Support Services/Estates and Ancillary,2025-04-01,820.3000000000001,820.3000000000001,820.0212113776556,1098.8020385188756
NHS/Corporate Support Services/Healthcare Scientists,2024-04-01,2.0,2.0,1.8141409184370274,0.8530348373149466
NHS/Corporate Support Services/Healthcare Scientists,2024-05-01,2.0,2.0,1.8141409184370274,0.8530348373149466
NHS/Corporate Support Services/Healthcare Scientists,2024-06-01,2.0,2.0,1.8141409184370274,0.8530348373149466
NHS/Corporate Support Services/Healthcare Scientists,2024-07-01,2.0,2.0,1.8141409184370274,0.8530348373149466
NHS/Corporate Support Services/Healthcare Scientists,2024-08-01,2.0,2.0,1.8141409184370274,0.8530348373149466
NHS/Corporate Support Services/Healthcare Scientists,2024-09-01,2.0,2.0,1.8141409184370274,0.8530348373149466
NHS/Corporate Support Services/Healthcare Scientists,2024-10-01,2.0,2.0,1.8141409184370274,0.8530348373149466
NHS/Corporate Support Services/Healthcare Scientists,2024-11-01,2.0,2.0,1.8141409184370274,0.8530348373149466
NHS/Corporate Support Services/Healthcare Scientists,2024-12-01,2.0,2.0,1.8141409184370274,0.8530348373149466
NHS/Corporate Support Services/Healthcare Scientists,2025-01-01,2.0,2.0,1.8141409184370274,0.8530348373149466
NHS/Corporate Support Services/Healthcare Scientists,2025-02-01,2.0,2.0,1.8141409184370274,0.8530348373149466
NHS/Corporate Support Services/Healthcare Scientists,2025-03-01,2.0,2.0,1.8141409184370274,0.8530348373149466
NHS/Corporate Support Services/Healthcare Scientists,2025-04-01,2.0,2.0,1.8141409184370274,0.8530348373149466
NHS/Corporate Support Services/Medical and Dental,2024-04-01,47.0,47.0,46.721211377655344,-74.22327354137059
NHS/Corporate Support Services/Medical and Dental,2024-05-01,47.0,47.0,46.721211377655344,-74.22327354137059
NHS/Corporate Support Services/Medical and Dental,2024-06-01,47.0,47.0,46.721211377655344,-74.22327354137059
NHS/Corporate Support Services/Medical and Dental,2024-07-01,47.0,47.0,46.721211377655344,-74.22327354137059
NHS/Corporate Support Services/Medical and Dental,2024-08-01,47.0,47.0,46.721211377655344,-74.22327354137059
NHS/Corporate Support Services/Medical and Dental,2024-09-01,47.0,47.0,46.721211377655344,-74.22327354137059
NHS/Corporate Support Services/Medical and Dental,2024-10-01,47.0,47.0,46.721211377655344,-74.22327354137059
NHS/Corporate Support Services/Medical and Dental,2024-11-01,47.0,47.0,46.721211377655344,-74.22327354137059
NHS/Corporate Support Services/Medical and Dental,2024-12-01,47.0,47.0,46.721211377655344,-74.22327354137059
NHS/Corporate Support Services/Medical and Dental,2025-01-01,47.0,47.0,46.721211377655344,-74.22327354137059
NHS/Corporate Support Services/Medical and Dental,2025-02-01,47.0,47.0,46.721211377655344,-74.22327354137059
NHS/Corporate Support Services/Medical and Dental,2025-03-01,47.0,47.0,46.721211377655344,-74.22327354137059
NHS/Corporate Support Services/Medical and Dental,2025-04-01,47.0,47.0,46.721211377655344,-74.22327354137059
NHS/Corporate Support Services/Nursing and Midwifery Registered,2024-04-01,408.24,408.24,407.9612113776557,-56.71249798847606
NHS/Corporate Support Services/Nursing and Midwifery Registered,2024-05-01,408.24,408.24,407.9612113776557,-56.71249798847606
NHS/Corporate Support Services/Nursing and Midwifery Registered,2024-06-01,408.24,408.24,407.9612113776557,-56.71249798847606
NHS/Corporate Support Services/Nursing and Midwifery Registered,2024-07-01,408.24,408.24,407.9612113776557,-56.71249798847606
NHS/Corporate Support Services/Nursing and Midwifery Registered,2024-08-01,408.24,408.24,407.9612113776557,-56.71249798847606
NHS/Corporate Support Services/Nursing and Midwifery Registered,2024-09-01,408.24,408.24,407.9612113776557,-56.71249798847606
NHS/Corporate Support Services/Nursing and Midwifery Registered,2024-10-01,408.24,408.24,407.9612113776557,-56.71249798847606
NHS/Corporate Support Services/Nursing and Midwifery Registered,2024-11-01,408.24,408.24,407.9612113776557,-56.71249798847606
NHS/Corporate Support Services/Nursing and Midwifery Registered,2024-12-01,408.24,408.24,407.9612113776557,-56.71249798847606
NHS/Corporate Support Services/Nursing and Midwifery Registered,2025-01-01,408.24,408.24,407.9612113776557,-56.71249798847606
NHS/Corporate Support Services/Nursing and Midwifery Registered,2025-02-01,408.24,408.24,407.9612113776557,-56.71249798847606
NHS/Corporate Support Services/Nursing and Midwifery Registered,2025-03-01,408.24,408.24,407.9612113776557,-56.71249798847606
NHS/Corporate Support Services/Nursing and Midwifery Registered,2025-04-01,408.24,408.24,407.9612113776556,-56.71249798847606
NHS/Corporate Support Services/Students,2024-04-01,0.0,0.0,-0.1858590815629788,1.4186565481508582e-10
NHS/Corporate Support Services/Students,2024-05-01,0.0,0.0,-0.1858590815629788,1.4186565481508582e-10
NHS/Corporate Support Services/Students,2024-06-01,0.0,0.0,-0.1858590815629788,1.4186565481508582e-10
NHS/Corporate Support Services/Students,2024-07-01,0.0,0.0,-0.1858590815629788,1.4186565481508582e-10
NHS/Corporate Support Services/Students,2024-08-01,0.0,0.0,-0.1858590815629788,1.4186565481508582e-10
NHS/Corporate Support Services/Students,2024-09-01,0.0,0.0,-0.1858590815629788,1.4186565481508582e-10
NHS/Corporate Support Services/Students,2024-10-01,0.0,0.0,-0.1858590815629788,1.4186565481508582e-10
NHS/Corporate Support Services/Students,2024-11-01,0.0,0.0,-0.1858590815629788,1.4186565481508582e-10
NHS/Corporate Support Services/Students,2024-12-01,0.0,0.0,-0.1858590815629788,1.4186565481508582e-10
NHS/Corporate Support Services/Students,2025-01-01,0.0,0.0,-0.1858590815629788,1.4186565481508582e-10
NHS/Corporate Support Services/Students,2025-02-01,0.0,0.0,-0.1858590815629788,1.4186565481508582e-10
NHS/Corporate Support Services/Students,2025-03-01,0.0,0.0,-0.1858590815629788,1.4186565481508582e-10
NHS/Corporate Support Services/Students,2025-04-01,0.0,0.0,-0.1858590815629788,1.4186565481508582e-10
NHS/Medical Services/Add Prof Scientific and Technic,2024-04-01,27.68,27.68,27.615378248800393,-38.394898508937516
NHS/Medical Services/Add Prof Scientific and Technic,2024-05-01,27.68,27.68,27.615378248800393,-38.394898508937516
NHS/Medical Services/Add Prof Scientific and Technic,2024-06-01,27.68,27.68,27.615378248800393,-38.394898508937516
NHS/Medical Services/Add Prof Scientific and Technic,2024-07-01,27.68,27.68,27.615378248800393,-38.394898508937516
NHS/Medical Services/Add Prof Scientific and Technic,2024-08-01,27.68,27.68,27.615378248800393,-38.394898508937516
NHS/Medical Services/Add Prof Scientific and Technic,2024-09-01,27.68,27.68,27.615378248800393,-38.394898508937516
NHS/Medical Services/Add Prof Scientific and Technic,2024-10-01,27.68,27.68,27.615378248800393,-38.394898508937516
NHS/Medical Services/Add Prof Scientific and Technic,2024-11-01,27.68,27.68,27.615378248800393,-38.394898508937516
NHS/Medical Services/Add Prof Scientific and Technic,2024-12-01,27.68,27.68,27.615378248800393,-38.394898508937516
NHS/Medical Services/Add Prof Scientific and Technic,2025-01-01,27.68,27.68,27.615378248800393,-38.394898508937516
NHS/Medical Services/Add Prof Scientific and Technic,2025-02-01,27.68,27.68,27.615378248800393,-38.394898508937516
NHS/Medical Services/Add Prof Scientific and Technic,2025-03-01,27.68,27.68,27.615378248800393,-38.394898508937516
NHS/Medical Services/Add Prof Scientific and Technic,2025-04-01,27.68,27.68,27.615378248800393,-38.394898508937516
NHS/Medical Services/Additional Clinical Services,2024-04-01,1184.11,1184.11,1184.0130673732,427.4594024302091
NHS/Medical Services/Additional Clinical Services,2024-05-01,1184.11,1184.11,1184.0130673732,427.4594024302091
NHS/Medical Services/Additional Clinical Services,2024-06-01,1184.11,1184.11,1184.0130673732,427.4594024302091
NHS/Medical Services/Additional Clinical Services,2024-07-01,1184.11,1184.11,1184.0130673732,427.4594024302091
NHS/Medical Services/Additional Clinical Services,2024-08-01,1184.11,1184.11,1184.0130673732,427.4594024302091
NHS/Medical Services/Additional Clinical Services,2024-09-01,1184.11,1184.11,1184.0130673732,427.4594024302091
NHS/Medical Services/Additional Clinical Services,2024-10-01,1184.11,1184.11,1184.0130673732,427.4594024302091
NHS/Medical Services/Additional Clinical Services,2024-11-01,1184.11,1184.11,1184.0130673732,427.4594024302091
NHS/Medical Services/Additional Clinical Services,2024-12-01,1184.11,1184.11,1184.0130673732,427.4594024302091
NHS/Medical Services/Additional Clinical Services,2025-01-01,1184.11,1184.11,1184.0130673732,427.4594024302091
NHS/Medical Services/Additional Clinical Services,2025-02-01,1184.11,1184.11,1184.0130673732,427.4594024302091
NHS/Medical Services/Additional Clinical Services,2025-03-01,1184.11,1184.11,1184.0130673732,427.4594024302091
NHS/Medical Services/Additional Clinical Services,2025-04-01,1184.11,1184.11,1184.0130673731999,427.4594024302091
NHS/Medical Services/Administrative and Clerical,2024-04-01,384.2,384.2,384.1030673732006,518.7211831495331
NHS/Medical Services/Administrative and Clerical,2024-05-01,384.2,384.2,384.1030673732006,518.7211831495331
NHS/Medical Services/Administrative and Clerical,2024-06-01,384.2,384.2,384.1030673732006,518.7211831495331
NHS/Medical Services/Administrative and Clerical,2024-07-01,384.2,384.2,384.1030673732006,518.7211831495331
NHS/Medical Services/Administrative and Clerical,2024-08-01,384.2,384.2,384.1030673732006,518.7211831495331
NHS/Medical Services/Administrative and Clerical,2024-09-01,384.2,384.2,384.1030673732006,518.7211831495331
NHS/Medical Services/Administrative and Clerical,2024-10-01,384.2,384.2,384.1030673732006,518.7211831495331
NHS/Medical Services/Administrative and Clerical,2024-11-01,384.2,384.2,384.1030673732006,518.7211831495331
NHS/Medical Services/Administrative and Clerical,2024-12-01,384.2,384.2,384.1030673732006,518.7211831495331
NHS/Medical Services/Administrative and Clerical,2025-01-01,384.2,384.2,384.1030673732006,518.7211831495331
NHS/Medical Services/Administrative and Clerical,2025-02-01,384.2,384.2,384.1030673732006,518.7211831495331
NHS/Medical Services/Administrative and Clerical,2025-03-01,384.2,384.2,384.1030673732006,518.7211831495331
NHS/Medical Services/Administrative and Clerical,2025-04-01,384.2,384.2,384.1030673732006,518.7211831495331
NHS/Medical Services/Allied Health Professionals,2024-04-01,31.0,31.0,30.935378248800422,20.88368940780684
NHS/Medical Services/Allied Health Professionals,2024-05-01,31.0,31.0,30.935378248800422,20.88368940780684
NHS/Medical Services/Allied Health Professionals,2024-06-01,31.0,31.0,30.935378248800422,20.88368940780684
NHS/Medical Services/Allied Health Professionals,2024-07-01,31.0,31.0,30.935378248800422,20.88368940780684
NHS/Medical Services/Allied Health Professionals,2024-08-01,31.0,31.0,30.935378248800422,20.88368940780684
NHS/Medical Services/Allied Health Professionals,2024-09-01,31.0,31.0,30.935378248800422,20.88368940780684
NHS/Medical Services/Allied Health Professionals,2024-10-01,31.0,31.0,30.935378248800422,20.88368940780684
NHS/Medical Services/Allied Health Professionals,2024-11-01,31.0,31.0,30.935378248800422,20.88368940780684
NHS/Medical Services/Allied Health Professionals,2024-12-01,31.0,31.0,30.935378248800422,20.88368940780684
NHS/Medical Services/Allied Health Professionals,2025-01-01,31.0,31.0,30.935378248800422,20.88368940780684
NHS/Medical Services/Allied Health Professionals,2025-02-01,31.0,31.0,30.935378248800422,20.88368940780684
NHS/Medical Services/Allied Health Professionals,2025-03-01,31.0,31.0,30.935378248800422,20.88368940780684
NHS/Medical Services/Allied Health Professionals,2025-04-01,31.0,31.0,30.935378248800422,20.88368940780684
NHS/Medical Services/Estates and Ancillary,2024-04-01,53.49,53.49,53.42537824880045,33.20060895271211
NHS/Medical Services/Estates and Ancillary,2024-05-01,53.49,53.49,53.42537824880045,33.20060895271211
NHS/Medical Services/Estates and Ancillary,2024-06-01,53.49,53.49,53.42537824880045,33.20060895271211
NHS/Medical Services/Estates and Ancillary,2024-07-01,53.49,53.49,53.42537824880045,33.20060895271211
NHS/Medical Services/Estates and Ancillary,2024-08-01,53.49,53.49,53.42537824880045,33.20060895271211
NHS/Medical Services/Estates and Ancillary,2024-09-01,53.49,53.49,53.42537824880045,33.20060895271211
NHS/Medical Services/Estates and Ancillary,2024-10-01,53.49,53.49,53.42537824880045,33.20060895271211
NHS/Medical Services/Estates and Ancillary,2024-11-01,53.49,53.49,53.42537824880045,33.20060895271211
NHS/Medical Services/Estates and Ancillary,2024-12-01,53.49,53.49,53.42537824880045,33.20060895271211
NHS/Medical Services/Estates and Ancillary,2025-01-01,53.49,53.49,53.42537824880045,33.20060895271211
NHS/Medical Services/Estates and Ancillary,2025-02-01,53.49,53.49,53.42537824880045,33.20060895271211
NHS/Medical Services/Estates and Ancillary,2025-03-01,53.49,53.49,53.42537824880045,33.20060895271211
NHS/Medical Services/Estates and Ancillary,2025-04-01,53.49,53.49,53.42537824880045,33.20060895271211
NHS/Medical Services/Healthcare Scientists,2024-04-01,13.28,13.28,13.215378248800405,8.849847316976717
NHS/Medical Services/Healthcare Scientists,2024-05-01,13.28,13.28,13.215378248800405,8.849847316976717
NHS/Medical Services/Healthcare Scientists,2024-06-01,13.28,13.28,13.215378248800405,8.849847316976717
NHS/Medical Services/Healthcare Scientists,2024-07-01,13.28,13.28,13.215378248800405,8.849847316976717
NHS/Medical Services/Healthcare Scientists,2024-08-01,13.28,13.28,13.215378248800405,8.849847316976717
NHS/Medical Services/Healthcare Scientists,2024-09-01,13.28,13.28,13.215378248800405,8.849847316976717
NHS/Medical Services/Healthcare Scientists,2024-10-01,13.28,13.28,13.215378248800405,8.849847316976717
NHS/Medical Services/Healthcare Scientists,2024-11-01,13.28,13.28,13.215378248800405,8.849847316976717
NHS/Medical Services/Healthcare Scientists,2024-12-01,13.28,13.28,13.215378248800405,8.849847316976717
NHS/Medical Services/Healthcare Scientists,2025-01-01,13.28,13.28,13.215378248800405,8.849847316976717
NHS/Medical Services/Healthcare Scientists,2025-02-01,13.28,13.28,13.215378248800405,8.849847316976717
NHS/Medical Services/Healthcare Scientists,2025-03-01,13.28,13.28,13.215378248800405,8.849847316976717
NHS/Medical Services/Healthcare Scientists,2025-04-01,13.28,13.28,13.215378248800405,8.849847316976717
NHS/Medical Services/Medical and Dental,2024-04-01,307.81,307.81,307.713067373201,515.1490771196594
NHS/Medical Services/Medical and Dental,2024-05-01,307.81,307.81,307.713067373201,515.1490771196594
NHS/Medical Services/Medical and Dental,2024-06-01,307.81,307.81,307.713067373201,515.1490771196594
NHS/Medical Services/Medical and Dental,2024-07-01,307.81,307.81,307.713067373201,515.1490771196594
NHS/Medical Services/Medical and Dental,2024-08-01,307.81,307.81,307.713067373201,515.1490771196594
NHS/Medical Services/Medical and Dental,2024-09-01,307.81,307.81,307.713067373201,515.1490771196594
NHS/Medical Services/Medical and Dental,2024-10-01,307.81,307.81,307.713067373201,515.1490771196594
NHS/Medical Services/Medical and Dental,2024-11-01,307.81,307.81,307.713067373201,515.1490771196594
NHS/Medical Services/Medical and Dental,2024-12-01,307.81,307.81,307.713067373201,515.1490771196594
NHS/Medical Services/Medical and Dental,2025-01-01,307.81,307.81,307.713067373201,515.1490771196594
NHS/Medical Services/Medical and Dental,2025-02-01,307.81,307.81,307.713067373201,515.1490771196594
NHS/Medical Services/Medical and Dental,2025-03-01,307.81,307.81,307.713067373201,515.1490771196594
NHS/Medical Services/Medical and Dental,2025-04-01,307.81,307.81,307.713067373201,515.1490771196594
NHS/Medical Services/Nursing and Midwifery Registered,2024-04-01,1140.91,1140.91,1140.8130673732,552.5749213469585
NHS/Medical Services/Nursing and Midwifery Registered,2024-05-01,1140.91,1140.91,1140.8130673732,552.5749213469585
NHS/Medical Services/Nursing and Midwifery Registered,2024-06-01,1140.91,1140.91,1140.8130673732,552.5749213469585
NHS/Medical Services/Nursing and Midwifery Registered,2024-07-01,1140.91,1140.91,1140.8130673732,552.5749213469585
NHS/Medical Services/Nursing and Midwifery Registered,2024-08-01,1140.91,1140.91,1140.8130673732,552.5749213469585
NHS/Medical Services/Nursing and Midwifery Registered,2024-09-01,1140.91,1140.91,1140.8130673732,552.5749213469585
NHS/Medical Services/Nursing and Midwifery Registered,2024-10-01,1140.91,1140.91,1140.8130673732,552.5749213469585
NHS/Medical Services/Nursing and Midwifery Registered,2024-11-01,1140.91,1140.91,1140.8130673732,552.5749213469585
NHS/Medical Services/Nursing and Midwifery Registered,2024-12-01,1140.91,1140.91,1140.8130673732,552.5749213469585
NHS/Medical Services/Nursing and Midwifery Registered,2025-01-01,1140.91,1140.91,1140.8130673732,552.5749213469585
NHS/Medical Services/Nursing and Midwifery Registered,2025-02-01,1140.91,1140.91,1140.8130673732,552.5749213469585
NHS/Medical Services/Nursing and Midwifery Registered,2025-03-01,1140.91,1140.91,1140.8130673732,552.5749213469585
NHS/Medical Services/Nursing and Midwifery Registered,2025-04-01,1140.91,1140.91,1140.8130673732,552.5749213469585
NHS/Medical Services/Students,2024-04-01,15.0,17.0,15.580504331733868,67.0191046466838
NHS/Medical Services/Students,2024-05-01,15.0,17.0,15.580504331733868,67.0191046466838
NHS/Medical Services/Students,2024-06-01,15.0,17.0,15.580504331733868,67.0191046466838
NHS/Medical Services/Students,2024-07-01,15.0,17.0,15.580504331733868,67.0191046466838
NHS/Medical Services/Students,2024-08-01,15.0,17.0,15.580504331733868,67.0191046466838
NHS/Medical Services/Students,2024-09-01,15.0,17.0,15.580504331733868,67.0191046466838
NHS/Medical Services/Students,2024-10-01,15.0,17.0,15.580504331733868,67.0191046466838
NHS/Medical Services/Students,2024-11-01,15.0,17.0,15.580504331733868,67.0191046466838
NHS/Medical Services/Students,2024-12-01,15.0,17.0,15.580504331733868,67.0191046466838
NHS/Medical Services/Students,2025-01-01,15.0,17.0,15.580504331733868,67.0191046466838
NHS/Medical Services/Students,2025-02-01,15.0,17.0,15.580504331733868,67.0191046466838
NHS/Medical Services/Students,2025-03-01,15.0,17.0,15.580504331733868,67.0191046466838
NHS/Medical Services/Students,2025-04-01,15.0,17.0,15.580504331733868,67.0191046466838
NHS/Mental Health and Learning Disabilities/Add Prof Scientific and Technic,2024-04-01,325.46000000000004,325.46000000000004,325.2866051980805,1077.5173141394368
NHS/Mental Health and Learning Disabilities/Add Prof Scientific and Technic,2024-05-01,325.46000000000004,325.46000000000004,325.2866051980805,1077.5173141394368
NHS/Mental Health and Learning Disabilities/Add Prof Scientific and Technic,2024-06-01,325.46000000000004,325.46000000000004,325.2866051980805,1077.5173141394368
NHS/Mental Health and Learning Disabilities/Add Prof Scientific and Technic,2024-07-01,325.46000000000004,325.46000000000004,325.2866051980805,1077.5173141394368
NHS/Mental Health and Learning Disabilities/Add Prof Scientific and Technic,2024-08-01,325.46000000000004,325.46000000000004,325.2866051980805,1077.5173141394368
NHS/Mental Health and Learning Disabilities/Add Prof Scientific and Technic,2024-09-01,325.46000000000004,325.46000000000004,325.2866051980805,1077.5173141394368
NHS/Mental Health and Learning Disabilities/Add Prof Scientific and Technic,2024-10-01,325.46000000000004,325.46000000000004,325.2866051980805,1077.5173141394368
NHS/Mental Health and Learning Disabilities/Add Prof Scientific and Technic,2024-11-01,325.46000000000004,325.46000000000004,325.2866051980805,1077.5173141394368
NHS/Mental Health and Learning Disabilities/Add Prof Scientific and Technic,2024-12-01,325.46000000000004,325.46000000000004,325.2866051980805,1077.5173141394368
NHS/Mental Health and Learning Disabilities/Add Prof Scientific and Technic,2025-01-01,325.46000000000004,325.46000000000004,325.2866051980805,1077.5173141394368
NHS/Mental Health and Learning Disabilities/Add Prof Scientific and Technic,2025-02-01,325.46000000000004,325.46000000000004,325.2866051980805,1077.5173141394368
NHS/Mental Health and Learning Disabilities/Add Prof Scientific and Technic,2025-03-01,325.46000000000004,325.46000000000004,325.2866051980805,1077.5173141394368
NHS/Mental Health and Learning Disabilities/Add Prof Scientific and Technic,2025-04-01,325.46000000000004,325.46000000000004,325.28660519808057,1077.5173141394366
NHS/Mental Health and Learning Disabilities/Additional Clinical Services,2024-04-01,916.87,916.87,916.696605198081,1330.822227522926
NHS/Mental Health and Learning Disabilities/Additional Clinical Services,2024-05-01,916.87,916.87,916.696605198081,1330.822227522926
NHS/Mental Health and Learning Disabilities/Additional Clinical Services,2024-06-01,916.87,916.87,916.696605198081,1330.822227522926
NHS/Mental Health and Learning Disabilities/Additional Clinical Services,2024-07-01,916.87,916.87,916.696605198081,1330.822227522926
NHS/Mental Health and Learning Disabilities/Additional Clinical Services,2024-08-01,916.87,916.87,916.696605198081,1330.822227522926
NHS/Mental Health and Learning Disabilities/Additional Clinical Services,2024-09-01,916.87,916.87,916.696605198081,1330.822227522926
NHS/Mental Health and Learning Disabilities/Additional Clinical Services,2024-10-01,916.87,916.87,916.696605198081,1330.822227522926
NHS/Mental Health and Learning Disabilities/Additional Clinical Services,2024-11-01,916.87,916.87,916.696605198081,1330.822227522926
NHS/Mental Health and Learning Disabilities/Additional Clinical Services,2024-12-01,916.87,916.87,916.696605198081,1330.822227522926
NHS/Mental Health and Learning Disabilities/Additional Clinical Services,2025-01-01,916.87,916.87,916.696605198081,1330.822227522926
NHS/Mental Health and Learning Disabilities/Additional Clinical Services,2025-02-01,916.87,916.87,916.696605198081,1330.822227522926
NHS/Mental Health and Learning Disabilities/Additional Clinical Services,2025-03-01,916.87,916.87,916.696605198081,1330.822227522926
NHS/Mental Health and Learning Disabilities/Additional Clinical Services,2025-04-01,916.87,916.87,916.6966051980811,1330.822227522926
NHS/Mental Health and Learning Disabilities/Administrative and Clerical,2024-04-01,228.07,228.07,227.89660519808075,296.7924114513195
NHS/Mental Health and Learning Disabilities/Administrative and Clerical,2024-05-01,228.07,228.07,227.89660519808075,296.7924114513195
NHS/Mental Health and Learning Disabilities/Administrative and Clerical,2024-06-01,228.07,228.07,227.89660519808075,296.7924114513195
NHS/Mental Health and Learning Disabilities/Administrative and Clerical,2024-07-01,228.07,228.07,227.89660519808075,296.7924114513195
NHS/Mental Health and Learning Disabilities/Administrative and Clerical,2024-08-01,228.07,228.07,227.89660519808075,296.7924114513195
NHS/Mental Health and Learning Disabilities/Administrative and Clerical,2024-09-01,228.07,228.07,227.89660519808075,296.7924114513195
NHS/Mental Health and Learning Disabilities/Administrative and Clerical,2024-10-01,228.07,228.07,227.89660519808075,296.7924114513195
NHS/Mental Health and Learning Disabilities/Administrative and Clerical,2024-11-01,228.07,228.07,227.89660519808075,296.7924114513195
NHS/Mental Health and Learning Disabilities/Administrative and Clerical,2024-12-01,228.07,228.07,227.89660519808075,296.7924114513195
NHS/Mental Health and Learning Disabilities/Administrative and Clerical,2025-01-01,228.07,228.07,227.89660519808075,296.7924114513195
NHS/Mental Health and Learning Disabilities/Administrative and Clerical,2025-02-01,228.07,228.07,227.89660519808075,296.7924114513195
NHS/Mental Health and Learning Disabilities/Administrative and Clerical,2025-03-01,228.07,228.07,227.89660519808075,296.7924114513195
NHS/Mental Health and Learning Disabilities/Administrative and Clerical,2025-04-01,228.07,228.07,227.89660519808075,296.7924114513195
NHS/Mental Health and Learning Disabilities/Allied Health Professionals,2024-04-01,58.35,61.35,58.926605198080566,201.14998727981174
NHS/Mental Health and Learning Disabilities/Allied Health Professionals,2024-05-01,58.35,61.35,58.926605198080566,201.14998727981174
NHS/Mental Health and Learning Disabilities/Allied Health Professionals,2024-06-01,58.35,61.35,58.926605198080566,201.14998727981174
NHS/Mental Health and Learning Disabilities/Allied Health Professionals,2024-07-01,58.35,61.35,58.926605198080566,201.14998727981174
NHS/Mental Health and Learning Disabilities/Allied Health Professionals,2024-08-01,58.35,61.35,58.926605198080566,201.14998727981174
NHS/Mental Health and Learning Disabilities/Allied Health Professionals,2024-09-01,58.35,61.35,58.926605198080566,201.14998727981174
NHS/Mental Health and Learning Disabilities/Allied Health Professionals,2024-10-01,58.35,61.35,58.926605198080566,201.14998727981174
NHS/Mental Health and Learning Disabilities/Allied Health Professionals,2024-11-01,58.35,61.35,58.926605198080566,201.14998727981174
NHS/Mental Health and Learning Disabilities/Allied Health Professionals,2024-12-01,58.35,61.35,58.926605198080566,201.14998727981174
NHS/Mental Health and Learning Disabilities/Allied Health Professionals,2025-01-01,58.35,61.35,58.926605198080566,201.14998727981174
NHS/Mental Health and Learning Disabilities/Allied Health Professionals,2025-02-01,58.35,61.35,58.926605198080566,201.14998727981174
NHS/Mental Health and Learning Disabilities/Allied Health Professionals,2025-03-01,58.35,61.35,58.926605198080566,201.14998727981174
NHS/Mental Health and Learning Disabilities/Allied Health Professionals,2025-04-01,58.35,61.35,58.926605198080566,201.14998727981174
NHS/Mental Health and Learning Disabilities/Estates and Ancillary,2024-04-01,130.68,132.68,131.0066051980805,281.974136202395
NHS/Mental Health and Learning Disabilities/Estates and Ancillary,2024-05-01,130.68,132.68,131.0066051980805,281.974136202395
NHS/Mental Health and Learning Disabilities/Estates and Ancillary,2024-06-01,130.68,132.68,131.0066051980805,281.974136202395
NHS/Mental Health and Learning Disabilities/Estates and Ancillary,2024-07-01,130.68,132.68,131.0066051980805,281.974136202395
NHS/Mental Health and Learning Disabilities/Estates and Ancillary,2024-08-01,130.68,132.68,131.0066051980805,281.974136202395
NHS/Mental Health and Learning Disabilities/Estates and Ancillary,2024-09-01,130.68,132.68,131.0066051980805,281.974136202395
NHS/Mental Health and Learning Disabilities/Estates and Ancillary,2024-10-01,130.68,132.68,131.0066051980805,281.974136202395
NHS/Mental Health and Learning Disabilities/Estates and Ancillary,2024-11-01,130.68,132.68,131.0066051980805,281.974136202395
NHS/Mental Health and Learning Disabilities/Estates and Ancillary,2024-12-01,130.68,132.68,131.0066051980805,281.974136202395
NHS/Mental Health and Learning Disabilities/Estates and Ancillary,2025-01-01,130.68,132.68,131.0066051980805,281.974136202395
NHS/Mental Health and Learning Disabilities/Estates and Ancillary,2025-02-01,130.68,132.68,131.0066051980805,281.974136202395
NHS/Mental Health and Learning Disabilities/Estates and Ancillary,2025-03-01,130.68,132.68,131.0066051980805,281.974136202395
NHS/Mental Health and Learning Disabilities/Estates and Ancillary,2025-04-01,130.68,132.68,131.0066051980805,281.974136202395
NHS/Mental Health and Learning Disabilities/Medical and Dental,2024-04-01,41.0,41.0,40.82660519808049,332.577170548454
NHS/Mental Health and Learning Disabilities/Medical and Dental,2024-05-01,41.0,41.0,40.82660519808049,332.577170548454
NHS/Mental Health and Learning Disabilities/Medical and Dental,2024-06-01,41.0,41.0,40.82660519808049,332.577170548454
NHS/Mental Health and Learning Disabilities/Medical and Dental,2024-07-01,41.0,41.0,40.82660519808049,332.577170548454
NHS/Mental Health and Learning Disabilities/Medical and Dental,2024-08-01,41.0,41.0,40.82660519808049,332.577170548454
NHS/Mental Health and Learning Disabilities/Medical and Dental,2024-09-01,41.0,41.0,40.82660519808049,332.577170548454
NHS/Mental Health and Learning Disabilities/Medical and Dental,2024-10-01,41.0,41.0,40.82660519808049,332.577170548454
NHS/Mental Health and Learning Disabilities/Medical and Dental,2024-11-01,41.0,41.0,40.82660519808049,332.577170548454
NHS/Mental Health and Learning Disabilities/Medical and Dental,2024-12-01,41.0,41.0,40.82660519808049,332.577170548454
NHS/Mental Health and Learning Disabilities/Medical and Dental,2025-01-01,41.0,41.0,40.82660519808049,332.577170548454
NHS/Mental Health and Learning Disabilities/Medical and Dental,2025-02-01,41.0,41.0,40.82660519808049,332.577170548454
NHS/Mental Health and Learning Disabilities/Medical and Dental,2025-03-01,41.0,41.0,40.82660519808049,332.577170548454
NHS/Mental Health and Learning Disabilities/Medical and Dental,2025-04-01,41.0,41.0,40.82660519808049,332.577170548454
NHS/Mental Health and Learning Disabilities/Nursing and Midwifery Registered,2024-04-01,722.0799999999999,722.0799999999999,721.9066051980807,1046.8041861499153
NHS/Mental Health and Learning Disabilities/Nursing and Midwifery Registered,2024-05-01,722.0799999999999,722.0799999999999,721.9066051980807,1046.8041861499153
NHS/Mental Health and Learning Disabilities/Nursing and Midwifery Registered,2024-06-01,722.0799999999999,722.0799999999999,721.9066051980807,1046.8041861499153
NHS/Mental Health and Learning Disabilities/Nursing and Midwifery Registered,2024-07-01,722.0799999999999,722.0799999999999,721.9066051980807,1046.8041861499153
NHS/Mental Health and Learning Disabilities/Nursing and Midwifery Registered,2024-08-01,722.0799999999999,722.0799999999999,721.9066051980807,1046.8041861499153
NHS/Mental Health and Learning Disabilities/Nursing and Midwifery Registered,2024-09-01,722.0799999999999,722.0799999999999,721.9066051980807,1046.8041861499153
NHS/Mental Health and Learning Disabilities/Nursing and Midwifery Registered,2024-10-01,722.0799999999999,722.0799999999999,721.9066051980807,1046.8041861499153
NHS/Mental Health and Learning Disabilities/Nursing and Midwifery Registered,2024-11-01,722.0799999999999,722.0799999999999,721.9066051980807,1046.8041861499153
NHS/Mental Health and Learning Disabilities/Nursing and Midwifery Registered,2024-12-01,722.0799999999999,722.0799999999999,721.9066051980807,1046.8041861499153
NHS/Mental Health and Learning Disabilities/Nursing and Midwifery Registered,2025-01-01,722.0799999999999,722.0799999999999,721.9066051980807,1046.8041861499153
NHS/Mental Health and Learning Disabilities/Nursing and Midwifery Registered,2025-02-01,722.0799999999999,722.0799999999999,721.9066051980807,1046.8041861499153
NHS/Mental Health and Learning Disabilities/Nursing and Midwifery Registered,2025-03-01,722.0799999999999,722.0799999999999,721.9066051980807,1046.8041861499153
NHS/Mental Health and Learning Disabilities/Nursing and Midwifery Registered,2025-04-01,722.0799999999999,722.0799999999999,721.9066051980808,1046.804186149915
NHS/Neighbourhood Services/Add Prof Scientific and Technic,2024-04-01,36.61,36.61,36.57440346538689,-16.89685425285394
NHS/Neighbourhood Services/Add Prof Scientific and Technic,2024-05-01,36.61,36.61,36.57440346538689,-16.89685425285394
NHS/Neighbourhood Services/Add Prof Scientific and Technic,2024-06-01,36.61,36.61,36.57440346538689,-16.89685425285394
NHS/Neighbourhood Services/Add Prof Scientific and Technic,2024-07-01,36.61,36.61,36.57440346538689,-16.89685425285394
NHS/Neighbourhood Services/Add Prof Scientific and Technic,2024-08-01,36.61,36.61,36.57440346538689,-16.89685425285394
NHS/Neighbourhood Services/Add Prof Scientific and Technic,2024-09-01,36.61,36.61,36.57440346538689,-16.89685425285394
NHS/Neighbourhood Services/Add Prof Scientific and Technic,2024-10-01,36.61,36.61,36.57440346538689,-16.89685425285394
NHS/Neighbourhood Services/Add Prof Scientific and Technic,2024-11-01,36.61,36.61,36.57440346538689,-16.89685425285394
NHS/Neighbourhood Services/Add Prof Scientific and Technic,2024-12-01,36.61,36.61,36.57440346538689,-16.89685425285394
NHS/Neighbourhood Services/Add Prof Scientific and Technic,2025-01-01,36.61,36.61,36.57440346538689,-16.89685425285394
NHS/Neighbourhood Services/Add Prof Scientific and Technic,2025-02-01,36.61,36.61,36.57440346538689,-16.89685425285394
NHS/Neighbourhood Services/Add Prof Scientific and Technic,2025-03-01,36.61,36.61,36.57440346538689,-16.89685425285394
NHS/Neighbourhood Services/Add Prof Scientific and Technic,2025-04-01,36.61,36.61,36.57440346538689,-16.89685425285394
NHS/Neighbourhood Services/Additional Clinical Services,2024-04-01,1371.21,1371.21,1371.1566051980813,1247.3779483352755
NHS/Neighbourhood Services/Additional Clinical Services,2024-05-01,1371.21,1371.21,1371.1566051980813,1247.3779483352755
NHS/Neighbourhood Services/Additional Clinical Services,2024-06-01,1371.21,1371.21,1371.1566051980813,1247.3779483352755
NHS/Neighbourhood Services/Additional Clinical Services,2024-07-01,1371.21,1371.21,1371.1566051980813,1247.3779483352755
NHS/Neighbourhood Services/Additional Clinical Services,2024-08-01,1371.21,1371.21,1371.1566051980813,1247.3779483352755
NHS/Neighbourhood Services/Additional Clinical Services,2024-09-01,1371.21,1371.21,1371.1566051980813,1247.3779483352755
NHS/Neighbourhood Services/Additional Clinical Services,2024-10-01,1371.21,1371.21,1371.1566051980813,1247.3779483352755
NHS/Neighbourhood Services/Additional Clinical Services,2024-11-01,1371.21,1371.21,1371.1566051980813,1247.3779483352755
NHS/Neighbourhood Services/Additional Clinical Services,2024-12-01,1371.21,1371.21,1371.1566051980813,1247.3779483352755
NHS/Neighbourhood Services/Additional Clinical Services,2025-01-01,1371.21,1371.21,1371.1566051980813,1247.3779483352755
NHS/Neighbourhood Services/Additional Clinical Services,2025-02-01,1371.21,1371.21,1371.1566051980813,1247.3779483352755
NHS/Neighbourhood Services/Additional Clinical Services,2025-03-01,1371.21,1371.21,1371.1566051980813,1247.3779483352755
NHS/Neighbourhood Services/Additional Clinical Services,2025-04-01,1371.21,1371.21,1371.1566051980813,1247.3779483352755
NHS/Neighbourhood Services/Administrative and Clerical,2024-04-01,423.0,423.0,422.9466051980802,647.5651814884269
NHS/Neighbourhood Services/Administrative and Clerical,2024-05-01,423.0,423.0,422.9466051980802,647.5651814884269
NHS/Neighbourhood Services/Administrative and Clerical,2024-06-01,423.0,423.0,422.9466051980802,647.5651814884269
NHS/Neighbourhood Services/Administrative and Clerical,2024-07-01,423.0,423.0,422.9466051980802,647.5651814884269
NHS/Neighbourhood Services/Administrative and Clerical,2024-08-01,423.0,423.0,422.9466051980802,647.5651814884269
NHS/Neighbourhood Services/Administrative and Clerical,2024-09-01,423.0,423.0,422.9466051980802,647.5651814884269
NHS/Neighbourhood Services/Administrative and Clerical,2024-10-01,423.0,423.0,422.9466051980802,647.5651814884269
NHS/Neighbourhood Services/Administrative and Clerical,2024-11-01,423.0,423.0,422.9466051980802,647.5651814884269
NHS/Neighbourhood Services/Administrative and Clerical,2024-12-01,423.0,423.0,422.9466051980802,647.5651814884269
NHS/Neighbourhood Services/Administrative and Clerical,2025-01-01,423.0,423.0,422.9466051980802,647.5651814884269
NHS/Neighbourhood Services/Administrative and Clerical,2025-02-01,423.0,423.0,422.9466051980802,647.5651814884269
NHS/Neighbourhood Services/Administrative and Clerical,2025-03-01,423.0,423.0,422.9466051980802,647.5651814884269
NHS/Neighbourhood Services/Administrative and Clerical,2025-04-01,423.0,423.0,422.94660519808025,647.5651814884269
NHS/Neighbourhood Services/Allied Health Professionals,2024-04-01,154.19,154.19,154.13660519808067,285.1595484285125
NHS/Neighbourhood Services/Allied Health Professionals,2024-05-01,154.19,154.19,154.13660519808067,285.1595484285125
NHS/Neighbourhood Services/Allied Health Professionals,2024-06-01,154.19,154.19,154.13660519808067,285.1595484285125
NHS/Neighbourhood Services/Allied Health Professionals,2024-07-01,154.19,154.19,154.13660519808067,285.1595484285125
NHS/Neighbourhood Services/Allied Health Professionals,2024-08-01,154.19,154.19,154.13660519808067,285.1595484285125
NHS/Neighbourhood Services/Allied Health Professionals,2024-09-01,154.19,154.19,154.13660519808067,285.1595484285125
NHS/Neighbourhood Services/Allied Health Professionals,2024-10-01,154.19,154.19,154.13660519808067,285.1595484285125
NHS/Neighbourhood Services/Allied Health Professionals,2024-11-01,154.19,154.19,154.13660519808067,285.1595484285125
NHS/Neighbourhood Services/Allied Health Professionals,2024-12-01,154.19,154.19,154.13660519808067,285.1595484285125
NHS/Neighbourhood Services/Allied Health Professionals,2025-01-01,154.19,154.19,154.13660519808067,285.1595484285125
NHS/Neighbourhood Services/Allied Health Professionals,2025-02-01,154.19,154.19,154.13660519808067,285.1595484285125
NHS/Neighbourhood Services/Allied Health Professionals,2025-03-01,154.19,154.19,154.13660519808067,285.1595484285125
NHS/Neighbourhood Services/Allied Health Professionals,2025-04-01,154.19,154.19,154.13660519808067,285.1595484285125
NHS/Neighbourhood Services/Estates and Ancillary,2024-04-01,0.0,0.0,-0.03559653461316171,-2.269609200935208e-11
NHS/Neighbourhood Services/Estates and Ancillary,2024-05-01,0.0,0.0,-0.03559653461316171,-2.269609200935208e-11
NHS/Neighbourhood Services/Estates and Ancillary,2024-06-01,0.0,0.0,-0.03559653461316171,-2.269609200935208e-11
NHS/Neighbourhood Services/Estates and Ancillary,2024-07-01,0.0,0.0,-0.03559653461316171,-2.269609200935208e-11
NHS/Neighbourhood Services/Estates and Ancillary,2024-08-01,0.0,0.0,-0.03559653461316171,-2.269609200935208e-11
NHS/Neighbourhood Services/Estates and Ancillary,2024-09-01,0.0,0.0,-0.03559653461316171,-2.269609200935208e-11
NHS/Neighbourhood Services/Estates and Ancillary,2024-10-01,0.0,0.0,-0.03559653461316171,-2.269609200935208e-11
NHS/Neighbourhood Services/Estates and Ancillary,2024-11-01,0.0,0.0,-0.03559653461316171,-2.269609200935208e-11
NHS/Neighbourhood Services/Estates and Ancillary,2024-12-01,0.0,0.0,-0.03559653461316171,-2.269609200935208e-11
NHS/Neighbourhood Services/Estates and Ancillary,2025-01-01,0.0,0.0,-0.03559653461316171,-2.269609200935208e-11
NHS/Neighbourhood Services/Estates and Ancillary,2025-02-01,0.0,0.0,-0.03559653461316171,-2.269609200935208e-11
NHS/Neighbourhood Services/Estates and Ancillary,2025-03-01,0.0,0.0,-0.03559653461316171,-2.269609200935208e-11
NHS/Neighbourhood Services/Estates and Ancillary,2025-04-01,0.0,0.0,-0.03559653461316171,-2.269609200935208e-11
NHS/Neighbourhood Services/Healthcare Scientists,2024-04-01,0.0,0.0,-0.03559653461315652,-2.269609200935188e-11
NHS/Neighbourhood Services/Healthcare Scientists,2024-05-01,0.0,0.0,-0.03559653461315652,-2.269609200935188e-11
NHS/Neighbourhood Services/Healthcare Scientists,2024-06-01,0.0,0.0,-0.03559653461315652,-2.269609200935188e-11
NHS/Neighbourhood Services/Healthcare Scientists,2024-07-01,0.0,0.0,-0.03559653461315652,-2.269609200935188e-11
NHS/Neighbourhood Services/Healthcare Scientists,2024-08-01,0.0,0.0,-0.03559653461315652,-2.269609200935188e-11
NHS/Neighbourhood Services/Healthcare Scientists,2024-09-01,0.0,0.0,-0.03559653461315652,-2.269609200935188e-11
NHS/Neighbourhood Services/Healthcare Scientists,2024-10-01,0.0,0.0,-0.03559653461315652,-2.269609200935188e-11
NHS/Neighbourhood Services/Healthcare Scientists,2024-11-01,0.0,0.0,-0.03559653461315652,-2.269609200935188e-11
NHS/Neighbourhood Services/Healthcare Scientists,2024-12-01,0.0,0.0,-0.03559653461315652,-2.269609200935188e-11
NHS/Neighbourhood Services/Healthcare Scientists,2025-01-01,0.0,0.0,-0.03559653461315652,-2.269609200935188e-11
NHS/Neighbourhood Services/Healthcare Scientists,2025-02-01,0.0,0.0,-0.03559653461315652,-2.269609200935188e-11
NHS/Neighbourhood Services/Healthcare Scientists,2025-03-01,0.0,0.0,-0.03559653461315652,-2.269609200935188e-11
NHS/Neighbourhood Services/Healthcare Scientists,2025-04-01,0.0,0.0,-0.03559653461315652,-2.269609200935188e-11
NHS/Neighbourhood Services/Medical and Dental,2024-04-01,65.6,66.6,65.79660519808023,32.526235988723414
NHS/Neighbourhood Services/Medical and Dental,2024-05-01,65.6,66.6,65.79660519808023,32.526235988723414
NHS/Neighbourhood Services/Medical and Dental,2024-06-01,65.6,66.6,65.79660519808023,32.526235988723414
NHS/Neighbourhood Services/Medical and Dental,2024-07-01,65.6,66.6,65.79660519808023,32.526235988723414
NHS/Neighbourhood Services/Medical and Dental,2024-08-01,65.6,66.6,65.79660519808023,32.526235988723414
NHS/Neighbourhood Services/Medical and Dental,2024-09-01,65.6,66.6,65.79660519808023,32.526235988723414
NHS/Neighbourhood Services/Medical and Dental,2024-10-01,65.6,66.6,65.79660519808023,32.526235988723414
NHS/Neighbourhood Services/Medical and Dental,2024-11-01,65.6,66.6,65.79660519808023,32.526235988723414
NHS/Neighbourhood Services/Medical and Dental,2024-12-01,65.6,66.6,65.79660519808023,32.526235988723414
NHS/Neighbourhood Services/Medical and Dental,2025-01-01,65.6,66.6,65.79660519808023,32.526235988723414
NHS/Neighbourhood Services/Medical and Dental,2025-02-01,65.6,66.6,65.79660519808023,32.526235988723414
NHS/Neighbourhood Services/Medical and Dental,2025-03-01,65.6,66.6,65.79660519808023,32.526235988723414
NHS/Neighbourhood Services/Medical and Dental,2025-04-01,65.6,66.6,65.79660519808023,32.526235988723414
NHS/Neighbourhood Services/Nursing and Midwifery Registered,2024-04-01,1058.42,1058.42,1058.3666051980813,369.49775263541727
NHS/Neighbourhood Services/Nursing and Midwifery Registered,2024-05-01,1058.42,1058.42,1058.3666051980813,369.49775263541727
NHS/Neighbourhood Services/Nursing and Midwifery Registered,2024-06-01,1058.42,1058.42,1058.3666051980813,369.49775263541727
NHS/Neighbourhood Services/Nursing and Midwifery Registered,2024-07-01,1058.42,1058.42,1058.3666051980813,369.49775263541727
NHS/Neighbourhood Services/Nursing and Midwifery Registered,2024-08-01,1058.42,1058.42,1058.3666051980813,369.49775263541727
NHS/Neighbourhood Services/Nursing and Midwifery Registered,2024-09-01,1058.42,1058.42,1058.3666051980813,369.49775263541727
NHS/Neighbourhood Services/Nursing and Midwifery Registered,2024-10-01,1058.42,1058.42,1058.3666051980813,369.49775263541727
NHS/Neighbourhood Services/Nursing and Midwifery Registered,2024-11-01,1058.42,1058.42,1058.3666051980813,369.49775263541727
NHS/Neighbourhood Services/Nursing and Midwifery Registered,2024-12-01,1058.42,1058.42,1058.3666051980813,369.49775263541727
NHS/Neighbourhood Services/Nursing and Midwifery Registered,2025-01-01,1058.42,1058.42,1058.3666051980813,369.49775263541727
NHS/Neighbourhood Services/Nursing and Midwifery Registered,2025-02-01,1058.42,1058.42,1058.3666051980813,369.49775263541727
NHS/Neighbourhood Services/Nursing and Midwifery Registered,2025-03-01,1058.42,1058.42,1058.3666051980813,369.49775263541727
NHS/Neighbourhood Services/Nursing and Midwifery Registered,2025-04-01,1058.42,1058.42,1058.3666051980813,369.4977526354172
NHS/Operational Management/Additional Clinical Services,2024-04-01,60.150000000000006,62.150000000000006,60.67000737316399,111.15328524860666
NHS/Operational Management/Additional Clinical Services,2024-05-01,60.150000000000006,62.150000000000006,60.67000737316399,111.15328524860666
NHS/Operational Management/Additional Clinical Services,2024-06-01,60.150000000000006,62.150000000000006,60.67000737316399,111.15328524860666
NHS/Operational Management/Additional Clinical Services,2024-07-01,60.150000000000006,62.150000000000006,60.67000737316399,111.15328524860666
NHS/Operational Management/Additional Clinical Services,2024-08-01,60.150000000000006,62.150000000000006,60.67000737316399,111.15328524860666
NHS/Operational Management/Additional Clinical Services,2024-09-01,60.150000000000006,62.150000000000006,60.67000737316399,111.15328524860666
NHS/Operational Management/Additional Clinical Services,2024-10-01,60.150000000000006,62.150000000000006,60.67000737316399,111.15328524860666
NHS/Operational Management/Additional Clinical Services,2024-11-01,60.150000000000006,62.150000000000006,60.67000737316399,111.15328524860666
NHS/Operational Management/Additional Clinical Services,2024-12-01,60.150000000000006,62.150000000000006,60.67000737316399,111.15328524860666
NHS/Operational Management/Additional Clinical Services,2025-01-01,60.150000000000006,62.150000000000006,60.67000737316399,111.15328524860666
NHS/Operational Management/Additional Clinical Services,2025-02-01,60.150000000000006,62.150000000000006,60.67000737316399,111.15328524860666
NHS/Operational Management/Additional Clinical Services,2025-03-01,60.150000000000006,62.150000000000006,60.67000737316399,111.15328524860666
NHS/Operational Management/Additional Clinical Services,2025-04-01,60.150000000000006,62.150000000000006,60.67000737316399,111.15328524860666
NHS/Operational Management/Administrative and Clerical,2024-04-01,147.99,147.99,147.82500829480938,59.331111178217064
NHS/Operational Management/Administrative and Clerical,2024-05-01,147.99,147.99,147.82500829480938,59.331111178217064
NHS/Operational Management/Administrative and Clerical,2024-06-01,147.99,147.99,147.82500829480938,59.331111178217064
NHS/Operational Management/Administrative and Clerical,2024-07-01,147.99,147.99,147.82500829480938,59.331111178217064
NHS/Operational Management/Administrative and Clerical,2024-08-01,147.99,147.99,147.82500829480938,59.331111178217064
NHS/Operational Management/Administrative and Clerical,2024-09-01,147.99,147.99,147.82500829480938,59.331111178217064
NHS/Operational Management/Administrative and Clerical,2024-10-01,147.99,147.99,147.82500829480938,59.331111178217064
NHS/Operational Management/Administrative and Clerical,2024-11-01,147.99,147.99,147.82500829480938,59.331111178217064
NHS/Operational Management/Administrative and Clerical,2024-12-01,147.99,147.99,147.82500829480938,59.331111178217064
NHS/Operational Management/Administrative and Clerical,2025-01-01,147.99,147.99,147.82500829480938,59.331111178217064
NHS/Operational Management/Administrative and Clerical,2025-02-01,147.99,147.99,147.82500829480938,59.331111178217064
NHS/Operational Management/Administrative and Clerical,2025-03-01,147.99,147.99,147.82500829480938,59.331111178217064
NHS/Operational Management/Administrative and Clerical,2025-04-01,147.99,147.99,147.82500829480938,59.33111117821707
NHS/Operational Management/Estates and Ancillary,2024-04-01,0.0,0.0,-0.10999447012712635,-0.009940376712775532
NHS/Operational Management/Estates and Ancillary,2024-05-01,0.0,0.0,-0.10999447012712635,-0.009940376712775532
NHS/Operational Management/Estates and Ancillary,2024-06-01,0.0,0.0,-0.10999447012712635,-0.009940376712775532
NHS/Operational Management/Estates and Ancillary,2024-07-01,0.0,0.0,-0.10999447012712635,-0.009940376712775532
NHS/Operational Management/Estates and Ancillary,2024-08-01,0.0,0.0,-0.10999447012712635,-0.009940376712775532
NHS/Operational Management/Estates and Ancillary,2024-09-01,0.0,0.0,-0.10999447012712635,-0.009940376712775532
NHS/Operational Management/Estates and Ancillary,2024-10-01,0.0,0.0,-0.10999447012712635,-0.009940376712775532
NHS/Operational Management/Estates and Ancillary,2024-11-01,0.0,0.0,-0.10999447012712635,-0.009940376712775532
NHS/Operational Management/Estates and Ancillary,2024-12-01,0.0,0.0,-0.10999447012712635,-0.009940376712775532
NHS/Operational Management/Estates and Ancillary,2025-01-01,0.0,0.0,-0.10999447012712635,-0.009940376712775532
NHS/Operational Management/Estates and Ancillary,2025-02-01,0.0,0.0,-0.10999447012712635,-0.009940376712775532
NHS/Operational Management/Estates and Ancillary,2025-03-01,0.0,0.0,-0.10999447012712635,-0.009940376712775532
NHS/Operational Management/Estates and Ancillary,2025-04-01,0.0,0.0,-0.10999447012712635,-0.009940376712775532
NHS/Operational Management/Medical and Dental,2024-04-01,0.0,0.0,-0.10999447012714868,4.4526814838900556e-10
NHS/Operational Management/Medical and Dental,2024-05-01,0.0,0.0,-0.10999447012714868,4.4526814838900556e-10
NHS/Operational Management/Medical and Dental,2024-06-01,0.0,0.0,-0.10999447012714868,4.4526814838900556e-10
NHS/Operational Management/Medical and Dental,2024-07-01,0.0,0.0,-0.10999447012714868,4.4526814838900556e-10
NHS/Operational Management/Medical and Dental,2024-08-01,0.0,0.0,-0.10999447012714868,4.4526814838900556e-10
NHS/Operational Management/Medical and Dental,2024-09-01,0.0,0.0,-0.10999447012714868,4.4526814838900556e-10
NHS/Operational Management/Medical and Dental,2024-10-01,0.0,0.0,-0.10999447012714868,4.4526814838900556e-10
NHS/Operational Management/Medical and Dental,2024-11-01,0.0,0.0,-0.10999447012714868,4.4526814838900556e-10
NHS/Operational Management/Medical and Dental,2024-12-01,0.0,0.0,-0.10999447012714868,4.4526814838900556e-10
NHS/Operational Management/Medical and Dental,2025-01-01,0.0,0.0,-0.10999447012714868,4.4526814838900556e-10
NHS/Operational Management/Medical and Dental,2025-02-01,0.0,0.0,-0.10999447012714868,4.4526814838900556e-10
NHS/Operational Management/Medical and Dental,2025-03-01,0.0,0.0,-0.10999447012714868,4.4526814838900556e-10
NHS/Operational Management/Medical and Dental,2025-04-01,0.0,0.0,-0.10999447012714868,4.4526814838900556e-10
NHS/Operational Management/Nursing and Midwifery Registered,2024-04-01,28.04,28.04,27.930005529872876,-43.72795004646277
NHS/Operational Management/Nursing and Midwifery Registered,2024-05-01,28.04,28.04,27.930005529872876,-43.72795004646277
NHS/Operational Management/Nursing and Midwifery Registered,2024-06-01,28.04,28.04,27.930005529872876,-43.72795004646277
NHS/Operational Management/Nursing and Midwifery Registered,2024-07-01,28.04,28.04,27.930005529872876,-43.72795004646277
NHS/Operational Management/Nursing and Midwifery Registered,2024-08-01,28.04,28.04,27.930005529872876,-43.72795004646277
NHS/Operational Management/Nursing and Midwifery Registered,2024-09-01,28.04,28.04,27.930005529872876,-43.72795004646277
NHS/Operational Management/Nursing and Midwifery Registered,2024-10-01,28.04,28.04,27.930005529872876,-43.72795004646277
NHS/Operational Management/Nursing and Midwifery Registered,2024-11-01,28.04,28.04,27.930005529872876,-43.72795004646277
NHS/Operational Management/Nursing and Midwifery Registered,2024-12-01,28.04,28.04,27.930005529872876,-43.72795004646277
NHS/Operational Management/Nursing and Midwifery Registered,2025-01-01,28.04,28.04,27.930005529872876,-43.72795004646277
NHS/Operational Management/Nursing and Midwifery Registered,2025-02-01,28.04,28.04,27.930005529872876,-43.72795004646277
NHS/Operational Management/Nursing and Midwifery Registered,2025-03-01,28.04,28.04,27.930005529872876,-43.72795004646277
NHS/Operational Management/Nursing and Midwifery Registered,2025-04-01,28.04,28.04,27.930005529872876,-43.72795004646277
NHS/SSL Corporate/Add Prof Scientific and Technic,2024-04-01,0.0,0.0,-0.06744127863779417,5.349481837497047e-11
NHS/SSL Corporate/Add Prof Scientific and Technic,2024-05-01,0.0,0.0,-0.06744127863779417,5.349481837497047e-11
NHS/SSL Corporate/Add Prof Scientific and Technic,2024-06-01,0.0,0.0,-0.06744127863779417,5.349481837497047e-11
NHS/SSL Corporate/Add Prof Scientific and Technic,2024-07-01,0.0,0.0,-0.06744127863779417,5.349481837497047e-11
NHS/SSL Corporate/Add Prof Scientific and Technic,2024-08-01,0.0,0.0,-0.06744127863779417,5.349481837497047e-11
NHS/SSL Corporate/Add Prof Scientific and Technic,2024-09-01,0.0,0.0,-0.06744127863779417,5.349481837497047e-11
NHS/SSL Corporate/Add Prof Scientific and Technic,2024-10-01,0.0,0.0,-0.06744127863779417,5.349481837497047e-11
NHS/SSL Corporate/Add Prof Scientific and Technic,2024-11-01,0.0,0.0,-0.06744127863779417,5.349481837497047e-11
NHS/SSL Corporate/Add Prof Scientific and Technic,2024-12-01,0.0,0.0,-0.06744127863779417,5.349481837497047e-11
NHS/SSL Corporate/Add Prof Scientific and Technic,2025-01-01,0.0,0.0,-0.06744127863779417,5.349481837497047e-11
NHS/SSL Corporate/Add Prof Scientific and Technic,2025-02-01,0.0,0.0,-0.06744127863779417,5.349481837497047e-11
NHS/SSL Corporate/Add Prof Scientific and Technic,2025-03-01,0.0,0.0,-0.06744127863779417,5.349481837497047e-11
NHS/SSL Corporate/Add Prof Scientific and Technic,2025-04-01,0.0,0.0,-0.06744127863779417,5.349481837497047e-11
NHS/SSL Corporate/Additional Clinical Services,2024-04-01,27.04,27.04,26.972558721362237,-25.50417957977207
NHS/SSL Corporate/Additional Clinical Services,2024-05-01,27.04,27.04,26.972558721362237,-25.50417957977207
NHS/SSL Corporate/Additional Clinical Services,2024-06-01,27.04,27.04,26.972558721362237,-25.50417957977207
NHS/SSL Corporate/Additional Clinical Services,2024-07-01,27.04,27.04,26.972558721362237,-25.50417957977207
NHS/SSL Corporate/Additional Clinical Services,2024-08-01,27.04,27.04,26.972558721362237,-25.50417957977207
NHS/SSL Corporate/Additional Clinical Services,2024-09-01,27.04,27.04,26.972558721362237,-25.50417957977207
NHS/SSL Corporate/Additional Clinical Services,2024-10-01,27.04,27.04,26.972558721362237,-25.50417957977207
NHS/SSL Corporate/Additional Clinical Services,2024-11-01,27.04,27.04,26.972558721362237,-25.50417957977207
NHS/SSL Corporate/Additional Clinical Services,2024-12-01,27.04,27.04,26.972558721362237,-25.50417957977207
NHS/SSL Corporate/Additional Clinical Services,2025-01-01,27.04,27.04,26.972558721362237,-25.50417957977207
NHS/SSL Corporate/Additional Clinical Services,2025-02-01,27.04,27.04,26.972558721362237,-25.50417957977207
NHS/SSL Corporate/Additional Clinical Services,2025-03-01,27.04,27.04,26.972558721362237,-25.50417957977207
NHS/SSL Corporate/Additional Clinical Services,2025-04-01,27.04,27.04,26.972558721362237,-25.50417957977207
NHS/SSL Corporate/Administrative and Clerical,2024-04-01,0.0,1.0,0.24341162848300651,-23.641454920068657
NHS/SSL Corporate/Administrative and Clerical,2024-05-01,0.0,1.0,0.24341162848300651,-23.641454920068657
NHS/SSL Corporate/Administrative and Clerical,2024-06-01,0.0,1.0,0.24341162848300651,-23.641454920068657
NHS/SSL Corporate/Administrative and Clerical,2024-07-01,0.0,1.0,0.24341162848300651,-23.641454920068657
NHS/SSL Corporate/Administrative and Clerical,2024-08-01,0.0,1.0,0.24341162848300651,-23.641454920068657
NHS/SSL Corporate/Administrative and Clerical,2024-09-01,0.0,1.0,0.24341162848300651,-23.641454920068657
NHS/SSL Corporate/Administrative and Clerical,2024-10-01,0.0,1.0,0.24341162848300651,-23.641454920068657
NHS/SSL Corporate/Administrative and Clerical,2024-11-01,0.0,1.0,0.24341162848300651,-23.641454920068657
NHS/SSL Corporate/Administrative and Clerical,2024-12-01,0.0,1.0,0.24341162848300651,-23.641454920068657
NHS/SSL Corporate/Administrative and Clerical,2025-01-01,0.0,1.0,0.24341162848300651,-23.641454920068657
NHS/SSL Corporate/Administrative and Clerical,2025-02-01,0.0,1.0,0.24341162848300651,-23.641454920068657
NHS/SSL Corporate/Administrative and Clerical,2025-03-01,0.0,1.0,0.24341162848300651,-23.641454920068657
NHS/SSL Corporate/Administrative and Clerical,2025-04-01,0.0,1.0,0.24341162848300651,-23.641454920068657
NHS/SSL Corporate/Estates and Ancillary,2024-04-01,292.76,292.76,292.65883808204336,725.7293500851309
NHS/SSL Corporate/Estates and Ancillary,2024-05-01,292.76,292.76,292.65883808204336,725.7293500851309
NHS/SSL Corporate/Estates and Ancillary,2024-06-01,292.76,292.76,292.65883808204336,725.7293500851309
NHS/SSL Corporate/Estates and Ancillary,2024-07-01,292.76,292.76,292.65883808204336,725.7293500851309
NHS/SSL Corporate/Estates and Ancillary,2024-08-01,292.76,292.76,292.65883808204336,725.7293500851309
NHS/SSL Corporate/Estates and Ancillary,2024-09-01,292.76,292.76,292.65883808204336,725.7293500851309
NHS/SSL Corporate/Estates and Ancillary,2024-10-01,292.76,292.76,292.65883808204336,725.7293500851309
NHS/SSL Corporate/Estates and Ancillary,2024-11-01,292.76,292.76,292.65883808204336,725.7293500851309
NHS/SSL Corporate/Estates and Ancillary,2024-12-01,292.76,292.76,292.65883808204336,725.7293500851309
NHS/SSL Corporate/Estates and Ancillary,2025-01-01,292.76,292.76,292.65883808204336,725.7293500851309
NHS/SSL Corporate/Estates and Ancillary,2025-02-01,292.76,292.76,292.65883808204336,725.7293500851309
NHS/SSL Corporate/Estates and Ancillary,2025-03-01,292.76,292.76,292.65883808204336,725.7293500851309
NHS/SSL Corporate/Estates and Ancillary,2025-04-01,292.76,292.76,292.6588380820434,725.729350085131
NHS/SSL Corporate/Healthcare Scientists,2024-04-01,3.0,3.0,2.9325587213622866,-10.336443392272733
NHS/SSL Corporate/Healthcare Scientists,2024-05-01,3.0,3.0,2.9325587213622866,-10.336443392272733
NHS/SSL Corporate/Healthcare Scientists,2024-06-01,3.0,3.0,2.9325587213622866,-10.336443392272733
NHS/SSL Corporate/Healthcare Scientists,2024-07-01,3.0,3.0,2.9325587213622866,-10.336443392272733
NHS/SSL Corporate/Healthcare Scientists,2024-08-01,3.0,3.0,2.9325587213622866,-10.336443392272733
NHS/SSL Corporate/Healthcare Scientists,2024-09-01,3.0,3.0,2.9325587213622866,-10.336443392272733
NHS/SSL Corporate/Healthcare Scientists,2024-10-01,3.0,3.0,2.9325587213622866,-10.336443392272733
NHS/SSL Corporate/Healthcare Scientists,2024-11-01,3.0,3.0,2.9325587213622866,-10.336443392272733
NHS/SSL Corporate/Healthcare Scientists,2024-12-01,3.0,3.0,2.9325587213622866,-10.336443392272733
NHS/SSL Corporate/Healthcare Scientists,2025-01-01,3.0,3.0,2.9325587213622866,-10.336443392272733
NHS/SSL Corporate/Healthcare Scientists,2025-02-01,3.0,3.0,2.9325587213622866,-10.336443392272733
NHS/SSL Corporate/Healthcare Scientists,2025-03-01,3.0,3.0,2.9325587213622866,-10.336443392272733
NHS/SSL Corporate/Healthcare Scientists,2025-04-01,3.0,3.0,2.9325587213622866,-10.336443392272733
NHS/Surgical Services/Add Prof Scientific and Technic,2024-04-01,99.95,102.95,100.45275718939354,162.0006514373015
NHS/Surgical Services/Add Prof Scientific and Technic,2024-05-01,99.95,102.95,100.45275718939354,162.0006514373015
NHS/Surgical Services/Add Prof Scientific and Technic,2024-06-01,99.95,102.95,100.45275718939354,162.0006514373015
NHS/Surgical Services/Add Prof Scientific and Technic,2024-07-01,99.95,102.95,100.45275718939354,162.0006514373015
NHS/Surgical Services/Add Prof Scientific and Technic,2024-08-01,99.95,102.95,100.45275718939354,162.0006514373015
NHS/Surgical Services/Add Prof Scientific and Technic,2024-09-01,99.95,102.95,100.45275718939354,162.0006514373015
NHS/Surgical Services/Add Prof Scientific and Technic,2024-10-01,99.95,102.95,100.45275718939354,162.0006514373015
NHS/Surgical Services/Add Prof Scientific and Technic,2024-11-01,99.95,102.95,100.45275718939354,162.0006514373015
NHS/Surgical Services/Add Prof Scientific and Technic,2024-12-01,99.95,102.95,100.45275718939354,162.0006514373015
NHS/Surgical Services/Add Prof Scientific and Technic,2025-01-01,99.95,102.95,100.45275718939354,162.0006514373015
NHS/Surgical Services/Add Prof Scientific and Technic,2025-02-01,99.95,102.95,100.45275718939354,162.0006514373015
NHS/Surgical Services/Add Prof Scientific and Technic,2025-03-01,99.95,102.95,100.45275718939354,162.0006514373015
NHS/Surgical Services/Add Prof Scientific and Technic,2025-04-01,99.95,102.95,100.45275718939354,162.00065143730154
NHS/Surgical Services/Additional Clinical Services,2024-04-01,1241.75,1241.75,1241.502757189395,1327.39184794593
NHS/Surgical Services/Additional Clinical Services,2024-05-01,1241.75,1241.75,1241.502757189395,1327.39184794593
NHS/Surgical Services/Additional Clinical Services,2024-06-01,1241.75,1241.75,1241.502757189395,1327.39184794593
NHS/Surgical Services/Additional Clinical Services,2024-07-01,1241.75,1241.75,1241.502757189395,1327.39184794593
NHS/Surgical Services/Additional Clinical Services,2024-08-01,1241.75,1241.75,1241.502757189395,1327.39184794593
NHS/Surgical Services/Additional Clinical Services,2024-09-01,1241.75,1241.75,1241.502757189395,1327.39184794593
NHS/Surgical Services/Additional Clinical Services,2024-10-01,1241.75,1241.75,1241.502757189395,1327.39184794593
NHS/Surgical Services/Additional Clinical Services,2024-11-01,1241.75,1241.75,1241.502757189395,1327.39184794593
NHS/Surgical Services/Additional Clinical Services,2024-12-01,1241.75,1241.75,1241.502757189395,1327.39184794593
NHS/Surgical Services/Additional Clinical Services,2025-01-01,1241.75,1241.75,1241.502757189395,1327.39184794593
NHS/Surgical Services/Additional Clinical Services,2025-02-01,1241.75,1241.75,1241.502757189395,1327.39184794593
NHS/Surgical Services/Additional Clinical Services,2025-03-01,1241.75,1241.75,1241.502757189395,1327.39184794593
NHS/Surgical Services/Additional Clinical Services,2025-04-01,1241.75,1241.75,1241.5027571893952,1327.39184794593
NHS/Surgical Services/Administrative and Clerical,2024-04-01,641.95,641.95,641.7027571893952,825.5285566748101
NHS/Surgical Services/Administrative and Clerical,2024-05-01,641.95,641.95,641.7027571893952,825.5285566748101
NHS/Surgical Services/Administrative and Clerical,2024-06-01,641.95,641.95,641.7027571893952,825.5285566748101
NHS/Surgical Services/Administrative and Clerical,2024-07-01,641.95,641.95,641.7027571893952,825.5285566748101
NHS/Surgical Services/Administrative and Clerical,2024-08-01,641.95,641.95,641.7027571893952,825.5285566748101
NHS/Surgical Services/Administrative and Clerical,2024-09-01,641.95,641.95,641.7027571893952,825.5285566748101
NHS/Surgical Services/Administrative and Clerical,2024-10-01,641.95,641.95,641.7027571893952,825.5285566748101
NHS/Surgical Services/Administrative and Clerical,2024-11-01,641.95,641.95,641.7027571893952,825.5285566748101
NHS/Surgical Services/Administrative and Clerical,2024-12-01,641.95,641.95,641.7027571893952,825.5285566748101
NHS/Surgical Services/Administrative and Clerical,2025-01-01,641.95,641.95,641.7027571893952,825.5285566748101
NHS/Surgical Services/Administrative and Clerical,2025-02-01,641.95,641.95,641.7027571893952,825.5285566748101
NHS/Surgical Services/Administrative and Clerical,2025-03-01,641.95,641.95,641.7027571893952,825.5285566748101
NHS/Surgical Services/Administrative and Clerical,2025-04-01,641.95,641.95,641.7027571893951,825.5285566748101
NHS/Surgical Services/Allied Health Professionals,2024-04-01,177.9,179.9,178.15275718939392,44.421610447627685
NHS/Surgical Services/Allied Health Professionals,2024-05-01,177.9,179.9,178.15275718939392,44.421610447627685
NHS/Surgical Services/Allied Health Professionals,2024-06-01,177.9,179.9,178.15275718939392,44.421610447627685
NHS/Surgical Services/Allied Health Professionals,2024-07-01,177.9,179.9,178.15275718939392,44.421610447627685
NHS/Surgical Services/Allied Health Professionals,2024-08-01,177.9,179.9,178.15275718939392,44.421610447627685
NHS/Surgical Services/Allied Health Professionals,2024-09-01,177.9,179.9,178.15275718939392,44.421610447627685
NHS/Surgical Services/Allied Health Professionals,2024-10-01,177.9,179.9,178.15275718939392,44.421610447627685
NHS/Surgical Services/Allied Health Professionals,2024-11-01,177.9,179.9,178.15275718939392,44.421610447627685
NHS/Surgical Services/Allied Health Professionals,2024-12-01,177.9,179.9,178.15275718939392,44.421610447627685
NHS/Surgical Services/Allied Health Professionals,2025-01-01,177.9,179.9,178.15275718939392,44.421610447627685
NHS/Surgical Services/Allied Health Professionals,2025-02-01,177.9,179.9,178.15275718939392,44.421610447627685
NHS/Surgical Services/Allied Health Professionals,2025-03-01,177.9,179.9,178.15275718939392,44.421610447627685
NHS/Surgical Services/Allied Health Professionals,2025-04-01,177.9,179.9,178.15275718939395,44.421610447627685
NHS/Surgical Services/Estates and Ancillary,2024-04-01,60.839999999999996,60.839999999999996,60.5927571893936,-66.25378546777003
NHS/Surgical Services/Estates and Ancillary,2024-05-01,60.839999999999996,60.839999999999996,60.5927571893936,-66.25378546777003
NHS/Surgical Services/Estates and Ancillary,2024-06-01,60.839999999999996,60.839999999999996,60.5927571893936,-66.25378546777003
NHS/Surgical Services/Estates and Ancillary,2024-07-01,60.839999999999996,60.839999999999996,60.5927571893936,-66.25378546777003
NHS/Surgical Services/Estates and Ancillary,2024-08-01,60.839999999999996,60.839999999999996,60.5927571893936,-66.25378546777003
NHS/Surgical Services/Estates and Ancillary,2024-09-01,60.839999999999996,60.839999999999996,60.5927571893936,-66.25378546777003
NHS/Surgical Services/Estates and Ancillary,2024-10-01,60.839999999999996,60.839999999999996,60.5927571893936,-66.25378546777003
NHS/Surgical Services/Estates and Ancillary,2024-11-01,60.839999999999996,60.839999999999996,60.5927571893936,-66.25378546777003
NHS/Surgical Services/Estates and Ancillary,2024-12-01,60.839999999999996,60.839999999999996,60.5927571893936,-66.25378546777003
NHS/Surgical Services/Estates and Ancillary,2025-01-01,60.839999999999996,60.839999999999996,60.5927571893936,-66.25378546777003
NHS/Surgical Services/Estates and Ancillary,2025-02-01,60.839999999999996,60.839999999999996,60.5927571893936,-66.25378546777003
NHS/Surgical Services/Estates and Ancillary,2025-03-01,60.839999999999996,60.839999999999996,60.5927571893936,-66.25378546777003
NHS/Surgical Services/Estates and Ancillary,2025-04-01,60.839999999999996,60.839999999999996,60.59275718939361,-66.25378546777003
NHS/Surgical Services/Healthcare Scientists,2024-04-01,60.1,60.1,59.93517145959578,48.954867042116234
NHS/Surgical Services/Healthcare Scientists,2024-05-01,60.1,60.1,59.93517145959578,48.954867042116234
NHS/Surgical Services/Healthcare Scientists,2024-06-01,60.1,60.1,59.93517145959578,48.954867042116234
NHS/Surgical Services/Healthcare Scientists,2024-07-01,60.1,60.1,59.93517145959578,48.954867042116234
NHS/Surgical Services/Healthcare Scientists,2024-08-01,60.1,60.1,59.93517145959578,48.954867042116234
NHS/Surgical Services/Healthcare Scientists,2024-09-01,60.1,60.1,59.93517145959578,48.954867042116234
NHS/Surgical Services/Healthcare Scientists,2024-10-01,60.1,60.1,59.93517145959578,48.954867042116234
NHS/Surgical Services/Healthcare Scientists,2024-11-01,60.1,60.1,59.93517145959578,48.954867042116234
NHS/Surgical Services/Healthcare Scientists,2024-12-01,60.1,60.1,59.93517145959578,48.954867042116234
NHS/Surgical Services/Healthcare Scientists,2025-01-01,60.1,60.1,59.93517145959578,48.954867042116234
NHS/Surgical Services/Healthcare Scientists,2025-02-01,60.1,60.1,59.93517145959578,48.954867042116234
NHS/Surgical Services/Healthcare Scientists,2025-03-01,60.1,60.1,59.93517145959578,48.954867042116234
NHS/Surgical Services/Healthcare Scientists,2025-04-01,60.1,60.1,59.93517145959578,48.954867042116234
NHS/Surgical Services/Medical and Dental,2024-04-01,182.85,182.85,182.6027571893937,591.2176823179436
NHS/Surgical Services/Medical and Dental,2024-05-01,182.85,182.85,182.6027571893937,591.2176823179436
NHS/Surgical Services/Medical and Dental,2024-06-01,182.85,182.85,182.6027571893937,591.2176823179436
NHS/Surgical Services/Medical and Dental,2024-07-01,182.85,182.85,182.6027571893937,591.2176823179436
NHS/Surgical Services/Medical and Dental,2024-08-01,182.85,182.85,182.6027571893937,591.2176823179436
NHS/Surgical Services/Medical and Dental,2024-09-01,182.85,182.85,182.6027571893937,591.2176823179436
NHS/Surgical Services/Medical and Dental,2024-10-01,182.85,182.85,182.6027571893937,591.2176823179436
NHS/Surgical Services/Medical and Dental,2024-11-01,182.85,182.85,182.6027571893937,591.2176823179436
NHS/Surgical Services/Medical and Dental,2024-12-01,182.85,182.85,182.6027571893937,591.2176823179436
NHS/Surgical Services/Medical and Dental,2025-01-01,182.85,182.85,182.6027571893937,591.2176823179436
NHS/Surgical Services/Medical and Dental,2025-02-01,182.85,182.85,182.6027571893937,591.2176823179436
NHS/Surgical Services/Medical and Dental,2025-03-01,182.85,182.85,182.6027571893937,591.2176823179436
NHS/Surgical Services/Medical and Dental,2025-04-01,182.85,182.85,182.6027571893937,591.2176823179435
NHS/Surgical Services/Nursing and Midwifery Registered,2024-04-01,1853.24,1853.24,1852.992757189395,1484.5833693899792
NHS/Surgical Services/Nursing and Midwifery Registered,2024-05-01,1853.24,1853.24,1852.992757189395,1484.5833693899792
NHS/Surgical Services/Nursing and Midwifery Registered,2024-06-01,1853.24,1853.24,1852.992757189395,1484.5833693899792
NHS/Surgical Services/Nursing and Midwifery Registered,2024-07-01,1853.24,1853.24,1852.992757189395,1484.5833693899792
NHS/Surgical Services/Nursing and Midwifery Registered,2024-08-01,1853.24,1853.24,1852.992757189395,1484.5833693899792
NHS/Surgical Services/Nursing and Midwifery Registered,2024-09-01,1853.24,1853.24,1852.992757189395,1484.5833693899792
NHS/Surgical Services/Nursing and Midwifery Registered,2024-10-01,1853.24,1853.24,1852.992757189395,1484.5833693899792
NHS/Surgical Services/Nursing and Midwifery Registered,2024-11-01,1853.24,1853.24,1852.992757189395,1484.5833693899792
NHS/Surgical Services/Nursing and Midwifery Registered,2024-12-01,1853.24,1853.24,1852.992757189395,1484.5833693899792
NHS/Surgical Services/Nursing and Midwifery Registered,2025-01-01,1853.24,1853.24,1852.992757189395,1484.5833693899792
NHS/Surgical Services/Nursing and Midwifery Registered,2025-02-01,1853.24,1853.24,1852.992757189395,1484.5833693899792
NHS/Surgical Services/Nursing and Midwifery Registered,2025-03-01,1853.24,1853.24,1852.992757189395,1484.5833693899792
NHS/Surgical Services/Nursing and Midwifery Registered,2025-04-01,1853.24,1853.24,1852.992757189395,1484.5833693899792
NHS/Surgical Services/Students,2024-04-01,3.0,6.0,3.780228612794425,-82.97575429651502
NHS/Surgical Services/Students,2024-05-01,3.0,6.0,3.780228612794425,-82.97575429651502
NHS/Surgical Services/Students,2024-06-01,3.0,6.0,3.780228612794425,-82.97575429651502
NHS/Surgical Services/Students,2024-07-01,3.0,6.0,3.780228612794425,-82.97575429651502
NHS/Surgical Services/Students,2024-08-01,3.0,6.0,3.780228612794425,-82.97575429651502
NHS/Surgical Services/Students,2024-09-01,3.0,6.0,3.780228612794425,-82.97575429651502
NHS/Surgical Services/Students,2024-10-01,3.0,6.0,3.780228612794425,-82.97575429651502
NHS/Surgical Services/Students,2024-11-01,3.0,6.0,3.780228612794425,-82.97575429651502
NHS/Surgical Services/Students,2024-12-01,3.0,6.0,3.780228612794425,-82.97575429651502
NHS/Surgical Services/Students,2025-01-01,3.0,6.0,3.780228612794425,-82.97575429651502
NHS/Surgical Services/Students,2025-02-01,3.0,6.0,3.780228612794425,-82.97575429651502
NHS/Surgical Services/Students,2025-03-01,3.0,6.0,3.780228612794425,-82.97575429651502
NHS/Surgical Services/Students,2025-04-01,3.0,6.0,3.780228612794425,-82.97575429651502
NHS/CYP & Families Services/Add Prof Scientific and Technic/Hires,2024-04-01,1.0,1.0,0.4540401275899056,-1.8902682063291047
NHS/CYP & Families Services/Add Prof Scientific and Technic/Hires,2024-05-01,1.0,1.0,0.4540401275899056,-1.8902682063291047
NHS/CYP & Families Services/Add Prof Scientific and Technic/Hires,2024-06-01,1.0,1.0,0.4540401275899056,-1.8902682063291047
NHS/CYP & Families Services/Add Prof Scientific and Technic/Hires,2024-07-01,1.0,1.0,0.4540401275899056,-1.8902682063291047
NHS/CYP & Families Services/Add Prof Scientific and Technic/Hires,2024-08-01,1.0,1.0,0.4540401275899056,-1.8902682063291047
NHS/CYP & Families Services/Add Prof Scientific and Technic/Hires,2024-09-01,1.0,1.0,0.4540401275899056,-1.8902682063291047
NHS/CYP & Families Services/Add Prof Scientific and Technic/Hires,2024-10-01,1.0,1.0,0.4540401275899056,-1.8902682063291047
NHS/CYP & Families Services/Add Prof Scientific and Technic/Hires,2024-11-01,1.0,1.0,0.4540401275899056,-1.8902682063291047
NHS/CYP & Families Services/Add Prof Scientific and Technic/Hires,2024-12-01,1.0,1.0,0.4540401275899056,-1.8902682063291047
NHS/CYP & Families Services/Add Prof Scientific and Technic/Hires,2025-01-01,1.0,1.0,0.4540401275899056,-1.8902682063291047
NHS/CYP & Families Services/Add Prof Scientific and Technic/Hires,2025-02-01,1.0,1.0,0.4540401275899056,-1.8902682063291047
NHS/CYP & Families Services/Add Prof Scientific and Technic/Hires,2025-03-01,1.0,1.0,0.4540401275899056,-1.8902682063291047
NHS/CYP & Families Services/Add Prof Scientific and Technic/Hires,2025-04-01,1.0,1.0,0.4540401275899056,-1.8902682063291047
NHS/CYP & Families Services/Add Prof Scientific and Technic/Leavers,2024-03-01,2.0,2.0,1.4540401275899075,-16.403646986829724
NHS/CYP & Families Services/Add Prof Scientific and Technic/Leavers,2024-04-01,2.0,2.0,1.4540401275899075,-16.403646986829724
NHS/CYP & Families Services/Add Prof Scientific and Technic/Leavers,2024-05-01,2.0,2.0,1.4540401275899075,-16.403646986829724
NHS/CYP & Families Services/Add Prof Scientific and Technic/Leavers,2024-06-01,2.0,2.0,1.4540401275899075,-16.403646986829724
NHS/CYP & Families Services/Add Prof Scientific and Technic/Leavers,2024-07-01,2.0,2.0,1.4540401275899075,-16.403646986829724
NHS/CYP & Families Services/Add Prof Scientific and Technic/Leavers,2024-08-01,2.0,2.0,1.4540401275899075,-16.403646986829724
NHS/CYP & Families Services/Add Prof Scientific and Technic/Leavers,2024-09-01,2.0,2.0,1.4540401275899075,-16.403646986829724
NHS/CYP & Families Services/Add Prof Scientific and Technic/Leavers,2024-10-01,2.0,2.0,1.4540401275899075,-16.403646986829724
NHS/CYP & Families Services/Add Prof Scientific and Technic/Leavers,2024-11-01,2.0,2.0,1.4540401275899075,-16.403646986829724
NHS/CYP & Families Services/Add Prof Scientific and Technic/Leavers,2024-12-01,2.0,2.0,1.4540401275899075,-16.403646986829724
NHS/CYP & Families Services/Add Prof Scientific and Technic/Leavers,2025-01-01,2.0,2.0,1.4540401275899075,-16.403646986829724
NHS/CYP & Families Services/Add Prof Scientific and Technic/Leavers,2025-02-01,2.0,2.0,1.4540401275899075,-16.403646986829724
NHS/CYP & Families Services/Add Prof Scientific and Technic/Leavers,2025-03-01,2.0,2.0,1.4540401275899075,-16.403646986829724
NHS/CYP & Families Services/Add Prof Scientific and Technic/Sickness,2024-04-01,50.21,50.21,49.66404012758991,-15.194078593493893
NHS/CYP & Families Services/Add Prof Scientific and Technic/Sickness,2024-05-01,50.21,50.21,49.66404012758991,-15.194078593493893
NHS/CYP & Families Services/Add Prof Scientific and Technic/Sickness,2024-06-01,50.21,50.21,49.66404012758991,-15.194078593493893
NHS/CYP & Families Services/Add Prof Scientific and Technic/Sickness,2024-07-01,50.21,50.21,49.66404012758991,-15.194078593493893
NHS/CYP & Families Services/Add Prof Scientific and Technic/Sickness,2024-08-01,50.21,50.21,49.66404012758991,-15.194078593493893
NHS/CYP & Families Services/Add Prof Scientific and Technic/Sickness,2024-09-01,50.21,50.21,49.66404012758991,-15.194078593493893
NHS/CYP & Families Services/Add Prof Scientific and Technic/Sickness,2024-10-01,50.21,50.21,49.66404012758991,-15.194078593493893
NHS/CYP & Families Services/Add Prof Scientific and Technic/Sickness,2024-11-01,50.21,50.21,49.66404012758991,-15.194078593493893
NHS/CYP & Families Services/Add Prof Scientific and Technic/Sickness,2024-12-01,50.21,50.21,49.66404012758991,-15.194078593493893
NHS/CYP & Families Services/Add Prof Scientific and Technic/Sickness,2025-01-01,50.21,50.21,49.66404012758991,-15.194078593493893
NHS/CYP & Families Services/Add Prof Scientific and Technic/Sickness,2025-02-01,50.21,50.21,49.66404012758991,-15.194078593493893
NHS/CYP & Families Services/Add Prof Scientific and Technic/Sickness,2025-03-01,50.21,50.21,49.66404012758991,-15.194078593493893
NHS/CYP & Families Services/Add Prof Scientific and Technic/Sickness,2025-04-01,50.21,50.21,49.66404012758991,-15.194078593493893
NHS/CYP & Families Services/Additional Clinical Services/Hires,2024-04-01,1.0,1.0,0.9540401275900698,18.34302603717151
NHS/CYP & Families Services/Additional Clinical Services/Hires,2024-05-01,1.0,1.0,0.9540401275900698,18.34302603717151
NHS/CYP & Families Services/Additional Clinical Services/Hires,2024-06-01,1.0,1.0,0.9540401275900698,18.34302603717151
NHS/CYP & Families Services/Additional Clinical Services/Hires,2024-07-01,1.0,1.0,0.9540401275900698,18.34302603717151
NHS/CYP & Families Services/Additional Clinical Services/Hires,2024-08-01,1.0,1.0,0.9540401275900698,18.34302603717151
NHS/CYP & Families Services/Additional Clinical Services/Hires,2024-09-01,1.0,1.0,0.9540401275900698,18.34302603717151
NHS/CYP & Families Services/Additional Clinical Services/Hires,2024-10-01,1.0,1.0,0.9540401275900698,18.34302603717151
NHS/CYP & Families Services/Additional Clinical Services/Hires,2024-11-01,1.0,1.0,0.9540401275900698,18.34302603717151
NHS/CYP & Families Services/Additional Clinical Services/Hires,2024-12-01,1.0,1.0,0.9540401275900698,18.34302603717151
NHS/CYP & Families Services/Additional Clinical Services/Hires,2025-01-01,1.0,1.0,0.9540401275900698,18.34302603717151
NHS/CYP & Families Services/Additional Clinical Services/Hires,2025-02-01,1.0,1.0,0.9540401275900698,18.34302603717151
NHS/CYP & Families Services/Additional Clinical Services/Hires,2025-03-01,1.0,1.0,0.9540401275900698,18.34302603717151
NHS/CYP & Families Services/Additional Clinical Services/Hires,2025-04-01,1.0,1.0,0.9540401275900698,18.34302603717151
NHS/CYP & Families Services/Additional Clinical Services/Leavers,2024-04-01,4.0,4.0,3.954040127590074,9.239666903399913
NHS/CYP & Families Services/Additional Clinical Services/Leavers,2024-05-01,4.0,4.0,3.954040127590074,9.239666903399913
NHS/CYP & Families Services/Additional Clinical Services/Leavers,2024-06-01,4.0,4.0,3.954040127590074,9.239666903399913
NHS/CYP & Families Services/Additional Clinical Services/Leavers,2024-07-01,4.0,4.0,3.954040127590074,9.239666903399913
NHS/CYP & Families Services/Additional Clinical Services/Leavers,2024-08-01,4.0,4.0,3.954040127590074,9.239666903399913
NHS/CYP & Families Services/Additional Clinical Services/Leavers,2024-09-01,4.0,4.0,3.954040127590074,9.239666903399913
NHS/CYP & Families Services/Additional Clinical Services/Leavers,2024-10-01,4.0,4.0,3.954040127590074,9.239666903399913
NHS/CYP & Families Services/Additional Clinical Services/Leavers,2024-11-01,4.0,4.0,3.954040127590074,9.239666903399913
NHS/CYP & Families Services/Additional Clinical Services/Leavers,2024-12-01,4.0,4.0,3.954040127590074,9.239666903399913
NHS/CYP & Families Services/Additional Clinical Services/Leavers,2025-01-01,4.0,4.0,3.954040127590074,9.239666903399913
NHS/CYP & Families Services/Additional Clinical Services/Leavers,2025-02-01,4.0,4.0,3.954040127590074,9.239666903399913
NHS/CYP & Families Services/Additional Clinical Services/Leavers,2025-03-01,4.0,4.0,3.954040127590074,9.239666903399913
NHS/CYP & Families Services/Additional Clinical Services/Leavers,2025-04-01,4.0,4.0,3.954040127590074,9.239666903399913
NHS/CYP & Families Services/Additional Clinical Services/Sickness,2024-04-01,560.89,560.89,560.8440401275891,515.0853798542081
NHS/CYP & Families Services/Additional Clinical Services/Sickness,2024-05-01,560.89,560.89,560.8440401275891,515.0853798542081
NHS/CYP & Families Services/Additional Clinical Services/Sickness,2024-06-01,560.89,560.89,560.8440401275891,515.0853798542081
NHS/CYP & Families Services/Additional Clinical Services/Sickness,2024-07-01,560.89,560.89,560.8440401275891,515.0853798542081
NHS/CYP & Families Services/Additional Clinical Services/Sickness,2024-08-01,560.89,560.89,560.8440401275891,515.0853798542081
NHS/CYP & Families Services/Additional Clinical Services/Sickness,2024-09-01,560.89,560.89,560.8440401275891,515.0853798542081
NHS/CYP & Families Services/Additional Clinical Services/Sickness,2024-10-01,560.89,560.89,560.8440401275891,515.0853798542081
NHS/CYP & Families Services/Additional Clinical Services/Sickness,2024-11-01,560.89,560.89,560.8440401275891,515.0853798542081
NHS/CYP & Families Services/Additional Clinical Services/Sickness,2024-12-01,560.89,560.89,560.8440401275891,515.0853798542081
NHS/CYP & Families Services/Additional Clinical Services/Sickness,2025-01-01,560.89,560.89,560.8440401275891,515.0853798542081
NHS/CYP & Families Services/Additional Clinical Services/Sickness,2025-02-01,560.89,560.89,560.8440401275891,515.0853798542081
NHS/CYP & Families Services/Additional Clinical Services/Sickness,2025-03-01,560.89,560.89,560.8440401275891,515.0853798542081
NHS/CYP & Families Services/Additional Clinical Services/Sickness,2025-04-01,560.89,560.89,560.8440401275891,515.0853798542081
NHS/CYP & Families Services/Administrative and Clerical/Hires,2024-04-01,1.0,1.0,0.9540401275899373,45.262995759431384
NHS/CYP & Families Services/Administrative and Clerical/Hires,2024-05-01,1.0,1.0,0.9540401275899373,45.262995759431384
NHS/CYP & Families Services/Administrative and Clerical/Hires,2024-06-01,1.0,1.0,0.9540401275899373,45.262995759431384
NHS/CYP & Families Services/Administrative and Clerical/Hires,2024-07-01,1.0,1.0,0.9540401275899373,45.262995759431384
NHS/CYP & Families Services/Administrative and Clerical/Hires,2024-08-01,1.0,1.0,0.9540401275899373,45.262995759431384
NHS/CYP & Families Services/Administrative and Clerical/Hires,2024-09-01,1.0,1.0,0.9540401275899373,45.262995759431384
NHS/CYP & Families Services/Administrative and Clerical/Hires,2024-10-01,1.0,1.0,0.9540401275899373,45.262995759431384
NHS/CYP & Families Services/Administrative and Clerical/Hires,2024-11-01,1.0,1.0,0.9540401275899373,45.262995759431384
NHS/CYP & Families Services/Administrative and Clerical/Hires,2024-12-01,1.0,1.0,0.9540401275899373,45.262995759431384
NHS/CYP & Families Services/Administrative and Clerical/Hires,2025-01-01,1.0,1.0,0.9540401275899373,45.262995759431384
NHS/CYP & Families Services/Administrative and Clerical/Hires,2025-02-01,1.0,1.0,0.9540401275899373,45.262995759431384
NHS/CYP & Families Services/Administrative and Clerical/Hires,2025-03-01,1.0,1.0,0.9540401275899373,45.262995759431384
NHS/CYP & Families Services/Administrative and Clerical/Hires,2025-04-01,1.0,1.0,0.9540401275899373,45.262995759431384
NHS/CYP & Families Services/Administrative and Clerical/Leavers,2024-04-01,2.0,2.0,1.9540401275899415,4.070588548731664
NHS/CYP & Families Services/Administrative and Clerical/Leavers,2024-05-01,2.0,2.0,1.9540401275899415,4.070588548731664
NHS/CYP & Families Services/Administrative and Clerical/Leavers,2024-06-01,2.0,2.0,1.9540401275899415,4.070588548731664
NHS/CYP & Families Services/Administrative and Clerical/Leavers,2024-07-01,2.0,2.0,1.9540401275899415,4.070588548731664
NHS/CYP & Families Services/Administrative and Clerical/Leavers,2024-08-01,2.0,2.0,1.9540401275899415,4.070588548731664
NHS/CYP & Families Services/Administrative and Clerical/Leavers,2024-09-01,2.0,2.0,1.9540401275899415,4.070588548731664
NHS/CYP & Families Services/Administrative and Clerical/Leavers,2024-10-01,2.0,2.0,1.9540401275899415,4.070588548731664
NHS/CYP & Families Services/Administrative and Clerical/Leavers,2024-11-01,2.0,2.0,1.9540401275899415,4.070588548731664
NHS/CYP & Families Services/Administrative and Clerical/Leavers,2024-12-01,2.0,2.0,1.9540401275899415,4.070588548731664
NHS/CYP & Families Services/Administrative and Clerical/Leavers,2025-01-01,2.0,2.0,1.9540401275899415,4.070588548731664
NHS/CYP & Families Services/Administrative and Clerical/Leavers,2025-02-01,2.0,2.0,1.9540401275899415,4.070588548731664
NHS/CYP & Families Services/Administrative and Clerical/Leavers,2025-03-01,2.0,2.0,1.9540401275899415,4.070588548731664
NHS/CYP & Families Services/Administrative and Clerical/Leavers,2025-04-01,2.0,2.0,1.9540401275899415,4.070588548731664
NHS/CYP & Families Services/Administrative and Clerical/Sickness,2024-04-01,206.48,206.48,206.43404012758992,21.608569696550397
NHS/CYP & Families Services/Administrative and Clerical/Sickness,2024-05-01,206.48,206.48,206.43404012758992,21.608569696550397
NHS/CYP & Families Services/Administrative and Clerical/Sickness,2024-06-01,206.48,206.48,206.43404012758992,21.608569696550397
NHS/CYP & Families Services/Administrative and Clerical/Sickness,2024-07-01,206.48,206.48,206.43404012758992,21.608569696550397
NHS/CYP & Families Services/Administrative and Clerical/Sickness,2024-08-01,206.48,206.48,206.43404012758992,21.608569696550397
NHS/CYP & Families Services/Administrative and Clerical/Sickness,2024-09-01,206.48,206.48,206.43404012758992,21.608569696550397
NHS/CYP & Families Services/Administrative and Clerical/Sickness,2024-10-01,206.48,206.48,206.43404012758992,21.608569696550397
NHS/CYP & Families Services/Administrative and Clerical/Sickness,2024-11-01,206.48,206.48,206.43404012758992,21.608569696550397
NHS/CYP & Families Services/Administrative and Clerical/Sickness,2024-12-01,206.48,206.48,206.43404012758992,21.608569696550397
NHS/CYP & Families Services/Administrative and Clerical/Sickness,2025-01-01,206.48,206.48,206.43404012758992,21.608569696550397
NHS/CYP & Families Services/Administrative and Clerical/Sickness,2025-02-01,206.48,206.48,206.43404012758992,21.608569696550397
NHS/CYP & Families Services/Administrative and Clerical/Sickness,2025-03-01,206.48,206.48,206.43404012758992,21.608569696550397
NHS/CYP & Families Services/Administrative and Clerical/Sickness,2025-04-01,206.48,206.48,206.43404012758992,21.608569696550397
NHS/CYP & Families Services/Allied Health Professionals/Hires,2024-03-01,1.0,1.0,0.45404012758990286,-5.517853432280794
NHS/CYP & Families Services/Allied Health Professionals/Hires,2024-04-01,1.0,1.0,0.45404012758990286,-5.517853432280794
NHS/CYP & Families Services/Allied Health Professionals/Hires,2024-05-01,1.0,1.0,0.45404012758990286,-5.517853432280794
NHS/CYP & Families Services/Allied Health Professionals/Hires,2024-06-01,1.0,1.0,0.45404012758990286,-5.517853432280794
NHS/CYP & Families Services/Allied Health Professionals/Hires,2024-07-01,1.0,1.0,0.45404012758990286,-5.517853432280794
NHS/CYP & Families Services/Allied Health Professionals/Hires,2024-08-01,1.0,1.0,0.45404012758990286,-5.517853432280794
NHS/CYP & Families Services/Allied Health Professionals/Hires,2024-09-01,1.0,1.0,0.45404012758990286,-5.517853432280794
NHS/CYP & Families Services/Allied Health Professionals/Hires,2024-10-01,1.0,1.0,0.45404012758990286,-5.517853432280794
NHS/CYP & Families Services/Allied Health Professionals/Hires,2024-11-01,1.0,1.0,0.45404012758990286,-5.517853432280794
NHS/CYP & Families Services/Allied Health Professionals/Hires,2024-12-01,1.0,1.0,0.45404012758990286,-5.517853432280794
NHS/CYP & Families Services/Allied Health Professionals/Hires,2025-01-01,1.0,1.0,0.45404012758990286,-5.517853432280794
NHS/CYP & Families Services/Allied Health Professionals/Hires,2025-02-01,1.0,1.0,0.45404012758990286,-5.517853432280794
NHS/CYP & Families Services/Allied Health Professionals/Hires,2025-03-01,1.0,1.0,0.45404012758990286,-5.517853432280794
NHS/CYP & Families Services/Allied Health Professionals/Leavers,2024-03-01,1.0,1.0,0.4540401275899064,1.3996950862533477
NHS/CYP & Families Services/Allied Health Professionals/Leavers,2024-04-01,1.0,1.0,0.4540401275899064,1.3996950862533477
NHS/CYP & Families Services/Allied Health Professionals/Leavers,2024-05-01,1.0,1.0,0.4540401275899064,1.3996950862533477
NHS/CYP & Families Services/Allied Health Professionals/Leavers,2024-06-01,1.0,1.0,0.4540401275899064,1.3996950862533477
NHS/CYP & Families Services/Allied Health Professionals/Leavers,2024-07-01,1.0,1.0,0.4540401275899064,1.3996950862533477
NHS/CYP & Families Services/Allied Health Professionals/Leavers,2024-08-01,1.0,1.0,0.4540401275899064,1.3996950862533477
NHS/CYP & Families Services/Allied Health Professionals/Leavers,2024-09-01,1.0,1.0,0.4540401275899064,1.3996950862533477
NHS/CYP & Families Services/Allied Health Professionals/Leavers,2024-10-01,1.0,1.0,0.4540401275899064,1.3996950862533477
NHS/CYP & Families Services/Allied Health Professionals/Leavers,2024-11-01,1.0,1.0,0.4540401275899064,1.3996950862533477
NHS/CYP & Families Services/Allied Health Professionals/Leavers,2024-12-01,1.0,1.0,0.4540401275899064,1.3996950862533477
NHS/CYP & Families Services/Allied Health Professionals/Leavers,2025-01-01,1.0,1.0,0.4540401275899064,1.3996950862533477
NHS/CYP & Families Services/Allied Health Professionals/Leavers,2025-02-01,1.0,1.0,0.4540401275899064,1.3996950862533477
NHS/CYP & Families Services/Allied Health Professionals/Leavers,2025-03-01,1.0,1.0,0.4540401275899064,1.3996950862533477
NHS/CYP & Families Services/Allied Health Professionals/Sickness,2024-04-01,16.22,16.22,15.674040127589883,-40.05357937640456
NHS/CYP & Families Services/Allied Health Professionals/Sickness,2024-05-01,16.22,16.22,15.674040127589883,-40.05357937640456
NHS/CYP & Families Services/Allied Health Professionals/Sickness,2024-06-01,16.22,16.22,15.674040127589883,-40.05357937640456
NHS/CYP & Families Services/Allied Health Professionals/Sickness,2024-07-01,16.22,16.22,15.674040127589883,-40.05357937640456
NHS/CYP & Families Services/Allied Health Professionals/Sickness,2024-08-01,16.22,16.22,15.674040127589883,-40.05357937640456
NHS/CYP & Families Services/Allied Health Professionals/Sickness,2024-09-01,16.22,16.22,15.674040127589883,-40.05357937640456
NHS/CYP & Families Services/Allied Health Professionals/Sickness,2024-10-01,16.22,16.22,15.674040127589883,-40.05357937640456
NHS/CYP & Families Services/Allied Health Professionals/Sickness,2024-11-01,16.22,16.22,15.674040127589883,-40.05357937640456
NHS/CYP & Families Services/Allied Health Professionals/Sickness,2024-12-01,16.22,16.22,15.674040127589883,-40.05357937640456
NHS/CYP & Families Services/Allied Health Professionals/Sickness,2025-01-01,16.22,16.22,15.674040127589883,-40.05357937640456
NHS/CYP & Families Services/Allied Health Professionals/Sickness,2025-02-01,16.22,16.22,15.674040127589883,-40.05357937640456
NHS/CYP & Families Services/Allied Health Professionals/Sickness,2025-03-01,16.22,16.22,15.674040127589883,-40.05357937640456
NHS/CYP & Families Services/Allied Health Professionals/Sickness,2025-04-01,16.22,16.22,15.674040127589883,-40.05357937640456
NHS/CYP & Families Services/Estates and Ancillary/Sickness,2024-04-01,0.0,0.0,-0.09191974482020271,-1.033294941879019e-11
NHS/CYP & Families Services/Estates and Ancillary/Sickness,2024-05-01,0.0,0.0,-0.09191974482020271,-1.033294941879019e-11
NHS/CYP & Families Services/Estates and Ancillary/Sickness,2024-06-01,0.0,0.0,-0.09191974482020271,-1.033294941879019e-11
NHS/CYP & Families Services/Estates and Ancillary/Sickness,2024-07-01,0.0,0.0,-0.09191974482020271,-1.033294941879019e-11
NHS/CYP & Families Services/Estates and Ancillary/Sickness,2024-08-01,0.0,0.0,-0.09191974482020271,-1.033294941879019e-11
NHS/CYP & Families Services/Estates and Ancillary/Sickness,2024-09-01,0.0,0.0,-0.09191974482020271,-1.033294941879019e-11
NHS/CYP & Families Services/Estates and Ancillary/Sickness,2024-10-01,0.0,0.0,-0.09191974482020271,-1.033294941879019e-11
NHS/CYP & Families Services/Estates and Ancillary/Sickness,2024-11-01,0.0,0.0,-0.09191974482020271,-1.033294941879019e-11
NHS/CYP & Families Services/Estates and Ancillary/Sickness,2024-12-01,0.0,0.0,-0.09191974482020271,-1.033294941879019e-11
NHS/CYP & Families Services/Estates and Ancillary/Sickness,2025-01-01,0.0,0.0,-0.09191974482020271,-1.033294941879019e-11
NHS/CYP & Families Services/Estates and Ancillary/Sickness,2025-02-01,0.0,0.0,-0.09191974482020271,-1.033294941879019e-11
NHS/CYP & Families Services/Estates and Ancillary/Sickness,2025-03-01,0.0,0.0,-0.09191974482020271,-1.033294941879019e-11
NHS/CYP & Families Services/Estates and Ancillary/Sickness,2025-04-01,0.0,0.0,-0.09191974482020271,-1.033294941879019e-11
NHS/CYP & Families Services/Medical and Dental/Hires,2024-04-01,10.0,10.0,9.954040127589927,-3.6135746537937052
NHS/CYP & Families Services/Medical and Dental/Hires,2024-05-01,10.0,10.0,9.954040127589927,-3.6135746537937052
NHS/CYP & Families Services/Medical and Dental/Hires,2024-06-01,10.0,10.0,9.954040127589927,-3.6135746537937052
NHS/CYP & Families Services/Medical and Dental/Hires,2024-07-01,10.0,10.0,9.954040127589927,-3.6135746537937052
NHS/CYP & Families Services/Medical and Dental/Hires,2024-08-01,10.0,10.0,9.954040127589927,-3.6135746537937052
NHS/CYP & Families Services/Medical and Dental/Hires,2024-09-01,10.0,10.0,9.954040127589927,-3.6135746537937052
NHS/CYP & Families Services/Medical and Dental/Hires,2024-10-01,10.0,10.0,9.954040127589927,-3.6135746537937052
NHS/CYP & Families Services/Medical and Dental/Hires,2024-11-01,10.0,10.0,9.954040127589927,-3.6135746537937052
NHS/CYP & Families Services/Medical and Dental/Hires,2024-12-01,10.0,10.0,9.954040127589927,-3.6135746537937052
NHS/CYP & Families Services/Medical and Dental/Hires,2025-01-01,10.0,10.0,9.954040127589927,-3.6135746537937052
NHS/CYP & Families Services/Medical and Dental/Hires,2025-02-01,10.0,10.0,9.954040127589927,-3.6135746537937052
NHS/CYP & Families Services/Medical and Dental/Hires,2025-03-01,10.0,10.0,9.954040127589927,-3.6135746537937052
NHS/CYP & Families Services/Medical and Dental/Hires,2025-04-01,10.0,10.0,9.954040127589927,-3.6135746537937052
NHS/CYP & Families Services/Medical and Dental/Leavers,2024-04-01,5.0,5.0,4.954040127589951,-84.2913732960839
NHS/CYP & Families Services/Medical and Dental/Leavers,2024-05-01,5.0,5.0,4.954040127589951,-84.2913732960839
NHS/CYP & Families Services/Medical and Dental/Leavers,2024-06-01,5.0,5.0,4.954040127589951,-84.2913732960839
NHS/CYP & Families Services/Medical and Dental/Leavers,2024-07-01,5.0,5.0,4.954040127589951,-84.2913732960839
NHS/CYP & Families Services/Medical and Dental/Leavers,2024-08-01,5.0,5.0,4.954040127589951,-84.2913732960839
NHS/CYP & Families Services/Medical and Dental/Leavers,2024-09-01,5.0,5.0,4.954040127589951,-84.2913732960839
NHS/CYP & Families Services/Medical and Dental/Leavers,2024-10-01,5.0,5.0,4.954040127589951,-84.2913732960839
NHS/CYP & Families Services/Medical and Dental/Leavers,2024-11-01,5.0,5.0,4.954040127589951,-84.2913732960839
NHS/CYP & Families Services/Medical and Dental/Leavers,2024-12-01,5.0,5.0,4.954040127589951,-84.2913732960839
NHS/CYP & Families Services/Medical and Dental/Leavers,2025-01-01,5.0,5.0,4.954040127589951,-84.2913732960839
NHS/CYP & Families Services/Medical and Dental/Leavers,2025-02-01,5.0,5.0,4.954040127589951,-84.2913732960839
NHS/CYP & Families Services/Medical and Dental/Leavers,2025-03-01,5.0,5.0,4.954040127589951,-84.2913732960839
NHS/CYP & Families Services/Medical and Dental/Leavers,2025-04-01,5.0,5.0,4.954040127589951,-84.2913732960839
NHS/CYP & Families Services/Medical and Dental/Sickness,2024-04-01,70.56,70.56,70.51404012758998,-78.39501139712137
NHS/CYP & Families Services/Medical and Dental/Sickness,2024-05-01,70.56,70.56,70.51404012758998,-78.39501139712137
NHS/CYP & Families Services/Medical and Dental/Sickness,2024-06-01,70.56,70.56,70.51404012758998,-78.39501139712137
NHS/CYP & Families Services/Medical and Dental/Sickness,2024-07-01,70.56,70.56,70.51404012758998,-78.39501139712137
NHS/CYP & Families Services/Medical and Dental/Sickness,2024-08-01,70.56,70.56,70.51404012758998,-78.39501139712137
NHS/CYP & Families Services/Medical and Dental/Sickness,2024-09-01,70.56,70.56,70.51404012758998,-78.39501139712137
NHS/CYP & Families Services/Medical and Dental/Sickness,2024-10-01,70.56,70.56,70.51404012758998,-78.39501139712137
NHS/CYP & Families Services/Medical and Dental/Sickness,2024-11-01,70.56,70.56,70.51404012758998,-78.39501139712137
NHS/CYP & Families Services/Medical and Dental/Sickness,2024-12-01,70.56,70.56,70.51404012758998,-78.39501139712137
NHS/CYP & Families Services/Medical and Dental/Sickness,2025-01-01,70.56,70.56,70.51404012758998,-78.39501139712137
NHS/CYP & Families Services/Medical and Dental/Sickness,2025-02-01,70.56,70.56,70.51404012758998,-78.39501139712137
NHS/CYP & Families Services/Medical and Dental/Sickness,2025-03-01,70.56,70.56,70.51404012758998,-78.39501139712137
NHS/CYP & Families Services/Medical and Dental/Sickness,2025-04-01,70.56,70.56,70.51404012758998,-78.39501139712137
NHS/CYP & Families Services/Nursing and Midwifery Registered/Hires,2024-04-01,3.0,3.0,2.9540401275899857,183.5229473231314
NHS/CYP & Families Services/Nursing and Midwifery Registered/Hires,2024-05-01,3.0,3.0,2.9540401275899857,183.5229473231314
NHS/CYP & Families Services/Nursing and Midwifery Registered/Hires,2024-06-01,3.0,3.0,2.9540401275899857,183.5229473231314
NHS/CYP & Families Services/Nursing and Midwifery Registered/Hires,2024-07-01,3.0,3.0,2.9540401275899857,183.5229473231314
NHS/CYP & Families Services/Nursing and Midwifery Registered/Hires,2024-08-01,3.0,3.0,2.9540401275899857,183.5229473231314
NHS/CYP & Families Services/Nursing and Midwifery Registered/Hires,2024-09-01,3.0,3.0,2.9540401275899857,183.5229473231314
NHS/CYP & Families Services/Nursing and Midwifery Registered/Hires,2024-10-01,3.0,3.0,2.9540401275899857,183.5229473231314
NHS/CYP & Families Services/Nursing and Midwifery Registered/Hires,2024-11-01,3.0,3.0,2.9540401275899857,183.5229473231314
NHS/CYP & Families Services/Nursing and Midwifery Registered/Hires,2024-12-01,3.0,3.0,2.9540401275899857,183.5229473231314
NHS/CYP & Families Services/Nursing and Midwifery Registered/Hires,2025-01-01,3.0,3.0,2.9540401275899857,183.5229473231314
NHS/CYP & Families Services/Nursing and Midwifery Registered/Hires,2025-02-01,3.0,3.0,2.9540401275899857,183.5229473231314
NHS/CYP & Families Services/Nursing and Midwifery Registered/Hires,2025-03-01,3.0,3.0,2.9540401275899857,183.5229473231314
NHS/CYP & Families Services/Nursing and Midwifery Registered/Hires,2025-04-01,3.0,3.0,2.9540401275899857,183.5229473231314
NHS/CYP & Families Services/Nursing and Midwifery Registered/Leavers,2024-04-01,10.0,10.0,9.954040127589966,-1.1238922810803729
NHS/CYP & Families Services/Nursing and Midwifery Registered/Leavers,2024-05-01,10.0,10.0,9.954040127589966,-1.1238922810803729
NHS/CYP & Families Services/Nursing and Midwifery Registered/Leavers,2024-06-01,10.0,10.0,9.954040127589966,-1.1238922810803729
NHS/CYP & Families Services/Nursing and Midwifery Registered/Leavers,2024-07-01,10.0,10.0,9.954040127589966,-1.1238922810803729
NHS/CYP & Families Services/Nursing and Midwifery Registered/Leavers,2024-08-01,10.0,10.0,9.954040127589966,-1.1238922810803729
NHS/CYP & Families Services/Nursing and Midwifery Registered/Leavers,2024-09-01,10.0,10.0,9.954040127589966,-1.1238922810803729
NHS/CYP & Families Services/Nursing and Midwifery Registered/Leavers,2024-10-01,10.0,10.0,9.954040127589966,-1.1238922810803729
NHS/CYP & Families Services/Nursing and Midwifery Registered/Leavers,2024-11-01,10.0,10.0,9.954040127589966,-1.1238922810803729
NHS/CYP & Families Services/Nursing and Midwifery Registered/Leavers,2024-12-01,10.0,10.0,9.954040127589966,-1.1238922810803729
NHS/CYP & Families Services/Nursing and Midwifery Registered/Leavers,2025-01-01,10.0,10.0,9.954040127589966,-1.1238922810803729
NHS/CYP & Families Services/Nursing and Midwifery Registered/Leavers,2025-02-01,10.0,10.0,9.954040127589966,-1.1238922810803729
NHS/CYP & Families Services/Nursing and Midwifery Registered/Leavers,2025-03-01,10.0,10.0,9.954040127589966,-1.1238922810803729
NHS/CYP & Families Services/Nursing and Midwifery Registered/Leavers,2025-04-01,10.0,10.0,9.954040127589966,-1.1238922810803729
NHS/CYP & Families Services/Nursing and Midwifery Registered/Sickness,2024-04-01,783.06,783.06,783.0140401275889,949.3995966177496
NHS/CYP & Families Services/Nursing and Midwifery Registered/Sickness,2024-05-01,783.06,783.06,783.0140401275889,949.3995966177496
NHS/CYP & Families Services/Nursing and Midwifery Registered/Sickness,2024-06-01,783.06,783.06,783.0140401275889,949.3995966177496
NHS/CYP & Families Services/Nursing and Midwifery Registered/Sickness,2024-07-01,783.06,783.06,783.0140401275889,949.3995966177496
NHS/CYP & Families Services/Nursing and Midwifery Registered/Sickness,2024-08-01,783.06,783.06,783.0140401275889,949.3995966177496
NHS/CYP & Families Services/Nursing and Midwifery Registered/Sickness,2024-09-01,783.06,783.06,783.0140401275889,949.3995966177496
NHS/CYP & Families Services/Nursing and Midwifery Registered/Sickness,2024-10-01,783.06,783.06,783.0140401275889,949.3995966177496
NHS/CYP & Families Services/Nursing and Midwifery Registered/Sickness,2024-11-01,783.06,783.06,783.0140401275889,949.3995966177496
NHS/CYP & Families Services/Nursing and Midwifery Registered/Sickness,2024-12-01,783.06,783.06,783.0140401275889,949.3995966177496
NHS/CYP & Families Services/Nursing and Midwifery Registered/Sickness,2025-01-01,783.06,783.06,783.0140401275889,949.3995966177496
NHS/CYP & Families Services/Nursing and Midwifery Registered/Sickness,2025-02-01,783.06,783.06,783.0140401275889,949.3995966177496
NHS/CYP & Families Services/Nursing and Midwifery Registered/Sickness,2025-03-01,783.06,783.06,783.0140401275889,949.3995966177496
NHS/CYP & Families Services/Nursing and Midwifery Registered/Sickness,2025-04-01,783.06,783.06,783.0140401275889,949.3995966177496
NHS/CYP & Families Services/Students/Sickness,2024-04-01,0.0,0.0,-0.09191974482016474,-0.3322198636263166
NHS/CYP & Families Services/Students/Sickness,2024-05-01,0.0,0.0,-0.09191974482016474,-0.3322198636263166
NHS/CYP & Families Services/Students/Sickness,2024-06-01,0.0,0.0,-0.09191974482016474,-0.3322198636263166
NHS/CYP & Families Services/Students/Sickness,2024-07-01,0.0,0.0,-0.09191974482016474,-0.3322198636263166
NHS/CYP & Families Services/Students/Sickness,2024-08-01,0.0,0.0,-0.09191974482016474,-0.3322198636263166
NHS/CYP & Families Services/Students/Sickness,2024-09-01,0.0,0.0,-0.09191974482016474,-0.3322198636263166
NHS/CYP & Families Services/Students/Sickness,2024-10-01,0.0,0.0,-0.09191974482016474,-0.3322198636263166
NHS/CYP & Families Services/Students/Sickness,2024-11-01,0.0,0.0,-0.09191974482016474,-0.3322198636263166
NHS/CYP & Families Services/Students/Sickness,2024-12-01,0.0,0.0,-0.09191974482016474,-0.3322198636263166
NHS/CYP & Families Services/Students/Sickness,2025-01-01,0.0,0.0,-0.09191974482016474,-0.3322198636263166
NHS/CYP & Families Services/Students/Sickness,2025-02-01,0.0,0.0,-0.09191974482016474,-0.3322198636263166
NHS/CYP & Families Services/Students/Sickness,2025-03-01,0.0,0.0,-0.09191974482016474,-0.3322198636263166
NHS/CYP & Families Services/Students/Sickness,2025-04-01,0.0,0.0,-0.09191974482016474,-0.3322198636263166
NHS/Clinical Support and Cancer Services/Add Prof Scientific and Technic/Hires,2024-04-01,1.0,1.0,0.6805372613334838,-12.27534067380019
NHS/Clinical Support and Cancer Services/Add Prof Scientific and Technic/Hires,2024-05-01,1.0,1.0,0.6805372613334838,-12.27534067380019
NHS/Clinical Support and Cancer Services/Add Prof Scientific and Technic/Hires,2024-06-01,1.0,1.0,0.6805372613334838,-12.27534067380019
NHS/Clinical Support and Cancer Services/Add Prof Scientific and Technic/Hires,2024-07-01,1.0,1.0,0.6805372613334838,-12.27534067380019
NHS/Clinical Support and Cancer Services/Add Prof Scientific and Technic/Hires,2024-08-01,1.0,1.0,0.6805372613334838,-12.27534067380019
NHS/Clinical Support and Cancer Services/Add Prof Scientific and Technic/Hires,2024-09-01,1.0,1.0,0.6805372613334838,-12.27534067380019
NHS/Clinical Support and Cancer Services/Add Prof Scientific and Technic/Hires,2024-10-01,1.0,1.0,0.6805372613334838,-12.27534067380019
NHS/Clinical Support and Cancer Services/Add Prof Scientific and Technic/Hires,2024-11-01,1.0,1.0,0.6805372613334838,-12.27534067380019
NHS/Clinical Support and Cancer Services/Add Prof Scientific and Technic/Hires,2024-12-01,1.0,1.0,0.6805372613334838,-12.27534067380019
NHS/Clinical Support and Cancer Services/Add Prof Scientific and Technic/Hires,2025-01-01,1.0,1.0,0.6805372613334838,-12.27534067380019
NHS/Clinical Support and Cancer Services/Add Prof Scientific and Technic/Hires,2025-02-01,1.0,1.0,0.6805372613334838,-12.27534067380019
NHS/Clinical Support and Cancer Services/Add Prof Scientific and Technic/Hires,2025-03-01,1.0,1.0,0.6805372613334838,-12.27534067380019
NHS/Clinical Support and Cancer Services/Add Prof Scientific and Technic/Hires,2025-04-01,1.0,1.0,0.6805372613334838,-12.27534067380019
NHS/Clinical Support and Cancer Services/Add Prof Scientific and Technic/Leavers,2024-03-01,1.0,1.0,0.6805372613334838,-10.686421163954488
NHS/Clinical Support and Cancer Services/Add Prof Scientific and Technic/Leavers,2024-04-01,1.0,1.0,0.6805372613334838,-10.686421163954488
NHS/Clinical Support and Cancer Services/Add Prof Scientific and Technic/Leavers,2024-05-01,1.0,1.0,0.6805372613334838,-10.686421163954488
NHS/Clinical Support and Cancer Services/Add Prof Scientific and Technic/Leavers,2024-06-01,1.0,1.0,0.6805372613334838,-10.686421163954488
NHS/Clinical Support and Cancer Services/Add Prof Scientific and Technic/Leavers,2024-07-01,1.0,1.0,0.6805372613334838,-10.686421163954488
NHS/Clinical Support and Cancer Services/Add Prof Scientific and Technic/Leavers,2024-08-01,1.0,1.0,0.6805372613334838,-10.686421163954488
NHS/Clinical Support and Cancer Services/Add Prof Scientific and Technic/Leavers,2024-09-01,1.0,1.0,0.6805372613334838,-10.686421163954488
NHS/Clinical Support and Cancer Services/Add Prof Scientific and Technic/Leavers,2024-10-01,1.0,1.0,0.6805372613334838,-10.686421163954488
NHS/Clinical Support and Cancer Services/Add Prof Scientific and Technic/Leavers,2024-11-01,1.0,1.0,0.6805372613334838,-10.686421163954488
NHS/Clinical Support and Cancer Services/Add Prof Scientific and Technic/Leavers,2024-12-01,1.0,1.0,0.6805372613334838,-10.686421163954488
NHS/Clinical Support and Cancer Services/Add Prof Scientific and Technic/Leavers,2025-01-01,1.0,1.0,0.6805372613334838,-10.686421163954488
NHS/Clinical Support and Cancer Services/Add Prof Scientific and Technic/Leavers,2025-02-01,1.0,1.0,0.6805372613334838,-10.686421163954488
NHS/Clinical Support and Cancer Services/Add Prof Scientific and Technic/Leavers,2025-03-01,1.0,1.0,0.6805372613334838,-10.686421163954488
NHS/Clinical Support and Cancer Services/Add Prof Scientific and Technic/Sickness,2024-04-01,71.93,71.93,71.61053726133345,-335.84839986631545
NHS/Clinical Support and Cancer Services/Add Prof Scientific and Technic/Sickness,2024-05-01,71.93,71.93,71.61053726133345,-335.84839986631545
NHS/Clinical Support and Cancer Services/Add Prof Scientific and Technic/Sickness,2024-06-01,71.93,71.93,71.61053726133345,-335.84839986631545
NHS/Clinical Support and Cancer Services/Add Prof Scientific and Technic/Sickness,2024-07-01,71.93,71.93,71.61053726133345,-335.84839986631545
NHS/Clinical Support and Cancer Services/Add Prof Scientific and Technic/Sickness,2024-08-01,71.93,71.93,71.61053726133345,-335.84839986631545
NHS/Clinical Support and Cancer Services/Add Prof Scientific and Technic/Sickness,2024-09-01,71.93,71.93,71.61053726133345,-335.84839986631545
NHS/Clinical Support and Cancer Services/Add Prof Scientific and Technic/Sickness,2024-10-01,71.93,71.93,71.61053726133345,-335.84839986631545
NHS/Clinical Support and Cancer Services/Add Prof Scientific and Technic/Sickness,2024-11-01,71.93,71.93,71.61053726133345,-335.84839986631545
NHS/Clinical Support and Cancer Services/Add Prof Scientific and Technic/Sickness,2024-12-01,71.93,71.93,71.61053726133345,-335.84839986631545
NHS/Clinical Support and Cancer Services/Add Prof Scientific and Technic/Sickness,2025-01-01,71.93,71.93,71.61053726133345,-335.84839986631545
NHS/Clinical Support and Cancer Services/Add Prof Scientific and Technic/Sickness,2025-02-01,71.93,71.93,71.61053726133345,-335.84839986631545
NHS/Clinical Support and Cancer Services/Add Prof Scientific and Technic/Sickness,2025-03-01,71.93,71.93,71.61053726133345,-335.84839986631545
NHS/Clinical Support and Cancer Services/Add Prof Scientific and Technic/Sickness,2025-04-01,71.93,71.93,71.61053726133345,-335.84839986631545
NHS/Clinical Support and Cancer Services/Additional Clinical Services/Hires,2024-04-01,3.0,3.0,2.930537261333338,12.640545928259224
NHS/Clinical Support and Cancer Services/Additional Clinical Services/Hires,2024-05-01,3.0,3.0,2.930537261333338,12.640545928259224
NHS/Clinical Support and Cancer Services/Additional Clinical Services/Hires,2024-06-01,3.0,3.0,2.930537261333338,12.640545928259224
NHS/Clinical Support and Cancer Services/Additional Clinical Services/Hires,2024-07-01,3.0,3.0,2.930537261333338,12.640545928259224
NHS/Clinical Support and Cancer Services/Additional Clinical Services/Hires,2024-08-01,3.0,3.0,2.930537261333338,12.640545928259224
NHS/Clinical Support and Cancer Services/Additional Clinical Services/Hires,2024-09-01,3.0,3.0,2.930537261333338,12.640545928259224
NHS/Clinical Support and Cancer Services/Additional Clinical Services/Hires,2024-10-01,3.0,3.0,2.930537261333338,12.640545928259224
NHS/Clinical Support and Cancer Services/Additional Clinical Services/Hires,2024-11-01,3.0,3.0,2.930537261333338,12.640545928259224
NHS/Clinical Support and Cancer Services/Additional Clinical Services/Hires,2024-12-01,3.0,3.0,2.930537261333338,12.640545928259224
NHS/Clinical Support and Cancer Services/Additional Clinical Services/Hires,2025-01-01,3.0,3.0,2.930537261333338,12.640545928259224
NHS/Clinical Support and Cancer Services/Additional Clinical Services/Hires,2025-02-01,3.0,3.0,2.930537261333338,12.640545928259224
NHS/Clinical Support and Cancer Services/Additional Clinical Services/Hires,2025-03-01,3.0,3.0,2.930537261333338,12.640545928259224
NHS/Clinical Support and Cancer Services/Additional Clinical Services/Hires,2025-04-01,3.0,3.0,2.930537261333338,12.640545928259224
NHS/Clinical Support and Cancer Services/Additional Clinical Services/Leavers,2024-04-01,3.0,3.0,2.930537261333338,-41.229565880430215
NHS/Clinical Support and Cancer Services/Additional Clinical Services/Leavers,2024-05-01,3.0,3.0,2.930537261333338,-41.229565880430215
NHS/Clinical Support and Cancer Services/Additional Clinical Services/Leavers,2024-06-01,3.0,3.0,2.930537261333338,-41.229565880430215
NHS/Clinical Support and Cancer Services/Additional Clinical Services/Leavers,2024-07-01,3.0,3.0,2.930537261333338,-41.229565880430215
NHS/Clinical Support and Cancer Services/Additional Clinical Services/Leavers,2024-08-01,3.0,3.0,2.930537261333338,-41.229565880430215
NHS/Clinical Support and Cancer Services/Additional Clinical Services/Leavers,2024-09-01,3.0,3.0,2.930537261333338,-41.229565880430215
NHS/Clinical Support and Cancer Services/Additional Clinical Services/Leavers,2024-10-01,3.0,3.0,2.930537261333338,-41.229565880430215
NHS/Clinical Support and Cancer Services/Additional Clinical Services/Leavers,2024-11-01,3.0,3.0,2.930537261333338,-41.229565880430215
NHS/Clinical Support and Cancer Services/Additional Clinical Services/Leavers,2024-12-01,3.0,3.0,2.930537261333338,-41.229565880430215
NHS/Clinical Support and Cancer Services/Additional Clinical Services/Leavers,2025-01-01,3.0,3.0,2.930537261333338,-41.229565880430215
NHS/Clinical Support and Cancer Services/Additional Clinical Services/Leavers,2025-02-01,3.0,3.0,2.930537261333338,-41.229565880430215
NHS/Clinical Support and Cancer Services/Additional Clinical Services/Leavers,2025-03-01,3.0,3.0,2.930537261333338,-41.229565880430215
NHS/Clinical Support and Cancer Services/Additional Clinical Services/Leavers,2025-04-01,3.0,3.0,2.930537261333338,-41.229565880430215
NHS/Clinical Support and Cancer Services/Additional Clinical Services/Sickness,2024-04-01,549.87,549.87,549.8005372613345,295.69729199451154
NHS/Clinical Support and Cancer Services/Additional Clinical Services/Sickness,2024-05-01,549.87,549.87,549.8005372613345,295.69729199451154
NHS/Clinical Support and Cancer Services/Additional Clinical Services/Sickness,2024-06-01,549.87,549.87,549.8005372613345,295.69729199451154
NHS/Clinical Support and Cancer Services/Additional Clinical Services/Sickness,2024-07-01,549.87,549.87,549.8005372613345,295.69729199451154
NHS/Clinical Support and Cancer Services/Additional Clinical Services/Sickness,2024-08-01,549.87,549.87,549.8005372613345,295.69729199451154
NHS/Clinical Support and Cancer Services/Additional Clinical Services/Sickness,2024-09-01,549.87,549.87,549.8005372613345,295.69729199451154
NHS/Clinical Support and Cancer Services/Additional Clinical Services/Sickness,2024-10-01,549.87,549.87,549.8005372613345,295.69729199451154
NHS/Clinical Support and Cancer Services/Additional Clinical Services/Sickness,2024-11-01,549.87,549.87,549.8005372613345,295.69729199451154
NHS/Clinical Support and Cancer Services/Additional Clinical Services/Sickness,2024-12-01,549.87,549.87,549.8005372613345,295.69729199451154
NHS/Clinical Support and Cancer Services/Additional Clinical Services/Sickness,2025-01-01,549.87,549.87,549.8005372613345,295.69729199451154
NHS/Clinical Support and Cancer Services/Additional Clinical Services/Sickness,2025-02-01,549.87,549.87,549.8005372613345,295.69729199451154
NHS/Clinical Support and Cancer Services/Additional Clinical Services/Sickness,2025-03-01,549.87,549.87,549.8005372613345,295.69729199451154
NHS/Clinical Support and Cancer Services/Additional Clinical Services/Sickness,2025-04-01,549.87,549.87,549.8005372613345,295.69729199451154
NHS/Clinical Support and Cancer Services/Administrative and Clerical/Hires,2024-04-01,3.0,3.0,2.9305372613333134,39.18086376444694
NHS/Clinical Support and Cancer Services/Administrative and Clerical/Hires,2024-05-01,3.0,3.0,2.9305372613333134,39.18086376444694
NHS/Clinical Support and Cancer Services/Administrative and Clerical/Hires,2024-06-01,3.0,3.0,2.9305372613333134,39.18086376444694
NHS/Clinical Support and Cancer Services/Administrative and Clerical/Hires,2024-07-01,3.0,3.0,2.9305372613333134,39.18086376444694
NHS/Clinical Support and Cancer Services/Administrative and Clerical/Hires,2024-08-01,3.0,3.0,2.9305372613333134,39.18086376444694
NHS/Clinical Support and Cancer Services/Administrative and Clerical/Hires,2024-09-01,3.0,3.0,2.9305372613333134,39.18086376444694
NHS/Clinical Support and Cancer Services/Administrative and Clerical/Hires,2024-10-01,3.0,3.0,2.9305372613333134,39.18086376444694
NHS/Clinical Support and Cancer Services/Administrative and Clerical/Hires,2024-11-01,3.0,3.0,2.9305372613333134,39.18086376444694
NHS/Clinical Support and Cancer Services/Administrative and Clerical/Hires,2024-12-01,3.0,3.0,2.9305372613333134,39.18086376444694
NHS/Clinical Support and Cancer Services/Administrative and Clerical/Hires,2025-01-01,3.0,3.0,2.9305372613333134,39.18086376444694
NHS/Clinical Support and Cancer Services/Administrative and Clerical/Hires,2025-02-01,3.0,3.0,2.9305372613333134,39.18086376444694
NHS/Clinical Support and Cancer Services/Administrative and Clerical/Hires,2025-03-01,3.0,3.0,2.9305372613333134,39.18086376444694
NHS/Clinical Support and Cancer Services/Administrative and Clerical/Hires,2025-04-01,3.0,3.0,2.9305372613333134,39.18086376444694
NHS/Clinical Support and Cancer Services/Administrative and Clerical/Leavers,2024-04-01,4.0,4.0,3.9305372613333134,-9.86384411920045
NHS/Clinical Support and Cancer Services/Administrative and Clerical/Leavers,2024-05-01,4.0,4.0,3.9305372613333134,-9.86384411920045
NHS/Clinical Support and Cancer Services/Administrative and Clerical/Leavers,2024-06-01,4.0,4.0,3.9305372613333134,-9.86384411920045
NHS/Clinical Support and Cancer Services/Administrative and Clerical/Leavers,2024-07-01,4.0,4.0,3.9305372613333134,-9.86384411920045
NHS/Clinical Support and Cancer Services/Administrative and Clerical/Leavers,2024-08-01,4.0,4.0,3.9305372613333134,-9.86384411920045
NHS/Clinical Support and Cancer Services/Administrative and Clerical/Leavers,2024-09-01,4.0,4.0,3.9305372613333134,-9.86384411920045
NHS/Clinical Support and Cancer Services/Administrative and Clerical/Leavers,2024-10-01,4.0,4.0,3.9305372613333134,-9.86384411920045
NHS/Clinical Support and Cancer Services/Administrative and Clerical/Leavers,2024-11-01,4.0,4.0,3.9305372613333134,-9.86384411920045
NHS/Clinical Support and Cancer Services/Administrative and Clerical/Leavers,2024-12-01,4.0,4.0,3.9305372613333134,-9.86384411920045
NHS/Clinical Support and Cancer Services/Administrative and Clerical/Leavers,2025-01-01,4.0,4.0,3.9305372613333134,-9.86384411920045
NHS/Clinical Support and Cancer Services/Administrative and Clerical/Leavers,2025-02-01,4.0,4.0,3.9305372613333134,-9.86384411920045
NHS/Clinical Support and Cancer Services/Administrative and Clerical/Leavers,2025-03-01,4.0,4.0,3.9305372613333134,-9.86384411920045
NHS/Clinical Support and Cancer Services/Administrative and Clerical/Leavers,2025-04-01,4.0,4.0,3.9305372613333134,-9.86384411920045
NHS/Clinical Support and Cancer Services/Administrative and Clerical/Sickness,2024-04-01,297.5,297.5,297.4305372613332,-138.93780212036097
NHS/Clinical Support and Cancer Services/Administrative and Clerical/Sickness,2024-05-01,297.5,297.5,297.4305372613332,-138.93780212036097
NHS/Clinical Support and Cancer Services/Administrative and Clerical/Sickness,2024-06-01,297.5,297.5,297.4305372613332,-138.93780212036097
NHS/Clinical Support and Cancer Services/Administrative and Clerical/Sickness,2024-07-01,297.5,297.5,297.4305372613332,-138.93780212036097
NHS/Clinical Support and Cancer Services/Administrative and Clerical/Sickness,2024-08-01,297.5,297.5,297.4305372613332,-138.93780212036097
NHS/Clinical Support and Cancer Services/Administrative and Clerical/Sickness,2024-09-01,297.5,297.5,297.4305372613332,-138.93780212036097
NHS/Clinical Support and Cancer Services/Administrative and Clerical/Sickness,2024-10-01,297.5,297.5,297.4305372613332,-138.93780212036097
NHS/Clinical Support and Cancer Services/Administrative and Clerical/Sickness,2024-11-01,297.5,297.5,297.4305372613332,-138.93780212036097
NHS/Clinical Support and Cancer Services/Administrative and Clerical/Sickness,2024-12-01,297.5,297.5,297.4305372613332,-138.93780212036097
NHS/Clinical Support and Cancer Services/Administrative and Clerical/Sickness,2025-01-01,297.5,297.5,297.4305372613332,-138.93780212036097
NHS/Clinical Support and Cancer Services/Administrative and Clerical/Sickness,2025-02-01,297.5,297.5,297.4305372613332,-138.93780212036097
NHS/Clinical Support and Cancer Services/Administrative and Clerical/Sickness,2025-03-01,297.5,297.5,297.4305372613332,-138.93780212036097
NHS/Clinical Support and Cancer Services/Administrative and Clerical/Sickness,2025-04-01,297.5,297.5,297.4305372613332,-138.93780212036097
NHS/Clinical Support and Cancer Services/Allied Health Professionals/Hires,2024-04-01,3.0,3.0,2.930537261333403,-32.401991341886024
NHS/Clinical Support and Cancer Services/Allied Health Professionals/Hires,2024-05-01,3.0,3.0,2.930537261333403,-32.401991341886024
NHS/Clinical Support and Cancer Services/Allied Health Professionals/Hires,2024-06-01,3.0,3.0,2.930537261333403,-32.401991341886024
NHS/Clinical Support and Cancer Services/Allied Health Professionals/Hires,2024-07-01,3.0,3.0,2.930537261333403,-32.401991341886024
NHS/Clinical Support and Cancer Services/Allied Health Professionals/Hires,2024-08-01,3.0,3.0,2.930537261333403,-32.401991341886024
NHS/Clinical Support and Cancer Services/Allied Health Professionals/Hires,2024-09-01,3.0,3.0,2.930537261333403,-32.401991341886024
NHS/Clinical Support and Cancer Services/Allied Health Professionals/Hires,2024-10-01,3.0,3.0,2.930537261333403,-32.401991341886024
NHS/Clinical Support and Cancer Services/Allied Health Professionals/Hires,2024-11-01,3.0,3.0,2.930537261333403,-32.401991341886024
NHS/Clinical Support and Cancer Services/Allied Health Professionals/Hires,2024-12-01,3.0,3.0,2.930537261333403,-32.401991341886024
NHS/Clinical Support and Cancer Services/Allied Health Professionals/Hires,2025-01-01,3.0,3.0,2.930537261333403,-32.401991341886024
NHS/Clinical Support and Cancer Services/Allied Health Professionals/Hires,2025-02-01,3.0,3.0,2.930537261333403,-32.401991341886024
NHS/Clinical Support and Cancer Services/Allied Health Professionals/Hires,2025-03-01,3.0,3.0,2.930537261333403,-32.401991341886024
NHS/Clinical Support and Cancer Services/Allied Health Professionals/Hires,2025-04-01,3.0,3.0,2.930537261333403,-32.401991341886024
NHS/Clinical Support and Cancer Services/Allied Health Professionals/Leavers,2024-04-01,10.0,10.0,9.930537261333408,-11.402142338351275
NHS/Clinical Support and Cancer Services/Allied Health Professionals/Leavers,2024-05-01,10.0,10.0,9.930537261333408,-11.402142338351275
NHS/Clinical Support and Cancer Services/Allied Health Professionals/Leavers,2024-06-01,10.0,10.0,9.930537261333408,-11.402142338351275
NHS/Clinical Support and Cancer Services/Allied Health Professionals/Leavers,2024-07-01,10.0,10.0,9.930537261333408,-11.402142338351275
NHS/Clinical Support and Cancer Services/Allied Health Professionals/Leavers,2024-08-01,10.0,10.0,9.930537261333408,-11.402142338351275
NHS/Clinical Support and Cancer Services/Allied Health Professionals/Leavers,2024-09-01,10.0,10.0,9.930537261333408,-11.402142338351275
NHS/Clinical Support and Cancer Services/Allied Health Professionals/Leavers,2024-10-01,10.0,10.0,9.930537261333408,-11.402142338351275
NHS/Clinical Support and Cancer Services/Allied Health Professionals/Leavers,2024-11-01,10.0,10.0,9.930537261333408,-11.402142338351275
NHS/Clinical Support and Cancer Services/Allied Health Professionals/Leavers,2024-12-01,10.0,10.0,9.930537261333408,-11.402142338351275
NHS/Clinical Support and Cancer Services/Allied Health Professionals/Leavers,2025-01-01,10.0,10.0,9.930537261333408,-11.402142338351275
NHS/Clinical Support and Cancer Services/Allied Health Professionals/Leavers,2025-02-01,10.0,10.0,9.930537261333408,-11.402142338351275
NHS/Clinical Support and Cancer Services/Allied Health Professionals/Leavers,2025-03-01,10.0,10.0,9.930537261333408,-11.402142338351275
NHS/Clinical Support and Cancer Services/Allied Health Professionals/Leavers,2025-04-01,10.0,10.0,9.930537261333408,-11.402142338351275
NHS/Clinical Support and Cancer Services/Allied Health Professionals/Sickness,2024-04-01,548.25,548.25,548.1805372613345,444.78511803486833
NHS/Clinical Support and Cancer Services/Allied Health Professionals/Sickness,2024-05-01,548.25,548.25,548.1805372613345,444.78511803486833
NHS/Clinical Support and Cancer Services/Allied Health Professionals/Sickness,2024-06-01,548.25,548.25,548.1805372613345,444.78511803486833
NHS/Clinical Support and Cancer Services/Allied Health Professionals/Sickness,2024-07-01,548.25,548.25,548.1805372613345,444.78511803486833
NHS/Clinical Support and Cancer Services/Allied Health Professionals/Sickness,2024-08-01,548.25,548.25,548.1805372613345,444.78511803486833
NHS/Clinical Support and Cancer Services/Allied Health Professionals/Sickness,2024-09-01,548.25,548.25,548.1805372613345,444.78511803486833
NHS/Clinical Support and Cancer Services/Allied Health Professionals/Sickness,2024-10-01,548.25,548.25,548.1805372613345,444.78511803486833
NHS/Clinical Support and Cancer Services/Allied Health Professionals/Sickness,2024-11-01,548.25,548.25,548.1805372613345,444.78511803486833
NHS/Clinical Support and Cancer Services/Allied Health Professionals/Sickness,2024-12-01,548.25,548.25,548.1805372613345,444.78511803486833
NHS/Clinical Support and Cancer Services/Allied Health Professionals/Sickness,2025-01-01,548.25,548.25,548.1805372613345,444.78511803486833
NHS/Clinical Support and Cancer Services/Allied Health Professionals/Sickness,2025-02-01,548.25,548.25,548.1805372613345,444.78511803486833
NHS/Clinical Support and Cancer Services/Allied Health Professionals/Sickness,2025-03-01,548.25,548.25,548.1805372613345,444.78511803486833
NHS/Clinical Support and Cancer Services/Allied Health Professionals/Sickness,2025-04-01,548.25,548.25,548.1805372613345,444.78511803486833
NHS/Clinical Support and Cancer Services/Estates and Ancillary/Sickness,2024-04-01,0.0,0.0,-0.13892547733305244,-2.0976514154417286e-10
NHS/Clinical Support and Cancer Services/Estates and Ancillary/Sickness,2024-05-01,0.0,0.0,-0.13892547733305244,-2.0976514154417286e-10
NHS/Clinical Support and Cancer Services/Estates and Ancillary/Sickness,2024-06-01,0.0,0.0,-0.13892547733305244,-2.0976514154417286e-10
NHS/Clinical Support and Cancer Services/Estates and Ancillary/Sickness,2024-07-01,0.0,0.0,-0.13892547733305244,-2.0976514154417286e-10
NHS/Clinical Support and Cancer Services/Estates and Ancillary/Sickness,2024-08-01,0.0,0.0,-0.13892547733305244,-2.0976514154417286e-10
NHS/Clinical Support and Cancer Services/Estates and Ancillary/Sickness,2024-09-01,0.0,0.0,-0.13892547733305244,-2.0976514154417286e-10
NHS/Clinical Support and Cancer Services/Estates and Ancillary/Sickness,2024-10-01,0.0,0.0,-0.13892547733305244,-2.0976514154417286e-10
NHS/Clinical Support and Cancer Services/Estates and Ancillary/Sickness,2024-11-01,0.0,0.0,-0.13892547733305244,-2.0976514154417286e-10
NHS/Clinical Support and Cancer Services/Estates and Ancillary/Sickness,2024-12-01,0.0,0.0,-0.13892547733305244,-2.0976514154417286e-10
NHS/Clinical Support and Cancer Services/Estates and Ancillary/Sickness,2025-01-01,0.0,0.0,-0.13892547733305244,-2.0976514154417286e-10
NHS/Clinical Support and Cancer Services/Estates and Ancillary/Sickness,2025-02-01,0.0,0.0,-0.13892547733305244,-2.0976514154417286e-10
NHS/Clinical Support and Cancer Services/Estates and Ancillary/Sickness,2025-03-01,0.0,0.0,-0.13892547733305244,-2.0976514154417286e-10
NHS/Clinical Support and Cancer Services/Estates and Ancillary/Sickness,2025-04-01,0.0,0.0,-0.13892547733305244,-2.0976514154417286e-10
NHS/Clinical Support and Cancer Services/Healthcare Scientists/Sickness,2024-04-01,12.8,12.8,12.66107452266701,13.17757263889841
NHS/Clinical Support and Cancer Services/Healthcare Scientists/Sickness,2024-05-01,12.8,12.8,12.66107452266701,13.17757263889841
NHS/Clinical Support and Cancer Services/Healthcare Scientists/Sickness,2024-06-01,12.8,12.8,12.66107452266701,13.17757263889841
NHS/Clinical Support and Cancer Services/Healthcare Scientists/Sickness,2024-07-01,12.8,12.8,12.66107452266701,13.17757263889841
NHS/Clinical Support and Cancer Services/Healthcare Scientists/Sickness,2024-08-01,12.8,12.8,12.66107452266701,13.17757263889841
NHS/Clinical Support and Cancer Services/Healthcare Scientists/Sickness,2024-09-01,12.8,12.8,12.66107452266701,13.17757263889841
NHS/Clinical Support and Cancer Services/Healthcare Scientists/Sickness,2024-10-01,12.8,12.8,12.66107452266701,13.17757263889841
NHS/Clinical Support and Cancer Services/Healthcare Scientists/Sickness,2024-11-01,12.8,12.8,12.66107452266701,13.17757263889841
NHS/Clinical Support and Cancer Services/Healthcare Scientists/Sickness,2024-12-01,12.8,12.8,12.66107452266701,13.17757263889841
NHS/Clinical Support and Cancer Services/Healthcare Scientists/Sickness,2025-01-01,12.8,12.8,12.66107452266701,13.17757263889841
NHS/Clinical Support and Cancer Services/Healthcare Scientists/Sickness,2025-02-01,12.8,12.8,12.66107452266701,13.17757263889841
NHS/Clinical Support and Cancer Services/Healthcare Scientists/Sickness,2025-03-01,12.8,12.8,12.66107452266701,13.17757263889841
NHS/Clinical Support and Cancer Services/Healthcare Scientists/Sickness,2025-04-01,12.8,12.8,12.66107452266701,13.17757263889841
NHS/Clinical Support and Cancer Services/Medical and Dental/Hires,2024-03-01,4.0,4.0,2.930537261333495,-0.6797819540269487
NHS/Clinical Support and Cancer Services/Medical and Dental/Hires,2024-04-01,4.0,4.0,2.930537261333495,-0.6797819540269487
NHS/Clinical Support and Cancer Services/Medical and Dental/Hires,2024-05-01,4.0,4.0,2.930537261333495,-0.6797819540269487
NHS/Clinical Support and Cancer Services/Medical and Dental/Hires,2024-06-01,4.0,4.0,2.930537261333495,-0.6797819540269487
NHS/Clinical Support and Cancer Services/Medical and Dental/Hires,2024-07-01,4.0,4.0,2.930537261333495,-0.6797819540269487
NHS/Clinical Support and Cancer Services/Medical and Dental/Hires,2024-08-01,4.0,4.0,2.930537261333495,-0.6797819540269487
NHS/Clinical Support and Cancer Services/Medical and Dental/Hires,2024-09-01,4.0,4.0,2.930537261333495,-0.6797819540269487
NHS/Clinical Support and Cancer Services/Medical and Dental/Hires,2024-10-01,4.0,4.0,2.930537261333495,-0.6797819540269487
NHS/Clinical Support and Cancer Services/Medical and Dental/Hires,2024-11-01,4.0,4.0,2.930537261333495,-0.6797819540269487
NHS/Clinical Support and Cancer Services/Medical and Dental/Hires,2024-12-01,4.0,4.0,2.930537261333495,-0.6797819540269487
NHS/Clinical Support and Cancer Services/Medical and Dental/Hires,2025-01-01,4.0,4.0,2.930537261333495,-0.6797819540269487
NHS/Clinical Support and Cancer Services/Medical and Dental/Hires,2025-02-01,4.0,4.0,2.930537261333495,-0.6797819540269487
NHS/Clinical Support and Cancer Services/Medical and Dental/Hires,2025-03-01,4.0,4.0,2.930537261333495,-0.6797819540269487
NHS/Clinical Support and Cancer Services/Medical and Dental/Leavers,2024-04-01,2.0,2.0,0.9305372613334933,-4.1787254259773405
NHS/Clinical Support and Cancer Services/Medical and Dental/Leavers,2024-05-01,2.0,2.0,0.9305372613334933,-4.1787254259773405
NHS/Clinical Support and Cancer Services/Medical and Dental/Leavers,2024-06-01,2.0,2.0,0.9305372613334933,-4.1787254259773405
NHS/Clinical Support and Cancer Services/Medical and Dental/Leavers,2024-07-01,2.0,2.0,0.9305372613334933,-4.1787254259773405
NHS/Clinical Support and Cancer Services/Medical and Dental/Leavers,2024-08-01,2.0,2.0,0.9305372613334933,-4.1787254259773405
NHS/Clinical Support and Cancer Services/Medical and Dental/Leavers,2024-09-01,2.0,2.0,0.9305372613334933,-4.1787254259773405
NHS/Clinical Support and Cancer Services/Medical and Dental/Leavers,2024-10-01,2.0,2.0,0.9305372613334933,-4.1787254259773405
NHS/Clinical Support and Cancer Services/Medical and Dental/Leavers,2024-11-01,2.0,2.0,0.9305372613334933,-4.1787254259773405
NHS/Clinical Support and Cancer Services/Medical and Dental/Leavers,2024-12-01,2.0,2.0,0.9305372613334933,-4.1787254259773405
NHS/Clinical Support and Cancer Services/Medical and Dental/Leavers,2025-01-01,2.0,2.0,0.9305372613334933,-4.1787254259773405
NHS/Clinical Support and Cancer Services/Medical and Dental/Leavers,2025-02-01,2.0,2.0,0.9305372613334933,-4.1787254259773405
NHS/Clinical Support and Cancer Services/Medical and Dental/Leavers,2025-03-01,2.0,2.0,0.9305372613334933,-4.1787254259773405
NHS/Clinical Support and Cancer Services/Medical and Dental/Leavers,2025-04-01,2.0,2.0,0.9305372613334933,-4.1787254259773405
NHS/Clinical Support and Cancer Services/Medical and Dental/Sickness,2024-04-01,83.05,83.05,81.98053726133342,-11.098973443306278
NHS/Clinical Support and Cancer Services/Medical and Dental/Sickness,2024-05-01,83.05,83.05,81.98053726133342,-11.098973443306278
NHS/Clinical Support and Cancer Services/Medical and Dental/Sickness,2024-06-01,83.05,83.05,81.98053726133342,-11.098973443306278
NHS/Clinical Support and Cancer Services/Medical and Dental/Sickness,2024-07-01,83.05,83.05,81.98053726133342,-11.098973443306278
NHS/Clinical Support and Cancer Services/Medical and Dental/Sickness,2024-08-01,83.05,83.05,81.98053726133342,-11.098973443306278
NHS/Clinical Support and Cancer Services/Medical and Dental/Sickness,2024-09-01,83.05,83.05,81.98053726133342,-11.098973443306278
NHS/Clinical Support and Cancer Services/Medical and Dental/Sickness,2024-10-01,83.05,83.05,81.98053726133342,-11.098973443306278
NHS/Clinical Support and Cancer Services/Medical and Dental/Sickness,2024-11-01,83.05,83.05,81.98053726133342,-11.098973443306278
NHS/Clinical Support and Cancer Services/Medical and Dental/Sickness,2024-12-01,83.05,83.05,81.98053726133342,-11.098973443306278
NHS/Clinical Support and Cancer Services/Medical and Dental/Sickness,2025-01-01,83.05,83.05,81.98053726133342,-11.098973443306278
NHS/Clinical Support and Cancer Services/Medical and Dental/Sickness,2025-02-01,83.05,83.05,81.98053726133342,-11.098973443306278
NHS/Clinical Support and Cancer Services/Medical and Dental/Sickness,2025-03-01,83.05,83.05,81.98053726133342,-11.098973443306278
NHS/Clinical Support and Cancer Services/Medical and Dental/Sickness,2025-04-01,83.05,83.05,81.98053726133342,-11.098973443306278
NHS/Clinical Support and Cancer Services/Nursing and Midwifery Registered/Hires,2024-03-01,2.0,2.0,1.4305372613335081,-1.6862656600218517
NHS/Clinical Support and Cancer Services/Nursing and Midwifery Registered/Hires,2024-04-01,2.0,2.0,1.4305372613335081,-1.6862656600218517
NHS/Clinical Support and Cancer Services/Nursing and Midwifery Registered/Hires,2024-05-01,2.0,2.0,1.4305372613335081,-1.6862656600218517
NHS/Clinical Support and Cancer Services/Nursing and Midwifery Registered/Hires,2024-06-01,2.0,2.0,1.4305372613335081,-1.6862656600218517
NHS/Clinical Support and Cancer Services/Nursing and Midwifery Registered/Hires,2024-07-01,2.0,2.0,1.4305372613335081,-1.6862656600218517
NHS/Clinical Support and Cancer Services/Nursing and Midwifery Registered/Hires,2024-08-01,2.0,2.0,1.4305372613335081,-1.6862656600218517
NHS/Clinical Support and Cancer Services/Nursing and Midwifery Registered/Hires,2024-09-01,2.0,2.0,1.4305372613335081,-1.6862656600218517
NHS/Clinical Support and Cancer Services/Nursing and Midwifery Registered/Hires,2024-10-01,2.0,2.0,1.4305372613335081,-1.6862656600218517
NHS/Clinical Support and Cancer Services/Nursing and Midwifery Registered/Hires,2024-11-01,2.0,2.0,1.4305372613335081,-1.6862656600218517
NHS/Clinical Support and Cancer Services/Nursing and Midwifery Registered/Hires,2024-12-01,2.0,2.0,1.4305372613335081,-1.6862656600218517
NHS/Clinical Support and Cancer Services/Nursing and Midwifery Registered/Hires,2025-01-01,2.0,2.0,1.4305372613335081,-1.6862656600218517
NHS/Clinical Support and Cancer Services/Nursing and Midwifery Registered/Hires,2025-02-01,2.0,2.0,1.4305372613335081,-1.6862656600218517
NHS/Clinical Support and Cancer Services/Nursing and Midwifery Registered/Hires,2025-03-01,2.0,2.0,1.4305372613335081,-1.6862656600218517
NHS/Clinical Support and Cancer Services/Nursing and Midwifery Registered/Leavers,2024-04-01,3.0,3.0,2.430537261333506,-15.848678548503994
NHS/Clinical Support and Cancer Services/Nursing and Midwifery Registered/Leavers,2024-05-01,3.0,3.0,2.430537261333506,-15.848678548503994
NHS/Clinical Support and Cancer Services/Nursing and Midwifery Registered/Leavers,2024-06-01,3.0,3.0,2.430537261333506,-15.848678548503994
NHS/Clinical Support and Cancer Services/Nursing and Midwifery Registered/Leavers,2024-07-01,3.0,3.0,2.430537261333506,-15.848678548503994
NHS/Clinical Support and Cancer Services/Nursing and Midwifery Registered/Leavers,2024-08-01,3.0,3.0,2.430537261333506,-15.848678548503994
NHS/Clinical Support and Cancer Services/Nursing and Midwifery Registered/Leavers,2024-09-01,3.0,3.0,2.430537261333506,-15.848678548503994
NHS/Clinical Support and Cancer Services/Nursing and Midwifery Registered/Leavers,2024-10-01,3.0,3.0,2.430537261333506,-15.848678548503994
NHS/Clinical Support and Cancer Services/Nursing and Midwifery Registered/Leavers,2024-11-01,3.0,3.0,2.430537261333506,-15.848678548503994
NHS/Clinical Support and Cancer Services/Nursing and Midwifery Registered/Leavers,2024-12-01,3.0,3.0,2.430537261333506,-15.848678548503994
NHS/Clinical Support and Cancer Services/Nursing and Midwifery Registered/Leavers,2025-01-01,3.0,3.0,2.430537261333506,-15.848678548503994
NHS/Clinical Support and Cancer Services/Nursing and Midwifery Registered/Leavers,2025-02-01,3.0,3.0,2.430537261333506,-15.848678548503994
NHS/Clinical Support and Cancer Services/Nursing and Midwifery Registered/Leavers,2025-03-01,3.0,3.0,2.430537261333506,-15.848678548503994
NHS/Clinical Support and Cancer Services/Nursing and Midwifery Registered/Leavers,2025-04-01,3.0,3.0,2.430537261333506,-15.848678548503994
NHS/Clinical Support and Cancer Services/Nursing and Midwifery Registered/Sickness,2024-04-01,194.60999999999999,194.60999999999999,194.04053726133333,46.439159170281116
NHS/Clinical Support and Cancer Services/Nursing and Midwifery Registered/Sickness,2024-05-01,194.60999999999999,194.60999999999999,194.04053726133333,46.439159170281116
NHS/Clinical Support and Cancer Services/Nursing and Midwifery Registered/Sickness,2024-06-01,194.60999999999999,194.60999999999999,194.04053726133333,46.439159170281116
NHS/Clinical Support and Cancer Services/Nursing and Midwifery Registered/Sickness,2024-07-01,194.60999999999999,194.60999999999999,194.04053726133333,46.439159170281116
NHS/Clinical Support and Cancer Services/Nursing and Midwifery Registered/Sickness,2024-08-01,194.60999999999999,194.60999999999999,194.04053726133333,46.439159170281116
NHS/Clinical Support and Cancer Services/Nursing and Midwifery Registered/Sickness,2024-09-01,194.60999999999999,194.60999999999999,194.04053726133333,46.439159170281116
NHS/Clinical Support and Cancer Services/Nursing and Midwifery Registered/Sickness,2024-10-01,194.60999999999999,194.60999999999999,194.04053726133333,46.439159170281116
NHS/Clinical Support and Cancer Services/Nursing and Midwifery Registered/Sickness,2024-11-01,194.60999999999999,194.60999999999999,194.04053726133333,46.439159170281116
NHS/Clinical Support and Cancer Services/Nursing and Midwifery Registered/Sickness,2024-12-01,194.60999999999999,194.60999999999999,194.04053726133333,46.439159170281116
NHS/Clinical Support and Cancer Services/Nursing and Midwifery Registered/Sickness,2025-01-01,194.60999999999999,194.60999999999999,194.04053726133333,46.439159170281116
NHS/Clinical Support and Cancer Services/Nursing and Midwifery Registered/Sickness,2025-02-01,194.60999999999999,194.60999999999999,194.04053726133333,46.439159170281116
NHS/Clinical Support and Cancer Services/Nursing and Midwifery Registered/Sickness,2025-03-01,194.60999999999999,194.60999999999999,194.04053726133333,46.439159170281116
NHS/Clinical Support and Cancer Services/Nursing and Midwifery Registered/Sickness,2025-04-01,194.60999999999999,194.60999999999999,194.04053726133333,46.439159170281116
NHS/Clinical Support and Cancer Services/Students/Sickness,2024-04-01,5.0,5.0,4.861074522666883,4.3860516796475775
NHS/Clinical Support and Cancer Services/Students/Sickness,2024-05-01,5.0,5.0,4.861074522666883,4.3860516796475775
NHS/Clinical Support and Cancer Services/Students/Sickness,2024-06-01,5.0,5.0,4.861074522666883,4.3860516796475775
NHS/Clinical Support and Cancer Services/Students/Sickness,2024-07-01,5.0,5.0,4.861074522666883,4.3860516796475775
NHS/Clinical Support and Cancer Services/Students/Sickness,2024-08-01,5.0,5.0,4.861074522666883,4.3860516796475775
NHS/Clinical Support and Cancer Services/Students/Sickness,2024-09-01,5.0,5.0,4.861074522666883,4.3860516796475775
NHS/Clinical Support and Cancer Services/Students/Sickness,2024-10-01,5.0,5.0,4.861074522666883,4.3860516796475775
NHS/Clinical Support and Cancer Services/Students/Sickness,2024-11-01,5.0,5.0,4.861074522666883,4.3860516796475775
NHS/Clinical Support and Cancer Services/Students/Sickness,2024-12-01,5.0,5.0,4.861074522666883,4.3860516796475775
NHS/Clinical Support and Cancer Services/Students/Sickness,2025-01-01,5.0,5.0,4.861074522666883,4.3860516796475775
NHS/Clinical Support and Cancer Services/Students/Sickness,2025-02-01,5.0,5.0,4.861074522666883,4.3860516796475775
NHS/Clinical Support and Cancer Services/Students/Sickness,2025-03-01,5.0,5.0,4.861074522666883,4.3860516796475775
NHS/Clinical Support and Cancer Services/Students/Sickness,2025-04-01,5.0,5.0,4.861074522666883,4.3860516796475775
NHS/Corporate Support Services/Add Prof Scientific and Technic/Hires,2024-04-01,1.0,1.0,-1.5929295407814843,-263.3344627506485
NHS/Corporate Support Services/Add Prof Scientific and Technic/Hires,2024-05-01,1.0,1.0,-1.5929295407814843,-263.3344627506485
NHS/Corporate Support Services/Add Prof Scientific and Technic/Hires,2024-06-01,1.0,1.0,-1.5929295407814843,-263.3344627506485
NHS/Corporate Support Services/Add Prof Scientific and Technic/Hires,2024-07-01,1.0,1.0,-1.5929295407814843,-263.3344627506485
NHS/Corporate Support Services/Add Prof Scientific and Technic/Hires,2024-08-01,1.0,1.0,-1.5929295407814843,-263.3344627506485
NHS/Corporate Support Services/Add Prof Scientific and Technic/Hires,2024-09-01,1.0,1.0,-1.5929295407814843,-263.3344627506485
NHS/Corporate Support Services/Add Prof Scientific and Technic/Hires,2024-10-01,1.0,1.0,-1.5929295407814843,-263.3344627506485
NHS/Corporate Support Services/Add Prof Scientific and Technic/Hires,2024-11-01,1.0,1.0,-1.5929295407814843,-263.3344627506485
NHS/Corporate Support Services/Add Prof Scientific and Technic/Hires,2024-12-01,1.0,1.0,-1.5929295407814843,-263.3344627506485
NHS/Corporate Support Services/Add Prof Scientific and Technic/Hires,2025-01-01,1.0,1.0,-1.5929295407814843,-263.3344627506485
NHS/Corporate Support Services/Add Prof Scientific and Technic/Hires,2025-02-01,1.0,1.0,-1.5929295407814843,-263.3344627506485
NHS/Corporate Support Services/Add Prof Scientific and Technic/Hires,2025-03-01,1.0,1.0,-1.5929295407814843,-263.3344627506485
NHS/Corporate Support Services/Add Prof Scientific and Technic/Hires,2025-04-01,1.0,1.0,-1.5929295407814843,-263.3344627506485
NHS/Corporate Support Services/Add Prof Scientific and Technic/Leavers,2024-01-01,10.0,10.0,7.407070459218474,-33.581242281300945
NHS/Corporate Support Services/Add Prof Scientific and Technic/Leavers,2024-02-01,10.0,10.0,7.407070459218474,-33.581242281300945
NHS/Corporate Support Services/Add Prof Scientific and Technic/Leavers,2024-03-01,10.0,10.0,7.407070459218474,-33.581242281300945
NHS/Corporate Support Services/Add Prof Scientific and Technic/Leavers,2024-04-01,10.0,10.0,7.407070459218474,-33.581242281300945
NHS/Corporate Support Services/Add Prof Scientific and Technic/Leavers,2024-05-01,10.0,10.0,7.407070459218474,-33.581242281300945
NHS/Corporate Support Services/Add Prof Scientific and Technic/Leavers,2024-06-01,10.0,10.0,7.407070459218474,-33.581242281300945
NHS/Corporate Support Services/Add Prof Scientific and Technic/Leavers,2024-07-01,10.0,10.0,7.407070459218474,-33.581242281300945
NHS/Corporate Support Services/Add Prof Scientific and Technic/Leavers,2024-08-01,10.0,10.0,7.407070459218474,-33.581242281300945
NHS/Corporate Support Services/Add Prof Scientific and Technic/Leavers,2024-09-01,10.0,10.0,7.407070459218474,-33.581242281300945
NHS/Corporate Support Services/Add Prof Scientific and Technic/Leavers,2024-10-01,10.0,10.0,7.407070459218474,-33.581242281300945
NHS/Corporate Support Services/Add Prof Scientific and Technic/Leavers,2024-11-01,10.0,10.0,7.407070459218474,-33.581242281300945
NHS/Corporate Support Services/Add Prof Scientific and Technic/Leavers,2024-12-01,10.0,10.0,7.407070459218474,-33.581242281300945
NHS/Corporate Support Services/Add Prof Scientific and Technic/Leavers,2025-01-01,10.0,10.0,7.407070459218474,-33.581242281300945
NHS/Corporate Support Services/Add Prof Scientific and Technic/Sickness,2024-04-01,29.8,29.8,27.207070459218478,-7.418606848211799
NHS/Corporate Support Services/Add Prof Scientific and Technic/Sickness,2024-05-01,29.8,29.8,27.207070459218478,-7.418606848211799
NHS/Corporate Support Services/Add Prof Scientific and Technic/Sickness,2024-06-01,29.8,29.8,27.207070459218478,-7.418606848211799
NHS/Corporate Support Services/Add Prof Scientific and Technic/Sickness,2024-07-01,29.8,29.8,27.207070459218478,-7.418606848211799
NHS/Corporate Support Services/Add Prof Scientific and Technic/Sickness,2024-08-01,29.8,29.8,27.207070459218478,-7.418606848211799
NHS/Corporate Support Services/Add Prof Scientific and Technic/Sickness,2024-09-01,29.8,29.8,27.207070459218478,-7.418606848211799
NHS/Corporate Support Services/Add Prof Scientific and Technic/Sickness,2024-10-01,29.8,29.8,27.207070459218478,-7.418606848211799
NHS/Corporate Support Services/Add Prof Scientific and Technic/Sickness,2024-11-01,29.8,29.8,27.207070459218478,-7.418606848211799
NHS/Corporate Support Services/Add Prof Scientific and Technic/Sickness,2024-12-01,29.8,29.8,27.207070459218478,-7.418606848211799
NHS/Corporate Support Services/Add Prof Scientific and Technic/Sickness,2025-01-01,29.8,29.8,27.207070459218478,-7.418606848211799
NHS/Corporate Support Services/Add Prof Scientific and Technic/Sickness,2025-02-01,29.8,29.8,27.207070459218478,-7.418606848211799
NHS/Corporate Support Services/Add Prof Scientific and Technic/Sickness,2025-03-01,29.8,29.8,27.207070459218478,-7.418606848211799
NHS/Corporate Support Services/Add Prof Scientific and Technic/Sickness,2025-04-01,29.8,29.8,27.207070459218478,-7.418606848211799
NHS/Corporate Support Services/Additional Clinical Services/Hires,2024-04-01,18.0,18.0,17.90707045921849,-28.20438344382957
NHS/Corporate Support Services/Additional Clinical Services/Hires,2024-05-01,18.0,18.0,17.90707045921849,-28.20438344382957
NHS/Corporate Support Services/Additional Clinical Services/Hires,2024-06-01,18.0,18.0,17.90707045921849,-28.20438344382957
NHS/Corporate Support Services/Additional Clinical Services/Hires,2024-07-01,18.0,18.0,17.90707045921849,-28.20438344382957
NHS/Corporate Support Services/Additional Clinical Services/Hires,2024-08-01,18.0,18.0,17.90707045921849,-28.20438344382957
NHS/Corporate Support Services/Additional Clinical Services/Hires,2024-09-01,18.0,18.0,17.90707045921849,-28.20438344382957
NHS/Corporate Support Services/Additional Clinical Services/Hires,2024-10-01,18.0,18.0,17.90707045921849,-28.20438344382957
NHS/Corporate Support Services/Additional Clinical Services/Hires,2024-11-01,18.0,18.0,17.90707045921849,-28.20438344382957
NHS/Corporate Support Services/Additional Clinical Services/Hires,2024-12-01,18.0,18.0,17.90707045921849,-28.20438344382957
NHS/Corporate Support Services/Additional Clinical Services/Hires,2025-01-01,18.0,18.0,17.90707045921849,-28.20438344382957
NHS/Corporate Support Services/Additional Clinical Services/Hires,2025-02-01,18.0,18.0,17.90707045921849,-28.20438344382957
NHS/Corporate Support Services/Additional Clinical Services/Hires,2025-03-01,18.0,18.0,17.90707045921849,-28.20438344382957
NHS/Corporate Support Services/Additional Clinical Services/Hires,2025-04-01,18.0,18.0,17.90707045921849,-28.20438344382957
NHS/Corporate Support Services/Additional Clinical Services/Leavers,2024-04-01,29.0,29.0,28.907070459218495,-861.5815269981265
NHS/Corporate Support Services/Additional Clinical Services/Leavers,2024-05-01,29.0,29.0,28.907070459218495,-861.5815269981265
NHS/Corporate Support Services/Additional Clinical Services/Leavers,2024-06-01,29.0,29.0,28.907070459218495,-861.5815269981265
NHS/Corporate Support Services/Additional Clinical Services/Leavers,2024-07-01,29.0,29.0,28.907070459218495,-861.5815269981265
NHS/Corporate Support Services/Additional Clinical Services/Leavers,2024-08-01,29.0,29.0,28.907070459218495,-861.5815269981265
NHS/Corporate Support Services/Additional Clinical Services/Leavers,2024-09-01,29.0,29.0,28.907070459218495,-861.5815269981265
NHS/Corporate Support Services/Additional Clinical Services/Leavers,2024-10-01,29.0,29.0,28.907070459218495,-861.5815269981265
NHS/Corporate Support Services/Additional Clinical Services/Leavers,2024-11-01,29.0,29.0,28.907070459218495,-861.5815269981265
NHS/Corporate Support Services/Additional Clinical Services/Leavers,2024-12-01,29.0,29.0,28.907070459218495,-861.5815269981265
NHS/Corporate Support Services/Additional Clinical Services/Leavers,2025-01-01,29.0,29.0,28.907070459218495,-861.5815269981265
NHS/Corporate Support Services/Additional Clinical Services/Leavers,2025-02-01,29.0,29.0,28.907070459218495,-861.5815269981265
NHS/Corporate Support Services/Additional Clinical Services/Leavers,2025-03-01,29.0,29.0,28.907070459218495,-861.5815269981265
NHS/Corporate Support Services/Additional Clinical Services/Leavers,2025-04-01,29.0,29.0,28.907070459218495,-861.5815269981265
NHS/Corporate Support Services/Additional Clinical Services/Sickness,2024-04-01,141.75,141.75,141.65707045921855,196.73511784301874
NHS/Corporate Support Services/Additional Clinical Services/Sickness,2024-05-01,141.75,141.75,141.65707045921855,196.73511784301874
NHS/Corporate Support Services/Additional Clinical Services/Sickness,2024-06-01,141.75,141.75,141.65707045921855,196.73511784301874
NHS/Corporate Support Services/Additional Clinical Services/Sickness,2024-07-01,141.75,141.75,141.65707045921855,196.73511784301874
NHS/Corporate Support Services/Additional Clinical Services/Sickness,2024-08-01,141.75,141.75,141.65707045921855,196.73511784301874
NHS/Corporate Support Services/Additional Clinical Services/Sickness,2024-09-01,141.75,141.75,141.65707045921855,196.73511784301874
NHS/Corporate Support Services/Additional Clinical Services/Sickness,2024-10-01,141.75,141.75,141.65707045921855,196.73511784301874
NHS/Corporate Support Services/Additional Clinical Services/Sickness,2024-11-01,141.75,141.75,141.65707045921855,196.73511784301874
NHS/Corporate Support Services/Additional Clinical Services/Sickness,2024-12-01,141.75,141.75,141.65707045921855,196.73511784301874
NHS/Corporate Support Services/Additional Clinical Services/Sickness,2025-01-01,141.75,141.75,141.65707045921855,196.73511784301874
NHS/Corporate Support Services/Additional Clinical Services/Sickness,2025-02-01,141.75,141.75,141.65707045921855,196.73511784301874
NHS/Corporate Support Services/Additional Clinical Services/Sickness,2025-03-01,141.75,141.75,141.65707045921855,196.73511784301874
NHS/Corporate Support Services/Additional Clinical Services/Sickness,2025-04-01,141.75,141.75,141.65707045921855,196.73511784301874
NHS/Corporate Support Services/Administrative and Clerical/Hires,2024-04-01,17.0,17.0,16.907070459218563,-4.786435899084119
NHS/Corporate Support Services/Administrative and Clerical/Hires,2024-05-01,17.0,17.0,16.907070459218563,-4.786435899084119
NHS/Corporate Support Services/Administrative and Clerical/Hires,2024-06-01,17.0,17.0,16.907070459218563,-4.786435899084119
NHS/Corporate Support Services/Administrative and Clerical/Hires,2024-07-01,17.0,17.0,16.907070459218563,-4.786435899084119
NHS/Corporate Support Services/Administrative and Clerical/Hires,2024-08-01,17.0,17.0,16.907070459218563,-4.786435899084119
NHS/Corporate Support Services/Administrative and Clerical/Hires,2024-09-01,17.0,17.0,16.907070459218563,-4.786435899084119
NHS/Corporate Support Services/Administrative and Clerical/Hires,2024-10-01,17.0,17.0,16.907070459218563,-4.786435899084119
NHS/Corporate Support Services/Administrative and Clerical/Hires,2024-11-01,17.0,17.0,16.907070459218563,-4.786435899084119
NHS/Corporate Support Services/Administrative and Clerical/Hires,2024-12-01,17.0,17.0,16.907070459218563,-4.786435899084119
NHS/Corporate Support Services/Administrative and Clerical/Hires,2025-01-01,17.0,17.0,16.907070459218563,-4.786435899084119
NHS/Corporate Support Services/Administrative and Clerical/Hires,2025-02-01,17.0,17.0,16.907070459218563,-4.786435899084119
NHS/Corporate Support Services/Administrative and Clerical/Hires,2025-03-01,17.0,17.0,16.907070459218563,-4.786435899084119
NHS/Corporate Support Services/Administrative and Clerical/Hires,2025-04-01,17.0,17.0,16.907070459218563,-4.786435899084119
NHS/Corporate Support Services/Administrative and Clerical/Leavers,2024-04-01,22.0,22.0,21.907070459218563,-154.88972073845454
NHS/Corporate Support Services/Administrative and Clerical/Leavers,2024-05-01,22.0,22.0,21.907070459218563,-154.88972073845454
NHS/Corporate Support Services/Administrative and Clerical/Leavers,2024-06-01,22.0,22.0,21.907070459218563,-154.88972073845454
NHS/Corporate Support Services/Administrative and Clerical/Leavers,2024-07-01,22.0,22.0,21.907070459218563,-154.88972073845454
NHS/Corporate Support Services/Administrative and Clerical/Leavers,2024-08-01,22.0,22.0,21.907070459218563,-154.88972073845454
NHS/Corporate Support Services/Administrative and Clerical/Leavers,2024-09-01,22.0,22.0,21.907070459218563,-154.88972073845454
NHS/Corporate Support Services/Administrative and Clerical/Leavers,2024-10-01,22.0,22.0,21.907070459218563,-154.88972073845454
NHS/Corporate Support Services/Administrative and Clerical/Leavers,2024-11-01,22.0,22.0,21.907070459218563,-154.88972073845454
NHS/Corporate Support Services/Administrative and Clerical/Leavers,2024-12-01,22.0,22.0,21.907070459218563,-154.88972073845454
NHS/Corporate Support Services/Administrative and Clerical/Leavers,2025-01-01,22.0,22.0,21.907070459218563,-154.88972073845454
NHS/Corporate Support Services/Administrative and Clerical/Leavers,2025-02-01,22.0,22.0,21.907070459218563,-154.88972073845454
NHS/Corporate Support Services/Administrative and Clerical/Leavers,2025-03-01,22.0,22.0,21.907070459218563,-154.88972073845454
NHS/Corporate Support Services/Administrative and Clerical/Leavers,2025-04-01,22.0,22.0,21.907070459218563,-154.88972073845454
NHS/Corporate Support Services/Administrative and Clerical/Sickness,2024-04-01,938.8,938.8,938.7070704592187,1786.6323119734004
NHS/Corporate Support Services/Administrative and Clerical/Sickness,2024-05-01,938.8,938.8,938.7070704592187,1786.6323119734004
NHS/Corporate Support Services/Administrative and Clerical/Sickness,2024-06-01,938.8,938.8,938.7070704592187,1786.6323119734004
NHS/Corporate Support Services/Administrative and Clerical/Sickness,2024-07-01,938.8,938.8,938.7070704592187,1786.6323119734004
NHS/Corporate Support Services/Administrative and Clerical/Sickness,2024-08-01,938.8,938.8,938.7070704592187,1786.6323119734004
NHS/Corporate Support Services/Administrative and Clerical/Sickness,2024-09-01,938.8,938.8,938.7070704592187,1786.6323119734004
NHS/Corporate Support Services/Administrative and Clerical/Sickness,2024-10-01,938.8,938.8,938.7070704592187,1786.6323119734004
NHS/Corporate Support Services/Administrative and Clerical/Sickness,2024-11-01,938.8,938.8,938.7070704592187,1786.6323119734004
NHS/Corporate Support Services/Administrative and Clerical/Sickness,2024-12-01,938.8,938.8,938.7070704592187,1786.6323119734004
NHS/Corporate Support Services/Administrative and Clerical/Sickness,2025-01-01,938.8,938.8,938.7070704592187,1786.6323119734004
NHS/Corporate Support Services/Administrative and Clerical/Sickness,2025-02-01,938.8,938.8,938.7070704592187,1786.6323119734004
NHS/Corporate Support Services/Administrative and Clerical/Sickness,2025-03-01,938.8,938.8,938.7070704592187,1786.6323119734004
NHS/Corporate Support Services/Administrative and Clerical/Sickness,2025-04-01,938.8,938.8,938.7070704592187,1786.6323119734004
NHS/Corporate Support Services/Allied Health Professionals/Hires,2024-04-01,1.0,1.0,0.9070704592185446,-11.420328386333711
NHS/Corporate Support Services/Allied Health Professionals/Hires,2024-05-01,1.0,1.0,0.9070704592185446,-11.420328386333711
NHS/Corporate Support Services/Allied Health Professionals/Hires,2024-06-01,1.0,1.0,0.9070704592185446,-11.420328386333711
NHS/Corporate Support Services/Allied Health Professionals/Hires,2024-07-01,1.0,1.0,0.9070704592185446,-11.420328386333711
NHS/Corporate Support Services/Allied Health Professionals/Hires,2024-08-01,1.0,1.0,0.9070704592185446,-11.420328386333711
NHS/Corporate Support Services/Allied Health Professionals/Hires,2024-09-01,1.0,1.0,0.9070704592185446,-11.420328386333711
NHS/Corporate Support Services/Allied Health Professionals/Hires,2024-10-01,1.0,1.0,0.9070704592185446,-11.420328386333711
NHS/Corporate Support Services/Allied Health Professionals/Hires,2024-11-01,1.0,1.0,0.9070704592185446,-11.420328386333711
NHS/Corporate Support Services/Allied Health Professionals/Hires,2024-12-01,1.0,1.0,0.9070704592185446,-11.420328386333711
NHS/Corporate Support Services/Allied Health Professionals/Hires,2025-01-01,1.0,1.0,0.9070704592185446,-11.420328386333711
NHS/Corporate Support Services/Allied Health Professionals/Hires,2025-02-01,1.0,1.0,0.9070704592185446,-11.420328386333711
NHS/Corporate Support Services/Allied Health Professionals/Hires,2025-03-01,1.0,1.0,0.9070704592185446,-11.420328386333711
NHS/Corporate Support Services/Allied Health Professionals/Hires,2025-04-01,1.0,1.0,0.9070704592185446,-11.420328386333711
NHS/Corporate Support Services/Allied Health Professionals/Leavers,2024-04-01,1.0,1.0,0.9070704592185446,-89.71288617533853
NHS/Corporate Support Services/Allied Health Professionals/Leavers,2024-05-01,1.0,1.0,0.9070704592185446,-89.71288617533853
NHS/Corporate Support Services/Allied Health Professionals/Leavers,2024-06-01,1.0,1.0,0.9070704592185446,-89.71288617533853
NHS/Corporate Support Services/Allied Health Professionals/Leavers,2024-07-01,1.0,1.0,0.9070704592185446,-89.71288617533853
NHS/Corporate Support Services/Allied Health Professionals/Leavers,2024-08-01,1.0,1.0,0.9070704592185446,-89.71288617533853
NHS/Corporate Support Services/Allied Health Professionals/Leavers,2024-09-01,1.0,1.0,0.9070704592185446,-89.71288617533853
NHS/Corporate Support Services/Allied Health Professionals/Leavers,2024-10-01,1.0,1.0,0.9070704592185446,-89.71288617533853
NHS/Corporate Support Services/Allied Health Professionals/Leavers,2024-11-01,1.0,1.0,0.9070704592185446,-89.71288617533853
NHS/Corporate Support Services/Allied Health Professionals/Leavers,2024-12-01,1.0,1.0,0.9070704592185446,-89.71288617533853
NHS/Corporate Support Services/Allied Health Professionals/Leavers,2025-01-01,1.0,1.0,0.9070704592185446,-89.71288617533853
NHS/Corporate Support Services/Allied Health Professionals/Leavers,2025-02-01,1.0,1.0,0.9070704592185446,-89.71288617533853
NHS/Corporate Support Services/Allied Health Professionals/Leavers,2025-03-01,1.0,1.0,0.9070704592185446,-89.71288617533853
NHS/Corporate Support Services/Allied Health Professionals/Leavers,2025-04-01,1.0,1.0,0.9070704592185446,-89.71288617533853
NHS/Corporate Support Services/Allied Health Professionals/Sickness,2024-04-01,5.4,5.4,5.307070459218541,89.61132957662599
NHS/Corporate Support Services/Allied Health Professionals/Sickness,2024-05-01,5.4,5.4,5.307070459218541,89.61132957662599
NHS/Corporate Support Services/Allied Health Professionals/Sickness,2024-06-01,5.4,5.4,5.307070459218541,89.61132957662599
NHS/Corporate Support Services/Allied Health Professionals/Sickness,2024-07-01,5.4,5.4,5.307070459218541,89.61132957662599
NHS/Corporate Support Services/Allied Health Professionals/Sickness,2024-08-01,5.4,5.4,5.307070459218541,89.61132957662599
NHS/Corporate Support Services/Allied Health Professionals/Sickness,2024-09-01,5.4,5.4,5.307070459218541,89.61132957662599
NHS/Corporate Support Services/Allied Health Professionals/Sickness,2024-10-01,5.4,5.4,5.307070459218541,89.61132957662599
NHS/Corporate Support Services/Allied Health Professionals/Sickness,2024-11-01,5.4,5.4,5.307070459218541,89.61132957662599
NHS/Corporate Support Services/Allied Health Professionals/Sickness,2024-12-01,5.4,5.4,5.307070459218541,89.61132957662599
NHS/Corporate Support Services/Allied Health Professionals/Sickness,2025-01-01,5.4,5.4,5.307070459218541,89.61132957662599
NHS/Corporate Support Services/Allied Health Professionals/Sickness,2025-02-01,5.4,5.4,5.307070459218541,89.61132957662599
NHS/Corporate Support Services/Allied Health Professionals/Sickness,2025-03-01,5.4,5.4,5.307070459218541,89.61132957662599
NHS/Corporate Support Services/Allied Health Professionals/Sickness,2025-04-01,5.4,5.4,5.307070459218541,89.61132957662599
NHS/Corporate Support Services/Estates and Ancillary/Hires,2024-04-01,7.0,7.0,6.907070459218562,98.21565104256484
NHS/Corporate Support Services/Estates and Ancillary/Hires,2024-05-01,7.0,7.0,6.907070459218562,98.21565104256484
NHS/Corporate Support Services/Estates and Ancillary/Hires,2024-06-01,7.0,7.0,6.907070459218562,98.21565104256484
NHS/Corporate Support Services/Estates and Ancillary/Hires,2024-07-01,7.0,7.0,6.907070459218562,98.21565104256484
NHS/Corporate Support Services/Estates and Ancillary/Hires,2024-08-01,7.0,7.0,6.907070459218562,98.21565104256484
NHS/Corporate Support Services/Estates and Ancillary/Hires,2024-09-01,7.0,7.0,6.907070459218562,98.21565104256484
NHS/Corporate Support Services/Estates and Ancillary/Hires,2024-10-01,7.0,7.0,6.907070459218562,98.21565104256484
NHS/Corporate Support Services/Estates and Ancillary/Hires,2024-11-01,7.0,7.0,6.907070459218562,98.21565104256484
NHS/Corporate Support Services/Estates and Ancillary/Hires,2024-12-01,7.0,7.0,6.907070459218562,98.21565104256484
NHS/Corporate Support Services/Estates and Ancillary/Hires,2025-01-01,7.0,7.0,6.907070459218562,98.21565104256484
NHS/Corporate Support Services/Estates and Ancillary/Hires,2025-02-01,7.0,7.0,6.907070459218562,98.21565104256484
NHS/Corporate Support Services/Estates and Ancillary/Hires,2025-03-01,7.0,7.0,6.907070459218562,98.21565104256484
NHS/Corporate Support Services/Estates and Ancillary/Hires,2025-04-01,7.0,7.0,6.907070459218562,98.21565104256484
NHS/Corporate Support Services/Estates and Ancillary/Leavers,2024-04-01,9.0,9.0,8.907070459218573,-214.87505627432256
NHS/Corporate Support Services/Estates and Ancillary/Leavers,2024-05-01,9.0,9.0,8.907070459218573,-214.87505627432256
NHS/Corporate Support Services/Estates and Ancillary/Leavers,2024-06-01,9.0,9.0,8.907070459218573,-214.87505627432256
NHS/Corporate Support Services/Estates and Ancillary/Leavers,2024-07-01,9.0,9.0,8.907070459218573,-214.87505627432256
NHS/Corporate Support Services/Estates and Ancillary/Leavers,2024-08-01,9.0,9.0,8.907070459218573,-214.87505627432256
NHS/Corporate Support Services/Estates and Ancillary/Leavers,2024-09-01,9.0,9.0,8.907070459218573,-214.87505627432256
NHS/Corporate Support Services/Estates and Ancillary/Leavers,2024-10-01,9.0,9.0,8.907070459218573,-214.87505627432256
NHS/Corporate Support Services/Estates and Ancillary/Leavers,2024-11-01,9.0,9.0,8.907070459218573,-214.87505627432256
NHS/Corporate Support Services/Estates and Ancillary/Leavers,2024-12-01,9.0,9.0,8.907070459218573,-214.87505627432256
NHS/Corporate Support Services/Estates and Ancillary/Leavers,2025-01-01,9.0,9.0,8.907070459218573,-214.87505627432256
NHS/Corporate Support Services/Estates and Ancillary/Leavers,2025-02-01,9.0,9.0,8.907070459218573,-214.87505627432256
NHS/Corporate Support Services/Estates and Ancillary/Leavers,2025-03-01,9.0,9.0,8.907070459218573,-214.87505627432256
NHS/Corporate Support Services/Estates and Ancillary/Leavers,2025-04-01,9.0,9.0,8.907070459218573,-214.87505627432256
NHS/Corporate Support Services/Estates and Ancillary/Sickness,2024-04-01,804.3000000000001,804.3000000000001,804.2070704592185,1215.4614437506334
NHS/Corporate Support Services/Estates and Ancillary/Sickness,2024-05-01,804.3000000000001,804.3000000000001,804.2070704592185,1215.4614437506334
NHS/Corporate Support Services/Estates and Ancillary/Sickness,2024-06-01,804.3000000000001,804.3000000000001,804.2070704592185,1215.4614437506334
NHS/Corporate Support Services/Estates and Ancillary/Sickness,2024-07-01,804.3000000000001,804.3000000000001,804.2070704592185,1215.4614437506334
NHS/Corporate Support Services/Estates and Ancillary/Sickness,2024-08-01,804.3000000000001,804.3000000000001,804.2070704592185,1215.4614437506334
NHS/Corporate Support Services/Estates and Ancillary/Sickness,2024-09-01,804.3000000000001,804.3000000000001,804.2070704592185,1215.4614437506334
NHS/Corporate Support Services/Estates and Ancillary/Sickness,2024-10-01,804.3000000000001,804.3000000000001,804.2070704592185,1215.4614437506334
NHS/Corporate Support Services/Estates and Ancillary/Sickness,2024-11-01,804.3000000000001,804.3000000000001,804.2070704592185,1215.4614437506334
NHS/Corporate Support Services/Estates and Ancillary/Sickness,2024-12-01,804.3000000000001,804.3000000000001,804.2070704592185,1215.4614437506334
NHS/Corporate Support Services/Estates and Ancillary/Sickness,2025-01-01,804.3000000000001,804.3000000000001,804.2070704592185,1215.4614437506334
NHS/Corporate Support Services/Estates and Ancillary/Sickness,2025-02-01,804.3000000000001,804.3000000000001,804.2070704592185,1215.4614437506334
NHS/Corporate Support Services/Estates and Ancillary/Sickness,2025-03-01,804.3000000000001,804.3000000000001,804.2070704592185,1215.4614437506334
NHS/Corporate Support Services/Estates and Ancillary/Sickness,2025-04-01,804.3000000000001,804.3000000000001,804.2070704592185,1215.4614437506334
NHS/Corporate Support Services/Healthcare Scientists/Sickness,2024-04-01,2.0,2.0,1.8141409184370274,0.8530348373149466
NHS/Corporate Support Services/Healthcare Scientists/Sickness,2024-05-01,2.0,2.0,1.8141409184370274,0.8530348373149466
NHS/Corporate Support Services/Healthcare Scientists/Sickness,2024-06-01,2.0,2.0,1.8141409184370274,0.8530348373149466
NHS/Corporate Support Services/Healthcare Scientists/Sickness,2024-07-01,2.0,2.0,1.8141409184370274,0.8530348373149466
NHS/Corporate Support Services/Healthcare Scientists/Sickness,2024-08-01,2.0,2.0,1.8141409184370274,0.8530348373149466
NHS/Corporate Support Services/Healthcare Scientists/Sickness,2024-09-01,2.0,2.0,1.8141409184370274,0.8530348373149466
NHS/Corporate Support Services/Healthcare Scientists/Sickness,2024-10-01,2.0,2.0,1.8141409184370274,0.8530348373149466
NHS/Corporate Support Services/Healthcare Scientists/Sickness,2024-11-01,2.0,2.0,1.8141409184370274,0.8530348373149466
NHS/Corporate Support Services/Healthcare Scientists/Sickness,2024-12-01,2.0,2.0,1.8141409184370274,0.8530348373149466
NHS/Corporate Support Services/Healthcare Scientists/Sickness,2025-01-01,2.0,2.0,1.8141409184370274,0.8530348373149466
NHS/Corporate Support Services/Healthcare Scientists/Sickness,2025-02-01,2.0,2.0,1.8141409184370274,0.8530348373149466
NHS/Corporate Support Services/Healthcare Scientists/Sickness,2025-03-01,2.0,2.0,1.8141409184370274,0.8530348373149466
NHS/Corporate Support Services/Healthcare Scientists/Sickness,2025-04-01,2.0,2.0,1.8141409184370274,0.8530348373149466
NHS/Corporate Support Services/Medical and Dental/Hires,2024-04-01,8.0,8.0,7.907070459218461,-55.93730793907673
NHS/Corporate Support Services/Medical and Dental/Hires,2024-05-01,8.0,8.0,7.907070459218461,-55.93730793907673
NHS/Corporate Support Services/Medical and Dental/Hires,2024-06-01,8.0,8.0,7.907070459218461,-55.93730793907673
NHS/Corporate Support Services/Medical and Dental/Hires,2024-07-01,8.0,8.0,7.907070459218461,-55.93730793907673
NHS/Corporate Support Services/Medical and Dental/Hires,2024-08-01,8.0,8.0,7.907070459218461,-55.93730793907673
NHS/Corporate Support Services/Medical and Dental/Hires,2024-09-01,8.0,8.0,7.907070459218461,-55.93730793907673
NHS/Corporate Support Services/Medical and Dental/Hires,2024-10-01,8.0,8.0,7.907070459218461,-55.93730793907673
NHS/Corporate Support Services/Medical and Dental/Hires,2024-11-01,8.0,8.0,7.907070459218461,-55.93730793907673
NHS/Corporate Support Services/Medical and Dental/Hires,2024-12-01,8.0,8.0,7.907070459218461,-55.93730793907673
NHS/Corporate Support Services/Medical and Dental/Hires,2025-01-01,8.0,8.0,7.907070459218461,-55.93730793907673
NHS/Corporate Support Services/Medical and Dental/Hires,2025-02-01,8.0,8.0,7.907070459218461,-55.93730793907673
NHS/Corporate Support Services/Medical and Dental/Hires,2025-03-01,8.0,8.0,7.907070459218461,-55.93730793907673
NHS/Corporate Support Services/Medical and Dental/Hires,2025-04-01,8.0,8.0,7.907070459218461,-55.93730793907673
NHS/Corporate Support Services/Medical and Dental/Leavers,2024-04-01,4.0,4.0,3.907070459218474,-15.229454328722163
NHS/Corporate Support Services/Medical and Dental/Leavers,2024-05-01,4.0,4.0,3.907070459218474,-15.229454328722163
NHS/Corporate Support Services/Medical and Dental/Leavers,2024-06-01,4.0,4.0,3.907070459218474,-15.229454328722163
NHS/Corporate Support Services/Medical and Dental/Leavers,2024-07-01,4.0,4.0,3.907070459218474,-15.229454328722163
NHS/Corporate Support Services/Medical and Dental/Leavers,2024-08-01,4.0,4.0,3.907070459218474,-15.229454328722163
NHS/Corporate Support Services/Medical and Dental/Leavers,2024-09-01,4.0,4.0,3.907070459218474,-15.229454328722163
NHS/Corporate Support Services/Medical and Dental/Leavers,2024-10-01,4.0,4.0,3.907070459218474,-15.229454328722163
NHS/Corporate Support Services/Medical and Dental/Leavers,2024-11-01,4.0,4.0,3.907070459218474,-15.229454328722163
NHS/Corporate Support Services/Medical and Dental/Leavers,2024-12-01,4.0,4.0,3.907070459218474,-15.229454328722163
NHS/Corporate Support Services/Medical and Dental/Leavers,2025-01-01,4.0,4.0,3.907070459218474,-15.229454328722163
NHS/Corporate Support Services/Medical and Dental/Leavers,2025-02-01,4.0,4.0,3.907070459218474,-15.229454328722163
NHS/Corporate Support Services/Medical and Dental/Leavers,2025-03-01,4.0,4.0,3.907070459218474,-15.229454328722163
NHS/Corporate Support Services/Medical and Dental/Leavers,2025-04-01,4.0,4.0,3.907070459218474,-15.229454328722163
NHS/Corporate Support Services/Medical and Dental/Sickness,2024-04-01,35.0,35.0,34.90707045921841,-3.056511273571685
NHS/Corporate Support Services/Medical and Dental/Sickness,2024-05-01,35.0,35.0,34.90707045921841,-3.056511273571685
NHS/Corporate Support Services/Medical and Dental/Sickness,2024-06-01,35.0,35.0,34.90707045921841,-3.056511273571685
NHS/Corporate Support Services/Medical and Dental/Sickness,2024-07-01,35.0,35.0,34.90707045921841,-3.056511273571685
NHS/Corporate Support Services/Medical and Dental/Sickness,2024-08-01,35.0,35.0,34.90707045921841,-3.056511273571685
NHS/Corporate Support Services/Medical and Dental/Sickness,2024-09-01,35.0,35.0,34.90707045921841,-3.056511273571685
NHS/Corporate Support Services/Medical and Dental/Sickness,2024-10-01,35.0,35.0,34.90707045921841,-3.056511273571685
NHS/Corporate Support Services/Medical and Dental/Sickness,2024-11-01,35.0,35.0,34.90707045921841,-3.056511273571685
NHS/Corporate Support Services/Medical and Dental/Sickness,2024-12-01,35.0,35.0,34.90707045921841,-3.056511273571685
NHS/Corporate Support Services/Medical and Dental/Sickness,2025-01-01,35.0,35.0,34.90707045921841,-3.056511273571685
NHS/Corporate Support Services/Medical and Dental/Sickness,2025-02-01,35.0,35.0,34.90707045921841,-3.056511273571685
NHS/Corporate Support Services/Medical and Dental/Sickness,2025-03-01,35.0,35.0,34.90707045921841,-3.056511273571685
NHS/Corporate Support Services/Medical and Dental/Sickness,2025-04-01,35.0,35.0,34.90707045921841,-3.056511273571685
NHS/Corporate Support Services/Nursing and Midwifery Registered/Hires,2024-04-01,13.0,13.0,12.90707045921848,-98.79236736784033
NHS/Corporate Support Services/Nursing and Midwifery Registered/Hires,2024-05-01,13.0,13.0,12.90707045921848,-98.79236736784033
NHS/Corporate Support Services/Nursing and Midwifery Registered/Hires,2024-06-01,13.0,13.0,12.90707045921848,-98.79236736784033
NHS/Corporate Support Services/Nursing and Midwifery Registered/Hires,2024-07-01,13.0,13.0,12.90707045921848,-98.79236736784033
NHS/Corporate Support Services/Nursing and Midwifery Registered/Hires,2024-08-01,13.0,13.0,12.90707045921848,-98.79236736784033
NHS/Corporate Support Services/Nursing and Midwifery Registered/Hires,2024-09-01,13.0,13.0,12.90707045921848,-98.79236736784033
NHS/Corporate Support Services/Nursing and Midwifery Registered/Hires,2024-10-01,13.0,13.0,12.90707045921848,-98.79236736784033
NHS/Corporate Support Services/Nursing and Midwifery Registered/Hires,2024-11-01,13.0,13.0,12.90707045921848,-98.79236736784033
NHS/Corporate Support Services/Nursing and Midwifery Registered/Hires,2024-12-01,13.0,13.0,12.90707045921848,-98.79236736784033
NHS/Corporate Support Services/Nursing and Midwifery Registered/Hires,2025-01-01,13.0,13.0,12.90707045921848,-98.79236736784033
NHS/Corporate Support Services/Nursing and Midwifery Registered/Hires,2025-02-01,13.0,13.0,12.90707045921848,-98.79236736784033
NHS/Corporate Support Services/Nursing and Midwifery Registered/Hires,2025-03-01,13.0,13.0,12.90707045921848,-98.79236736784033
NHS/Corporate Support Services/Nursing and Midwifery Registered/Hires,2025-04-01,13.0,13.0,12.90707045921848,-98.79236736784033
NHS/Corporate Support Services/Nursing and Midwifery Registered/Leavers,2024-04-01,53.0,53.0,52.90707045921841,-408.1207512611274
NHS/Corporate Support Services/Nursing and Midwifery Registered/Leavers,2024-05-01,53.0,53.0,52.90707045921841,-408.1207512611274
NHS/Corporate Support Services/Nursing and Midwifery Registered/Leavers,2024-06-01,53.0,53.0,52.90707045921841,-408.1207512611274
NHS/Corporate Support Services/Nursing and Midwifery Registered/Leavers,2024-07-01,53.0,53.0,52.90707045921841,-408.1207512611274
NHS/Corporate Support Services/Nursing and Midwifery Registered/Leavers,2024-08-01,53.0,53.0,52.90707045921841,-408.1207512611274
NHS/Corporate Support Services/Nursing and Midwifery Registered/Leavers,2024-09-01,53.0,53.0,52.90707045921841,-408.1207512611274
NHS/Corporate Support Services/Nursing and Midwifery Registered/Leavers,2024-10-01,53.0,53.0,52.90707045921841,-408.1207512611274
NHS/Corporate Support Services/Nursing and Midwifery Registered/Leavers,2024-11-01,53.0,53.0,52.90707045921841,-408.1207512611274
NHS/Corporate Support Services/Nursing and Midwifery Registered/Leavers,2024-12-01,53.0,53.0,52.90707045921841,-408.1207512611274
NHS/Corporate Support Services/Nursing and Midwifery Registered/Leavers,2025-01-01,53.0,53.0,52.90707045921841,-408.1207512611274
NHS/Corporate Support Services/Nursing and Midwifery Registered/Leavers,2025-02-01,53.0,53.0,52.90707045921841,-408.1207512611274
NHS/Corporate Support Services/Nursing and Midwifery Registered/Leavers,2025-03-01,53.0,53.0,52.90707045921841,-408.1207512611274
NHS/Corporate Support Services/Nursing and Midwifery Registered/Leavers,2025-04-01,53.0,53.0,52.90707045921841,-408.1207512611274
NHS/Corporate Support Services/Nursing and Midwifery Registered/Sickness,2024-04-01,342.24,342.24,342.14707045921875,450.20062064049165
NHS/Corporate Support Services/Nursing and Midwifery Registered/Sickness,2024-05-01,342.24,342.24,342.14707045921875,450.20062064049165
NHS/Corporate Support Services/Nursing and Midwifery Registered/Sickness,2024-06-01,342.24,342.24,342.14707045921875,450.20062064049165
NHS/Corporate Support Services/Nursing and Midwifery Registered/Sickness,2024-07-01,342.24,342.24,342.14707045921875,450.20062064049165
NHS/Corporate Support Services/Nursing and Midwifery Registered/Sickness,2024-08-01,342.24,342.24,342.14707045921875,450.20062064049165
NHS/Corporate Support Services/Nursing and Midwifery Registered/Sickness,2024-09-01,342.24,342.24,342.14707045921875,450.20062064049165
NHS/Corporate Support Services/Nursing and Midwifery Registered/Sickness,2024-10-01,342.24,342.24,342.14707045921875,450.20062064049165
NHS/Corporate Support Services/Nursing and Midwifery Registered/Sickness,2024-11-01,342.24,342.24,342.14707045921875,450.20062064049165
NHS/Corporate Support Services/Nursing and Midwifery Registered/Sickness,2024-12-01,342.24,342.24,342.14707045921875,450.20062064049165
NHS/Corporate Support Services/Nursing and Midwifery Registered/Sickness,2025-01-01,342.24,342.24,342.14707045921875,450.20062064049165
NHS/Corporate Support Services/Nursing and Midwifery Registered/Sickness,2025-02-01,342.24,342.24,342.14707045921875,450.20062064049165
NHS/Corporate Support Services/Nursing and Midwifery Registered/Sickness,2025-03-01,342.24,342.24,342.14707045921875,450.20062064049165
NHS/Corporate Support Services/Nursing and Midwifery Registered/Sickness,2025-04-01,342.24,342.24,342.14707045921875,450.20062064049165
NHS/Corporate Support Services/Students/Sickness,2024-04-01,0.0,0.0,-0.1858590815629788,1.4186565481508582e-10
NHS/Corporate Support Services/Students/Sickness,2024-05-01,0.0,0.0,-0.1858590815629788,1.4186565481508582e-10
NHS/Corporate Support Services/Students/Sickness,2024-06-01,0.0,0.0,-0.1858590815629788,1.4186565481508582e-10
NHS/Corporate Support Services/Students/Sickness,2024-07-01,0.0,0.0,-0.1858590815629788,1.4186565481508582e-10
NHS/Corporate Support Services/Students/Sickness,2024-08-01,0.0,0.0,-0.1858590815629788,1.4186565481508582e-10
NHS/Corporate Support Services/Students/Sickness,2024-09-01,0.0,0.0,-0.1858590815629788,1.4186565481508582e-10
NHS/Corporate Support Services/Students/Sickness,2024-10-01,0.0,0.0,-0.1858590815629788,1.4186565481508582e-10
NHS/Corporate Support Services/Students/Sickness,2024-11-01,0.0,0.0,-0.1858590815629788,1.4186565481508582e-10
NHS/Corporate Support Services/Students/Sickness,2024-12-01,0.0,0.0,-0.1858590815629788,1.4186565481508582e-10
NHS/Corporate Support Services/Students/Sickness,2025-01-01,0.0,0.0,-0.1858590815629788,1.4186565481508582e-10
NHS/Corporate Support Services/Students/Sickness,2025-02-01,0.0,0.0,-0.1858590815629788,1.4186565481508582e-10
NHS/Corporate Support Services/Students/Sickness,2025-03-01,0.0,0.0,-0.1858590815629788,1.4186565481508582e-10
NHS/Corporate Support Services/Students/Sickness,2025-04-01,0.0,0.0,-0.1858590815629788,1.4186565481508582e-10
NHS/Medical Services/Add Prof Scientific and Technic/Sickness,2024-04-01,27.68,27.68,27.615378248800393,-38.394898508937516
NHS/Medical Services/Add Prof Scientific and Technic/Sickness,2024-05-01,27.68,27.68,27.615378248800393,-38.394898508937516
NHS/Medical Services/Add Prof Scientific and Technic/Sickness,2024-06-01,27.68,27.68,27.615378248800393,-38.394898508937516
NHS/Medical Services/Add Prof Scientific and Technic/Sickness,2024-07-01,27.68,27.68,27.615378248800393,-38.394898508937516
NHS/Medical Services/Add Prof Scientific and Technic/Sickness,2024-08-01,27.68,27.68,27.615378248800393,-38.394898508937516
NHS/Medical Services/Add Prof Scientific and Technic/Sickness,2024-09-01,27.68,27.68,27.615378248800393,-38.394898508937516
NHS/Medical Services/Add Prof Scientific and Technic/Sickness,2024-10-01,27.68,27.68,27.615378248800393,-38.394898508937516
NHS/Medical Services/Add Prof Scientific and Technic/Sickness,2024-11-01,27.68,27.68,27.615378248800393,-38.394898508937516
NHS/Medical Services/Add Prof Scientific and Technic/Sickness,2024-12-01,27.68,27.68,27.615378248800393,-38.394898508937516
NHS/Medical Services/Add Prof Scientific and Technic/Sickness,2025-01-01,27.68,27.68,27.615378248800393,-38.394898508937516
NHS/Medical Services/Add Prof Scientific and Technic/Sickness,2025-02-01,27.68,27.68,27.615378248800393,-38.394898508937516
NHS/Medical Services/Add Prof Scientific and Technic/Sickness,2025-03-01,27.68,27.68,27.615378248800393,-38.394898508937516
NHS/Medical Services/Add Prof Scientific and Technic/Sickness,2025-04-01,27.68,27.68,27.615378248800393,-38.394898508937516
NHS/Medical Services/Additional Clinical Services/Hires,2024-04-01,18.0,18.0,17.96768912440016,43.297275722975826
NHS/Medical Services/Additional Clinical Services/Hires,2024-05-01,18.0,18.0,17.96768912440016,43.297275722975826
NHS/Medical Services/Additional Clinical Services/Hires,2024-06-01,18.0,18.0,17.96768912440016,43.297275722975826
NHS/Medical Services/Additional Clinical Services/Hires,2024-07-01,18.0,18.0,17.96768912440016,43.297275722975826
NHS/Medical Services/Additional Clinical Services/Hires,2024-08-01,18.0,18.0,17.96768912440016,43.297275722975826
NHS/Medical Services/Additional Clinical Services/Hires,2024-09-01,18.0,18.0,17.96768912440016,43.297275722975826
NHS/Medical Services/Additional Clinical Services/Hires,2024-10-01,18.0,18.0,17.96768912440016,43.297275722975826
NHS/Medical Services/Additional Clinical Services/Hires,2024-11-01,18.0,18.0,17.96768912440016,43.297275722975826
NHS/Medical Services/Additional Clinical Services/Hires,2024-12-01,18.0,18.0,17.96768912440016,43.297275722975826
NHS/Medical Services/Additional Clinical Services/Hires,2025-01-01,18.0,18.0,17.96768912440016,43.297275722975826
NHS/Medical Services/Additional Clinical Services/Hires,2025-02-01,18.0,18.0,17.96768912440016,43.297275722975826
NHS/Medical Services/Additional Clinical Services/Hires,2025-03-01,18.0,18.0,17.96768912440016,43.297275722975826
NHS/Medical Services/Additional Clinical Services/Hires,2025-04-01,18.0,18.0,17.96768912440016,43.297275722975826
NHS/Medical Services/Additional Clinical Services/Leavers,2024-04-01,3.0,3.0,2.9676891244001333,-14.749698523499312
NHS/Medical Services/Additional Clinical Services/Leavers,2024-05-01,3.0,3.0,2.9676891244001333,-14.749698523499312
NHS/Medical Services/Additional Clinical Services/Leavers,2024-06-01,3.0,3.0,2.9676891244001333,-14.749698523499312
NHS/Medical Services/Additional Clinical Services/Leavers,2024-07-01,3.0,3.0,2.9676891244001333,-14.749698523499312
NHS/Medical Services/Additional Clinical Services/Leavers,2024-08-01,3.0,3.0,2.9676891244001333,-14.749698523499312
NHS/Medical Services/Additional Clinical Services/Leavers,2024-09-01,3.0,3.0,2.9676891244001333,-14.749698523499312
NHS/Medical Services/Additional Clinical Services/Leavers,2024-10-01,3.0,3.0,2.9676891244001333,-14.749698523499312
NHS/Medical Services/Additional Clinical Services/Leavers,2024-11-01,3.0,3.0,2.9676891244001333,-14.749698523499312
NHS/Medical Services/Additional Clinical Services/Leavers,2024-12-01,3.0,3.0,2.9676891244001333,-14.749698523499312
NHS/Medical Services/Additional Clinical Services/Leavers,2025-01-01,3.0,3.0,2.9676891244001333,-14.749698523499312
NHS/Medical Services/Additional Clinical Services/Leavers,2025-02-01,3.0,3.0,2.9676891244001333,-14.749698523499312
NHS/Medical Services/Additional Clinical Services/Leavers,2025-03-01,3.0,3.0,2.9676891244001333,-14.749698523499312
NHS/Medical Services/Additional Clinical Services/Leavers,2025-04-01,3.0,3.0,2.9676891244001333,-14.749698523499312
NHS/Medical Services/Additional Clinical Services/Sickness,2024-04-01,1163.11,1163.11,1163.0776891243997,398.9118252307326
NHS/Medical Services/Additional Clinical Services/Sickness,2024-05-01,1163.11,1163.11,1163.0776891243997,398.9118252307326
NHS/Medical Services/Additional Clinical Services/Sickness,2024-06-01,1163.11,1163.11,1163.0776891243997,398.9118252307326
NHS/Medical Services/Additional Clinical Services/Sickness,2024-07-01,1163.11,1163.11,1163.0776891243997,398.9118252307326
NHS/Medical Services/Additional Clinical Services/Sickness,2024-08-01,1163.11,1163.11,1163.0776891243997,398.9118252307326
NHS/Medical Services/Additional Clinical Services/Sickness,2024-09-01,1163.11,1163.11,1163.0776891243997,398.9118252307326
NHS/Medical Services/Additional Clinical Services/Sickness,2024-10-01,1163.11,1163.11,1163.0776891243997,398.9118252307326
NHS/Medical Services/Additional Clinical Services/Sickness,2024-11-01,1163.11,1163.11,1163.0776891243997,398.9118252307326
NHS/Medical Services/Additional Clinical Services/Sickness,2024-12-01,1163.11,1163.11,1163.0776891243997,398.9118252307326
NHS/Medical Services/Additional Clinical Services/Sickness,2025-01-01,1163.11,1163.11,1163.0776891243997,398.9118252307326
NHS/Medical Services/Additional Clinical Services/Sickness,2025-02-01,1163.11,1163.11,1163.0776891243997,398.9118252307326
NHS/Medical Services/Additional Clinical Services/Sickness,2025-03-01,1163.11,1163.11,1163.0776891243997,398.9118252307326
NHS/Medical Services/Additional Clinical Services/Sickness,2025-04-01,1163.11,1163.11,1163.0776891243997,398.9118252307326
NHS/Medical Services/Administrative and Clerical/Hires,2024-04-01,1.0,1.0,0.967689124400124,15.303296518077389
NHS/Medical Services/Administrative and Clerical/Hires,2024-05-01,1.0,1.0,0.967689124400124,15.303296518077389
NHS/Medical Services/Administrative and Clerical/Hires,2024-06-01,1.0,1.0,0.967689124400124,15.303296518077389
NHS/Medical Services/Administrative and Clerical/Hires,2024-07-01,1.0,1.0,0.967689124400124,15.303296518077389
NHS/Medical Services/Administrative and Clerical/Hires,2024-08-01,1.0,1.0,0.967689124400124,15.303296518077389
NHS/Medical Services/Administrative and Clerical/Hires,2024-09-01,1.0,1.0,0.967689124400124,15.303296518077389
NHS/Medical Services/Administrative and Clerical/Hires,2024-10-01,1.0,1.0,0.967689124400124,15.303296518077389
NHS/Medical Services/Administrative and Clerical/Hires,2024-11-01,1.0,1.0,0.967689124400124,15.303296518077389
NHS/Medical Services/Administrative and Clerical/Hires,2024-12-01,1.0,1.0,0.967689124400124,15.303296518077389
NHS/Medical Services/Administrative and Clerical/Hires,2025-01-01,1.0,1.0,0.967689124400124,15.303296518077389
NHS/Medical Services/Administrative and Clerical/Hires,2025-02-01,1.0,1.0,0.967689124400124,15.303296518077389
NHS/Medical Services/Administrative and Clerical/Hires,2025-03-01,1.0,1.0,0.967689124400124,15.303296518077389
NHS/Medical Services/Administrative and Clerical/Hires,2025-04-01,1.0,1.0,0.967689124400124,15.303296518077389
NHS/Medical Services/Administrative and Clerical/Leavers,2024-04-01,2.0,2.0,1.967689124400124,-20.89727985843615
NHS/Medical Services/Administrative and Clerical/Leavers,2024-05-01,2.0,2.0,1.967689124400124,-20.89727985843615
NHS/Medical Services/Administrative and Clerical/Leavers,2024-06-01,2.0,2.0,1.967689124400124,-20.89727985843615
NHS/Medical Services/Administrative and Clerical/Leavers,2024-07-01,2.0,2.0,1.967689124400124,-20.89727985843615
NHS/Medical Services/Administrative and Clerical/Leavers,2024-08-01,2.0,2.0,1.967689124400124,-20.89727985843615
NHS/Medical Services/Administrative and Clerical/Leavers,2024-09-01,2.0,2.0,1.967689124400124,-20.89727985843615
NHS/Medical Services/Administrative and Clerical/Leavers,2024-10-01,2.0,2.0,1.967689124400124,-20.89727985843615
NHS/Medical Services/Administrative and Clerical/Leavers,2024-11-01,2.0,2.0,1.967689124400124,-20.89727985843615
NHS/Medical Services/Administrative and Clerical/Leavers,2024-12-01,2.0,2.0,1.967689124400124,-20.89727985843615
NHS/Medical Services/Administrative and Clerical/Leavers,2025-01-01,2.0,2.0,1.967689124400124,-20.89727985843615
NHS/Medical Services/Administrative and Clerical/Leavers,2025-02-01,2.0,2.0,1.967689124400124,-20.89727985843615
NHS/Medical Services/Administrative and Clerical/Leavers,2025-03-01,2.0,2.0,1.967689124400124,-20.89727985843615
NHS/Medical Services/Administrative and Clerical/Leavers,2025-04-01,2.0,2.0,1.967689124400124,-20.89727985843615
NHS/Medical Services/Administrative and Clerical/Sickness,2024-04-01,381.2,381.2,381.16768912440034,524.3151664898918
NHS/Medical Services/Administrative and Clerical/Sickness,2024-05-01,381.2,381.2,381.16768912440034,524.3151664898918
NHS/Medical Services/Administrative and Clerical/Sickness,2024-06-01,381.2,381.2,381.16768912440034,524.3151664898918
NHS/Medical Services/Administrative and Clerical/Sickness,2024-07-01,381.2,381.2,381.16768912440034,524.3151664898918
NHS/Medical Services/Administrative and Clerical/Sickness,2024-08-01,381.2,381.2,381.16768912440034,524.3151664898918
NHS/Medical Services/Administrative and Clerical/Sickness,2024-09-01,381.2,381.2,381.16768912440034,524.3151664898918
NHS/Medical Services/Administrative and Clerical/Sickness,2024-10-01,381.2,381.2,381.16768912440034,524.3151664898918
NHS/Medical Services/Administrative and Clerical/Sickness,2024-11-01,381.2,381.2,381.16768912440034,524.3151664898918
NHS/Medical Services/Administrative and Clerical/Sickness,2024-12-01,381.2,381.2,381.16768912440034,524.3151664898918
NHS/Medical Services/Administrative and Clerical/Sickness,2025-01-01,381.2,381.2,381.16768912440034,524.3151664898918
NHS/Medical Services/Administrative and Clerical/Sickness,2025-02-01,381.2,381.2,381.16768912440034,524.3151664898918
NHS/Medical Services/Administrative and Clerical/Sickness,2025-03-01,381.2,381.2,381.16768912440034,524.3151664898918
NHS/Medical Services/Administrative and Clerical/Sickness,2025-04-01,381.2,381.2,381.16768912440034,524.3151664898918
NHS/Medical Services/Allied Health Professionals/Sickness,2024-04-01,31.0,31.0,30.935378248800422,20.88368940780684
NHS/Medical Services/Allied Health Professionals/Sickness,2024-05-01,31.0,31.0,30.935378248800422,20.88368940780684
NHS/Medical Services/Allied Health Professionals/Sickness,2024-06-01,31.0,31.0,30.935378248800422,20.88368940780684
NHS/Medical Services/Allied Health Professionals/Sickness,2024-07-01,31.0,31.0,30.935378248800422,20.88368940780684
NHS/Medical Services/Allied Health Professionals/Sickness,2024-08-01,31.0,31.0,30.935378248800422,20.88368940780684
NHS/Medical Services/Allied Health Professionals/Sickness,2024-09-01,31.0,31.0,30.935378248800422,20.88368940780684
NHS/Medical Services/Allied Health Professionals/Sickness,2024-10-01,31.0,31.0,30.935378248800422,20.88368940780684
NHS/Medical Services/Allied Health Professionals/Sickness,2024-11-01,31.0,31.0,30.935378248800422,20.88368940780684
NHS/Medical Services/Allied Health Professionals/Sickness,2024-12-01,31.0,31.0,30.935378248800422,20.88368940780684
NHS/Medical Services/Allied Health Professionals/Sickness,2025-01-01,31.0,31.0,30.935378248800422,20.88368940780684
NHS/Medical Services/Allied Health Professionals/Sickness,2025-02-01,31.0,31.0,30.935378248800422,20.88368940780684
NHS/Medical Services/Allied Health Professionals/Sickness,2025-03-01,31.0,31.0,30.935378248800422,20.88368940780684
NHS/Medical Services/Allied Health Professionals/Sickness,2025-04-01,31.0,31.0,30.935378248800422,20.88368940780684
NHS/Medical Services/Estates and Ancillary/Sickness,2024-04-01,53.49,53.49,53.42537824880045,33.20060895271211
NHS/Medical Services/Estates and Ancillary/Sickness,2024-05-01,53.49,53.49,53.42537824880045,33.20060895271211
NHS/Medical Services/Estates and Ancillary/Sickness,2024-06-01,53.49,53.49,53.42537824880045,33.20060895271211
NHS/Medical Services/Estates and Ancillary/Sickness,2024-07-01,53.49,53.49,53.42537824880045,33.20060895271211
NHS/Medical Services/Estates and Ancillary/Sickness,2024-08-01,53.49,53.49,53.42537824880045,33.20060895271211
NHS/Medical Services/Estates and Ancillary/Sickness,2024-09-01,53.49,53.49,53.42537824880045,33.20060895271211
NHS/Medical Services/Estates and Ancillary/Sickness,2024-10-01,53.49,53.49,53.42537824880045,33.20060895271211
NHS/Medical Services/Estates and Ancillary/Sickness,2024-11-01,53.49,53.49,53.42537824880045,33.20060895271211
NHS/Medical Services/Estates and Ancillary/Sickness,2024-12-01,53.49,53.49,53.42537824880045,33.20060895271211
NHS/Medical Services/Estates and Ancillary/Sickness,2025-01-01,53.49,53.49,53.42537824880045,33.20060895271211
NHS/Medical Services/Estates and Ancillary/Sickness,2025-02-01,53.49,53.49,53.42537824880045,33.20060895271211
NHS/Medical Services/Estates and Ancillary/Sickness,2025-03-01,53.49,53.49,53.42537824880045,33.20060895271211
NHS/Medical Services/Estates and Ancillary/Sickness,2025-04-01,53.49,53.49,53.42537824880045,33.20060895271211
NHS/Medical Services/Healthcare Scientists/Sickness,2024-04-01,13.28,13.28,13.215378248800405,8.849847316976717
NHS/Medical Services/Healthcare Scientists/Sickness,2024-05-01,13.28,13.28,13.215378248800405,8.849847316976717
NHS/Medical Services/Healthcare Scientists/Sickness,2024-06-01,13.28,13.28,13.215378248800405,8.849847316976717
NHS/Medical Services/Healthcare Scientists/Sickness,2024-07-01,13.28,13.28,13.215378248800405,8.849847316976717
NHS/Medical Services/Healthcare Scientists/Sickness,2024-08-01,13.28,13.28,13.215378248800405,8.849847316976717
NHS/Medical Services/Healthcare Scientists/Sickness,2024-09-01,13.28,13.28,13.215378248800405,8.849847316976717
NHS/Medical Services/Healthcare Scientists/Sickness,2024-10-01,13.28,13.28,13.215378248800405,8.849847316976717
NHS/Medical Services/Healthcare Scientists/Sickness,2024-11-01,13.28,13.28,13.215378248800405,8.849847316976717
NHS/Medical Services/Healthcare Scientists/Sickness,2024-12-01,13.28,13.28,13.215378248800405,8.849847316976717
NHS/Medical Services/Healthcare Scientists/Sickness,2025-01-01,13.28,13.28,13.215378248800405,8.849847316976717
NHS/Medical Services/Healthcare Scientists/Sickness,2025-02-01,13.28,13.28,13.215378248800405,8.849847316976717
NHS/Medical Services/Healthcare Scientists/Sickness,2025-03-01,13.28,13.28,13.215378248800405,8.849847316976717
NHS/Medical Services/Healthcare Scientists/Sickness,2025-04-01,13.28,13.28,13.215378248800405,8.849847316976717
NHS/Medical Services/Medical and Dental/Hires,2024-04-01,8.0,8.0,7.967689124400304,-31.06367632151913
NHS/Medical Services/Medical and Dental/Hires,2024-05-01,8.0,8.0,7.967689124400304,-31.06367632151913
NHS/Medical Services/Medical and Dental/Hires,2024-06-01,8.0,8.0,7.967689124400304,-31.06367632151913
NHS/Medical Services/Medical and Dental/Hires,2024-07-01,8.0,8.0,7.967689124400304,-31.06367632151913
NHS/Medical Services/Medical and Dental/Hires,2024-08-01,8.0,8.0,7.967689124400304,-31.06367632151913
NHS/Medical Services/Medical and Dental/Hires,2024-09-01,8.0,8.0,7.967689124400304,-31.06367632151913
NHS/Medical Services/Medical and Dental/Hires,2024-10-01,8.0,8.0,7.967689124400304,-31.06367632151913
NHS/Medical Services/Medical and Dental/Hires,2024-11-01,8.0,8.0,7.967689124400304,-31.06367632151913
NHS/Medical Services/Medical and Dental/Hires,2024-12-01,8.0,8.0,7.967689124400304,-31.06367632151913
NHS/Medical Services/Medical and Dental/Hires,2025-01-01,8.0,8.0,7.967689124400304,-31.06367632151913
NHS/Medical Services/Medical and Dental/Hires,2025-02-01,8.0,8.0,7.967689124400304,-31.06367632151913
NHS/Medical Services/Medical and Dental/Hires,2025-03-01,8.0,8.0,7.967689124400304,-31.06367632151913
NHS/Medical Services/Medical and Dental/Hires,2025-04-01,8.0,8.0,7.967689124400304,-31.06367632151913
NHS/Medical Services/Medical and Dental/Leavers,2024-04-01,1.0,1.0,0.9676891244003041,25.903673748357697
NHS/Medical Services/Medical and Dental/Leavers,2024-05-01,1.0,1.0,0.9676891244003041,25.903673748357697
NHS/Medical Services/Medical and Dental/Leavers,2024-06-01,1.0,1.0,0.9676891244003041,25.903673748357697
NHS/Medical Services/Medical and Dental/Leavers,2024-07-01,1.0,1.0,0.9676891244003041,25.903673748357697
NHS/Medical Services/Medical and Dental/Leavers,2024-08-01,1.0,1.0,0.9676891244003041,25.903673748357697
NHS/Medical Services/Medical and Dental/Leavers,2024-09-01,1.0,1.0,0.9676891244003041,25.903673748357697
NHS/Medical Services/Medical and Dental/Leavers,2024-10-01,1.0,1.0,0.9676891244003041,25.903673748357697
NHS/Medical Services/Medical and Dental/Leavers,2024-11-01,1.0,1.0,0.9676891244003041,25.903673748357697
NHS/Medical Services/Medical and Dental/Leavers,2024-12-01,1.0,1.0,0.9676891244003041,25.903673748357697
NHS/Medical Services/Medical and Dental/Leavers,2025-01-01,1.0,1.0,0.9676891244003041,25.903673748357697
NHS/Medical Services/Medical and Dental/Leavers,2025-02-01,1.0,1.0,0.9676891244003041,25.903673748357697
NHS/Medical Services/Medical and Dental/Leavers,2025-03-01,1.0,1.0,0.9676891244003041,25.903673748357697
NHS/Medical Services/Medical and Dental/Leavers,2025-04-01,1.0,1.0,0.9676891244003041,25.903673748357697
NHS/Medical Services/Medical and Dental/Sickness,2024-04-01,298.81,298.81,298.7776891244004,520.3090796928209
NHS/Medical Services/Medical and Dental/Sickness,2024-05-01,298.81,298.81,298.7776891244004,520.3090796928209
NHS/Medical Services/Medical and Dental/Sickness,2024-06-01,298.81,298.81,298.7776891244004,520.3090796928209
NHS/Medical Services/Medical and Dental/Sickness,2024-07-01,298.81,298.81,298.7776891244004,520.3090796928209
NHS/Medical Services/Medical and Dental/Sickness,2024-08-01,298.81,298.81,298.7776891244004,520.3090796928209
NHS/Medical Services/Medical and Dental/Sickness,2024-09-01,298.81,298.81,298.7776891244004,520.3090796928209
NHS/Medical Services/Medical and Dental/Sickness,2024-10-01,298.81,298.81,298.7776891244004,520.3090796928209
NHS/Medical Services/Medical and Dental/Sickness,2024-11-01,298.81,298.81,298.7776891244004,520.3090796928209
NHS/Medical Services/Medical and Dental/Sickness,2024-12-01,298.81,298.81,298.7776891244004,520.3090796928209
NHS/Medical Services/Medical and Dental/Sickness,2025-01-01,298.81,298.81,298.7776891244004,520.3090796928209
NHS/Medical Services/Medical and Dental/Sickness,2025-02-01,298.81,298.81,298.7776891244004,520.3090796928209
NHS/Medical Services/Medical and Dental/Sickness,2025-03-01,298.81,298.81,298.7776891244004,520.3090796928209
NHS/Medical Services/Medical and Dental/Sickness,2025-04-01,298.81,298.81,298.7776891244004,520.3090796928209
NHS/Medical Services/Nursing and Midwifery Registered/Hires,2024-04-01,6.0,6.0,5.967689124400032,-14.626420706586115
NHS/Medical Services/Nursing and Midwifery Registered/Hires,2024-05-01,6.0,6.0,5.967689124400032,-14.626420706586115
NHS/Medical Services/Nursing and Midwifery Registered/Hires,2024-06-01,6.0,6.0,5.967689124400032,-14.626420706586115
NHS/Medical Services/Nursing and Midwifery Registered/Hires,2024-07-01,6.0,6.0,5.967689124400032,-14.626420706586115
NHS/Medical Services/Nursing and Midwifery Registered/Hires,2024-08-01,6.0,6.0,5.967689124400032,-14.626420706586115
NHS/Medical Services/Nursing and Midwifery Registered/Hires,2024-09-01,6.0,6.0,5.967689124400032,-14.626420706586115
NHS/Medical Services/Nursing and Midwifery Registered/Hires,2024-10-01,6.0,6.0,5.967689124400032,-14.626420706586115
NHS/Medical Services/Nursing and Midwifery Registered/Hires,2024-11-01,6.0,6.0,5.967689124400032,-14.626420706586115
NHS/Medical Services/Nursing and Midwifery Registered/Hires,2024-12-01,6.0,6.0,5.967689124400032,-14.626420706586115
NHS/Medical Services/Nursing and Midwifery Registered/Hires,2025-01-01,6.0,6.0,5.967689124400032,-14.626420706586115
NHS/Medical Services/Nursing and Midwifery Registered/Hires,2025-02-01,6.0,6.0,5.967689124400032,-14.626420706586115
NHS/Medical Services/Nursing and Midwifery Registered/Hires,2025-03-01,6.0,6.0,5.967689124400032,-14.626420706586115
NHS/Medical Services/Nursing and Midwifery Registered/Hires,2025-04-01,6.0,6.0,5.967689124400032,-14.626420706586115
NHS/Medical Services/Nursing and Midwifery Registered/Leavers,2024-04-01,11.0,11.0,10.967689124400032,-57.74355148260498
NHS/Medical Services/Nursing and Midwifery Registered/Leavers,2024-05-01,11.0,11.0,10.967689124400032,-57.74355148260498
NHS/Medical Services/Nursing and Midwifery Registered/Leavers,2024-06-01,11.0,11.0,10.967689124400032,-57.74355148260498
NHS/Medical Services/Nursing and Midwifery Registered/Leavers,2024-07-01,11.0,11.0,10.967689124400032,-57.74355148260498
NHS/Medical Services/Nursing and Midwifery Registered/Leavers,2024-08-01,11.0,11.0,10.967689124400032,-57.74355148260498
NHS/Medical Services/Nursing and Midwifery Registered/Leavers,2024-09-01,11.0,11.0,10.967689124400032,-57.74355148260498
NHS/Medical Services/Nursing and Midwifery Registered/Leavers,2024-10-01,11.0,11.0,10.967689124400032,-57.74355148260498
NHS/Medical Services/Nursing and Midwifery Registered/Leavers,2024-11-01,11.0,11.0,10.967689124400032,-57.74355148260498
NHS/Medical Services/Nursing and Midwifery Registered/Leavers,2024-12-01,11.0,11.0,10.967689124400032,-57.74355148260498
NHS/Medical Services/Nursing and Midwifery Registered/Leavers,2025-01-01,11.0,11.0,10.967689124400032,-57.74355148260498
NHS/Medical Services/Nursing and Midwifery Registered/Leavers,2025-02-01,11.0,11.0,10.967689124400032,-57.74355148260498
NHS/Medical Services/Nursing and Midwifery Registered/Leavers,2025-03-01,11.0,11.0,10.967689124400032,-57.74355148260498
NHS/Medical Services/Nursing and Midwifery Registered/Leavers,2025-04-01,11.0,11.0,10.967689124400032,-57.74355148260498
NHS/Medical Services/Nursing and Midwifery Registered/Sickness,2024-04-01,1123.91,1123.91,1123.8776891244,624.9448935361496
NHS/Medical Services/Nursing and Midwifery Registered/Sickness,2024-05-01,1123.91,1123.91,1123.8776891244,624.9448935361496
NHS/Medical Services/Nursing and Midwifery Registered/Sickness,2024-06-01,1123.91,1123.91,1123.8776891244,624.9448935361496
NHS/Medical Services/Nursing and Midwifery Registered/Sickness,2024-07-01,1123.91,1123.91,1123.8776891244,624.9448935361496
NHS/Medical Services/Nursing and Midwifery Registered/Sickness,2024-08-01,1123.91,1123.91,1123.8776891244,624.9448935361496
NHS/Medical Services/Nursing and Midwifery Registered/Sickness,2024-09-01,1123.91,1123.91,1123.8776891244,624.9448935361496
NHS/Medical Services/Nursing and Midwifery Registered/Sickness,2024-10-01,1123.91,1123.91,1123.8776891244,624.9448935361496
NHS/Medical Services/Nursing and Midwifery Registered/Sickness,2024-11-01,1123.91,1123.91,1123.8776891244,624.9448935361496
NHS/Medical Services/Nursing and Midwifery Registered/Sickness,2024-12-01,1123.91,1123.91,1123.8776891244,624.9448935361496
NHS/Medical Services/Nursing and Midwifery Registered/Sickness,2025-01-01,1123.91,1123.91,1123.8776891244,624.9448935361496
NHS/Medical Services/Nursing and Midwifery Registered/Sickness,2025-02-01,1123.91,1123.91,1123.8776891244,624.9448935361496
NHS/Medical Services/Nursing and Midwifery Registered/Sickness,2025-03-01,1123.91,1123.91,1123.8776891244,624.9448935361496
NHS/Medical Services/Nursing and Midwifery Registered/Sickness,2025-04-01,1123.91,1123.91,1123.8776891244,624.9448935361496
NHS/Medical Services/Students/Hires,2024-03-01,2.0,2.0,1.2902521658669348,5.391516487392827
NHS/Medical Services/Students/Hires,2024-04-01,2.0,2.0,1.2902521658669348,5.391516487392827
NHS/Medical Services/Students/Hires,2024-05-01,2.0,2.0,1.2902521658669348,5.391516487392827
NHS/Medical Services/Students/Hires,2024-06-01,2.0,2.0,1.2902521658669348,5.391516487392827
NHS/Medical Services/Students/Hires,2024-07-01,2.0,2.0,1.2902521658669348,5.391516487392827
NHS/Medical Services/Students/Hires,2024-08-01,2.0,2.0,1.2902521658669348,5.391516487392827
NHS/Medical Services/Students/Hires,2024-09-01,2.0,2.0,1.2902521658669348,5.391516487392827
NHS/Medical Services/Students/Hires,2024-10-01,2.0,2.0,1.2902521658669348,5.391516487392827
NHS/Medical Services/Students/Hires,2024-11-01,2.0,2.0,1.2902521658669348,5.391516487392827
NHS/Medical Services/Students/Hires,2024-12-01,2.0,2.0,1.2902521658669348,5.391516487392827
NHS/Medical Services/Students/Hires,2025-01-01,2.0,2.0,1.2902521658669348,5.391516487392827
NHS/Medical Services/Students/Hires,2025-02-01,2.0,2.0,1.2902521658669348,5.391516487392827
NHS/Medical Services/Students/Hires,2025-03-01,2.0,2.0,1.2902521658669348,5.391516487392827
NHS/Medical Services/Students/Sickness,2024-04-01,15.0,15.0,14.290252165866933,61.62758815929098
NHS/Medical Services/Students/Sickness,2024-05-01,15.0,15.0,14.290252165866933,61.62758815929098
NHS/Medical Services/Students/Sickness,2024-06-01,15.0,15.0,14.290252165866933,61.62758815929098
NHS/Medical Services/Students/Sickness,2024-07-01,15.0,15.0,14.290252165866933,61.62758815929098
NHS/Medical Services/Students/Sickness,2024-08-01,15.0,15.0,14.290252165866933,61.62758815929098
NHS/Medical Services/Students/Sickness,2024-09-01,15.0,15.0,14.290252165866933,61.62758815929098
NHS/Medical Services/Students/Sickness,2024-10-01,15.0,15.0,14.290252165866933,61.62758815929098
NHS/Medical Services/Students/Sickness,2024-11-01,15.0,15.0,14.290252165866933,61.62758815929098
NHS/Medical Services/Students/Sickness,2024-12-01,15.0,15.0,14.290252165866933,61.62758815929098
NHS/Medical Services/Students/Sickness,2025-01-01,15.0,15.0,14.290252165866933,61.62758815929098
NHS/Medical Services/Students/Sickness,2025-02-01,15.0,15.0,14.290252165866933,61.62758815929098
NHS/Medical Services/Students/Sickness,2025-03-01,15.0,15.0,14.290252165866933,61.62758815929098
NHS/Medical Services/Students/Sickness,2025-04-01,15.0,15.0,14.290252165866933,61.62758815929098
NHS/Mental Health and Learning Disabilities/Add Prof Scientific and Technic/Hires,2024-04-01,3.0,3.0,2.942201732693526,0.5717556010946083
NHS/Mental Health and Learning Disabilities/Add Prof Scientific and Technic/Hires,2024-05-01,3.0,3.0,2.942201732693526,0.5717556010946083
NHS/Mental Health and Learning Disabilities/Add Prof Scientific and Technic/Hires,2024-06-01,3.0,3.0,2.942201732693526,0.5717556010946083
NHS/Mental Health and Learning Disabilities/Add Prof Scientific and Technic/Hires,2024-07-01,3.0,3.0,2.942201732693526,0.5717556010946083
NHS/Mental Health and Learning Disabilities/Add Prof Scientific and Technic/Hires,2024-08-01,3.0,3.0,2.942201732693526,0.5717556010946083
NHS/Mental Health and Learning Disabilities/Add Prof Scientific and Technic/Hires,2024-09-01,3.0,3.0,2.942201732693526,0.5717556010946083
NHS/Mental Health and Learning Disabilities/Add Prof Scientific and Technic/Hires,2024-10-01,3.0,3.0,2.942201732693526,0.5717556010946083
NHS/Mental Health and Learning Disabilities/Add Prof Scientific and Technic/Hires,2024-11-01,3.0,3.0,2.942201732693526,0.5717556010946083
NHS/Mental Health and Learning Disabilities/Add Prof Scientific and Technic/Hires,2024-12-01,3.0,3.0,2.942201732693526,0.5717556010946083
NHS/Mental Health and Learning Disabilities/Add Prof Scientific and Technic/Hires,2025-01-01,3.0,3.0,2.942201732693526,0.5717556010946083
NHS/Mental Health and Learning Disabilities/Add Prof Scientific and Technic/Hires,2025-02-01,3.0,3.0,2.942201732693526,0.5717556010946083
NHS/Mental Health and Learning Disabilities/Add Prof Scientific and Technic/Hires,2025-03-01,3.0,3.0,2.942201732693526,0.5717556010946083
NHS/Mental Health and Learning Disabilities/Add Prof Scientific and Technic/Hires,2025-04-01,3.0,3.0,2.942201732693526,0.5717556010946083
NHS/Mental Health and Learning Disabilities/Add Prof Scientific and Technic/Leavers,2024-04-01,3.0,3.0,2.942201732693537,-20.26956296632636
NHS/Mental Health and Learning Disabilities/Add Prof Scientific and Technic/Leavers,2024-05-01,3.0,3.0,2.942201732693537,-20.26956296632636
NHS/Mental Health and Learning Disabilities/Add Prof Scientific and Technic/Leavers,2024-06-01,3.0,3.0,2.942201732693537,-20.26956296632636
NHS/Mental Health and Learning Disabilities/Add Prof Scientific and Technic/Leavers,2024-07-01,3.0,3.0,2.942201732693537,-20.26956296632636
NHS/Mental Health and Learning Disabilities/Add Prof Scientific and Technic/Leavers,2024-08-01,3.0,3.0,2.942201732693537,-20.26956296632636
NHS/Mental Health and Learning Disabilities/Add Prof Scientific and Technic/Leavers,2024-09-01,3.0,3.0,2.942201732693537,-20.26956296632636
NHS/Mental Health and Learning Disabilities/Add Prof Scientific and Technic/Leavers,2024-10-01,3.0,3.0,2.942201732693537,-20.26956296632636
NHS/Mental Health and Learning Disabilities/Add Prof Scientific and Technic/Leavers,2024-11-01,3.0,3.0,2.942201732693537,-20.26956296632636
NHS/Mental Health and Learning Disabilities/Add Prof Scientific and Technic/Leavers,2024-12-01,3.0,3.0,2.942201732693537,-20.26956296632636
NHS/Mental Health and Learning Disabilities/Add Prof Scientific and Technic/Leavers,2025-01-01,3.0,3.0,2.942201732693537,-20.26956296632636
NHS/Mental Health and Learning Disabilities/Add Prof Scientific and Technic/Leavers,2025-02-01,3.0,3.0,2.942201732693537,-20.26956296632636
NHS/Mental Health and Learning Disabilities/Add Prof Scientific and Technic/Leavers,2025-03-01,3.0,3.0,2.942201732693537,-20.26956296632636
NHS/Mental Health and Learning Disabilities/Add Prof Scientific and Technic/Leavers,2025-04-01,3.0,3.0,2.942201732693537,-20.26956296632636
NHS/Mental Health and Learning Disabilities/Add Prof Scientific and Technic/Sickness,2024-04-01,319.46000000000004,319.46000000000004,319.40220173269347,1097.2151215046686
NHS/Mental Health and Learning Disabilities/Add Prof Scientific and Technic/Sickness,2024-05-01,319.46000000000004,319.46000000000004,319.40220173269347,1097.2151215046686
NHS/Mental Health and Learning Disabilities/Add Prof Scientific and Technic/Sickness,2024-06-01,319.46000000000004,319.46000000000004,319.40220173269347,1097.2151215046686
NHS/Mental Health and Learning Disabilities/Add Prof Scientific and Technic/Sickness,2024-07-01,319.46000000000004,319.46000000000004,319.40220173269347,1097.2151215046686
NHS/Mental Health and Learning Disabilities/Add Prof Scientific and Technic/Sickness,2024-08-01,319.46000000000004,319.46000000000004,319.40220173269347,1097.2151215046686
NHS/Mental Health and Learning Disabilities/Add Prof Scientific and Technic/Sickness,2024-09-01,319.46000000000004,319.46000000000004,319.40220173269347,1097.2151215046686
NHS/Mental Health and Learning Disabilities/Add Prof Scientific and Technic/Sickness,2024-10-01,319.46000000000004,319.46000000000004,319.40220173269347,1097.2151215046686
NHS/Mental Health and Learning Disabilities/Add Prof Scientific and Technic/Sickness,2024-11-01,319.46000000000004,319.46000000000004,319.40220173269347,1097.2151215046686
NHS/Mental Health and Learning Disabilities/Add Prof Scientific and Technic/Sickness,2024-12-01,319.46000000000004,319.46000000000004,319.40220173269347,1097.2151215046686
NHS/Mental Health and Learning Disabilities/Add Prof Scientific and Technic/Sickness,2025-01-01,319.46000000000004,319.46000000000004,319.40220173269347,1097.2151215046686
NHS/Mental Health and Learning Disabilities/Add Prof Scientific and Technic/Sickness,2025-02-01,319.46000000000004,319.46000000000004,319.40220173269347,1097.2151215046686
NHS/Mental Health and Learning Disabilities/Add Prof Scientific and Technic/Sickness,2025-03-01,319.46000000000004,319.46000000000004,319.40220173269347,1097.2151215046686
NHS/Mental Health and Learning Disabilities/Add Prof Scientific and Technic/Sickness,2025-04-01,319.46000000000004,319.46000000000004,319.40220173269347,1097.2151215046686
NHS/Mental Health and Learning Disabilities/Additional Clinical Services/Hires,2024-04-01,4.0,4.0,3.942201732693509,94.54948453245174
NHS/Mental Health and Learning Disabilities/Additional Clinical Services/Hires,2024-05-01,4.0,4.0,3.942201732693509,94.54948453245174
NHS/Mental Health and Learning Disabilities/Additional Clinical Services/Hires,2024-06-01,4.0,4.0,3.942201732693509,94.54948453245174
NHS/Mental Health and Learning Disabilities/Additional Clinical Services/Hires,2024-07-01,4.0,4.0,3.942201732693509,94.54948453245174
NHS/Mental Health and Learning Disabilities/Additional Clinical Services/Hires,2024-08-01,4.0,4.0,3.942201732693509,94.54948453245174
NHS/Mental Health and Learning Disabilities/Additional Clinical Services/Hires,2024-09-01,4.0,4.0,3.942201732693509,94.54948453245174
NHS/Mental Health and Learning Disabilities/Additional Clinical Services/Hires,2024-10-01,4.0,4.0,3.942201732693509,94.54948453245174
NHS/Mental Health and Learning Disabilities/Additional Clinical Services/Hires,2024-11-01,4.0,4.0,3.942201732693509,94.54948453245174
NHS/Mental Health and Learning Disabilities/Additional Clinical Services/Hires,2024-12-01,4.0,4.0,3.942201732693509,94.54948453245174
NHS/Mental Health and Learning Disabilities/Additional Clinical Services/Hires,2025-01-01,4.0,4.0,3.942201732693509,94.54948453245174
NHS/Mental Health and Learning Disabilities/Additional Clinical Services/Hires,2025-02-01,4.0,4.0,3.942201732693509,94.54948453245174
NHS/Mental Health and Learning Disabilities/Additional Clinical Services/Hires,2025-03-01,4.0,4.0,3.942201732693509,94.54948453245174
NHS/Mental Health and Learning Disabilities/Additional Clinical Services/Hires,2025-04-01,4.0,4.0,3.942201732693509,94.54948453245174
NHS/Mental Health and Learning Disabilities/Additional Clinical Services/Leavers,2024-04-01,3.0,3.0,2.9422017326935106,22.04451218704343
NHS/Mental Health and Learning Disabilities/Additional Clinical Services/Leavers,2024-05-01,3.0,3.0,2.9422017326935106,22.04451218704343
NHS/Mental Health and Learning Disabilities/Additional Clinical Services/Leavers,2024-06-01,3.0,3.0,2.9422017326935106,22.04451218704343
NHS/Mental Health and Learning Disabilities/Additional Clinical Services/Leavers,2024-07-01,3.0,3.0,2.9422017326935106,22.04451218704343
NHS/Mental Health and Learning Disabilities/Additional Clinical Services/Leavers,2024-08-01,3.0,3.0,2.9422017326935106,22.04451218704343
NHS/Mental Health and Learning Disabilities/Additional Clinical Services/Leavers,2024-09-01,3.0,3.0,2.9422017326935106,22.04451218704343
NHS/Mental Health and Learning Disabilities/Additional Clinical Services/Leavers,2024-10-01,3.0,3.0,2.9422017326935106,22.04451218704343
NHS/Mental Health and Learning Disabilities/Additional Clinical Services/Leavers,2024-11-01,3.0,3.0,2.9422017326935106,22.04451218704343
NHS/Mental Health and Learning Disabilities/Additional Clinical Services/Leavers,2024-12-01,3.0,3.0,2.9422017326935106,22.04451218704343
NHS/Mental Health and Learning Disabilities/Additional Clinical Services/Leavers,2025-01-01,3.0,3.0,2.9422017326935106,22.04451218704343
NHS/Mental Health and Learning Disabilities/Additional Clinical Services/Leavers,2025-02-01,3.0,3.0,2.9422017326935106,22.04451218704343
NHS/Mental Health and Learning Disabilities/Additional Clinical Services/Leavers,2025-03-01,3.0,3.0,2.9422017326935106,22.04451218704343
NHS/Mental Health and Learning Disabilities/Additional Clinical Services/Leavers,2025-04-01,3.0,3.0,2.9422017326935106,22.04451218704343
NHS/Mental Health and Learning Disabilities/Additional Clinical Services/Sickness,2024-04-01,909.87,909.87,909.812201732694,1214.2282308034307
NHS/Mental Health and Learning Disabilities/Additional Clinical Services/Sickness,2024-05-01,909.87,909.87,909.812201732694,1214.2282308034307
NHS/Mental Health and Learning Disabilities/Additional Clinical Services/Sickness,2024-06-01,909.87,909.87,909.812201732694,1214.2282308034307
NHS/Mental Health and Learning Disabilities/Additional Clinical Services/Sickness,2024-07-01,909.87,909.87,909.812201732694,1214.2282308034307
NHS/Mental Health and Learning Disabilities/Additional Clinical Services/Sickness,2024-08-01,909.87,909.87,909.812201732694,1214.2282308034307
NHS/Mental Health and Learning Disabilities/Additional Clinical Services/Sickness,2024-09-01,909.87,909.87,909.812201732694,1214.2282308034307
NHS/Mental Health and Learning Disabilities/Additional Clinical Services/Sickness,2024-10-01,909.87,909.87,909.812201732694,1214.2282308034307
NHS/Mental Health and Learning Disabilities/Additional Clinical Services/Sickness,2024-11-01,909.87,909.87,909.812201732694,1214.2282308034307
NHS/Mental Health and Learning Disabilities/Additional Clinical Services/Sickness,2024-12-01,909.87,909.87,909.812201732694,1214.2282308034307
NHS/Mental Health and Learning Disabilities/Additional Clinical Services/Sickness,2025-01-01,909.87,909.87,909.812201732694,1214.2282308034307
NHS/Mental Health and Learning Disabilities/Additional Clinical Services/Sickness,2025-02-01,909.87,909.87,909.812201732694,1214.2282308034307
NHS/Mental Health and Learning Disabilities/Additional Clinical Services/Sickness,2025-03-01,909.87,909.87,909.812201732694,1214.2282308034307
NHS/Mental Health and Learning Disabilities/Additional Clinical Services/Sickness,2025-04-01,909.87,909.87,909.812201732694,1214.2282308034307
NHS/Mental Health and Learning Disabilities/Administrative and Clerical/Hires,2024-04-01,2.0,2.0,1.9422017326935486,3.429525041265978
NHS/Mental Health and Learning Disabilities/Administrative and Clerical/Hires,2024-05-01,2.0,2.0,1.9422017326935486,3.429525041265978
NHS/Mental Health and Learning Disabilities/Administrative and Clerical/Hires,2024-06-01,2.0,2.0,1.9422017326935486,3.429525041265978
NHS/Mental Health and Learning Disabilities/Administrative and Clerical/Hires,2024-07-01,2.0,2.0,1.9422017326935486,3.429525041265978
NHS/Mental Health and Learning Disabilities/Administrative and Clerical/Hires,2024-08-01,2.0,2.0,1.9422017326935486,3.429525041265978
NHS/Mental Health and Learning Disabilities/Administrative and Clerical/Hires,2024-09-01,2.0,2.0,1.9422017326935486,3.429525041265978
NHS/Mental Health and Learning Disabilities/Administrative and Clerical/Hires,2024-10-01,2.0,2.0,1.9422017326935486,3.429525041265978
NHS/Mental Health and Learning Disabilities/Administrative and Clerical/Hires,2024-11-01,2.0,2.0,1.9422017326935486,3.429525041265978
NHS/Mental Health and Learning Disabilities/Administrative and Clerical/Hires,2024-12-01,2.0,2.0,1.9422017326935486,3.429525041265978
NHS/Mental Health and Learning Disabilities/Administrative and Clerical/Hires,2025-01-01,2.0,2.0,1.9422017326935486,3.429525041265978
NHS/Mental Health and Learning Disabilities/Administrative and Clerical/Hires,2025-02-01,2.0,2.0,1.9422017326935486,3.429525041265978
NHS/Mental Health and Learning Disabilities/Administrative and Clerical/Hires,2025-03-01,2.0,2.0,1.9422017326935486,3.429525041265978
NHS/Mental Health and Learning Disabilities/Administrative and Clerical/Hires,2025-04-01,2.0,2.0,1.9422017326935486,3.429525041265978
NHS/Mental Health and Learning Disabilities/Administrative and Clerical/Leavers,2024-04-01,3.0,3.0,2.942201732693549,-1.133003295694425
NHS/Mental Health and Learning Disabilities/Administrative and Clerical/Leavers,2024-05-01,3.0,3.0,2.942201732693549,-1.133003295694425
NHS/Mental Health and Learning Disabilities/Administrative and Clerical/Leavers,2024-06-01,3.0,3.0,2.942201732693549,-1.133003295694425
NHS/Mental Health and Learning Disabilities/Administrative and Clerical/Leavers,2024-07-01,3.0,3.0,2.942201732693549,-1.133003295694425
NHS/Mental Health and Learning Disabilities/Administrative and Clerical/Leavers,2024-08-01,3.0,3.0,2.942201732693549,-1.133003295694425
NHS/Mental Health and Learning Disabilities/Administrative and Clerical/Leavers,2024-09-01,3.0,3.0,2.942201732693549,-1.133003295694425
NHS/Mental Health and Learning Disabilities/Administrative and Clerical/Leavers,2024-10-01,3.0,3.0,2.942201732693549,-1.133003295694425
NHS/Mental Health and Learning Disabilities/Administrative and Clerical/Leavers,2024-11-01,3.0,3.0,2.942201732693549,-1.133003295694425
NHS/Mental Health and Learning Disabilities/Administrative and Clerical/Leavers,2024-12-01,3.0,3.0,2.942201732693549,-1.133003295694425
NHS/Mental Health and Learning Disabilities/Administrative and Clerical/Leavers,2025-01-01,3.0,3.0,2.942201732693549,-1.133003295694425
NHS/Mental Health and Learning Disabilities/Administrative and Clerical/Leavers,2025-02-01,3.0,3.0,2.942201732693549,-1.133003295694425
NHS/Mental Health and Learning Disabilities/Administrative and Clerical/Leavers,2025-03-01,3.0,3.0,2.942201732693549,-1.133003295694425
NHS/Mental Health and Learning Disabilities/Administrative and Clerical/Leavers,2025-04-01,3.0,3.0,2.942201732693549,-1.133003295694425
NHS/Mental Health and Learning Disabilities/Administrative and Clerical/Sickness,2024-04-01,223.07,223.07,223.01220173269365,294.4958897057479
NHS/Mental Health and Learning Disabilities/Administrative and Clerical/Sickness,2024-05-01,223.07,223.07,223.01220173269365,294.4958897057479
NHS/Mental Health and Learning Disabilities/Administrative and Clerical/Sickness,2024-06-01,223.07,223.07,223.01220173269365,294.4958897057479
NHS/Mental Health and Learning Disabilities/Administrative and Clerical/Sickness,2024-07-01,223.07,223.07,223.01220173269365,294.4958897057479
NHS/Mental Health and Learning Disabilities/Administrative and Clerical/Sickness,2024-08-01,223.07,223.07,223.01220173269365,294.4958897057479
NHS/Mental Health and Learning Disabilities/Administrative and Clerical/Sickness,2024-09-01,223.07,223.07,223.01220173269365,294.4958897057479
NHS/Mental Health and Learning Disabilities/Administrative and Clerical/Sickness,2024-10-01,223.07,223.07,223.01220173269365,294.4958897057479
NHS/Mental Health and Learning Disabilities/Administrative and Clerical/Sickness,2024-11-01,223.07,223.07,223.01220173269365,294.4958897057479
NHS/Mental Health and Learning Disabilities/Administrative and Clerical/Sickness,2024-12-01,223.07,223.07,223.01220173269365,294.4958897057479
NHS/Mental Health and Learning Disabilities/Administrative and Clerical/Sickness,2025-01-01,223.07,223.07,223.01220173269365,294.4958897057479
NHS/Mental Health and Learning Disabilities/Administrative and Clerical/Sickness,2025-02-01,223.07,223.07,223.01220173269365,294.4958897057479
NHS/Mental Health and Learning Disabilities/Administrative and Clerical/Sickness,2025-03-01,223.07,223.07,223.01220173269365,294.4958897057479
NHS/Mental Health and Learning Disabilities/Administrative and Clerical/Sickness,2025-04-01,223.07,223.07,223.01220173269365,294.4958897057479
NHS/Mental Health and Learning Disabilities/Allied Health Professionals/Hires,2024-03-01,2.0,2.0,1.1922017326935188,20.059890962660408
NHS/Mental Health and Learning Disabilities/Allied Health Professionals/Hires,2024-04-01,2.0,2.0,1.1922017326935188,20.059890962660408
NHS/Mental Health and Learning Disabilities/Allied Health Professionals/Hires,2024-05-01,2.0,2.0,1.1922017326935188,20.059890962660408
NHS/Mental Health and Learning Disabilities/Allied Health Professionals/Hires,2024-06-01,2.0,2.0,1.1922017326935188,20.059890962660408
NHS/Mental Health and Learning Disabilities/Allied Health Professionals/Hires,2024-07-01,2.0,2.0,1.1922017326935188,20.059890962660408
NHS/Mental Health and Learning Disabilities/Allied Health Professionals/Hires,2024-08-01,2.0,2.0,1.1922017326935188,20.059890962660408
NHS/Mental Health and Learning Disabilities/Allied Health Professionals/Hires,2024-09-01,2.0,2.0,1.1922017326935188,20.059890962660408
NHS/Mental Health and Learning Disabilities/Allied Health Professionals/Hires,2024-10-01,2.0,2.0,1.1922017326935188,20.059890962660408
NHS/Mental Health and Learning Disabilities/Allied Health Professionals/Hires,2024-11-01,2.0,2.0,1.1922017326935188,20.059890962660408
NHS/Mental Health and Learning Disabilities/Allied Health Professionals/Hires,2024-12-01,2.0,2.0,1.1922017326935188,20.059890962660408
NHS/Mental Health and Learning Disabilities/Allied Health Professionals/Hires,2025-01-01,2.0,2.0,1.1922017326935188,20.059890962660408
NHS/Mental Health and Learning Disabilities/Allied Health Professionals/Hires,2025-02-01,2.0,2.0,1.1922017326935188,20.059890962660408
NHS/Mental Health and Learning Disabilities/Allied Health Professionals/Hires,2025-03-01,2.0,2.0,1.1922017326935188,20.059890962660408
NHS/Mental Health and Learning Disabilities/Allied Health Professionals/Leavers,2024-03-01,1.0,1.0,0.1922017326935181,1.8258555158215843
NHS/Mental Health and Learning Disabilities/Allied Health Professionals/Leavers,2024-04-01,1.0,1.0,0.1922017326935181,1.8258555158215843
NHS/Mental Health and Learning Disabilities/Allied Health Professionals/Leavers,2024-05-01,1.0,1.0,0.1922017326935181,1.8258555158215843
NHS/Mental Health and Learning Disabilities/Allied Health Professionals/Leavers,2024-06-01,1.0,1.0,0.1922017326935181,1.8258555158215843
NHS/Mental Health and Learning Disabilities/Allied Health Professionals/Leavers,2024-07-01,1.0,1.0,0.1922017326935181,1.8258555158215843
NHS/Mental Health and Learning Disabilities/Allied Health Professionals/Leavers,2024-08-01,1.0,1.0,0.1922017326935181,1.8258555158215843
NHS/Mental Health and Learning Disabilities/Allied Health Professionals/Leavers,2024-09-01,1.0,1.0,0.1922017326935181,1.8258555158215843
NHS/Mental Health and Learning Disabilities/Allied Health Professionals/Leavers,2024-10-01,1.0,1.0,0.1922017326935181,1.8258555158215843
NHS/Mental Health and Learning Disabilities/Allied Health Professionals/Leavers,2024-11-01,1.0,1.0,0.1922017326935181,1.8258555158215843
NHS/Mental Health and Learning Disabilities/Allied Health Professionals/Leavers,2024-12-01,1.0,1.0,0.1922017326935181,1.8258555158215843
NHS/Mental Health and Learning Disabilities/Allied Health Professionals/Leavers,2025-01-01,1.0,1.0,0.1922017326935181,1.8258555158215843
NHS/Mental Health and Learning Disabilities/Allied Health Professionals/Leavers,2025-02-01,1.0,1.0,0.1922017326935181,1.8258555158215843
NHS/Mental Health and Learning Disabilities/Allied Health Professionals/Leavers,2025-03-01,1.0,1.0,0.1922017326935181,1.8258555158215843
NHS/Mental Health and Learning Disabilities/Allied Health Professionals/Sickness,2024-04-01,58.35,58.35,57.54220173269353,179.26424080132975
NHS/Mental Health and Learning Disabilities/Allied Health Professionals/Sickness,2024-05-01,58.35,58.35,57.54220173269353,179.26424080132975
NHS/Mental Health and Learning Disabilities/Allied Health Professionals/Sickness,2024-06-01,58.35,58.35,57.54220173269353,179.26424080132975
NHS/Mental Health and Learning Disabilities/Allied Health Professionals/Sickness,2024-07-01,58.35,58.35,57.54220173269353,179.26424080132975
NHS/Mental Health and Learning Disabilities/Allied Health Professionals/Sickness,2024-08-01,58.35,58.35,57.54220173269353,179.26424080132975
NHS/Mental Health and Learning Disabilities/Allied Health Professionals/Sickness,2024-09-01,58.35,58.35,57.54220173269353,179.26424080132975
NHS/Mental Health and Learning Disabilities/Allied Health Professionals/Sickness,2024-10-01,58.35,58.35,57.54220173269353,179.26424080132975
NHS/Mental Health and Learning Disabilities/Allied Health Professionals/Sickness,2024-11-01,58.35,58.35,57.54220173269353,179.26424080132975
NHS/Mental Health and Learning Disabilities/Allied Health Professionals/Sickness,2024-12-01,58.35,58.35,57.54220173269353,179.26424080132975
NHS/Mental Health and Learning Disabilities/Allied Health Professionals/Sickness,2025-01-01,58.35,58.35,57.54220173269353,179.26424080132975
NHS/Mental Health and Learning Disabilities/Allied Health Professionals/Sickness,2025-02-01,58.35,58.35,57.54220173269353,179.26424080132975
NHS/Mental Health and Learning Disabilities/Allied Health Professionals/Sickness,2025-03-01,58.35,58.35,57.54220173269353,179.26424080132975
NHS/Mental Health and Learning Disabilities/Allied Health Professionals/Sickness,2025-04-01,58.35,58.35,57.54220173269353,179.26424080132975
NHS/Mental Health and Learning Disabilities/Estates and Ancillary/Hires,2024-03-01,1.0,1.0,0.44220173269348984,23.75454633452566
NHS/Mental Health and Learning Disabilities/Estates and Ancillary/Hires,2024-04-01,1.0,1.0,0.44220173269348984,23.75454633452566
NHS/Mental Health and Learning Disabilities/Estates and Ancillary/Hires,2024-05-01,1.0,1.0,0.44220173269348984,23.75454633452566
NHS/Mental Health and Learning Disabilities/Estates and Ancillary/Hires,2024-06-01,1.0,1.0,0.44220173269348984,23.75454633452566
NHS/Mental Health and Learning Disabilities/Estates and Ancillary/Hires,2024-07-01,1.0,1.0,0.44220173269348984,23.75454633452566
NHS/Mental Health and Learning Disabilities/Estates and Ancillary/Hires,2024-08-01,1.0,1.0,0.44220173269348984,23.75454633452566
NHS/Mental Health and Learning Disabilities/Estates and Ancillary/Hires,2024-09-01,1.0,1.0,0.44220173269348984,23.75454633452566
NHS/Mental Health and Learning Disabilities/Estates and Ancillary/Hires,2024-10-01,1.0,1.0,0.44220173269348984,23.75454633452566
NHS/Mental Health and Learning Disabilities/Estates and Ancillary/Hires,2024-11-01,1.0,1.0,0.44220173269348984,23.75454633452566
NHS/Mental Health and Learning Disabilities/Estates and Ancillary/Hires,2024-12-01,1.0,1.0,0.44220173269348984,23.75454633452566
NHS/Mental Health and Learning Disabilities/Estates and Ancillary/Hires,2025-01-01,1.0,1.0,0.44220173269348984,23.75454633452566
NHS/Mental Health and Learning Disabilities/Estates and Ancillary/Hires,2025-02-01,1.0,1.0,0.44220173269348984,23.75454633452566
NHS/Mental Health and Learning Disabilities/Estates and Ancillary/Hires,2025-03-01,1.0,1.0,0.44220173269348984,23.75454633452566
NHS/Mental Health and Learning Disabilities/Estates and Ancillary/Leavers,2024-02-01,1.0,1.0,0.44220173269348984,18.318607773471392
NHS/Mental Health and Learning Disabilities/Estates and Ancillary/Leavers,2024-03-01,1.0,1.0,0.44220173269348984,18.318607773471392
NHS/Mental Health and Learning Disabilities/Estates and Ancillary/Leavers,2024-04-01,1.0,1.0,0.44220173269348984,18.318607773471392
NHS/Mental Health and Learning Disabilities/Estates and Ancillary/Leavers,2024-05-01,1.0,1.0,0.44220173269348984,18.318607773471392
NHS/Mental Health and Learning Disabilities/Estates and Ancillary/Leavers,2024-06-01,1.0,1.0,0.44220173269348984,18.318607773471392
NHS/Mental Health and Learning Disabilities/Estates and Ancillary/Leavers,2024-07-01,1.0,1.0,0.44220173269348984,18.318607773471392
NHS/Mental Health and Learning Disabilities/Estates and Ancillary/Leavers,2024-08-01,1.0,1.0,0.44220173269348984,18.318607773471392
NHS/Mental Health and Learning Disabilities/Estates and Ancillary/Leavers,2024-09-01,1.0,1.0,0.44220173269348984,18.318607773471392
NHS/Mental Health and Learning Disabilities/Estates and Ancillary/Leavers,2024-10-01,1.0,1.0,0.44220173269348984,18.318607773471392
NHS/Mental Health and Learning Disabilities/Estates and Ancillary/Leavers,2024-11-01,1.0,1.0,0.44220173269348984,18.318607773471392
NHS/Mental Health and Learning Disabilities/Estates and Ancillary/Leavers,2024-12-01,1.0,1.0,0.44220173269348984,18.318607773471392
NHS/Mental Health and Learning Disabilities/Estates and Ancillary/Leavers,2025-01-01,1.0,1.0,0.44220173269348984,18.318607773471392
NHS/Mental Health and Learning Disabilities/Estates and Ancillary/Leavers,2025-02-01,1.0,1.0,0.44220173269348984,18.318607773471392
NHS/Mental Health and Learning Disabilities/Estates and Ancillary/Sickness,2024-04-01,130.68,130.68,130.12220173269353,239.90098209439793
NHS/Mental Health and Learning Disabilities/Estates and Ancillary/Sickness,2024-05-01,130.68,130.68,130.12220173269353,239.90098209439793
NHS/Mental Health and Learning Disabilities/Estates and Ancillary/Sickness,2024-06-01,130.68,130.68,130.12220173269353,239.90098209439793
NHS/Mental Health and Learning Disabilities/Estates and Ancillary/Sickness,2024-07-01,130.68,130.68,130.12220173269353,239.90098209439793
NHS/Mental Health and Learning Disabilities/Estates and Ancillary/Sickness,2024-08-01,130.68,130.68,130.12220173269353,239.90098209439793
NHS/Mental Health and Learning Disabilities/Estates and Ancillary/Sickness,2024-09-01,130.68,130.68,130.12220173269353,239.90098209439793
NHS/Mental Health and Learning Disabilities/Estates and Ancillary/Sickness,2024-10-01,130.68,130.68,130.12220173269353,239.90098209439793
NHS/Mental Health and Learning Disabilities/Estates and Ancillary/Sickness,2024-11-01,130.68,130.68,130.12220173269353,239.90098209439793
NHS/Mental Health and Learning Disabilities/Estates and Ancillary/Sickness,2024-12-01,130.68,130.68,130.12220173269353,239.90098209439793
NHS/Mental Health and Learning Disabilities/Estates and Ancillary/Sickness,2025-01-01,130.68,130.68,130.12220173269353,239.90098209439793
NHS/Mental Health and Learning Disabilities/Estates and Ancillary/Sickness,2025-02-01,130.68,130.68,130.12220173269353,239.90098209439793
NHS/Mental Health and Learning Disabilities/Estates and Ancillary/Sickness,2025-03-01,130.68,130.68,130.12220173269353,239.90098209439793
NHS/Mental Health and Learning Disabilities/Estates and Ancillary/Sickness,2025-04-01,130.68,130.68,130.12220173269353,239.90098209439793
NHS/Mental Health and Learning Disabilities/Medical and Dental/Hires,2024-04-01,2.0,2.0,1.9422017326935155,2.8368563975632526
NHS/Mental Health and Learning Disabilities/Medical and Dental/Hires,2024-05-01,2.0,2.0,1.9422017326935155,2.8368563975632526
NHS/Mental Health and Learning Disabilities/Medical and Dental/Hires,2024-06-01,2.0,2.0,1.9422017326935155,2.8368563975632526
NHS/Mental Health and Learning Disabilities/Medical and Dental/Hires,2024-07-01,2.0,2.0,1.9422017326935155,2.8368563975632526
NHS/Mental Health and Learning Disabilities/Medical and Dental/Hires,2024-08-01,2.0,2.0,1.9422017326935155,2.8368563975632526
NHS/Mental Health and Learning Disabilities/Medical and Dental/Hires,2024-09-01,2.0,2.0,1.9422017326935155,2.8368563975632526
NHS/Mental Health and Learning Disabilities/Medical and Dental/Hires,2024-10-01,2.0,2.0,1.9422017326935155,2.8368563975632526
NHS/Mental Health and Learning Disabilities/Medical and Dental/Hires,2024-11-01,2.0,2.0,1.9422017326935155,2.8368563975632526
NHS/Mental Health and Learning Disabilities/Medical and Dental/Hires,2024-12-01,2.0,2.0,1.9422017326935155,2.8368563975632526
NHS/Mental Health and Learning Disabilities/Medical and Dental/Hires,2025-01-01,2.0,2.0,1.9422017326935155,2.8368563975632526
NHS/Mental Health and Learning Disabilities/Medical and Dental/Hires,2025-02-01,2.0,2.0,1.9422017326935155,2.8368563975632526
NHS/Mental Health and Learning Disabilities/Medical and Dental/Hires,2025-03-01,2.0,2.0,1.9422017326935155,2.8368563975632526
NHS/Mental Health and Learning Disabilities/Medical and Dental/Hires,2025-04-01,2.0,2.0,1.9422017326935155,2.8368563975632526
NHS/Mental Health and Learning Disabilities/Medical and Dental/Leavers,2024-04-01,2.0,2.0,1.9422017326934853,-6.428088858298805
NHS/Mental Health and Learning Disabilities/Medical and Dental/Leavers,2024-05-01,2.0,2.0,1.9422017326934853,-6.428088858298805
NHS/Mental Health and Learning Disabilities/Medical and Dental/Leavers,2024-06-01,2.0,2.0,1.9422017326934853,-6.428088858298805
NHS/Mental Health and Learning Disabilities/Medical and Dental/Leavers,2024-07-01,2.0,2.0,1.9422017326934853,-6.428088858298805
NHS/Mental Health and Learning Disabilities/Medical and Dental/Leavers,2024-08-01,2.0,2.0,1.9422017326934853,-6.428088858298805
NHS/Mental Health and Learning Disabilities/Medical and Dental/Leavers,2024-09-01,2.0,2.0,1.9422017326934853,-6.428088858298805
NHS/Mental Health and Learning Disabilities/Medical and Dental/Leavers,2024-10-01,2.0,2.0,1.9422017326934853,-6.428088858298805
NHS/Mental Health and Learning Disabilities/Medical and Dental/Leavers,2024-11-01,2.0,2.0,1.9422017326934853,-6.428088858298805
NHS/Mental Health and Learning Disabilities/Medical and Dental/Leavers,2024-12-01,2.0,2.0,1.9422017326934853,-6.428088858298805
NHS/Mental Health and Learning Disabilities/Medical and Dental/Leavers,2025-01-01,2.0,2.0,1.9422017326934853,-6.428088858298805
NHS/Mental Health and Learning Disabilities/Medical and Dental/Leavers,2025-02-01,2.0,2.0,1.9422017326934853,-6.428088858298805
NHS/Mental Health and Learning Disabilities/Medical and Dental/Leavers,2025-03-01,2.0,2.0,1.9422017326934853,-6.428088858298805
NHS/Mental Health and Learning Disabilities/Medical and Dental/Leavers,2025-04-01,2.0,2.0,1.9422017326934853,-6.428088858298805
NHS/Mental Health and Learning Disabilities/Medical and Dental/Sickness,2024-04-01,37.0,37.0,36.94220173269349,336.16840300918955
NHS/Mental Health and Learning Disabilities/Medical and Dental/Sickness,2024-05-01,37.0,37.0,36.94220173269349,336.16840300918955
NHS/Mental Health and Learning Disabilities/Medical and Dental/Sickness,2024-06-01,37.0,37.0,36.94220173269349,336.16840300918955
NHS/Mental Health and Learning Disabilities/Medical and Dental/Sickness,2024-07-01,37.0,37.0,36.94220173269349,336.16840300918955
NHS/Mental Health and Learning Disabilities/Medical and Dental/Sickness,2024-08-01,37.0,37.0,36.94220173269349,336.16840300918955
NHS/Mental Health and Learning Disabilities/Medical and Dental/Sickness,2024-09-01,37.0,37.0,36.94220173269349,336.16840300918955
NHS/Mental Health and Learning Disabilities/Medical and Dental/Sickness,2024-10-01,37.0,37.0,36.94220173269349,336.16840300918955
NHS/Mental Health and Learning Disabilities/Medical and Dental/Sickness,2024-11-01,37.0,37.0,36.94220173269349,336.16840300918955
NHS/Mental Health and Learning Disabilities/Medical and Dental/Sickness,2024-12-01,37.0,37.0,36.94220173269349,336.16840300918955
NHS/Mental Health and Learning Disabilities/Medical and Dental/Sickness,2025-01-01,37.0,37.0,36.94220173269349,336.16840300918955
NHS/Mental Health and Learning Disabilities/Medical and Dental/Sickness,2025-02-01,37.0,37.0,36.94220173269349,336.16840300918955
NHS/Mental Health and Learning Disabilities/Medical and Dental/Sickness,2025-03-01,37.0,37.0,36.94220173269349,336.16840300918955
NHS/Mental Health and Learning Disabilities/Medical and Dental/Sickness,2025-04-01,37.0,37.0,36.94220173269349,336.16840300918955
NHS/Mental Health and Learning Disabilities/Nursing and Midwifery Registered/Hires,2024-04-01,1.0,1.0,0.9422017326934002,13.625601687403895
NHS/Mental Health and Learning Disabilities/Nursing and Midwifery Registered/Hires,2024-05-01,1.0,1.0,0.9422017326934002,13.625601687403895
NHS/Mental Health and Learning Disabilities/Nursing and Midwifery Registered/Hires,2024-06-01,1.0,1.0,0.9422017326934002,13.625601687403895
NHS/Mental Health and Learning Disabilities/Nursing and Midwifery Registered/Hires,2024-07-01,1.0,1.0,0.9422017326934002,13.625601687403895
NHS/Mental Health and Learning Disabilities/Nursing and Midwifery Registered/Hires,2024-08-01,1.0,1.0,0.9422017326934002,13.625601687403895
NHS/Mental Health and Learning Disabilities/Nursing and Midwifery Registered/Hires,2024-09-01,1.0,1.0,0.9422017326934002,13.625601687403895
NHS/Mental Health and Learning Disabilities/Nursing and Midwifery Registered/Hires,2024-10-01,1.0,1.0,0.9422017326934002,13.625601687403895
NHS/Mental Health and Learning Disabilities/Nursing and Midwifery Registered/Hires,2024-11-01,1.0,1.0,0.9422017326934002,13.625601687403895
NHS/Mental Health and Learning Disabilities/Nursing and Midwifery Registered/Hires,2024-12-01,1.0,1.0,0.9422017326934002,13.625601687403895
NHS/Mental Health and Learning Disabilities/Nursing and Midwifery Registered/Hires,2025-01-01,1.0,1.0,0.9422017326934002,13.625601687403895
NHS/Mental Health and Learning Disabilities/Nursing and Midwifery Registered/Hires,2025-02-01,1.0,1.0,0.9422017326934002,13.625601687403895
NHS/Mental Health and Learning Disabilities/Nursing and Midwifery Registered/Hires,2025-03-01,1.0,1.0,0.9422017326934002,13.625601687403895
NHS/Mental Health and Learning Disabilities/Nursing and Midwifery Registered/Hires,2025-04-01,1.0,1.0,0.9422017326934002,13.625601687403895
NHS/Mental Health and Learning Disabilities/Nursing and Midwifery Registered/Leavers,2024-04-01,4.0,4.0,3.9422017326934,-6.489865565302314
NHS/Mental Health and Learning Disabilities/Nursing and Midwifery Registered/Leavers,2024-05-01,4.0,4.0,3.9422017326934,-6.489865565302314
NHS/Mental Health and Learning Disabilities/Nursing and Midwifery Registered/Leavers,2024-06-01,4.0,4.0,3.9422017326934,-6.489865565302314
NHS/Mental Health and Learning Disabilities/Nursing and Midwifery Registered/Leavers,2024-07-01,4.0,4.0,3.9422017326934,-6.489865565302314
NHS/Mental Health and Learning Disabilities/Nursing and Midwifery Registered/Leavers,2024-08-01,4.0,4.0,3.9422017326934,-6.489865565302314
NHS/Mental Health and Learning Disabilities/Nursing and Midwifery Registered/Leavers,2024-09-01,4.0,4.0,3.9422017326934,-6.489865565302314
NHS/Mental Health and Learning Disabilities/Nursing and Midwifery Registered/Leavers,2024-10-01,4.0,4.0,3.9422017326934,-6.489865565302314
NHS/Mental Health and Learning Disabilities/Nursing and Midwifery Registered/Leavers,2024-11-01,4.0,4.0,3.9422017326934,-6.489865565302314
NHS/Mental Health and Learning Disabilities/Nursing and Midwifery Registered/Leavers,2024-12-01,4.0,4.0,3.9422017326934,-6.489865565302314
NHS/Mental Health and Learning Disabilities/Nursing and Midwifery Registered/Leavers,2025-01-01,4.0,4.0,3.9422017326934,-6.489865565302314
NHS/Mental Health and Learning Disabilities/Nursing and Midwifery Registered/Leavers,2025-02-01,4.0,4.0,3.9422017326934,-6.489865565302314
NHS/Mental Health and Learning Disabilities/Nursing and Midwifery Registered/Leavers,2025-03-01,4.0,4.0,3.9422017326934,-6.489865565302314
NHS/Mental Health and Learning Disabilities/Nursing and Midwifery Registered/Leavers,2025-04-01,4.0,4.0,3.9422017326934,-6.489865565302314
NHS/Mental Health and Learning Disabilities/Nursing and Midwifery Registered/Sickness,2024-04-01,717.0799999999999,717.0799999999999,717.0222017326939,1039.6684500278136
NHS/Mental Health and Learning Disabilities/Nursing and Midwifery Registered/Sickness,2024-05-01,717.0799999999999,717.0799999999999,717.0222017326939,1039.6684500278136
NHS/Mental Health and Learning Disabilities/Nursing and Midwifery Registered/Sickness,2024-06-01,717.0799999999999,717.0799999999999,717.0222017326939,1039.6684500278136
NHS/Mental Health and Learning Disabilities/Nursing and Midwifery Registered/Sickness,2024-07-01,717.0799999999999,717.0799999999999,717.0222017326939,1039.6684500278136
NHS/Mental Health and Learning Disabilities/Nursing and Midwifery Registered/Sickness,2024-08-01,717.0799999999999,717.0799999999999,717.0222017326939,1039.6684500278136
NHS/Mental Health and Learning Disabilities/Nursing and Midwifery Registered/Sickness,2024-09-01,717.0799999999999,717.0799999999999,717.0222017326939,1039.6684500278136
NHS/Mental Health and Learning Disabilities/Nursing and Midwifery Registered/Sickness,2024-10-01,717.0799999999999,717.0799999999999,717.0222017326939,1039.6684500278136
NHS/Mental Health and Learning Disabilities/Nursing and Midwifery Registered/Sickness,2024-11-01,717.0799999999999,717.0799999999999,717.0222017326939,1039.6684500278136
NHS/Mental Health and Learning Disabilities/Nursing and Midwifery Registered/Sickness,2024-12-01,717.0799999999999,717.0799999999999,717.0222017326939,1039.6684500278136
NHS/Mental Health and Learning Disabilities/Nursing and Midwifery Registered/Sickness,2025-01-01,717.0799999999999,717.0799999999999,717.0222017326939,1039.6684500278136
NHS/Mental Health and Learning Disabilities/Nursing and Midwifery Registered/Sickness,2025-02-01,717.0799999999999,717.0799999999999,717.0222017326939,1039.6684500278136
NHS/Mental Health and Learning Disabilities/Nursing and Midwifery Registered/Sickness,2025-03-01,717.0799999999999,717.0799999999999,717.0222017326939,1039.6684500278136
NHS/Mental Health and Learning Disabilities/Nursing and Midwifery Registered/Sickness,2025-04-01,717.0799999999999,717.0799999999999,717.0222017326939,1039.6684500278136
NHS/Neighbourhood Services/Add Prof Scientific and Technic/Sickness,2024-04-01,36.61,36.61,36.57440346538689,-16.89685425285394
NHS/Neighbourhood Services/Add Prof Scientific and Technic/Sickness,2024-05-01,36.61,36.61,36.57440346538689,-16.89685425285394
NHS/Neighbourhood Services/Add Prof Scientific and Technic/Sickness,2024-06-01,36.61,36.61,36.57440346538689,-16.89685425285394
NHS/Neighbourhood Services/Add Prof Scientific and Technic/Sickness,2024-07-01,36.61,36.61,36.57440346538689,-16.89685425285394
NHS/Neighbourhood Services/Add Prof Scientific and Technic/Sickness,2024-08-01,36.61,36.61,36.57440346538689,-16.89685425285394
NHS/Neighbourhood Services/Add Prof Scientific and Technic/Sickness,2024-09-01,36.61,36.61,36.57440346538689,-16.89685425285394
NHS/Neighbourhood Services/Add Prof Scientific and Technic/Sickness,2024-10-01,36.61,36.61,36.57440346538689,-16.89685425285394
NHS/Neighbourhood Services/Add Prof Scientific and Technic/Sickness,2024-11-01,36.61,36.61,36.57440346538689,-16.89685425285394
NHS/Neighbourhood Services/Add Prof Scientific and Technic/Sickness,2024-12-01,36.61,36.61,36.57440346538689,-16.89685425285394
NHS/Neighbourhood Services/Add Prof Scientific and Technic/Sickness,2025-01-01,36.61,36.61,36.57440346538689,-16.89685425285394
NHS/Neighbourhood Services/Add Prof Scientific and Technic/Sickness,2025-02-01,36.61,36.61,36.57440346538689,-16.89685425285394
NHS/Neighbourhood Services/Add Prof Scientific and Technic/Sickness,2025-03-01,36.61,36.61,36.57440346538689,-16.89685425285394
NHS/Neighbourhood Services/Add Prof Scientific and Technic/Sickness,2025-04-01,36.61,36.61,36.57440346538689,-16.89685425285394
NHS/Neighbourhood Services/Additional Clinical Services/Hires,2024-04-01,2.0,2.0,1.9822017326935495,-31.35569252880313
NHS/Neighbourhood Services/Additional Clinical Services/Hires,2024-05-01,2.0,2.0,1.9822017326935495,-31.35569252880313
NHS/Neighbourhood Services/Additional Clinical Services/Hires,2024-06-01,2.0,2.0,1.9822017326935495,-31.35569252880313
NHS/Neighbourhood Services/Additional Clinical Services/Hires,2024-07-01,2.0,2.0,1.9822017326935495,-31.35569252880313
NHS/Neighbourhood Services/Additional Clinical Services/Hires,2024-08-01,2.0,2.0,1.9822017326935495,-31.35569252880313
NHS/Neighbourhood Services/Additional Clinical Services/Hires,2024-09-01,2.0,2.0,1.9822017326935495,-31.35569252880313
NHS/Neighbourhood Services/Additional Clinical Services/Hires,2024-10-01,2.0,2.0,1.9822017326935495,-31.35569252880313
NHS/Neighbourhood Services/Additional Clinical Services/Hires,2024-11-01,2.0,2.0,1.9822017326935495,-31.35569252880313
NHS/Neighbourhood Services/Additional Clinical Services/Hires,2024-12-01,2.0,2.0,1.9822017326935495,-31.35569252880313
NHS/Neighbourhood Services/Additional Clinical Services/Hires,2025-01-01,2.0,2.0,1.9822017326935495,-31.35569252880313
NHS/Neighbourhood Services/Additional Clinical Services/Hires,2025-02-01,2.0,2.0,1.9822017326935495,-31.35569252880313
NHS/Neighbourhood Services/Additional Clinical Services/Hires,2025-03-01,2.0,2.0,1.9822017326935495,-31.35569252880313
NHS/Neighbourhood Services/Additional Clinical Services/Hires,2025-04-01,2.0,2.0,1.9822017326935495,-31.35569252880313
NHS/Neighbourhood Services/Additional Clinical Services/Leavers,2024-04-01,7.0,7.0,6.982201732693556,48.27609525346439
NHS/Neighbourhood Services/Additional Clinical Services/Leavers,2024-05-01,7.0,7.0,6.982201732693556,48.27609525346439
NHS/Neighbourhood Services/Additional Clinical Services/Leavers,2024-06-01,7.0,7.0,6.982201732693556,48.27609525346439
NHS/Neighbourhood Services/Additional Clinical Services/Leavers,2024-07-01,7.0,7.0,6.982201732693556,48.27609525346439
NHS/Neighbourhood Services/Additional Clinical Services/Leavers,2024-08-01,7.0,7.0,6.982201732693556,48.27609525346439
NHS/Neighbourhood Services/Additional Clinical Services/Leavers,2024-09-01,7.0,7.0,6.982201732693556,48.27609525346439
NHS/Neighbourhood Services/Additional Clinical Services/Leavers,2024-10-01,7.0,7.0,6.982201732693556,48.27609525346439
NHS/Neighbourhood Services/Additional Clinical Services/Leavers,2024-11-01,7.0,7.0,6.982201732693556,48.27609525346439
NHS/Neighbourhood Services/Additional Clinical Services/Leavers,2024-12-01,7.0,7.0,6.982201732693556,48.27609525346439
NHS/Neighbourhood Services/Additional Clinical Services/Leavers,2025-01-01,7.0,7.0,6.982201732693556,48.27609525346439
NHS/Neighbourhood Services/Additional Clinical Services/Leavers,2025-02-01,7.0,7.0,6.982201732693556,48.27609525346439
NHS/Neighbourhood Services/Additional Clinical Services/Leavers,2025-03-01,7.0,7.0,6.982201732693556,48.27609525346439
NHS/Neighbourhood Services/Additional Clinical Services/Leavers,2025-04-01,7.0,7.0,6.982201732693556,48.27609525346439
NHS/Neighbourhood Services/Additional Clinical Services/Sickness,2024-04-01,1362.21,1362.21,1362.1922017326942,1230.4575456106143
NHS/Neighbourhood Services/Additional Clinical Services/Sickness,2024-05-01,1362.21,1362.21,1362.1922017326942,1230.4575456106143
NHS/Neighbourhood Services/Additional Clinical Services/Sickness,2024-06-01,1362.21,1362.21,1362.1922017326942,1230.4575456106143
NHS/Neighbourhood Services/Additional Clinical Services/Sickness,2024-07-01,1362.21,1362.21,1362.1922017326942,1230.4575456106143
NHS/Neighbourhood Services/Additional Clinical Services/Sickness,2024-08-01,1362.21,1362.21,1362.1922017326942,1230.4575456106143
NHS/Neighbourhood Services/Additional Clinical Services/Sickness,2024-09-01,1362.21,1362.21,1362.1922017326942,1230.4575456106143
NHS/Neighbourhood Services/Additional Clinical Services/Sickness,2024-10-01,1362.21,1362.21,1362.1922017326942,1230.4575456106143
NHS/Neighbourhood Services/Additional Clinical Services/Sickness,2024-11-01,1362.21,1362.21,1362.1922017326942,1230.4575456106143
NHS/Neighbourhood Services/Additional Clinical Services/Sickness,2024-12-01,1362.21,1362.21,1362.1922017326942,1230.4575456106143
NHS/Neighbourhood Services/Additional Clinical Services/Sickness,2025-01-01,1362.21,1362.21,1362.1922017326942,1230.4575456106143
NHS/Neighbourhood Services/Additional Clinical Services/Sickness,2025-02-01,1362.21,1362.21,1362.1922017326942,1230.4575456106143
NHS/Neighbourhood Services/Additional Clinical Services/Sickness,2025-03-01,1362.21,1362.21,1362.1922017326942,1230.4575456106143
NHS/Neighbourhood Services/Additional Clinical Services/Sickness,2025-04-01,1362.21,1362.21,1362.1922017326942,1230.4575456106143
NHS/Neighbourhood Services/Administrative and Clerical/Hires,2024-04-01,6.0,6.0,5.982201732693431,8.46978168135386
NHS/Neighbourhood Services/Administrative and Clerical/Hires,2024-05-01,6.0,6.0,5.982201732693431,8.46978168135386
NHS/Neighbourhood Services/Administrative and Clerical/Hires,2024-06-01,6.0,6.0,5.982201732693431,8.46978168135386
NHS/Neighbourhood Services/Administrative and Clerical/Hires,2024-07-01,6.0,6.0,5.982201732693431,8.46978168135386
NHS/Neighbourhood Services/Administrative and Clerical/Hires,2024-08-01,6.0,6.0,5.982201732693431,8.46978168135386
NHS/Neighbourhood Services/Administrative and Clerical/Hires,2024-09-01,6.0,6.0,5.982201732693431,8.46978168135386
NHS/Neighbourhood Services/Administrative and Clerical/Hires,2024-10-01,6.0,6.0,5.982201732693431,8.46978168135386
NHS/Neighbourhood Services/Administrative and Clerical/Hires,2024-11-01,6.0,6.0,5.982201732693431,8.46978168135386
NHS/Neighbourhood Services/Administrative and Clerical/Hires,2024-12-01,6.0,6.0,5.982201732693431,8.46978168135386
NHS/Neighbourhood Services/Administrative and Clerical/Hires,2025-01-01,6.0,6.0,5.982201732693431,8.46978168135386
NHS/Neighbourhood Services/Administrative and Clerical/Hires,2025-02-01,6.0,6.0,5.982201732693431,8.46978168135386
NHS/Neighbourhood Services/Administrative and Clerical/Hires,2025-03-01,6.0,6.0,5.982201732693431,8.46978168135386
NHS/Neighbourhood Services/Administrative and Clerical/Hires,2025-04-01,6.0,6.0,5.982201732693431,8.46978168135386
NHS/Neighbourhood Services/Administrative and Clerical/Leavers,2024-04-01,4.0,4.0,3.982201732693434,6.5201001796255
NHS/Neighbourhood Services/Administrative and Clerical/Leavers,2024-05-01,4.0,4.0,3.982201732693434,6.5201001796255
NHS/Neighbourhood Services/Administrative and Clerical/Leavers,2024-06-01,4.0,4.0,3.982201732693434,6.5201001796255
NHS/Neighbourhood Services/Administrative and Clerical/Leavers,2024-07-01,4.0,4.0,3.982201732693434,6.5201001796255
NHS/Neighbourhood Services/Administrative and Clerical/Leavers,2024-08-01,4.0,4.0,3.982201732693434,6.5201001796255
NHS/Neighbourhood Services/Administrative and Clerical/Leavers,2024-09-01,4.0,4.0,3.982201732693434,6.5201001796255
NHS/Neighbourhood Services/Administrative and Clerical/Leavers,2024-10-01,4.0,4.0,3.982201732693434,6.5201001796255
NHS/Neighbourhood Services/Administrative and Clerical/Leavers,2024-11-01,4.0,4.0,3.982201732693434,6.5201001796255
NHS/Neighbourhood Services/Administrative and Clerical/Leavers,2024-12-01,4.0,4.0,3.982201732693434,6.5201001796255
NHS/Neighbourhood Services/Administrative and Clerical/Leavers,2025-01-01,4.0,4.0,3.982201732693434,6.5201001796255
NHS/Neighbourhood Services/Administrative and Clerical/Leavers,2025-02-01,4.0,4.0,3.982201732693434,6.5201001796255
NHS/Neighbourhood Services/Administrative and Clerical/Leavers,2025-03-01,4.0,4.0,3.982201732693434,6.5201001796255
NHS/Neighbourhood Services/Administrative and Clerical/Leavers,2025-04-01,4.0,4.0,3.982201732693434,6.5201001796255
NHS/Neighbourhood Services/Administrative and Clerical/Sickness,2024-04-01,413.0,413.0,412.98220173269334,632.5752996274475
NHS/Neighbourhood Services/Administrative and Clerical/Sickness,2024-05-01,413.0,413.0,412.98220173269334,632.5752996274475
NHS/Neighbourhood Services/Administrative and Clerical/Sickness,2024-06-01,413.0,413.0,412.98220173269334,632.5752996274475
NHS/Neighbourhood Services/Administrative and Clerical/Sickness,2024-07-01,413.0,413.0,412.98220173269334,632.5752996274475
NHS/Neighbourhood Services/Administrative and Clerical/Sickness,2024-08-01,413.0,413.0,412.98220173269334,632.5752996274475
NHS/Neighbourhood Services/Administrative and Clerical/Sickness,2024-09-01,413.0,413.0,412.98220173269334,632.5752996274475
NHS/Neighbourhood Services/Administrative and Clerical/Sickness,2024-10-01,413.0,413.0,412.98220173269334,632.5752996274475
NHS/Neighbourhood Services/Administrative and Clerical/Sickness,2024-11-01,413.0,413.0,412.98220173269334,632.5752996274475
NHS/Neighbourhood Services/Administrative and Clerical/Sickness,2024-12-01,413.0,413.0,412.98220173269334,632.5752996274475
NHS/Neighbourhood Services/Administrative and Clerical/Sickness,2025-01-01,413.0,413.0,412.98220173269334,632.5752996274475
NHS/Neighbourhood Services/Administrative and Clerical/Sickness,2025-02-01,413.0,413.0,412.98220173269334,632.5752996274475
NHS/Neighbourhood Services/Administrative and Clerical/Sickness,2025-03-01,413.0,413.0,412.98220173269334,632.5752996274475
NHS/Neighbourhood Services/Administrative and Clerical/Sickness,2025-04-01,413.0,413.0,412.98220173269334,632.5752996274475
NHS/Neighbourhood Services/Allied Health Professionals/Hires,2024-04-01,1.0,1.0,0.9822017326935963,30.007987016572088
NHS/Neighbourhood Services/Allied Health Professionals/Hires,2024-05-01,1.0,1.0,0.9822017326935963,30.007987016572088
NHS/Neighbourhood Services/Allied Health Professionals/Hires,2024-06-01,1.0,1.0,0.9822017326935963,30.007987016572088
NHS/Neighbourhood Services/Allied Health Professionals/Hires,2024-07-01,1.0,1.0,0.9822017326935963,30.007987016572088
NHS/Neighbourhood Services/Allied Health Professionals/Hires,2024-08-01,1.0,1.0,0.9822017326935963,30.007987016572088
NHS/Neighbourhood Services/Allied Health Professionals/Hires,2024-09-01,1.0,1.0,0.9822017326935963,30.007987016572088
NHS/Neighbourhood Services/Allied Health Professionals/Hires,2024-10-01,1.0,1.0,0.9822017326935963,30.007987016572088
NHS/Neighbourhood Services/Allied Health Professionals/Hires,2024-11-01,1.0,1.0,0.9822017326935963,30.007987016572088
NHS/Neighbourhood Services/Allied Health Professionals/Hires,2024-12-01,1.0,1.0,0.9822017326935963,30.007987016572088
NHS/Neighbourhood Services/Allied Health Professionals/Hires,2025-01-01,1.0,1.0,0.9822017326935963,30.007987016572088
NHS/Neighbourhood Services/Allied Health Professionals/Hires,2025-02-01,1.0,1.0,0.9822017326935963,30.007987016572088
NHS/Neighbourhood Services/Allied Health Professionals/Hires,2025-03-01,1.0,1.0,0.9822017326935963,30.007987016572088
NHS/Neighbourhood Services/Allied Health Professionals/Hires,2025-04-01,1.0,1.0,0.9822017326935963,30.007987016572088
NHS/Neighbourhood Services/Allied Health Professionals/Leavers,2024-04-01,3.0,3.0,2.9822017326935963,6.540155119439248
NHS/Neighbourhood Services/Allied Health Professionals/Leavers,2024-05-01,3.0,3.0,2.9822017326935963,6.540155119439248
NHS/Neighbourhood Services/Allied Health Professionals/Leavers,2024-06-01,3.0,3.0,2.9822017326935963,6.540155119439248
NHS/Neighbourhood Services/Allied Health Professionals/Leavers,2024-07-01,3.0,3.0,2.9822017326935963,6.540155119439248
NHS/Neighbourhood Services/Allied Health Professionals/Leavers,2024-08-01,3.0,3.0,2.9822017326935963,6.540155119439248
NHS/Neighbourhood Services/Allied Health Professionals/Leavers,2024-09-01,3.0,3.0,2.9822017326935963,6.540155119439248
NHS/Neighbourhood Services/Allied Health Professionals/Leavers,2024-10-01,3.0,3.0,2.9822017326935963,6.540155119439248
NHS/Neighbourhood Services/Allied Health Professionals/Leavers,2024-11-01,3.0,3.0,2.9822017326935963,6.540155119439248
NHS/Neighbourhood Services/Allied Health Professionals/Leavers,2024-12-01,3.0,3.0,2.9822017326935963,6.540155119439248
NHS/Neighbourhood Services/Allied Health Professionals/Leavers,2025-01-01,3.0,3.0,2.9822017326935963,6.540155119439248
NHS/Neighbourhood Services/Allied Health Professionals/Leavers,2025-02-01,3.0,3.0,2.9822017326935963,6.540155119439248
NHS/Neighbourhood Services/Allied Health Professionals/Leavers,2025-03-01,3.0,3.0,2.9822017326935963,6.540155119439248
NHS/Neighbourhood Services/Allied Health Professionals/Leavers,2025-04-01,3.0,3.0,2.9822017326935963,6.540155119439248
NHS/Neighbourhood Services/Allied Health Professionals/Sickness,2024-04-01,150.19,150.19,150.17220173269348,248.61140629250116
NHS/Neighbourhood Services/Allied Health Professionals/Sickness,2024-05-01,150.19,150.19,150.17220173269348,248.61140629250116
NHS/Neighbourhood Services/Allied Health Professionals/Sickness,2024-06-01,150.19,150.19,150.17220173269348,248.61140629250116
NHS/Neighbourhood Services/Allied Health Professionals/Sickness,2024-07-01,150.19,150.19,150.17220173269348,248.61140629250116
NHS/Neighbourhood Services/Allied Health Professionals/Sickness,2024-08-01,150.19,150.19,150.17220173269348,248.61140629250116
NHS/Neighbourhood Services/Allied Health Professionals/Sickness,2024-09-01,150.19,150.19,150.17220173269348,248.61140629250116
NHS/Neighbourhood Services/Allied Health Professionals/Sickness,2024-10-01,150.19,150.19,150.17220173269348,248.61140629250116
NHS/Neighbourhood Services/Allied Health Professionals/Sickness,2024-11-01,150.19,150.19,150.17220173269348,248.61140629250116
NHS/Neighbourhood Services/Allied Health Professionals/Sickness,2024-12-01,150.19,150.19,150.17220173269348,248.61140629250116
NHS/Neighbourhood Services/Allied Health Professionals/Sickness,2025-01-01,150.19,150.19,150.17220173269348,248.61140629250116
NHS/Neighbourhood Services/Allied Health Professionals/Sickness,2025-02-01,150.19,150.19,150.17220173269348,248.61140629250116
NHS/Neighbourhood Services/Allied Health Professionals/Sickness,2025-03-01,150.19,150.19,150.17220173269348,248.61140629250116
NHS/Neighbourhood Services/Allied Health Professionals/Sickness,2025-04-01,150.19,150.19,150.17220173269348,248.61140629250116
NHS/Neighbourhood Services/Estates and Ancillary/Sickness,2024-04-01,0.0,0.0,-0.03559653461316171,-2.269609200935208e-11
NHS/Neighbourhood Services/Estates and Ancillary/Sickness,2024-05-01,0.0,0.0,-0.03559653461316171,-2.269609200935208e-11
NHS/Neighbourhood Services/Estates and Ancillary/Sickness,2024-06-01,0.0,0.0,-0.03559653461316171,-2.269609200935208e-11
NHS/Neighbourhood Services/Estates and Ancillary/Sickness,2024-07-01,0.0,0.0,-0.03559653461316171,-2.269609200935208e-11
NHS/Neighbourhood Services/Estates and Ancillary/Sickness,2024-08-01,0.0,0.0,-0.03559653461316171,-2.269609200935208e-11
NHS/Neighbourhood Services/Estates and Ancillary/Sickness,2024-09-01,0.0,0.0,-0.03559653461316171,-2.269609200935208e-11
NHS/Neighbourhood Services/Estates and Ancillary/Sickness,2024-10-01,0.0,0.0,-0.03559653461316171,-2.269609200935208e-11
NHS/Neighbourhood Services/Estates and Ancillary/Sickness,2024-11-01,0.0,0.0,-0.03559653461316171,-2.269609200935208e-11
NHS/Neighbourhood Services/Estates and Ancillary/Sickness,2024-12-01,0.0,0.0,-0.03559653461316171,-2.269609200935208e-11
NHS/Neighbourhood Services/Estates and Ancillary/Sickness,2025-01-01,0.0,0.0,-0.03559653461316171,-2.269609200935208e-11
NHS/Neighbourhood Services/Estates and Ancillary/Sickness,2025-02-01,0.0,0.0,-0.03559653461316171,-2.269609200935208e-11
NHS/Neighbourhood Services/Estates and Ancillary/Sickness,2025-03-01,0.0,0.0,-0.03559653461316171,-2.269609200935208e-11
NHS/Neighbourhood Services/Estates and Ancillary/Sickness,2025-04-01,0.0,0.0,-0.03559653461316171,-2.269609200935208e-11
NHS/Neighbourhood Services/Healthcare Scientists/Sickness,2024-04-01,0.0,0.0,-0.03559653461315652,-2.269609200935188e-11
NHS/Neighbourhood Services/Healthcare Scientists/Sickness,2024-05-01,0.0,0.0,-0.03559653461315652,-2.269609200935188e-11
NHS/Neighbourhood Services/Healthcare Scientists/Sickness,2024-06-01,0.0,0.0,-0.03559653461315652,-2.269609200935188e-11
NHS/Neighbourhood Services/Healthcare Scientists/Sickness,2024-07-01,0.0,0.0,-0.03559653461315652,-2.269609200935188e-11
NHS/Neighbourhood Services/Healthcare Scientists/Sickness,2024-08-01,0.0,0.0,-0.03559653461315652,-2.269609200935188e-11
NHS/Neighbourhood Services/Healthcare Scientists/Sickness,2024-09-01,0.0,0.0,-0.03559653461315652,-2.269609200935188e-11
NHS/Neighbourhood Services/Healthcare Scientists/Sickness,2024-10-01,0.0,0.0,-0.03559653461315652,-2.269609200935188e-11
NHS/Neighbourhood Services/Healthcare Scientists/Sickness,2024-11-01,0.0,0.0,-0.03559653461315652,-2.269609200935188e-11
NHS/Neighbourhood Services/Healthcare Scientists/Sickness,2024-12-01,0.0,0.0,-0.03559653461315652,-2.269609200935188e-11
NHS/Neighbourhood Services/Healthcare Scientists/Sickness,2025-01-01,0.0,0.0,-0.03559653461315652,-2.269609200935188e-11
NHS/Neighbourhood Services/Healthcare Scientists/Sickness,2025-02-01,0.0,0.0,-0.03559653461315652,-2.269609200935188e-11
NHS/Neighbourhood Services/Healthcare Scientists/Sickness,2025-03-01,0.0,0.0,-0.03559653461315652,-2.269609200935188e-11
NHS/Neighbourhood Services/Healthcare Scientists/Sickness,2025-04-01,0.0,0.0,-0.03559653461315652,-2.269609200935188e-11
NHS/Neighbourhood Services/Medical and Dental/Hires,2024-03-01,1.0,1.0,0.7322017326934099,6.539328922107914
NHS/Neighbourhood Services/Medical and Dental/Hires,2024-04-01,1.0,1.0,0.7322017326934099,6.539328922107914
NHS/Neighbourhood Services/Medical and Dental/Hires,2024-05-01,1.0,1.0,0.7322017326934099,6.539328922107914
NHS/Neighbourhood Services/Medical and Dental/Hires,2024-06-01,1.0,1.0,0.7322017326934099,6.539328922107914
NHS/Neighbourhood Services/Medical and Dental/Hires,2024-07-01,1.0,1.0,0.7322017326934099,6.539328922107914
NHS/Neighbourhood Services/Medical and Dental/Hires,2024-08-01,1.0,1.0,0.7322017326934099,6.539328922107914
NHS/Neighbourhood Services/Medical and Dental/Hires,2024-09-01,1.0,1.0,0.7322017326934099,6.539328922107914
NHS/Neighbourhood Services/Medical and Dental/Hires,2024-10-01,1.0,1.0,0.7322017326934099,6.539328922107914
NHS/Neighbourhood Services/Medical and Dental/Hires,2024-11-01,1.0,1.0,0.7322017326934099,6.539328922107914
NHS/Neighbourhood Services/Medical and Dental/Hires,2024-12-01,1.0,1.0,0.7322017326934099,6.539328922107914
NHS/Neighbourhood Services/Medical and Dental/Hires,2025-01-01,1.0,1.0,0.7322017326934099,6.539328922107914
NHS/Neighbourhood Services/Medical and Dental/Hires,2025-02-01,1.0,1.0,0.7322017326934099,6.539328922107914
NHS/Neighbourhood Services/Medical and Dental/Hires,2025-03-01,1.0,1.0,0.7322017326934099,6.539328922107914
NHS/Neighbourhood Services/Medical and Dental/Leavers,2024-04-01,1.0,1.0,0.7322017326934099,14.295963299420801
NHS/Neighbourhood Services/Medical and Dental/Leavers,2024-05-01,1.0,1.0,0.7322017326934099,14.295963299420801
NHS/Neighbourhood Services/Medical and Dental/Leavers,2024-06-01,1.0,1.0,0.7322017326934099,14.295963299420801
NHS/Neighbourhood Services/Medical and Dental/Leavers,2024-07-01,1.0,1.0,0.7322017326934099,14.295963299420801
NHS/Neighbourhood Services/Medical and Dental/Leavers,2024-08-01,1.0,1.0,0.7322017326934099,14.295963299420801
NHS/Neighbourhood Services/Medical and Dental/Leavers,2024-09-01,1.0,1.0,0.7322017326934099,14.295963299420801
NHS/Neighbourhood Services/Medical and Dental/Leavers,2024-10-01,1.0,1.0,0.7322017326934099,14.295963299420801
NHS/Neighbourhood Services/Medical and Dental/Leavers,2024-11-01,1.0,1.0,0.7322017326934099,14.295963299420801
NHS/Neighbourhood Services/Medical and Dental/Leavers,2024-12-01,1.0,1.0,0.7322017326934099,14.295963299420801
NHS/Neighbourhood Services/Medical and Dental/Leavers,2025-01-01,1.0,1.0,0.7322017326934099,14.295963299420801
NHS/Neighbourhood Services/Medical and Dental/Leavers,2025-02-01,1.0,1.0,0.7322017326934099,14.295963299420801
NHS/Neighbourhood Services/Medical and Dental/Leavers,2025-03-01,1.0,1.0,0.7322017326934099,14.295963299420801
NHS/Neighbourhood Services/Medical and Dental/Leavers,2025-04-01,1.0,1.0,0.7322017326934099,14.295963299420801
NHS/Neighbourhood Services/Medical and Dental/Sickness,2024-04-01,64.6,64.6,64.3322017326934,11.690943767194696
NHS/Neighbourhood Services/Medical and Dental/Sickness,2024-05-01,64.6,64.6,64.3322017326934,11.690943767194696
NHS/Neighbourhood Services/Medical and Dental/Sickness,2024-06-01,64.6,64.6,64.3322017326934,11.690943767194696
NHS/Neighbourhood Services/Medical and Dental/Sickness,2024-07-01,64.6,64.6,64.3322017326934,11.690943767194696
NHS/Neighbourhood Services/Medical and Dental/Sickness,2024-08-01,64.6,64.6,64.3322017326934,11.690943767194696
NHS/Neighbourhood Services/Medical and Dental/Sickness,2024-09-01,64.6,64.6,64.3322017326934,11.690943767194696
NHS/Neighbourhood Services/Medical and Dental/Sickness,2024-10-01,64.6,64.6,64.3322017326934,11.690943767194696
NHS/Neighbourhood Services/Medical and Dental/Sickness,2024-11-01,64.6,64.6,64.3322017326934,11.690943767194696
NHS/Neighbourhood Services/Medical and Dental/Sickness,2024-12-01,64.6,64.6,64.3322017326934,11.690943767194696
NHS/Neighbourhood Services/Medical and Dental/Sickness,2025-01-01,64.6,64.6,64.3322017326934,11.690943767194696
NHS/Neighbourhood Services/Medical and Dental/Sickness,2025-02-01,64.6,64.6,64.3322017326934,11.690943767194696
NHS/Neighbourhood Services/Medical and Dental/Sickness,2025-03-01,64.6,64.6,64.3322017326934,11.690943767194696
NHS/Neighbourhood Services/Medical and Dental/Sickness,2025-04-01,64.6,64.6,64.3322017326934,11.690943767194696
NHS/Neighbourhood Services/Nursing and Midwifery Registered/Hires,2024-04-01,2.0,2.0,1.9822017326935077,6.997706565774435
NHS/Neighbourhood Services/Nursing and Midwifery Registered/Hires,2024-05-01,2.0,2.0,1.9822017326935077,6.997706565774435
NHS/Neighbourhood Services/Nursing and Midwifery Registered/Hires,2024-06-01,2.0,2.0,1.9822017326935077,6.997706565774435
NHS/Neighbourhood Services/Nursing and Midwifery Registered/Hires,2024-07-01,2.0,2.0,1.9822017326935077,6.997706565774435
NHS/Neighbourhood Services/Nursing and Midwifery Registered/Hires,2024-08-01,2.0,2.0,1.9822017326935077,6.997706565774435
NHS/Neighbourhood Services/Nursing and Midwifery Registered/Hires,2024-09-01,2.0,2.0,1.9822017326935077,6.997706565774435
NHS/Neighbourhood Services/Nursing and Midwifery Registered/Hires,2024-10-01,2.0,2.0,1.9822017326935077,6.997706565774435
NHS/Neighbourhood Services/Nursing and Midwifery Registered/Hires,2024-11-01,2.0,2.0,1.9822017326935077,6.997706565774435
NHS/Neighbourhood Services/Nursing and Midwifery Registered/Hires,2024-12-01,2.0,2.0,1.9822017326935077,6.997706565774435
NHS/Neighbourhood Services/Nursing and Midwifery Registered/Hires,2025-01-01,2.0,2.0,1.9822017326935077,6.997706565774435
NHS/Neighbourhood Services/Nursing and Midwifery Registered/Hires,2025-02-01,2.0,2.0,1.9822017326935077,6.997706565774435
NHS/Neighbourhood Services/Nursing and Midwifery Registered/Hires,2025-03-01,2.0,2.0,1.9822017326935077,6.997706565774435
NHS/Neighbourhood Services/Nursing and Midwifery Registered/Hires,2025-04-01,2.0,2.0,1.9822017326935077,6.997706565774435
NHS/Neighbourhood Services/Nursing and Midwifery Registered/Leavers,2024-04-01,12.0,12.0,11.98220173269351,-18.211442764451167
NHS/Neighbourhood Services/Nursing and Midwifery Registered/Leavers,2024-05-01,12.0,12.0,11.98220173269351,-18.211442764451167
NHS/Neighbourhood Services/Nursing and Midwifery Registered/Leavers,2024-06-01,12.0,12.0,11.98220173269351,-18.211442764451167
NHS/Neighbourhood Services/Nursing and Midwifery Registered/Leavers,2024-07-01,12.0,12.0,11.98220173269351,-18.211442764451167
NHS/Neighbourhood Services/Nursing and Midwifery Registered/Leavers,2024-08-01,12.0,12.0,11.98220173269351,-18.211442764451167
NHS/Neighbourhood Services/Nursing and Midwifery Registered/Leavers,2024-09-01,12.0,12.0,11.98220173269351,-18.211442764451167
NHS/Neighbourhood Services/Nursing and Midwifery Registered/Leavers,2024-10-01,12.0,12.0,11.98220173269351,-18.211442764451167
NHS/Neighbourhood Services/Nursing and Midwifery Registered/Leavers,2024-11-01,12.0,12.0,11.98220173269351,-18.211442764451167
NHS/Neighbourhood Services/Nursing and Midwifery Registered/Leavers,2024-12-01,12.0,12.0,11.98220173269351,-18.211442764451167
NHS/Neighbourhood Services/Nursing and Midwifery Registered/Leavers,2025-01-01,12.0,12.0,11.98220173269351,-18.211442764451167
NHS/Neighbourhood Services/Nursing and Midwifery Registered/Leavers,2025-02-01,12.0,12.0,11.98220173269351,-18.211442764451167
NHS/Neighbourhood Services/Nursing and Midwifery Registered/Leavers,2025-03-01,12.0,12.0,11.98220173269351,-18.211442764451167
NHS/Neighbourhood Services/Nursing and Midwifery Registered/Leavers,2025-04-01,12.0,12.0,11.98220173269351,-18.211442764451167
NHS/Neighbourhood Services/Nursing and Midwifery Registered/Sickness,2024-04-01,1044.42,1044.42,1044.4022017326943,380.711488834094
NHS/Neighbourhood Services/Nursing and Midwifery Registered/Sickness,2024-05-01,1044.42,1044.42,1044.4022017326943,380.711488834094
NHS/Neighbourhood Services/Nursing and Midwifery Registered/Sickness,2024-06-01,1044.42,1044.42,1044.4022017326943,380.711488834094
NHS/Neighbourhood Services/Nursing and Midwifery Registered/Sickness,2024-07-01,1044.42,1044.42,1044.4022017326943,380.711488834094
NHS/Neighbourhood Services/Nursing and Midwifery Registered/Sickness,2024-08-01,1044.42,1044.42,1044.4022017326943,380.711488834094
NHS/Neighbourhood Services/Nursing and Midwifery Registered/Sickness,2024-09-01,1044.42,1044.42,1044.4022017326943,380.711488834094
NHS/Neighbourhood Services/Nursing and Midwifery Registered/Sickness,2024-10-01,1044.42,1044.42,1044.4022017326943,380.711488834094
NHS/Neighbourhood Services/Nursing and Midwifery Registered/Sickness,2024-11-01,1044.42,1044.42,1044.4022017326943,380.711488834094
NHS/Neighbourhood Services/Nursing and Midwifery Registered/Sickness,2024-12-01,1044.42,1044.42,1044.4022017326943,380.711488834094
NHS/Neighbourhood Services/Nursing and Midwifery Registered/Sickness,2025-01-01,1044.42,1044.42,1044.4022017326943,380.711488834094
NHS/Neighbourhood Services/Nursing and Midwifery Registered/Sickness,2025-02-01,1044.42,1044.42,1044.4022017326943,380.711488834094
NHS/Neighbourhood Services/Nursing and Midwifery Registered/Sickness,2025-03-01,1044.42,1044.42,1044.4022017326943,380.711488834094
NHS/Neighbourhood Services/Nursing and Midwifery Registered/Sickness,2025-04-01,1044.42,1044.42,1044.4022017326943,380.711488834094
NHS/Operational Management/Additional Clinical Services/Leavers,2024-03-01,2.0,2.0,1.2600036865819828,2.3123423812282917
NHS/Operational Management/Additional Clinical Services/Leavers,2024-04-01,2.0,2.0,1.2600036865819828,2.3123423812282917
NHS/Operational Management/Additional Clinical Services/Leavers,2024-05-01,2.0,2.0,1.2600036865819828,2.3123423812282917
NHS/Operational Management/Additional Clinical Services/Leavers,2024-06-01,2.0,2.0,1.2600036865819828,2.3123423812282917
NHS/Operational Management/Additional Clinical Services/Leavers,2024-07-01,2.0,2.0,1.2600036865819828,2.3123423812282917
NHS/Operational Management/Additional Clinical Services/Leavers,2024-08-01,2.0,2.0,1.2600036865819828,2.3123423812282917
NHS/Operational Management/Additional Clinical Services/Leavers,2024-09-01,2.0,2.0,1.2600036865819828,2.3123423812282917
NHS/Operational Management/Additional Clinical Services/Leavers,2024-10-01,2.0,2.0,1.2600036865819828,2.3123423812282917
NHS/Operational Management/Additional Clinical Services/Leavers,2024-11-01,2.0,2.0,1.2600036865819828,2.3123423812282917
NHS/Operational Management/Additional Clinical Services/Leavers,2024-12-01,2.0,2.0,1.2600036865819828,2.3123423812282917
NHS/Operational Management/Additional Clinical Services/Leavers,2025-01-01,2.0,2.0,1.2600036865819828,2.3123423812282917
NHS/Operational Management/Additional Clinical Services/Leavers,2025-02-01,2.0,2.0,1.2600036865819828,2.3123423812282917
NHS/Operational Management/Additional Clinical Services/Leavers,2025-03-01,2.0,2.0,1.2600036865819828,2.3123423812282917
NHS/Operational Management/Additional Clinical Services/Sickness,2024-04-01,60.150000000000006,60.150000000000006,59.41000368658201,108.84094286737837
NHS/Operational Management/Additional Clinical Services/Sickness,2024-05-01,60.150000000000006,60.150000000000006,59.41000368658201,108.84094286737837
NHS/Operational Management/Additional Clinical Services/Sickness,2024-06-01,60.150000000000006,60.150000000000006,59.41000368658201,108.84094286737837
NHS/Operational Management/Additional Clinical Services/Sickness,2024-07-01,60.150000000000006,60.150000000000006,59.41000368658201,108.84094286737837
NHS/Operational Management/Additional Clinical Services/Sickness,2024-08-01,60.150000000000006,60.150000000000006,59.41000368658201,108.84094286737837
NHS/Operational Management/Additional Clinical Services/Sickness,2024-09-01,60.150000000000006,60.150000000000006,59.41000368658201,108.84094286737837
NHS/Operational Management/Additional Clinical Services/Sickness,2024-10-01,60.150000000000006,60.150000000000006,59.41000368658201,108.84094286737837
NHS/Operational Management/Additional Clinical Services/Sickness,2024-11-01,60.150000000000006,60.150000000000006,59.41000368658201,108.84094286737837
NHS/Operational Management/Additional Clinical Services/Sickness,2024-12-01,60.150000000000006,60.150000000000006,59.41000368658201,108.84094286737837
NHS/Operational Management/Additional Clinical Services/Sickness,2025-01-01,60.150000000000006,60.150000000000006,59.41000368658201,108.84094286737837
NHS/Operational Management/Additional Clinical Services/Sickness,2025-02-01,60.150000000000006,60.150000000000006,59.41000368658201,108.84094286737837
NHS/Operational Management/Additional Clinical Services/Sickness,2025-03-01,60.150000000000006,60.150000000000006,59.41000368658201,108.84094286737837
NHS/Operational Management/Additional Clinical Services/Sickness,2025-04-01,60.150000000000006,60.150000000000006,59.41000368658201,108.84094286737837
NHS/Operational Management/Administrative and Clerical/Hires,2024-04-01,2.0,2.0,1.9450027649364954,-3.0156233517041997
NHS/Operational Management/Administrative and Clerical/Hires,2024-05-01,2.0,2.0,1.9450027649364954,-3.0156233517041997
NHS/Operational Management/Administrative and Clerical/Hires,2024-06-01,2.0,2.0,1.9450027649364954,-3.0156233517041997
NHS/Operational Management/Administrative and Clerical/Hires,2024-07-01,2.0,2.0,1.9450027649364954,-3.0156233517041997
NHS/Operational Management/Administrative and Clerical/Hires,2024-08-01,2.0,2.0,1.9450027649364954,-3.0156233517041997
NHS/Operational Management/Administrative and Clerical/Hires,2024-09-01,2.0,2.0,1.9450027649364954,-3.0156233517041997
NHS/Operational Management/Administrative and Clerical/Hires,2024-10-01,2.0,2.0,1.9450027649364954,-3.0156233517041997
NHS/Operational Management/Administrative and Clerical/Hires,2024-11-01,2.0,2.0,1.9450027649364954,-3.0156233517041997
NHS/Operational Management/Administrative and Clerical/Hires,2024-12-01,2.0,2.0,1.9450027649364954,-3.0156233517041997
NHS/Operational Management/Administrative and Clerical/Hires,2025-01-01,2.0,2.0,1.9450027649364954,-3.0156233517041997
NHS/Operational Management/Administrative and Clerical/Hires,2025-02-01,2.0,2.0,1.9450027649364954,-3.0156233517041997
NHS/Operational Management/Administrative and Clerical/Hires,2025-03-01,2.0,2.0,1.9450027649364954,-3.0156233517041997
NHS/Operational Management/Administrative and Clerical/Hires,2025-04-01,2.0,2.0,1.9450027649364954,-3.0156233517041997
NHS/Operational Management/Administrative and Clerical/Leavers,2024-04-01,3.0,3.0,2.9450027649364543,-21.315608315744953
NHS/Operational Management/Administrative and Clerical/Leavers,2024-05-01,3.0,3.0,2.9450027649364543,-21.315608315744953
NHS/Operational Management/Administrative and Clerical/Leavers,2024-06-01,3.0,3.0,2.9450027649364543,-21.315608315744953
NHS/Operational Management/Administrative and Clerical/Leavers,2024-07-01,3.0,3.0,2.9450027649364543,-21.315608315744953
NHS/Operational Management/Administrative and Clerical/Leavers,2024-08-01,3.0,3.0,2.9450027649364543,-21.315608315744953
NHS/Operational Management/Administrative and Clerical/Leavers,2024-09-01,3.0,3.0,2.9450027649364543,-21.315608315744953
NHS/Operational Management/Administrative and Clerical/Leavers,2024-10-01,3.0,3.0,2.9450027649364543,-21.315608315744953
NHS/Operational Management/Administrative and Clerical/Leavers,2024-11-01,3.0,3.0,2.9450027649364543,-21.315608315744953
NHS/Operational Management/Administrative and Clerical/Leavers,2024-12-01,3.0,3.0,2.9450027649364543,-21.315608315744953
NHS/Operational Management/Administrative and Clerical/Leavers,2025-01-01,3.0,3.0,2.9450027649364543,-21.315608315744953
NHS/Operational Management/Administrative and Clerical/Leavers,2025-02-01,3.0,3.0,2.9450027649364543,-21.315608315744953
NHS/Operational Management/Administrative and Clerical/Leavers,2025-03-01,3.0,3.0,2.9450027649364543,-21.315608315744953
NHS/Operational Management/Administrative and Clerical/Leavers,2025-04-01,3.0,3.0,2.9450027649364543,-21.315608315744953
NHS/Operational Management/Administrative and Clerical/Sickness,2024-04-01,142.99,142.99,142.93500276493643,83.66234284566622
NHS/Operational Management/Administrative and Clerical/Sickness,2024-05-01,142.99,142.99,142.93500276493643,83.66234284566622
NHS/Operational Management/Administrative and Clerical/Sickness,2024-06-01,142.99,142.99,142.93500276493643,83.66234284566622
NHS/Operational Management/Administrative and Clerical/Sickness,2024-07-01,142.99,142.99,142.93500276493643,83.66234284566622
NHS/Operational Management/Administrative and Clerical/Sickness,2024-08-01,142.99,142.99,142.93500276493643,83.66234284566622
NHS/Operational Management/Administrative and Clerical/Sickness,2024-09-01,142.99,142.99,142.93500276493643,83.66234284566622
NHS/Operational Management/Administrative and Clerical/Sickness,2024-10-01,142.99,142.99,142.93500276493643,83.66234284566622
NHS/Operational Management/Administrative and Clerical/Sickness,2024-11-01,142.99,142.99,142.93500276493643,83.66234284566622
NHS/Operational Management/Administrative and Clerical/Sickness,2024-12-01,142.99,142.99,142.93500276493643,83.66234284566622
NHS/Operational Management/Administrative and Clerical/Sickness,2025-01-01,142.99,142.99,142.93500276493643,83.66234284566622
NHS/Operational Management/Administrative and Clerical/Sickness,2025-02-01,142.99,142.99,142.93500276493643,83.66234284566622
NHS/Operational Management/Administrative and Clerical/Sickness,2025-03-01,142.99,142.99,142.93500276493643,83.66234284566622
NHS/Operational Management/Administrative and Clerical/Sickness,2025-04-01,142.99,142.99,142.93500276493643,83.66234284566622
NHS/Operational Management/Estates and Ancillary/Sickness,2024-04-01,0.0,0.0,-0.10999447012712635,-0.009940376712775532
NHS/Operational Management/Estates and Ancillary/Sickness,2024-05-01,0.0,0.0,-0.10999447012712635,-0.009940376712775532
NHS/Operational Management/Estates and Ancillary/Sickness,2024-06-01,0.0,0.0,-0.10999447012712635,-0.009940376712775532
NHS/Operational Management/Estates and Ancillary/Sickness,2024-07-01,0.0,0.0,-0.10999447012712635,-0.009940376712775532
NHS/Operational Management/Estates and Ancillary/Sickness,2024-08-01,0.0,0.0,-0.10999447012712635,-0.009940376712775532
NHS/Operational Management/Estates and Ancillary/Sickness,2024-09-01,0.0,0.0,-0.10999447012712635,-0.009940376712775532
NHS/Operational Management/Estates and Ancillary/Sickness,2024-10-01,0.0,0.0,-0.10999447012712635,-0.009940376712775532
NHS/Operational Management/Estates and Ancillary/Sickness,2024-11-01,0.0,0.0,-0.10999447012712635,-0.009940376712775532
NHS/Operational Management/Estates and Ancillary/Sickness,2024-12-01,0.0,0.0,-0.10999447012712635,-0.009940376712775532
NHS/Operational Management/Estates and Ancillary/Sickness,2025-01-01,0.0,0.0,-0.10999447012712635,-0.009940376712775532
NHS/Operational Management/Estates and Ancillary/Sickness,2025-02-01,0.0,0.0,-0.10999447012712635,-0.009940376712775532
NHS/Operational Management/Estates and Ancillary/Sickness,2025-03-01,0.0,0.0,-0.10999447012712635,-0.009940376712775532
NHS/Operational Management/Estates and Ancillary/Sickness,2025-04-01,0.0,0.0,-0.10999447012712635,-0.009940376712775532
NHS/Operational Management/Medical and Dental/Sickness,2024-04-01,0.0,0.0,-0.10999447012714868,4.4526814838900556e-10
NHS/Operational Management/Medical and Dental/Sickness,2024-05-01,0.0,0.0,-0.10999447012714868,4.4526814838900556e-10
NHS/Operational Management/Medical and Dental/Sickness,2024-06-01,0.0,0.0,-0.10999447012714868,4.4526814838900556e-10
NHS/Operational Management/Medical and Dental/Sickness,2024-07-01,0.0,0.0,-0.10999447012714868,4.4526814838900556e-10
NHS/Operational Management/Medical and Dental/Sickness,2024-08-01,0.0,0.0,-0.10999447012714868,4.4526814838900556e-10
NHS/Operational Management/Medical and Dental/Sickness,2024-09-01,0.0,0.0,-0.10999447012714868,4.4526814838900556e-10
NHS/Operational Management/Medical and Dental/Sickness,2024-10-01,0.0,0.0,-0.10999447012714868,4.4526814838900556e-10
NHS/Operational Management/Medical and Dental/Sickness,2024-11-01,0.0,0.0,-0.10999447012714868,4.4526814838900556e-10
NHS/Operational Management/Medical and Dental/Sickness,2024-12-01,0.0,0.0,-0.10999447012714868,4.4526814838900556e-10
NHS/Operational Management/Medical and Dental/Sickness,2025-01-01,0.0,0.0,-0.10999447012714868,4.4526814838900556e-10
NHS/Operational Management/Medical and Dental/Sickness,2025-02-01,0.0,0.0,-0.10999447012714868,4.4526814838900556e-10
NHS/Operational Management/Medical and Dental/Sickness,2025-03-01,0.0,0.0,-0.10999447012714868,4.4526814838900556e-10
NHS/Operational Management/Medical and Dental/Sickness,2025-04-01,0.0,0.0,-0.10999447012714868,4.4526814838900556e-10
NHS/Operational Management/Nursing and Midwifery Registered/Sickness,2024-04-01,28.04,28.04,27.930005529872876,-43.72795004646277
NHS/Operational Management/Nursing and Midwifery Registered/Sickness,2024-05-01,28.04,28.04,27.930005529872876,-43.72795004646277
NHS/Operational Management/Nursing and Midwifery Registered/Sickness,2024-06-01,28.04,28.04,27.930005529872876,-43.72795004646277
NHS/Operational Management/Nursing and Midwifery Registered/Sickness,2024-07-01,28.04,28.04,27.930005529872876,-43.72795004646277
NHS/Operational Management/Nursing and Midwifery Registered/Sickness,2024-08-01,28.04,28.04,27.930005529872876,-43.72795004646277
NHS/Operational Management/Nursing and Midwifery Registered/Sickness,2024-09-01,28.04,28.04,27.930005529872876,-43.72795004646277
NHS/Operational Management/Nursing and Midwifery Registered/Sickness,2024-10-01,28.04,28.04,27.930005529872876,-43.72795004646277
NHS/Operational Management/Nursing and Midwifery Registered/Sickness,2024-11-01,28.04,28.04,27.930005529872876,-43.72795004646277
NHS/Operational Management/Nursing and Midwifery Registered/Sickness,2024-12-01,28.04,28.04,27.930005529872876,-43.72795004646277
NHS/Operational Management/Nursing and Midwifery Registered/Sickness,2025-01-01,28.04,28.04,27.930005529872876,-43.72795004646277
NHS/Operational Management/Nursing and Midwifery Registered/Sickness,2025-02-01,28.04,28.04,27.930005529872876,-43.72795004646277
NHS/Operational Management/Nursing and Midwifery Registered/Sickness,2025-03-01,28.04,28.04,27.930005529872876,-43.72795004646277
NHS/Operational Management/Nursing and Midwifery Registered/Sickness,2025-04-01,28.04,28.04,27.930005529872876,-43.72795004646277
NHS/SSL Corporate/Add Prof Scientific and Technic/Sickness,2024-04-01,0.0,0.0,-0.06744127863779417,5.349481837497047e-11
NHS/SSL Corporate/Add Prof Scientific and Technic/Sickness,2024-05-01,0.0,0.0,-0.06744127863779417,5.349481837497047e-11
NHS/SSL Corporate/Add Prof Scientific and Technic/Sickness,2024-06-01,0.0,0.0,-0.06744127863779417,5.349481837497047e-11
NHS/SSL Corporate/Add Prof Scientific and Technic/Sickness,2024-07-01,0.0,0.0,-0.06744127863779417,5.349481837497047e-11
NHS/SSL Corporate/Add Prof Scientific and Technic/Sickness,2024-08-01,0.0,0.0,-0.06744127863779417,5.349481837497047e-11
NHS/SSL Corporate/Add Prof Scientific and Technic/Sickness,2024-09-01,0.0,0.0,-0.06744127863779417,5.349481837497047e-11
NHS/SSL Corporate/Add Prof Scientific and Technic/Sickness,2024-10-01,0.0,0.0,-0.06744127863779417,5.349481837497047e-11
NHS/SSL Corporate/Add Prof Scientific and Technic/Sickness,2024-11-01,0.0,0.0,-0.06744127863779417,5.349481837497047e-11
NHS/SSL Corporate/Add Prof Scientific and Technic/Sickness,2024-12-01,0.0,0.0,-0.06744127863779417,5.349481837497047e-11
NHS/SSL Corporate/Add Prof Scientific and Technic/Sickness,2025-01-01,0.0,0.0,-0.06744127863779417,5.349481837497047e-11
NHS/SSL Corporate/Add Prof Scientific and Technic/Sickness,2025-02-01,0.0,0.0,-0.06744127863779417,5.349481837497047e-11
NHS/SSL Corporate/Add Prof Scientific and Technic/Sickness,2025-03-01,0.0,0.0,-0.06744127863779417,5.349481837497047e-11
NHS/SSL Corporate/Add Prof Scientific and Technic/Sickness,2025-04-01,0.0,0.0,-0.06744127863779417,5.349481837497047e-11
NHS/SSL Corporate/Additional Clinical Services/Sickness,2024-04-01,27.04,27.04,26.972558721362237,-25.50417957977207
NHS/SSL Corporate/Additional Clinical Services/Sickness,2024-05-01,27.04,27.04,26.972558721362237,-25.50417957977207
NHS/SSL Corporate/Additional Clinical Services/Sickness,2024-06-01,27.04,27.04,26.972558721362237,-25.50417957977207
NHS/SSL Corporate/Additional Clinical Services/Sickness,2024-07-01,27.04,27.04,26.972558721362237,-25.50417957977207
NHS/SSL Corporate/Additional Clinical Services/Sickness,2024-08-01,27.04,27.04,26.972558721362237,-25.50417957977207
NHS/SSL Corporate/Additional Clinical Services/Sickness,2024-09-01,27.04,27.04,26.972558721362237,-25.50417957977207
NHS/SSL Corporate/Additional Clinical Services/Sickness,2024-10-01,27.04,27.04,26.972558721362237,-25.50417957977207
NHS/SSL Corporate/Additional Clinical Services/Sickness,2024-11-01,27.04,27.04,26.972558721362237,-25.50417957977207
NHS/SSL Corporate/Additional Clinical Services/Sickness,2024-12-01,27.04,27.04,26.972558721362237,-25.50417957977207
NHS/SSL Corporate/Additional Clinical Services/Sickness,2025-01-01,27.04,27.04,26.972558721362237,-25.50417957977207
NHS/SSL Corporate/Additional Clinical Services/Sickness,2025-02-01,27.04,27.04,26.972558721362237,-25.50417957977207
NHS/SSL Corporate/Additional Clinical Services/Sickness,2025-03-01,27.04,27.04,26.972558721362237,-25.50417957977207
NHS/SSL Corporate/Additional Clinical Services/Sickness,2025-04-01,27.04,27.04,26.972558721362237,-25.50417957977207
NHS/SSL Corporate/Administrative and Clerical/Leavers,2024-01-01,1.0,1.0,0.621705814241503,-13.017428345197427
NHS/SSL Corporate/Administrative and Clerical/Leavers,2024-02-01,1.0,1.0,0.621705814241503,-13.017428345197427
NHS/SSL Corporate/Administrative and Clerical/Leavers,2024-03-01,1.0,1.0,0.621705814241503,-13.017428345197427
NHS/SSL Corporate/Administrative and Clerical/Leavers,2024-04-01,1.0,1.0,0.621705814241503,-13.017428345197427
NHS/SSL Corporate/Administrative and Clerical/Leavers,2024-05-01,1.0,1.0,0.621705814241503,-13.017428345197427
NHS/SSL Corporate/Administrative and Clerical/Leavers,2024-06-01,1.0,1.0,0.621705814241503,-13.017428345197427
NHS/SSL Corporate/Administrative and Clerical/Leavers,2024-07-01,1.0,1.0,0.621705814241503,-13.017428345197427
NHS/SSL Corporate/Administrative and Clerical/Leavers,2024-08-01,1.0,1.0,0.621705814241503,-13.017428345197427
NHS/SSL Corporate/Administrative and Clerical/Leavers,2024-09-01,1.0,1.0,0.621705814241503,-13.017428345197427
NHS/SSL Corporate/Administrative and Clerical/Leavers,2024-10-01,1.0,1.0,0.621705814241503,-13.017428345197427
NHS/SSL Corporate/Administrative and Clerical/Leavers,2024-11-01,1.0,1.0,0.621705814241503,-13.017428345197427
NHS/SSL Corporate/Administrative and Clerical/Leavers,2024-12-01,1.0,1.0,0.621705814241503,-13.017428345197427
NHS/SSL Corporate/Administrative and Clerical/Leavers,2025-01-01,1.0,1.0,0.621705814241503,-13.017428345197427
NHS/SSL Corporate/Administrative and Clerical/Sickness,2024-04-01,0.0,0.0,-0.37829418575849644,-10.62402657487123
NHS/SSL Corporate/Administrative and Clerical/Sickness,2024-05-01,0.0,0.0,-0.37829418575849644,-10.62402657487123
NHS/SSL Corporate/Administrative and Clerical/Sickness,2024-06-01,0.0,0.0,-0.37829418575849644,-10.62402657487123
NHS/SSL Corporate/Administrative and Clerical/Sickness,2024-07-01,0.0,0.0,-0.37829418575849644,-10.62402657487123
NHS/SSL Corporate/Administrative and Clerical/Sickness,2024-08-01,0.0,0.0,-0.37829418575849644,-10.62402657487123
NHS/SSL Corporate/Administrative and Clerical/Sickness,2024-09-01,0.0,0.0,-0.37829418575849644,-10.62402657487123
NHS/SSL Corporate/Administrative and Clerical/Sickness,2024-10-01,0.0,0.0,-0.37829418575849644,-10.62402657487123
NHS/SSL Corporate/Administrative and Clerical/Sickness,2024-11-01,0.0,0.0,-0.37829418575849644,-10.62402657487123
NHS/SSL Corporate/Administrative and Clerical/Sickness,2024-12-01,0.0,0.0,-0.37829418575849644,-10.62402657487123
NHS/SSL Corporate/Administrative and Clerical/Sickness,2025-01-01,0.0,0.0,-0.37829418575849644,-10.62402657487123
NHS/SSL Corporate/Administrative and Clerical/Sickness,2025-02-01,0.0,0.0,-0.37829418575849644,-10.62402657487123
NHS/SSL Corporate/Administrative and Clerical/Sickness,2025-03-01,0.0,0.0,-0.37829418575849644,-10.62402657487123
NHS/SSL Corporate/Administrative and Clerical/Sickness,2025-04-01,0.0,0.0,-0.37829418575849644,-10.62402657487123
NHS/SSL Corporate/Estates and Ancillary/Hires,2024-04-01,5.0,5.0,4.966279360681124,17.105610803228004
NHS/SSL Corporate/Estates and Ancillary/Hires,2024-05-01,5.0,5.0,4.966279360681124,17.105610803228004
NHS/SSL Corporate/Estates and Ancillary/Hires,2024-06-01,5.0,5.0,4.966279360681124,17.105610803228004
NHS/SSL Corporate/Estates and Ancillary/Hires,2024-07-01,5.0,5.0,4.966279360681124,17.105610803228004
NHS/SSL Corporate/Estates and Ancillary/Hires,2024-08-01,5.0,5.0,4.966279360681124,17.105610803228004
NHS/SSL Corporate/Estates and Ancillary/Hires,2024-09-01,5.0,5.0,4.966279360681124,17.105610803228004
NHS/SSL Corporate/Estates and Ancillary/Hires,2024-10-01,5.0,5.0,4.966279360681124,17.105610803228004
NHS/SSL Corporate/Estates and Ancillary/Hires,2024-11-01,5.0,5.0,4.966279360681124,17.105610803228004
NHS/SSL Corporate/Estates and Ancillary/Hires,2024-12-01,5.0,5.0,4.966279360681124,17.105610803228004
NHS/SSL Corporate/Estates and Ancillary/Hires,2025-01-01,5.0,5.0,4.966279360681124,17.105610803228004
NHS/SSL Corporate/Estates and Ancillary/Hires,2025-02-01,5.0,5.0,4.966279360681124,17.105610803228004
NHS/SSL Corporate/Estates and Ancillary/Hires,2025-03-01,5.0,5.0,4.966279360681124,17.105610803228004
NHS/SSL Corporate/Estates and Ancillary/Hires,2025-04-01,5.0,5.0,4.966279360681124,17.105610803228004
NHS/SSL Corporate/Estates and Ancillary/Leavers,2024-04-01,9.0,9.0,8.966279360681126,-38.80936890524576
NHS/SSL Corporate/Estates and Ancillary/Leavers,2024-05-01,9.0,9.0,8.966279360681126,-38.80936890524576
NHS/SSL Corporate/Estates and Ancillary/Leavers,2024-06-01,9.0,9.0,8.966279360681126,-38.80936890524576
NHS/SSL Corporate/Estates and Ancillary/Leavers,2024-07-01,9.0,9.0,8.966279360681126,-38.80936890524576
NHS/SSL Corporate/Estates and Ancillary/Leavers,2024-08-01,9.0,9.0,8.966279360681126,-38.80936890524576
NHS/SSL Corporate/Estates and Ancillary/Leavers,2024-09-01,9.0,9.0,8.966279360681126,-38.80936890524576
NHS/SSL Corporate/Estates and Ancillary/Leavers,2024-10-01,9.0,9.0,8.966279360681126,-38.80936890524576
NHS/SSL Corporate/Estates and Ancillary/Leavers,2024-11-01,9.0,9.0,8.966279360681126,-38.80936890524576
NHS/SSL Corporate/Estates and Ancillary/Leavers,2024-12-01,9.0,9.0,8.966279360681126,-38.80936890524576
NHS/SSL Corporate/Estates and Ancillary/Leavers,2025-01-01,9.0,9.0,8.966279360681126,-38.80936890524576
NHS/SSL Corporate/Estates and Ancillary/Leavers,2025-02-01,9.0,9.0,8.966279360681126,-38.80936890524576
NHS/SSL Corporate/Estates and Ancillary/Leavers,2025-03-01,9.0,9.0,8.966279360681126,-38.80936890524576
NHS/SSL Corporate/Estates and Ancillary/Leavers,2025-04-01,9.0,9.0,8.966279360681126,-38.80936890524576
NHS/SSL Corporate/Estates and Ancillary/Sickness,2024-04-01,278.76,278.76,278.72627936068113,747.4331081871487
NHS/SSL Corporate/Estates and Ancillary/Sickness,2024-05-01,278.76,278.76,278.72627936068113,747.4331081871487
NHS/SSL Corporate/Estates and Ancillary/Sickness,2024-06-01,278.76,278.76,278.72627936068113,747.4331081871487
NHS/SSL Corporate/Estates and Ancillary/Sickness,2024-07-01,278.76,278.76,278.72627936068113,747.4331081871487
NHS/SSL Corporate/Estates and Ancillary/Sickness,2024-08-01,278.76,278.76,278.72627936068113,747.4331081871487
NHS/SSL Corporate/Estates and Ancillary/Sickness,2024-09-01,278.76,278.76,278.72627936068113,747.4331081871487
NHS/SSL Corporate/Estates and Ancillary/Sickness,2024-10-01,278.76,278.76,278.72627936068113,747.4331081871487
NHS/SSL Corporate/Estates and Ancillary/Sickness,2024-11-01,278.76,278.76,278.72627936068113,747.4331081871487
NHS/SSL Corporate/Estates and Ancillary/Sickness,2024-12-01,278.76,278.76,278.72627936068113,747.4331081871487
NHS/SSL Corporate/Estates and Ancillary/Sickness,2025-01-01,278.76,278.76,278.72627936068113,747.4331081871487
NHS/SSL Corporate/Estates and Ancillary/Sickness,2025-02-01,278.76,278.76,278.72627936068113,747.4331081871487
NHS/SSL Corporate/Estates and Ancillary/Sickness,2025-03-01,278.76,278.76,278.72627936068113,747.4331081871487
NHS/SSL Corporate/Estates and Ancillary/Sickness,2025-04-01,278.76,278.76,278.72627936068113,747.4331081871487
NHS/SSL Corporate/Healthcare Scientists/Sickness,2024-04-01,3.0,3.0,2.9325587213622866,-10.336443392272733
NHS/SSL Corporate/Healthcare Scientists/Sickness,2024-05-01,3.0,3.0,2.9325587213622866,-10.336443392272733
NHS/SSL Corporate/Healthcare Scientists/Sickness,2024-06-01,3.0,3.0,2.9325587213622866,-10.336443392272733
NHS/SSL Corporate/Healthcare Scientists/Sickness,2024-07-01,3.0,3.0,2.9325587213622866,-10.336443392272733
NHS/SSL Corporate/Healthcare Scientists/Sickness,2024-08-01,3.0,3.0,2.9325587213622866,-10.336443392272733
NHS/SSL Corporate/Healthcare Scientists/Sickness,2024-09-01,3.0,3.0,2.9325587213622866,-10.336443392272733
NHS/SSL Corporate/Healthcare Scientists/Sickness,2024-10-01,3.0,3.0,2.9325587213622866,-10.336443392272733
NHS/SSL Corporate/Healthcare Scientists/Sickness,2024-11-01,3.0,3.0,2.9325587213622866,-10.336443392272733
NHS/SSL Corporate/Healthcare Scientists/Sickness,2024-12-01,3.0,3.0,2.9325587213622866,-10.336443392272733
NHS/SSL Corporate/Healthcare Scientists/Sickness,2025-01-01,3.0,3.0,2.9325587213622866,-10.336443392272733
NHS/SSL Corporate/Healthcare Scientists/Sickness,2025-02-01,3.0,3.0,2.9325587213622866,-10.336443392272733
NHS/SSL Corporate/Healthcare Scientists/Sickness,2025-03-01,3.0,3.0,2.9325587213622866,-10.336443392272733
NHS/SSL Corporate/Healthcare Scientists/Sickness,2025-04-01,3.0,3.0,2.9325587213622866,-10.336443392272733
NHS/Surgical Services/Add Prof Scientific and Technic/Hires,2024-02-01,1.0,1.0,0.1675857297979331,0.8616445288230288
NHS/Surgical Services/Add Prof Scientific and Technic/Hires,2024-03-01,1.0,1.0,0.1675857297979331,0.8616445288230288
NHS/Surgical Services/Add Prof Scientific and Technic/Hires,2024-04-01,1.0,1.0,0.1675857297979331,0.8616445288230288
NHS/Surgical Services/Add Prof Scientific and Technic/Hires,2024-05-01,1.0,1.0,0.1675857297979331,0.8616445288230288
NHS/Surgical Services/Add Prof Scientific and Technic/Hires,2024-06-01,1.0,1.0,0.1675857297979331,0.8616445288230288
NHS/Surgical Services/Add Prof Scientific and Technic/Hires,2024-07-01,1.0,1.0,0.1675857297979331,0.8616445288230288
NHS/Surgical Services/Add Prof Scientific and Technic/Hires,2024-08-01,1.0,1.0,0.1675857297979331,0.8616445288230288
NHS/Surgical Services/Add Prof Scientific and Technic/Hires,2024-09-01,1.0,1.0,0.1675857297979331,0.8616445288230288
NHS/Surgical Services/Add Prof Scientific and Technic/Hires,2024-10-01,1.0,1.0,0.1675857297979331,0.8616445288230288
NHS/Surgical Services/Add Prof Scientific and Technic/Hires,2024-11-01,1.0,1.0,0.1675857297979331,0.8616445288230288
NHS/Surgical Services/Add Prof Scientific and Technic/Hires,2024-12-01,1.0,1.0,0.1675857297979331,0.8616445288230288
NHS/Surgical Services/Add Prof Scientific and Technic/Hires,2025-01-01,1.0,1.0,0.1675857297979331,0.8616445288230288
NHS/Surgical Services/Add Prof Scientific and Technic/Hires,2025-02-01,1.0,1.0,0.1675857297979331,0.8616445288230288
NHS/Surgical Services/Add Prof Scientific and Technic/Leavers,2024-01-01,2.0,2.0,1.1675857297977998,0.21745687277898185
NHS/Surgical Services/Add Prof Scientific and Technic/Leavers,2024-02-01,2.0,2.0,1.1675857297977998,0.21745687277898185
NHS/Surgical Services/Add Prof Scientific and Technic/Leavers,2024-03-01,2.0,2.0,1.1675857297977998,0.21745687277898185
NHS/Surgical Services/Add Prof Scientific and Technic/Leavers,2024-04-01,2.0,2.0,1.1675857297977998,0.21745687277898185
NHS/Surgical Services/Add Prof Scientific and Technic/Leavers,2024-05-01,2.0,2.0,1.1675857297977998,0.21745687277898185
NHS/Surgical Services/Add Prof Scientific and Technic/Leavers,2024-06-01,2.0,2.0,1.1675857297977998,0.21745687277898185
NHS/Surgical Services/Add Prof Scientific and Technic/Leavers,2024-07-01,2.0,2.0,1.1675857297977998,0.21745687277898185
NHS/Surgical Services/Add Prof Scientific and Technic/Leavers,2024-08-01,2.0,2.0,1.1675857297977998,0.21745687277898185
NHS/Surgical Services/Add Prof Scientific and Technic/Leavers,2024-09-01,2.0,2.0,1.1675857297977998,0.21745687277898185
NHS/Surgical Services/Add Prof Scientific and Technic/Leavers,2024-10-01,2.0,2.0,1.1675857297977998,0.21745687277898185
NHS/Surgical Services/Add Prof Scientific and Technic/Leavers,2024-11-01,2.0,2.0,1.1675857297977998,0.21745687277898185
NHS/Surgical Services/Add Prof Scientific and Technic/Leavers,2024-12-01,2.0,2.0,1.1675857297977998,0.21745687277898185
NHS/Surgical Services/Add Prof Scientific and Technic/Leavers,2025-01-01,2.0,2.0,1.1675857297977998,0.21745687277898185
NHS/Surgical Services/Add Prof Scientific and Technic/Sickness,2024-04-01,99.95,99.95,99.11758572979781,160.9215500356995
NHS/Surgical Services/Add Prof Scientific and Technic/Sickness,2024-05-01,99.95,99.95,99.11758572979781,160.9215500356995
NHS/Surgical Services/Add Prof Scientific and Technic/Sickness,2024-06-01,99.95,99.95,99.11758572979781,160.9215500356995
NHS/Surgical Services/Add Prof Scientific and Technic/Sickness,2024-07-01,99.95,99.95,99.11758572979781,160.9215500356995
NHS/Surgical Services/Add Prof Scientific and Technic/Sickness,2024-08-01,99.95,99.95,99.11758572979781,160.9215500356995
NHS/Surgical Services/Add Prof Scientific and Technic/Sickness,2024-09-01,99.95,99.95,99.11758572979781,160.9215500356995
NHS/Surgical Services/Add Prof Scientific and Technic/Sickness,2024-10-01,99.95,99.95,99.11758572979781,160.9215500356995
NHS/Surgical Services/Add Prof Scientific and Technic/Sickness,2024-11-01,99.95,99.95,99.11758572979781,160.9215500356995
NHS/Surgical Services/Add Prof Scientific and Technic/Sickness,2024-12-01,99.95,99.95,99.11758572979781,160.9215500356995
NHS/Surgical Services/Add Prof Scientific and Technic/Sickness,2025-01-01,99.95,99.95,99.11758572979781,160.9215500356995
NHS/Surgical Services/Add Prof Scientific and Technic/Sickness,2025-02-01,99.95,99.95,99.11758572979781,160.9215500356995
NHS/Surgical Services/Add Prof Scientific and Technic/Sickness,2025-03-01,99.95,99.95,99.11758572979781,160.9215500356995
NHS/Surgical Services/Add Prof Scientific and Technic/Sickness,2025-04-01,99.95,99.95,99.11758572979781,160.9215500356995
NHS/Surgical Services/Additional Clinical Services/Hires,2024-04-01,6.0,6.0,5.917585729798388,26.00143724885487
NHS/Surgical Services/Additional Clinical Services/Hires,2024-05-01,6.0,6.0,5.917585729798388,26.00143724885487
NHS/Surgical Services/Additional Clinical Services/Hires,2024-06-01,6.0,6.0,5.917585729798388,26.00143724885487
NHS/Surgical Services/Additional Clinical Services/Hires,2024-07-01,6.0,6.0,5.917585729798388,26.00143724885487
NHS/Surgical Services/Additional Clinical Services/Hires,2024-08-01,6.0,6.0,5.917585729798388,26.00143724885487
NHS/Surgical Services/Additional Clinical Services/Hires,2024-09-01,6.0,6.0,5.917585729798388,26.00143724885487
NHS/Surgical Services/Additional Clinical Services/Hires,2024-10-01,6.0,6.0,5.917585729798388,26.00143724885487
NHS/Surgical Services/Additional Clinical Services/Hires,2024-11-01,6.0,6.0,5.917585729798388,26.00143724885487
NHS/Surgical Services/Additional Clinical Services/Hires,2024-12-01,6.0,6.0,5.917585729798388,26.00143724885487
NHS/Surgical Services/Additional Clinical Services/Hires,2025-01-01,6.0,6.0,5.917585729798388,26.00143724885487
NHS/Surgical Services/Additional Clinical Services/Hires,2025-02-01,6.0,6.0,5.917585729798388,26.00143724885487
NHS/Surgical Services/Additional Clinical Services/Hires,2025-03-01,6.0,6.0,5.917585729798388,26.00143724885487
NHS/Surgical Services/Additional Clinical Services/Hires,2025-04-01,6.0,6.0,5.917585729798388,26.00143724885487
NHS/Surgical Services/Additional Clinical Services/Leavers,2024-04-01,12.0,12.0,11.917585729798377,16.208914272923764
NHS/Surgical Services/Additional Clinical Services/Leavers,2024-05-01,12.0,12.0,11.917585729798377,16.208914272923764
NHS/Surgical Services/Additional Clinical Services/Leavers,2024-06-01,12.0,12.0,11.917585729798377,16.208914272923764
NHS/Surgical Services/Additional Clinical Services/Leavers,2024-07-01,12.0,12.0,11.917585729798377,16.208914272923764
NHS/Surgical Services/Additional Clinical Services/Leavers,2024-08-01,12.0,12.0,11.917585729798377,16.208914272923764
NHS/Surgical Services/Additional Clinical Services/Leavers,2024-09-01,12.0,12.0,11.917585729798377,16.208914272923764
NHS/Surgical Services/Additional Clinical Services/Leavers,2024-10-01,12.0,12.0,11.917585729798377,16.208914272923764
NHS/Surgical Services/Additional Clinical Services/Leavers,2024-11-01,12.0,12.0,11.917585729798377,16.208914272923764
NHS/Surgical Services/Additional Clinical Services/Leavers,2024-12-01,12.0,12.0,11.917585729798377,16.208914272923764
NHS/Surgical Services/Additional Clinical Services/Leavers,2025-01-01,12.0,12.0,11.917585729798377,16.208914272923764
NHS/Surgical Services/Additional Clinical Services/Leavers,2025-02-01,12.0,12.0,11.917585729798377,16.208914272923764
NHS/Surgical Services/Additional Clinical Services/Leavers,2025-03-01,12.0,12.0,11.917585729798377,16.208914272923764
NHS/Surgical Services/Additional Clinical Services/Leavers,2025-04-01,12.0,12.0,11.917585729798377,16.208914272923764
NHS/Surgical Services/Additional Clinical Services/Sickness,2024-04-01,1223.75,1223.75,1223.6675857297982,1285.1814964241514
NHS/Surgical Services/Additional Clinical Services/Sickness,2024-05-01,1223.75,1223.75,1223.6675857297982,1285.1814964241514
NHS/Surgical Services/Additional Clinical Services/Sickness,2024-06-01,1223.75,1223.75,1223.6675857297982,1285.1814964241514
NHS/Surgical Services/Additional Clinical Services/Sickness,2024-07-01,1223.75,1223.75,1223.6675857297982,1285.1814964241514
NHS/Surgical Services/Additional Clinical Services/Sickness,2024-08-01,1223.75,1223.75,1223.6675857297982,1285.1814964241514
NHS/Surgical Services/Additional Clinical Services/Sickness,2024-09-01,1223.75,1223.75,1223.6675857297982,1285.1814964241514
NHS/Surgical Services/Additional Clinical Services/Sickness,2024-10-01,1223.75,1223.75,1223.6675857297982,1285.1814964241514
NHS/Surgical Services/Additional Clinical Services/Sickness,2024-11-01,1223.75,1223.75,1223.6675857297982,1285.1814964241514
NHS/Surgical Services/Additional Clinical Services/Sickness,2024-12-01,1223.75,1223.75,1223.6675857297982,1285.1814964241514
NHS/Surgical Services/Additional Clinical Services/Sickness,2025-01-01,1223.75,1223.75,1223.6675857297982,1285.1814964241514
NHS/Surgical Services/Additional Clinical Services/Sickness,2025-02-01,1223.75,1223.75,1223.6675857297982,1285.1814964241514
NHS/Surgical Services/Additional Clinical Services/Sickness,2025-03-01,1223.75,1223.75,1223.6675857297982,1285.1814964241514
NHS/Surgical Services/Additional Clinical Services/Sickness,2025-04-01,1223.75,1223.75,1223.6675857297982,1285.1814964241514
NHS/Surgical Services/Administrative and Clerical/Hires,2024-04-01,9.0,9.0,8.917585729798299,-31.748920469316126
NHS/Surgical Services/Administrative and Clerical/Hires,2024-05-01,9.0,9.0,8.917585729798299,-31.748920469316126
NHS/Surgical Services/Administrative and Clerical/Hires,2024-06-01,9.0,9.0,8.917585729798299,-31.748920469316126
NHS/Surgical Services/Administrative and Clerical/Hires,2024-07-01,9.0,9.0,8.917585729798299,-31.748920469316126
NHS/Surgical Services/Administrative and Clerical/Hires,2024-08-01,9.0,9.0,8.917585729798299,-31.748920469316126
NHS/Surgical Services/Administrative and Clerical/Hires,2024-09-01,9.0,9.0,8.917585729798299,-31.748920469316126
NHS/Surgical Services/Administrative and Clerical/Hires,2024-10-01,9.0,9.0,8.917585729798299,-31.748920469316126
NHS/Surgical Services/Administrative and Clerical/Hires,2024-11-01,9.0,9.0,8.917585729798299,-31.748920469316126
NHS/Surgical Services/Administrative and Clerical/Hires,2024-12-01,9.0,9.0,8.917585729798299,-31.748920469316126
NHS/Surgical Services/Administrative and Clerical/Hires,2025-01-01,9.0,9.0,8.917585729798299,-31.748920469316126
NHS/Surgical Services/Administrative and Clerical/Hires,2025-02-01,9.0,9.0,8.917585729798299,-31.748920469316126
NHS/Surgical Services/Administrative and Clerical/Hires,2025-03-01,9.0,9.0,8.917585729798299,-31.748920469316126
NHS/Surgical Services/Administrative and Clerical/Hires,2025-04-01,9.0,9.0,8.917585729798299,-31.748920469316126
NHS/Surgical Services/Administrative and Clerical/Leavers,2024-04-01,8.0,8.0,7.9175857297983,-64.79728160810517
NHS/Surgical Services/Administrative and Clerical/Leavers,2024-05-01,8.0,8.0,7.9175857297983,-64.79728160810517
NHS/Surgical Services/Administrative and Clerical/Leavers,2024-06-01,8.0,8.0,7.9175857297983,-64.79728160810517
NHS/Surgical Services/Administrative and Clerical/Leavers,2024-07-01,8.0,8.0,7.9175857297983,-64.79728160810517
NHS/Surgical Services/Administrative and Clerical/Leavers,2024-08-01,8.0,8.0,7.9175857297983,-64.79728160810517
NHS/Surgical Services/Administrative and Clerical/Leavers,2024-09-01,8.0,8.0,7.9175857297983,-64.79728160810517
NHS/Surgical Services/Administrative and Clerical/Leavers,2024-10-01,8.0,8.0,7.9175857297983,-64.79728160810517
NHS/Surgical Services/Administrative and Clerical/Leavers,2024-11-01,8.0,8.0,7.9175857297983,-64.79728160810517
NHS/Surgical Services/Administrative and Clerical/Leavers,2024-12-01,8.0,8.0,7.9175857297983,-64.79728160810517
NHS/Surgical Services/Administrative and Clerical/Leavers,2025-01-01,8.0,8.0,7.9175857297983,-64.79728160810517
NHS/Surgical Services/Administrative and Clerical/Leavers,2025-02-01,8.0,8.0,7.9175857297983,-64.79728160810517
NHS/Surgical Services/Administrative and Clerical/Leavers,2025-03-01,8.0,8.0,7.9175857297983,-64.79728160810517
NHS/Surgical Services/Administrative and Clerical/Leavers,2025-04-01,8.0,8.0,7.9175857297983,-64.79728160810517
NHS/Surgical Services/Administrative and Clerical/Sickness,2024-04-01,624.95,624.95,624.8675857297986,922.0747587522314
NHS/Surgical Services/Administrative and Clerical/Sickness,2024-05-01,624.95,624.95,624.8675857297986,922.0747587522314
NHS/Surgical Services/Administrative and Clerical/Sickness,2024-06-01,624.95,624.95,624.8675857297986,922.0747587522314
NHS/Surgical Services/Administrative and Clerical/Sickness,2024-07-01,624.95,624.95,624.8675857297986,922.0747587522314
NHS/Surgical Services/Administrative and Clerical/Sickness,2024-08-01,624.95,624.95,624.8675857297986,922.0747587522314
NHS/Surgical Services/Administrative and Clerical/Sickness,2024-09-01,624.95,624.95,624.8675857297986,922.0747587522314
NHS/Surgical Services/Administrative and Clerical/Sickness,2024-10-01,624.95,624.95,624.8675857297986,922.0747587522314
NHS/Surgical Services/Administrative and Clerical/Sickness,2024-11-01,624.95,624.95,624.8675857297986,922.0747587522314
NHS/Surgical Services/Administrative and Clerical/Sickness,2024-12-01,624.95,624.95,624.8675857297986,922.0747587522314
NHS/Surgical Services/Administrative and Clerical/Sickness,2025-01-01,624.95,624.95,624.8675857297986,922.0747587522314
NHS/Surgical Services/Administrative and Clerical/Sickness,2025-02-01,624.95,624.95,624.8675857297986,922.0747587522314
NHS/Surgical Services/Administrative and Clerical/Sickness,2025-03-01,624.95,624.95,624.8675857297986,922.0747587522314
NHS/Surgical Services/Administrative and Clerical/Sickness,2025-04-01,624.95,624.95,624.8675857297986,922.0747587522314
NHS/Surgical Services/Allied Health Professionals/Hires,2024-01-01,1.0,1.0,0.41758572979798086,1.5809577808858015
NHS/Surgical Services/Allied Health Professionals/Hires,2024-02-01,1.0,1.0,0.41758572979798086,1.5809577808858015
NHS/Surgical Services/Allied Health Professionals/Hires,2024-03-01,1.0,1.0,0.41758572979798086,1.5809577808858015
NHS/Surgical Services/Allied Health Professionals/Hires,2024-04-01,1.0,1.0,0.41758572979798086,1.5809577808858015
NHS/Surgical Services/Allied Health Professionals/Hires,2024-05-01,1.0,1.0,0.41758572979798086,1.5809577808858015
NHS/Surgical Services/Allied Health Professionals/Hires,2024-06-01,1.0,1.0,0.41758572979798086,1.5809577808858015
NHS/Surgical Services/Allied Health Professionals/Hires,2024-07-01,1.0,1.0,0.41758572979798086,1.5809577808858015
NHS/Surgical Services/Allied Health Professionals/Hires,2024-08-01,1.0,1.0,0.41758572979798086,1.5809577808858015
NHS/Surgical Services/Allied Health Professionals/Hires,2024-09-01,1.0,1.0,0.41758572979798086,1.5809577808858015
NHS/Surgical Services/Allied Health Professionals/Hires,2024-10-01,1.0,1.0,0.41758572979798086,1.5809577808858015
NHS/Surgical Services/Allied Health Professionals/Hires,2024-11-01,1.0,1.0,0.41758572979798086,1.5809577808858015
NHS/Surgical Services/Allied Health Professionals/Hires,2024-12-01,1.0,1.0,0.41758572979798086,1.5809577808858015
NHS/Surgical Services/Allied Health Professionals/Hires,2025-01-01,1.0,1.0,0.41758572979798086,1.5809577808858015
NHS/Surgical Services/Allied Health Professionals/Leavers,2024-03-01,1.0,1.0,0.41758572979798086,12.206467675052794
NHS/Surgical Services/Allied Health Professionals/Leavers,2024-04-01,1.0,1.0,0.41758572979798086,12.206467675052794
NHS/Surgical Services/Allied Health Professionals/Leavers,2024-05-01,1.0,1.0,0.41758572979798086,12.206467675052794
NHS/Surgical Services/Allied Health Professionals/Leavers,2024-06-01,1.0,1.0,0.41758572979798086,12.206467675052794
NHS/Surgical Services/Allied Health Professionals/Leavers,2024-07-01,1.0,1.0,0.41758572979798086,12.206467675052794
NHS/Surgical Services/Allied Health Professionals/Leavers,2024-08-01,1.0,1.0,0.41758572979798086,12.206467675052794
NHS/Surgical Services/Allied Health Professionals/Leavers,2024-09-01,1.0,1.0,0.41758572979798086,12.206467675052794
NHS/Surgical Services/Allied Health Professionals/Leavers,2024-10-01,1.0,1.0,0.41758572979798086,12.206467675052794
NHS/Surgical Services/Allied Health Professionals/Leavers,2024-11-01,1.0,1.0,0.41758572979798086,12.206467675052794
NHS/Surgical Services/Allied Health Professionals/Leavers,2024-12-01,1.0,1.0,0.41758572979798086,12.206467675052794
NHS/Surgical Services/Allied Health Professionals/Leavers,2025-01-01,1.0,1.0,0.41758572979798086,12.206467675052794
NHS/Surgical Services/Allied Health Professionals/Leavers,2025-02-01,1.0,1.0,0.41758572979798086,12.206467675052794
NHS/Surgical Services/Allied Health Professionals/Leavers,2025-03-01,1.0,1.0,0.41758572979798086,12.206467675052794
NHS/Surgical Services/Allied Health Professionals/Sickness,2024-04-01,177.9,177.9,177.31758572979797,30.63418499168909
NHS/Surgical Services/Allied Health Professionals/Sickness,2024-05-01,177.9,177.9,177.31758572979797,30.63418499168909
NHS/Surgical Services/Allied Health Professionals/Sickness,2024-06-01,177.9,177.9,177.31758572979797,30.63418499168909
NHS/Surgical Services/Allied Health Professionals/Sickness,2024-07-01,177.9,177.9,177.31758572979797,30.63418499168909
NHS/Surgical Services/Allied Health Professionals/Sickness,2024-08-01,177.9,177.9,177.31758572979797,30.63418499168909
NHS/Surgical Services/Allied Health Professionals/Sickness,2024-09-01,177.9,177.9,177.31758572979797,30.63418499168909
NHS/Surgical Services/Allied Health Professionals/Sickness,2024-10-01,177.9,177.9,177.31758572979797,30.63418499168909
NHS/Surgical Services/Allied Health Professionals/Sickness,2024-11-01,177.9,177.9,177.31758572979797,30.63418499168909
NHS/Surgical Services/Allied Health Professionals/Sickness,2024-12-01,177.9,177.9,177.31758572979797,30.63418499168909
NHS/Surgical Services/Allied Health Professionals/Sickness,2025-01-01,177.9,177.9,177.31758572979797,30.63418499168909
NHS/Surgical Services/Allied Health Professionals/Sickness,2025-02-01,177.9,177.9,177.31758572979797,30.63418499168909
NHS/Surgical Services/Allied Health Professionals/Sickness,2025-03-01,177.9,177.9,177.31758572979797,30.63418499168909
NHS/Surgical Services/Allied Health Professionals/Sickness,2025-04-01,177.9,177.9,177.31758572979797,30.63418499168909
NHS/Surgical Services/Estates and Ancillary/Hires,2024-04-01,2.0,2.0,1.9175857297978687,-1.7763800831993164
NHS/Surgical Services/Estates and Ancillary/Hires,2024-05-01,2.0,2.0,1.9175857297978687,-1.7763800831993164
NHS/Surgical Services/Estates and Ancillary/Hires,2024-06-01,2.0,2.0,1.9175857297978687,-1.7763800831993164
NHS/Surgical Services/Estates and Ancillary/Hires,2024-07-01,2.0,2.0,1.9175857297978687,-1.7763800831993164
NHS/Surgical Services/Estates and Ancillary/Hires,2024-08-01,2.0,2.0,1.9175857297978687,-1.7763800831993164
NHS/Surgical Services/Estates and Ancillary/Hires,2024-09-01,2.0,2.0,1.9175857297978687,-1.7763800831993164
NHS/Surgical Services/Estates and Ancillary/Hires,2024-10-01,2.0,2.0,1.9175857297978687,-1.7763800831993164
NHS/Surgical Services/Estates and Ancillary/Hires,2024-11-01,2.0,2.0,1.9175857297978687,-1.7763800831993164
NHS/Surgical Services/Estates and Ancillary/Hires,2024-12-01,2.0,2.0,1.9175857297978687,-1.7763800831993164
NHS/Surgical Services/Estates and Ancillary/Hires,2025-01-01,2.0,2.0,1.9175857297978687,-1.7763800831993164
NHS/Surgical Services/Estates and Ancillary/Hires,2025-02-01,2.0,2.0,1.9175857297978687,-1.7763800831993164
NHS/Surgical Services/Estates and Ancillary/Hires,2025-03-01,2.0,2.0,1.9175857297978687,-1.7763800831993164
NHS/Surgical Services/Estates and Ancillary/Hires,2025-04-01,2.0,2.0,1.9175857297978687,-1.7763800831993164
NHS/Surgical Services/Estates and Ancillary/Leavers,2024-04-01,1.0,1.0,0.9175857297978757,-18.05838681927629
NHS/Surgical Services/Estates and Ancillary/Leavers,2024-05-01,1.0,1.0,0.9175857297978757,-18.05838681927629
NHS/Surgical Services/Estates and Ancillary/Leavers,2024-06-01,1.0,1.0,0.9175857297978757,-18.05838681927629
NHS/Surgical Services/Estates and Ancillary/Leavers,2024-07-01,1.0,1.0,0.9175857297978757,-18.05838681927629
NHS/Surgical Services/Estates and Ancillary/Leavers,2024-08-01,1.0,1.0,0.9175857297978757,-18.05838681927629
NHS/Surgical Services/Estates and Ancillary/Leavers,2024-09-01,1.0,1.0,0.9175857297978757,-18.05838681927629
NHS/Surgical Services/Estates and Ancillary/Leavers,2024-10-01,1.0,1.0,0.9175857297978757,-18.05838681927629
NHS/Surgical Services/Estates and Ancillary/Leavers,2024-11-01,1.0,1.0,0.9175857297978757,-18.05838681927629
NHS/Surgical Services/Estates and Ancillary/Leavers,2024-12-01,1.0,1.0,0.9175857297978757,-18.05838681927629
NHS/Surgical Services/Estates and Ancillary/Leavers,2025-01-01,1.0,1.0,0.9175857297978757,-18.05838681927629
NHS/Surgical Services/Estates and Ancillary/Leavers,2025-02-01,1.0,1.0,0.9175857297978757,-18.05838681927629
NHS/Surgical Services/Estates and Ancillary/Leavers,2025-03-01,1.0,1.0,0.9175857297978757,-18.05838681927629
NHS/Surgical Services/Estates and Ancillary/Leavers,2025-04-01,1.0,1.0,0.9175857297978757,-18.05838681927629
NHS/Surgical Services/Estates and Ancillary/Sickness,2024-04-01,57.839999999999996,57.839999999999996,57.75758572979786,-46.41901856529442
NHS/Surgical Services/Estates and Ancillary/Sickness,2024-05-01,57.839999999999996,57.839999999999996,57.75758572979786,-46.41901856529442
NHS/Surgical Services/Estates and Ancillary/Sickness,2024-06-01,57.839999999999996,57.839999999999996,57.75758572979786,-46.41901856529442
NHS/Surgical Services/Estates and Ancillary/Sickness,2024-07-01,57.839999999999996,57.839999999999996,57.75758572979786,-46.41901856529442
NHS/Surgical Services/Estates and Ancillary/Sickness,2024-08-01,57.839999999999996,57.839999999999996,57.75758572979786,-46.41901856529442
NHS/Surgical Services/Estates and Ancillary/Sickness,2024-09-01,57.839999999999996,57.839999999999996,57.75758572979786,-46.41901856529442
NHS/Surgical Services/Estates and Ancillary/Sickness,2024-10-01,57.839999999999996,57.839999999999996,57.75758572979786,-46.41901856529442
NHS/Surgical Services/Estates and Ancillary/Sickness,2024-11-01,57.839999999999996,57.839999999999996,57.75758572979786,-46.41901856529442
NHS/Surgical Services/Estates and Ancillary/Sickness,2024-12-01,57.839999999999996,57.839999999999996,57.75758572979786,-46.41901856529442
NHS/Surgical Services/Estates and Ancillary/Sickness,2025-01-01,57.839999999999996,57.839999999999996,57.75758572979786,-46.41901856529442
NHS/Surgical Services/Estates and Ancillary/Sickness,2025-02-01,57.839999999999996,57.839999999999996,57.75758572979786,-46.41901856529442
NHS/Surgical Services/Estates and Ancillary/Sickness,2025-03-01,57.839999999999996,57.839999999999996,57.75758572979786,-46.41901856529442
NHS/Surgical Services/Estates and Ancillary/Sickness,2025-04-01,57.839999999999996,57.839999999999996,57.75758572979786,-46.41901856529442
NHS/Surgical Services/Healthcare Scientists/Sickness,2024-04-01,60.1,60.1,59.93517145959578,48.954867042116234
NHS/Surgical Services/Healthcare Scientists/Sickness,2024-05-01,60.1,60.1,59.93517145959578,48.954867042116234
NHS/Surgical Services/Healthcare Scientists/Sickness,2024-06-01,60.1,60.1,59.93517145959578,48.954867042116234
NHS/Surgical Services/Healthcare Scientists/Sickness,2024-07-01,60.1,60.1,59.93517145959578,48.954867042116234
NHS/Surgical Services/Healthcare Scientists/Sickness,2024-08-01,60.1,60.1,59.93517145959578,48.954867042116234
NHS/Surgical Services/Healthcare Scientists/Sickness,2024-09-01,60.1,60.1,59.93517145959578,48.954867042116234
NHS/Surgical Services/Healthcare Scientists/Sickness,2024-10-01,60.1,60.1,59.93517145959578,48.954867042116234
NHS/Surgical Services/Healthcare Scientists/Sickness,2024-11-01,60.1,60.1,59.93517145959578,48.954867042116234
NHS/Surgical Services/Healthcare Scientists/Sickness,2024-12-01,60.1,60.1,59.93517145959578,48.954867042116234
NHS/Surgical Services/Healthcare Scientists/Sickness,2025-01-01,60.1,60.1,59.93517145959578,48.954867042116234
NHS/Surgical Services/Healthcare Scientists/Sickness,2025-02-01,60.1,60.1,59.93517145959578,48.954867042116234
NHS/Surgical Services/Healthcare Scientists/Sickness,2025-03-01,60.1,60.1,59.93517145959578,48.954867042116234
NHS/Surgical Services/Healthcare Scientists/Sickness,2025-04-01,60.1,60.1,59.93517145959578,48.954867042116234
NHS/Surgical Services/Medical and Dental/Hires,2024-04-01,3.0,3.0,2.9175857297978265,96.86362459025986
NHS/Surgical Services/Medical and Dental/Hires,2024-05-01,3.0,3.0,2.9175857297978265,96.86362459025986
NHS/Surgical Services/Medical and Dental/Hires,2024-06-01,3.0,3.0,2.9175857297978265,96.86362459025986
NHS/Surgical Services/Medical and Dental/Hires,2024-07-01,3.0,3.0,2.9175857297978265,96.86362459025986
NHS/Surgical Services/Medical and Dental/Hires,2024-08-01,3.0,3.0,2.9175857297978265,96.86362459025986
NHS/Surgical Services/Medical and Dental/Hires,2024-09-01,3.0,3.0,2.9175857297978265,96.86362459025986
NHS/Surgical Services/Medical and Dental/Hires,2024-10-01,3.0,3.0,2.9175857297978265,96.86362459025986
NHS/Surgical Services/Medical and Dental/Hires,2024-11-01,3.0,3.0,2.9175857297978265,96.86362459025986
NHS/Surgical Services/Medical and Dental/Hires,2024-12-01,3.0,3.0,2.9175857297978265,96.86362459025986
NHS/Surgical Services/Medical and Dental/Hires,2025-01-01,3.0,3.0,2.9175857297978265,96.86362459025986
NHS/Surgical Services/Medical and Dental/Hires,2025-02-01,3.0,3.0,2.9175857297978265,96.86362459025986
NHS/Surgical Services/Medical and Dental/Hires,2025-03-01,3.0,3.0,2.9175857297978265,96.86362459025986
NHS/Surgical Services/Medical and Dental/Hires,2025-04-01,3.0,3.0,2.9175857297978265,96.86362459025986
NHS/Surgical Services/Medical and Dental/Leavers,2024-04-01,2.0,2.0,1.9175857297979533,55.844032940344384
NHS/Surgical Services/Medical and Dental/Leavers,2024-05-01,2.0,2.0,1.9175857297979533,55.844032940344384
NHS/Surgical Services/Medical and Dental/Leavers,2024-06-01,2.0,2.0,1.9175857297979533,55.844032940344384
NHS/Surgical Services/Medical and Dental/Leavers,2024-07-01,2.0,2.0,1.9175857297979533,55.844032940344384
NHS/Surgical Services/Medical and Dental/Leavers,2024-08-01,2.0,2.0,1.9175857297979533,55.844032940344384
NHS/Surgical Services/Medical and Dental/Leavers,2024-09-01,2.0,2.0,1.9175857297979533,55.844032940344384
NHS/Surgical Services/Medical and Dental/Leavers,2024-10-01,2.0,2.0,1.9175857297979533,55.844032940344384
NHS/Surgical Services/Medical and Dental/Leavers,2024-11-01,2.0,2.0,1.9175857297979533,55.844032940344384
NHS/Surgical Services/Medical and Dental/Leavers,2024-12-01,2.0,2.0,1.9175857297979533,55.844032940344384
NHS/Surgical Services/Medical and Dental/Leavers,2025-01-01,2.0,2.0,1.9175857297979533,55.844032940344384
NHS/Surgical Services/Medical and Dental/Leavers,2025-02-01,2.0,2.0,1.9175857297979533,55.844032940344384
NHS/Surgical Services/Medical and Dental/Leavers,2025-03-01,2.0,2.0,1.9175857297979533,55.844032940344384
NHS/Surgical Services/Medical and Dental/Leavers,2025-04-01,2.0,2.0,1.9175857297979533,55.844032940344384
NHS/Surgical Services/Medical and Dental/Sickness,2024-04-01,177.85,177.85,177.76758572979793,438.5100247873393
NHS/Surgical Services/Medical and Dental/Sickness,2024-05-01,177.85,177.85,177.76758572979793,438.5100247873393
NHS/Surgical Services/Medical and Dental/Sickness,2024-06-01,177.85,177.85,177.76758572979793,438.5100247873393
NHS/Surgical Services/Medical and Dental/Sickness,2024-07-01,177.85,177.85,177.76758572979793,438.5100247873393
NHS/Surgical Services/Medical and Dental/Sickness,2024-08-01,177.85,177.85,177.76758572979793,438.5100247873393
NHS/Surgical Services/Medical and Dental/Sickness,2024-09-01,177.85,177.85,177.76758572979793,438.5100247873393
NHS/Surgical Services/Medical and Dental/Sickness,2024-10-01,177.85,177.85,177.76758572979793,438.5100247873393
NHS/Surgical Services/Medical and Dental/Sickness,2024-11-01,177.85,177.85,177.76758572979793,438.5100247873393
NHS/Surgical Services/Medical and Dental/Sickness,2024-12-01,177.85,177.85,177.76758572979793,438.5100247873393
NHS/Surgical Services/Medical and Dental/Sickness,2025-01-01,177.85,177.85,177.76758572979793,438.5100247873393
NHS/Surgical Services/Medical and Dental/Sickness,2025-02-01,177.85,177.85,177.76758572979793,438.5100247873393
NHS/Surgical Services/Medical and Dental/Sickness,2025-03-01,177.85,177.85,177.76758572979793,438.5100247873393
NHS/Surgical Services/Medical and Dental/Sickness,2025-04-01,177.85,177.85,177.76758572979793,438.5100247873393
NHS/Surgical Services/Nursing and Midwifery Registered/Hires,2024-04-01,3.0,3.0,2.917585729798282,26.008677443252665
NHS/Surgical Services/Nursing and Midwifery Registered/Hires,2024-05-01,3.0,3.0,2.917585729798282,26.008677443252665
NHS/Surgical Services/Nursing and Midwifery Registered/Hires,2024-06-01,3.0,3.0,2.917585729798282,26.008677443252665
NHS/Surgical Services/Nursing and Midwifery Registered/Hires,2024-07-01,3.0,3.0,2.917585729798282,26.008677443252665
NHS/Surgical Services/Nursing and Midwifery Registered/Hires,2024-08-01,3.0,3.0,2.917585729798282,26.008677443252665
NHS/Surgical Services/Nursing and Midwifery Registered/Hires,2024-09-01,3.0,3.0,2.917585729798282,26.008677443252665
NHS/Surgical Services/Nursing and Midwifery Registered/Hires,2024-10-01,3.0,3.0,2.917585729798282,26.008677443252665
NHS/Surgical Services/Nursing and Midwifery Registered/Hires,2024-11-01,3.0,3.0,2.917585729798282,26.008677443252665
NHS/Surgical Services/Nursing and Midwifery Registered/Hires,2024-12-01,3.0,3.0,2.917585729798282,26.008677443252665
NHS/Surgical Services/Nursing and Midwifery Registered/Hires,2025-01-01,3.0,3.0,2.917585729798282,26.008677443252665
NHS/Surgical Services/Nursing and Midwifery Registered/Hires,2025-02-01,3.0,3.0,2.917585729798282,26.008677443252665
NHS/Surgical Services/Nursing and Midwifery Registered/Hires,2025-03-01,3.0,3.0,2.917585729798282,26.008677443252665
NHS/Surgical Services/Nursing and Midwifery Registered/Hires,2025-04-01,3.0,3.0,2.917585729798282,26.008677443252665
NHS/Surgical Services/Nursing and Midwifery Registered/Leavers,2024-04-01,21.0,21.0,20.917585729798283,26.699173153561098
NHS/Surgical Services/Nursing and Midwifery Registered/Leavers,2024-05-01,21.0,21.0,20.917585729798283,26.699173153561098
NHS/Surgical Services/Nursing and Midwifery Registered/Leavers,2024-06-01,21.0,21.0,20.917585729798283,26.699173153561098
NHS/Surgical Services/Nursing and Midwifery Registered/Leavers,2024-07-01,21.0,21.0,20.917585729798283,26.699173153561098
NHS/Surgical Services/Nursing and Midwifery Registered/Leavers,2024-08-01,21.0,21.0,20.917585729798283,26.699173153561098
NHS/Surgical Services/Nursing and Midwifery Registered/Leavers,2024-09-01,21.0,21.0,20.917585729798283,26.699173153561098
NHS/Surgical Services/Nursing and Midwifery Registered/Leavers,2024-10-01,21.0,21.0,20.917585729798283,26.699173153561098
NHS/Surgical Services/Nursing and Midwifery Registered/Leavers,2024-11-01,21.0,21.0,20.917585729798283,26.699173153561098
NHS/Surgical Services/Nursing and Midwifery Registered/Leavers,2024-12-01,21.0,21.0,20.917585729798283,26.699173153561098
NHS/Surgical Services/Nursing and Midwifery Registered/Leavers,2025-01-01,21.0,21.0,20.917585729798283,26.699173153561098
NHS/Surgical Services/Nursing and Midwifery Registered/Leavers,2025-02-01,21.0,21.0,20.917585729798283,26.699173153561098
NHS/Surgical Services/Nursing and Midwifery Registered/Leavers,2025-03-01,21.0,21.0,20.917585729798283,26.699173153561098
NHS/Surgical Services/Nursing and Midwifery Registered/Leavers,2025-04-01,21.0,21.0,20.917585729798283,26.699173153561098
NHS/Surgical Services/Nursing and Midwifery Registered/Sickness,2024-04-01,1829.24,1829.24,1829.1575857297985,1431.8755187931654
NHS/Surgical Services/Nursing and Midwifery Registered/Sickness,2024-05-01,1829.24,1829.24,1829.1575857297985,1431.8755187931654
NHS/Surgical Services/Nursing and Midwifery Registered/Sickness,2024-06-01,1829.24,1829.24,1829.1575857297985,1431.8755187931654
NHS/Surgical Services/Nursing and Midwifery Registered/Sickness,2024-07-01,1829.24,1829.24,1829.1575857297985,1431.8755187931654
NHS/Surgical Services/Nursing and Midwifery Registered/Sickness,2024-08-01,1829.24,1829.24,1829.1575857297985,1431.8755187931654
NHS/Surgical Services/Nursing and Midwifery Registered/Sickness,2024-09-01,1829.24,1829.24,1829.1575857297985,1431.8755187931654
NHS/Surgical Services/Nursing and Midwifery Registered/Sickness,2024-10-01,1829.24,1829.24,1829.1575857297985,1431.8755187931654
NHS/Surgical Services/Nursing and Midwifery Registered/Sickness,2024-11-01,1829.24,1829.24,1829.1575857297985,1431.8755187931654
NHS/Surgical Services/Nursing and Midwifery Registered/Sickness,2024-12-01,1829.24,1829.24,1829.1575857297985,1431.8755187931654
NHS/Surgical Services/Nursing and Midwifery Registered/Sickness,2025-01-01,1829.24,1829.24,1829.1575857297985,1431.8755187931654
NHS/Surgical Services/Nursing and Midwifery Registered/Sickness,2025-02-01,1829.24,1829.24,1829.1575857297985,1431.8755187931654
NHS/Surgical Services/Nursing and Midwifery Registered/Sickness,2025-03-01,1829.24,1829.24,1829.1575857297985,1431.8755187931654
NHS/Surgical Services/Nursing and Midwifery Registered/Sickness,2025-04-01,1829.24,1829.24,1829.1575857297985,1431.8755187931654
NHS/Surgical Services/Students/Hires,2023-12-01,3.0,3.0,1.8901143063971844,-21.442681001123596
NHS/Surgical Services/Students/Hires,2024-01-01,3.0,3.0,1.8901143063971844,-21.442681001123596
NHS/Surgical Services/Students/Hires,2024-02-01,3.0,3.0,1.8901143063971844,-21.442681001123596
NHS/Surgical Services/Students/Hires,2024-03-01,3.0,3.0,1.8901143063971844,-21.442681001123596
NHS/Surgical Services/Students/Hires,2024-04-01,3.0,3.0,1.8901143063971844,-21.442681001123596
NHS/Surgical Services/Students/Hires,2024-05-01,3.0,3.0,1.8901143063971844,-21.442681001123596
NHS/Surgical Services/Students/Hires,2024-06-01,3.0,3.0,1.8901143063971844,-21.442681001123596
NHS/Surgical Services/Students/Hires,2024-07-01,3.0,3.0,1.8901143063971844,-21.442681001123596
NHS/Surgical Services/Students/Hires,2024-08-01,3.0,3.0,1.8901143063971844,-21.442681001123596
NHS/Surgical Services/Students/Hires,2024-09-01,3.0,3.0,1.8901143063971844,-21.442681001123596
NHS/Surgical Services/Students/Hires,2024-10-01,3.0,3.0,1.8901143063971844,-21.442681001123596
NHS/Surgical Services/Students/Hires,2024-11-01,3.0,3.0,1.8901143063971844,-21.442681001123596
NHS/Surgical Services/Students/Hires,2024-12-01,3.0,3.0,1.8901143063971844,-21.442681001123596
NHS/Surgical Services/Students/Sickness,2024-04-01,3.0,3.0,1.8901143063972405,-61.53307329539143
NHS/Surgical Services/Students/Sickness,2024-05-01,3.0,3.0,1.8901143063972405,-61.53307329539143
NHS/Surgical Services/Students/Sickness,2024-06-01,3.0,3.0,1.8901143063972405,-61.53307329539143
NHS/Surgical Services/Students/Sickness,2024-07-01,3.0,3.0,1.8901143063972405,-61.53307329539143
NHS/Surgical Services/Students/Sickness,2024-08-01,3.0,3.0,1.8901143063972405,-61.53307329539143
NHS/Surgical Services/Students/Sickness,2024-09-01,3.0,3.0,1.8901143063972405,-61.53307329539143
NHS/Surgical Services/Students/Sickness,2024-10-01,3.0,3.0,1.8901143063972405,-61.53307329539143
NHS/Surgical Services/Students/Sickness,2024-11-01,3.0,3.0,1.8901143063972405,-61.53307329539143
NHS/Surgical Services/Students/Sickness,2024-12-01,3.0,3.0,1.8901143063972405,-61.53307329539143
NHS/Surgical Services/Students/Sickness,2025-01-01,3.0,3.0,1.8901143063972405,-61.53307329539143
NHS/Surgical Services/Students/Sickness,2025-02-01,3.0,3.0,1.8901143063972405,-61.53307329539143
NHS/Surgical Services/Students/Sickness,2025-03-01,3.0,3.0,1.8901143063972405,-61.53307329539143
NHS/Surgical Services/Students/Sickness,2025-04-01,3.0,3.0,1.8901143063972405,-61.53307329539143
